<?xml version="1.0" encoding="UTF-8"?>
<Record> 	<Version>Record_v1.0.xsd</Version> 	<RecordID>4306959</RecordID> 	<DateTimeStamp>20180928135325</DateTimeStamp> 	<ActionCode>change</ActionCode> 	<RecordTitle>A SONG FOR "THE SEX."</RecordTitle> 	<Publication> 		<PublicationID>1649</PublicationID> 		<Title>Ainsworth's Magazine</Title> 		<Qualifier>London</Qualifier> 	</Publication> 	<Publisher>Hugh Cunningham; Hugh Cunningham and John Mortimer; John Mortimer; Henry Colburn; Chapman and Hall</Publisher> 	<Volume>2</Volume> 	<AlphaPubDate>Jul 1842</AlphaPubDate> 	<NumericPubDate>18420701</NumericPubDate> 	<SourceType>Historical Periodicals</SourceType> 	<ObjectType>Poem</ObjectType> 	<Contributor> 		<ContribRole>Author</ContribRole> 		<LastName>Blanchard</LastName> 		<FirstName>Laman</FirstName> 		<PersonName>Laman Blanchard</PersonName> 		<OriginalForm>BLANCHARD, LAMAN</OriginalForm> 	</Contributor> 	<Contributor> 		<ContribRole>Editor</ContribRole> 		<LastName>Ainsworth</LastName> 		<MiddleName>Harrison</MiddleName> 		<FirstName>William</FirstName> 		<PersonName>William Harrison Ainsworth</PersonName> 		<OriginalForm>Ainsworth, William Harrison</OriginalForm> 	</Contributor> 	<LanguageCode>ENG</LanguageCode> 	<ISSN>2043-1082</ISSN> 	<StartPage>72</StartPage> 	<EndPage>72</EndPage> 	<Pagination>72-72</Pagination> 	<URLDocView>http://search.proquest.com/docview/4306959/</URLDocView> 	<Products> 		<Product> 			<ProductID>1007574</ProductID> 			<HasFullText>true</HasFullText> 		</Product> 		<Product> 			<ProductID>1009130</ProductID> 			<HasFullText>true</HasFullText> 		</Product> 		<Product> 			<ProductID>10000001</ProductID> 			<HasFullText>true</HasFullText> 		</Product> 		<Product> 			<ProductID>10000297</ProductID> 			<HasFullText>true</HasFullText> 		</Product> 	</Products> 	<Terms> 		<FlexTerm> 			<FlexTermName>DerivedSubject</FlexTermName> 			<FlexTermValue>ENGLISH LITERATURE - 19th Century</FlexTermValue> 		</FlexTerm> 	</Terms> 	<FullText>A S O N G F O( l &amp;quot;Trli E S E X.&amp;quot; BY LAMAN BLANCHAR2tD. (i1 ye IP.1.&amp;gt;sions, Virtives tenlder, Vices deek&amp;apos;d( iii smiles or trowns, Whiio to each assign&amp;apos;d its geider ? Who tirst elass&amp;apos;d y, ancient Nouns ? All that&amp;apos;s nohb. leright, melodious, Still its feniiniiie prevails ; All that&amp;apos;s .svitge, (talk and( wodsO, M3;ean, mlaligiiant. ran ks with mladvs. I Iatt, lIst tllou a lady&amp;apos;s featutre ,? A tiger, fiirnavet-red within ? Fear, thoi1 look&amp;apos;st a ftmlih&amp;apos; ci-catiire-No., they ia are ima.scull&amp;apos;C. .1oIuoSy, tltim iLt woman stirely So is &amp;apos;engvanet&amp;apos;, to the cor(! No, thev&amp;apos;re brothers, hilk&amp;apos;l securelv lo tlih trio goue before. Whlat of J3iitiev, then, and Mlevkness? Trrutih - is hiers t hat t riO&amp;apos;s r&amp;apos;tace ? M% ajvstv, airr&amp;apos;ay&amp;apos;d ill slctc11ss 8? eaulnty, clad in simple praile ? Merce, iCandmir, Peace, 1ndi P&amp;apos;Ienty ? &amp;apos;1&amp;apos;hese are t i&amp;apos;nlc-so is Fame. What is Hopt. ?-hlt otle of twenvlty; F&amp;apos;;ith, nlild Pity ? t--the%&amp;apos;re thle same. Fetnminine art thou. D)evotion; Ia.,y, W il.T|Igl9t. andI 1 llmocence Frt&amp;apos;edoin-be it lawl or wt&amp;apos;ean(G rat it tide, 1c &amp;apos;ie voleet.. But for Scorn, his sex is settled So with War, ou pliu nor decks; &amp;apos;lAill&amp;apos;r 1w8 Vict..ry. tiw tle-1vled ? V Ict ry&amp;apos;b of theX genutle bvx. Femninine is Morniing early, Timie is not-the wither&amp;apos;d thing; Masculine is Winter suirly, BUt al laughing inaid is Spring. (Ovr &amp;apos;T&amp;apos;heftt, and over Drinking, Over Riches, gods prevail; But a goddess, calmnly thinking. Rules o&amp;apos;er Wisdomi-not a male. Charity, whoii all importune; Pleasure, wvhloni we all would win; These are of the sex of Fortune, And all these are feinnine. Seek ye, patriots, yet anotheV, ? Lo0, Britannia intvets your eyes; Where we boast (the Church our nat/her) Sister Universities. Femiale, too, is gentle Order, (Catos not, as bards rehearse; Ph l&amp;apos;sic finds the saien recorder, flealth exactly the reverse. Jov and Love alone are painted Males, to sweeten many sours; Since, while woman lives unsainted, These etnotiois miust be ours. Mllsic, sing your sex&amp;apos;s glorv! For, while D)eath is called a lhe, By the laws of custom hoary, lInnuortality&amp;apos;s a s/he. Oih ! ye Passions, Virtues tender, Vices deck&amp;apos;d in smiles or frowns, Who to each assign&amp;apos;d its gender? Who first class&amp;apos;d ye, ancient Nouns?</FullText> </Record>