<?xml version="1.0" encoding="UTF-8"?>
<Record> 	<Version>Record_v1.0.xsd</Version> 	<RecordID>4313679</RecordID> 	<DateTimeStamp>20180928135242</DateTimeStamp> 	<ActionCode>change</ActionCode> 	<RecordTitle>ART. XXXVI. SELECT LITERARY INFORMATION.</RecordTitle> 	<Publication> 		<PublicationID>1714</PublicationID> 		<Title>The Eclectic review</Title> 		<Qualifier>London</Qualifier> 	</Publication> 	<Publisher>C. Taylor</Publisher> 	<Volume>3</Volume> 	<AlphaPubDate>Sep 1807</AlphaPubDate> 	<NumericPubDate>18070901</NumericPubDate> 	<SourceType>Historical Periodicals</SourceType> 	<ObjectType>General Information</ObjectType> 	<LanguageCode>ENG</LanguageCode> 	<ISSN>2043-2151</ISSN> 	<StartPage>838</StartPage> 	<EndPage>841</EndPage> 	<Pagination>838-841</Pagination> 	<URLDocView>http://search.proquest.com/docview/4313679/</URLDocView> 	<Products> 		<Product> 			<ProductID>1007574</ProductID> 			<HasFullText>true</HasFullText> 		</Product> 		<Product> 			<ProductID>1009130</ProductID> 			<HasFullText>true</HasFullText> 		</Product> 		<Product> 			<ProductID>10000001</ProductID> 			<HasFullText>true</HasFullText> 		</Product> 		<Product> 			<ProductID>10000297</ProductID> 			<HasFullText>true</HasFullText> 		</Product> 	</Products> 	 	<FullText>ART. XXX l. SF I-tET l&amp;apos;IT l AllR INFORMATION. G, {Crrtatrn anld I&amp;apos;u.i/a r: who Aants worts in Rhe prers qu1/ s.gig gl -&amp;apos; tn Atersr of t1 e VX c I i C T ic R .vl t-, 6 ~~ ;f anz{tFi, (&amp;apos;nduders vj it Ici i~ruc y :enfdwrg inforesatie (pfm paid,) nt, ter Bfano i, extent, atlIprobaAe ptice&amp;apos;of emrh ti&amp;apos;oris; w&amp;apos;U ich J/ /8I ;II,&amp;quot; leirt a(pfl.-h1ti,-ifed to t/e pilric, Jf &amp;apos; fJitftet with its Blat, Mr. IAldwr &amp;apos; h i&amp;apos; grrved, and is nfow 41 1 ri~mg, \ it WI of U14. 4a t csIsi III-lary A91 IDuuostatinaj, anort t1 11s cit offint^t&amp;apos;t, fi from Pleturcs tIO NU &amp;apos; : ciii scrt&amp;apos;p&amp;apos;, ofq. Vf &amp;apos; ( stlc-4 (inlb. 1es&amp;apos;I&amp;apos;? . uit&amp;apos;l the r hiotoris ( aid dt s rl&amp;apos;t l&amp;apos;t il, % ill I.rui the Ilil t nimilmt r t GI a fkulhi wtri 4&amp;apos;i thi .Lwoidocapr Scut&amp;apos;1y uf o A swt eilitmn&amp;quot; *t I&amp;apos;fr A*w Plaeyfair&amp;quot;, 1it.&amp;amp;Mitowne of tie late I)r. Mittons The. 4 awy of thU Eartl, *.tik %. rv conidAea~t~b i a4I~t1,t.4&amp;apos;Ii, as pfl1p.3 Z tc&amp;apos;r the prc*cs. I M1iqs PIhhuptrr i, pitI nr;ng for the prevl 1 a rrjivoLitinu, ih tiv&amp;apos; vi1&amp;apos;tne.&amp;apos;, 4to. *t the Iftory of (.hnba iv, I.! t1e lcte Mlic&amp;apos;hael Ignatius Mshwkl krt pe&amp;apos;r cit ttc luiperial Arhvives at V itm,. 1 mr. t.. orge uh %, autthor (ot a trriansLaion 4f E]udl14a Uroauetio, hbas In th&amp;apos;e prt&amp;apos;- ; a (&amp;apos;omtpiltiton c4 IMatutirintical TIaibl-. i with dirretsulsfiir 1hiar uts anld it4ijIh;ataiof&amp;quot;. I U&amp;quot;&amp;quot; tahie&amp;apos; will 1Wci1.c. ilo&amp;apos;-a 11I1ti% (If 111unt&amp;apos;o Of 4)cI.t&amp;apos;Q, &amp;apos;ir wIore it nmvsl s &amp;apos;11 Y; tIle&amp;apos;S. O~ 11t~lzlA .Mi.1ll nrtlft ilk-11 I lit-, tMvILl: t&amp;apos;. ; V . &amp;amp; t . anti cf tiatairal id nalfticidal n*wrcl %l&amp;apos;tf, ti &amp;apos; &amp;amp;y tj1t&amp;apos; dili iiliitc, &amp;amp;C. iZ&amp;apos;. 3tlltnurstatlel 1h.1t D)r. I I iilitn, o f OI&amp;amp;l l&amp;amp;t (, CAU14 - al4 14 w1 &amp;apos;tol ~l &amp;apos;l # ori-1 4 lot F&amp;apos;.iliblph - rf l.3, tlWhith ull :pjear in tei ct .liVr #uf thloot 11)(11th. fW. Y.unz. oni&amp;apos;h t io lu,4t itlblisbod a 4 et t * dlf. 1 citirt &amp;lt; oil% Pl&amp;apos;ilotduiphs , .1. &amp;apos;~ I 1, At the . I.vAl IIl&amp;apos;tittlitlitll, hi&amp;apos;&amp;apos; lbc - Kc&amp;apos;u to . .lllwt Il.,tu )-I.. t%..r ; *. rk Il . t&amp;apos;rill .,,~~~~~I ,,&amp;lt;4.;1ll\.1 1 c,, It % .11l,. t.. ,0111;M,3; tlcji Iv tin~ *t,ii. *, I &amp;apos;~t iii tue.&amp;apos; ;1W dest p1 (tiiii&amp;apos; &amp;apos; jo rswoZrt .o.i to 6!:t , os{t:,4 %V1ttlz .l * u t r4 . .jr~i low ;11! ti&amp;apos;At i% K~~lo;10A i i at Ii jir 4 on &amp;apos; &amp;apos; *t. t wiat ia4 I S:r Oititli ), ?W&amp;quot;&amp;quot; C ~*in Ii .r:. 1ai }i; ftrt. Av&amp;apos;, ,t. II&amp;gt;As, ta&amp;apos; AJiE,. t r &amp;apos; ,1I&amp;apos;)I illt, S e, !&amp;lt;I &amp;apos;At 1ti .14t; thV ,, 14 . 11~~~~~~~o I 1 .lu11 1r? ill vit. 23 inichs by 17. 1&amp;apos;rints 21. &amp;apos;s. Pru&amp;amp; 41. 42 TIhe Rev. T. F. thibdin, author of &amp;quot;4 As fitrodedthm to the Kivowulede of rare ab valuablc Editions of the (;reck unid AtWA (las;ai~csf I.N 1dp -lit t., publiblh b)y glbmwrip. tirn .t [tiw edit ion of Ai s&amp;apos;s Typographial Antiquities, by llcrb(rt, in five volbmms, 4to. In this L1114.1onvti midtertaking Alr. 1). has thrue object-t its view: 1. lo give n uitlin.e of the Hlistory of hiIltsh Litvrature in this comitry fi;r tila history of prioutip n1aab&amp;apos; sell bte cotl!ideied ns tltc. litOrty t kllwWlhclg. &amp;apos;2. To g.&amp;quot;e anal&amp;apos;lto Mngrapil al ,uid &amp;apos;lhbliogrtphlicall Aehed(otes 4 .1 an auis. i ui nat tilr, thte greater part of which ha&amp;apos;e ni*&amp;apos;e r bctn before the pulhlie. AndJ T3 Tufr, h! a numbexr of f.ie cnaik&amp;apos; vngr~aiugs of old WINX1 cuts, th% pt %, pi hlt r&amp;apos;s (I&amp;apos; icts, &amp;amp;c. &amp;amp;c. all Illustrat on oft the I&amp;apos;roigrmss of Engnra il tAis c&amp;apos;btintrm. It i; inteilelkd to print a few copies ola trge paper in imperiaW W. uithl cxtr pI~ate.. Oi &amp;apos;&amp;apos;l Tursday&amp;apos;, the first of Octolbr, will be mblfislied, to b) t continued itiithly, print(4 1 ill royal twt;ato, and cltbt&amp;apos;llighVtd with two or ubuo ru u raviunp, chiefly from oti ual drawiligs, pric( 3S. 6d. per mutib, tbe tirvt utumlr ut it tuc-w periodical work, to be uniitled the Aaitiqusar&amp;apos;ys Matgazine. tIt p.i&amp;apos;p.e&amp;apos;taa ..f this *Ark illitUS 111#, thit a&amp;apos; It will lt the .ibjuct o1tihis. urk tueutllt within itself tlihe ulJservatimils alld disevveric 4f * )Utemiplpraary I.lisil Aibtiqulari&amp;apos; :anad to l1 ebcIlt to tle public, at a iua0deuiti t&amp;apos;x4&amp;apos;#&amp;apos;IIetWti&amp;apos; a.- 1!t At.&amp;apos; LIboursoffortlra .ant liutajvis, alc!1 er scuattrerd ill arOt&amp;apos; Lkinvi&amp;apos;.iec(&amp;apos;, teltrmlgh thevlt&amp;apos;*0ianiious r-tSM Of it airn Al soiitSti(s. or (&amp;apos;xist ng iti searce a o1I cf &amp;apos;t y Iulul ;atiuu, whieli :ar. inacaezv li1t to tht&amp;apos; Islaniorty of tolSe who CUItiate th;^1w&amp;apos;.;&amp;apos; hrxl -,I&amp;apos; S(&amp;apos;it&amp;apos;ll(&amp;apos;11&amp;apos;. A. IF. (ilf * iV I&amp;apos;rof &amp;gt;%or of Cben&amp;apos;istrV ;%Ita I,.;.&amp;gt; ills 1.a;ulm rubllilxed li ;v, nbrim i.&amp;quot;l &amp;apos;loti of hi.i &amp;apos; Putilot{opl of Clemi&amp;apos;stryt Ilo&amp;apos;I luu.x1 iq s &amp;apos;r% lustI idrd as t&amp;apos;C bc,.t ck&amp;apos;im. talrv %tb-rk oti thalt s ituwr ; tia.1JUti.4l of wh -. , Ly Mr. W% . rkmutm&amp;lt; i. I, tlkCd Ait.s,, IIod wl be reildy tur ,aUt A tt Oil &amp;apos;arly tilt? t %Ir.l r. A it, ttiit4l ut&amp;apos; Mrl. Patrk,&amp;apos;, Chi f:fst .o1t, lh-o :ui, t lie first huM 1w(H i911 }, z&amp;gt;s* t L, iv-.: tUc austlivr oaji, wmkw LLa1f&amp;quot;t;&amp;quot;^ l itimuns of which he wa% deulnrou,, is in the pres,;, anit wAI be ready tfr pbhtntjon iu ; fow week, considerably eaiargedli. and in&amp;apos;&amp;quot;Mved. A &amp;apos;cries of Loetbires on Paintinx, dfiyhld at the Royal Academy of Arts, sd at. lb RiVal Instlitwioln, in thlet v&amp;apos;-ars ISO ; vitid j!;r, 1w the&amp;apos; late Jin v )Oie&amp;apos; 0 eEm. Piotl&amp;apos;-or ,4 p jinting in the Royal Avlcriny, will he ;X,)li.hfle&amp;apos; hV ciberil)tion. nil. lectures will Wt hb .ld-mely printedl in (litartmb, n -om- I pmniA with a Me*x7.ntialtuj ItkvufrrVijiI, bV I Wvnoldt., from a poia trait of the anthor I paintel 1 hitln(&amp;apos;lf. &amp;apos;rTile pi,;,-,: to) sibcribers cll( f. 1lil~k. I Mr. WA iamsq, a rnr&amp;apos;challt of Lol)(&amp;apos;ily whbs w.aiS dI,t-tfl&amp;apos;l Aitlh other V,&amp;apos;i|lish in France&amp;apos;. ;t thIe (&amp;apos;41 nineel(lnf cit *f t l 1 p1e^Piellt war, ;tcid who lately *obt aineil his libcrt I ,v tht: in:terventiont (of Dr. Jeit-ur, is prep&amp;apos;avinz an :avviviit of his D etei olto, ;atccd of tt,* vro .e-1 Mt.Satv et the Lbiterior of Frantce. Mr. Nict ltint-nile hus imade *a&amp;apos;nqider.ah&amp;apos;e or r c- ss in 1 work, which he itc Men&amp;apos; ;Icortly t ptit to to b&amp;amp;e entitled, &amp;quot; A Pocrtraituire of S41viety, ns taken from !a View *,Ntlie As-weinblies, A-.:wintiviii, Instittittim ils, Sx,,eti.s, Mvetingvs, ied Chills ,i .lit A ld ccar tbo&amp;apos; Mt&amp;apos;tropdliA ; whether RK Ci..ioa&amp;apos;. ( -.rctabl,, L.it&amp;apos;r.irv, 1&amp;apos;hilosoph eal, Peplitifeal, e,4mnercitl, Co cnvivial. tw Reere&amp;apos;ti*ve ; iiiter*[krs*,I with Critijisins, Atteedotust sacll Binl~lp8T S koltct*tlieq. Cuart-ftidv von 1 p0il frn ori-inal ;anl rathentic ?otiorvos derstgl tv intruhdae&amp;apos;e&amp;apos; th e(&amp;apos; CeliltrVmnii)I ;lac Fnrvi-4r to wliw elvI( r in So icty is tis&amp;apos;t il, imp artaut an,] WI;in..&amp;apos; XVe 1anklei-t-.11l that this work is tea he (.I1ilellishltI with 0.1ret &amp;apos;Vc. * of thef&amp;apos; Inlot iatlltiffil ARl1# 111;1 rNlfieent h:alls allu other rimlic h itilitji&amp;apos;g.s ill Londtcn aind &amp;quot;&amp;apos;svtrnmn0#r; ciai(so gt With poraeLf of wcvernZt we11 kio.A eiiitOhl; chat. ace terc, cer-vinen, st:atesitio&amp;apos;ni, aud *) ater4. &amp;apos;ar. &amp;apos;r. (&amp;apos;tark-.on, atithor of hs-veil respltalhle a tel jP)plpalr works, h;as ptii1ihsel. th . proe. cll .f tilte first volmuee *of a work, hdeh ik t, he&amp;apos; c-inprseriud ilc two thick ti. tvr i vollimi-, Evoitainini tie. lthitvory (t o Ite RTYl, Pro.&amp;apos;1.&amp;apos;%;, a Aevtnoplishtncwct of *&amp;apos;.tt vrvAt F.Vellt, th. Aboliti at of thle !;l*ave Tr.Il&amp;quot; ; wit h pr op r l.atrsi,~s In tilc c asirue of the&amp;apos; i&amp;apos;sciamhr will be publjhri, ft. envair-i ot the Vovrzeq, Avt8ent ;re&amp;apos;, anil e xraolrdiiiary loni t &amp;apos;,1 ot I Davi l S&amp;apos; &amp;apos;11ltn, hi jvi r &amp;apos;ii t C;ieC Street, Liveri o) oh ; m&amp;apos; &amp;apos;cl% %-rv ivor of the er.*w of t(e Cost. * Pi 1% CIP1111 kilelio hy (Co cil, odore .tvoit %h- Vian Iv- &amp;apos;;ail.&amp;apos;tl r tit.0l th&amp;apos; wortll. fu ~ &amp;apos;~ a &amp;apos;&amp;apos;ccater A., the&amp;apos; t:t &amp;quot;&amp;apos;&amp;apos;iv of P-it a, * *.; ~at th- slrra;at i.&amp;apos;* thi. ,11 v ill&amp;apos; tC ltl&amp;quot;)II, 17X i, fill tile pilljls &amp;apos;. Abashtltala 1t 7.); .trit ) Tr.ar trimnc:;1i tlt, ill rnl,&amp;apos;r t. iaa *t 1t&amp;apos; # 1 ei :re 1 iltt&amp;apos;A iAtla tVIC e;at&amp;apos;1ii.. 01 &amp;apos;J.1 l andve. This work will le ekhruntly printre and ciliXb1tsht4l With a highly flai4.14l lIkenes it) cul4ur!, of that Vs41mrabl&amp;apos; lOar, who halss sarved his King and (&amp;apos;ountry. .iwards of Mu~tV vears; fifty two yvro, x WA~ntlts. ilol iVe 41Ad of Win&amp;apos;eh tone. Vrewr speut witlout mea kav1o. h o1ticsYS ke&amp;apos;rvilve, o111! wios liaa, r. -tcelt&amp;apos; at difter.t tomeh itpwmsrdit of m.&amp;apos;rae thamss.eqd pmauuI;, prizx .014In&amp;apos;V. althotutx he is now -t dep etyatit ws his pltiSll, foa* the huamble pitteace of of . 64. per week. Thi&amp;apos; narwative will oontain th. y S.tild&amp;apos;les sld toils of a per&amp;apos;s uf 1u4 ytars, on sea and ilad iut various parts of tilh world. Pr. -pritig for the press, the Vicin tUdS mil I wonIer!i&amp;apos;l Life of Msry R!iAwhsu, aged 109 yevirn. Tbis worL will ho elepidly liriaetd, emhcIlihod w t* a highly Ainisaied Iike&amp;apos;tws. in cotloumrutf that Etaled(48url .mlor;tv, who has lived &amp;apos;.n tret cntuori&amp;apos;-s. Sw c lloi)ytid ag uima autermTl)tuel sda tf &amp;apos; O. 1I 1l(&amp;quot;dt!), d&amp;apos;utriiz five sticcelitsive R nq&amp;apos; *i.. King William, QOuw Anre, atad the thrve (Gorzes. ,, u was harst :it -hixlVr, 6t: Jamtiarv lfii^, O,} I .;;8# 114 1%v liviels il vi),04 tliiltt in u (-,-!I ir il K4f 4t 41r..ct, I.&amp;apos;svrpool. | &amp;apos;}4WE sIte h:|a; &amp;apos;.^i~lL&amp;apos; u pxr ert~ cit titty yer.&amp;quot; . S&amp;apos;i)( wa:- .11, :,i,&amp;apos;veI ;aetlt; ii the e&amp;apos;v n tilmfl;ilo. ~lttl(&amp;apos;% of 1)1 inw&amp;apos;n, Julic: fth I.&amp;apos;511, I 743.-F.,*1teo;v. Apr 1 3,) 1 7 ,.-Premttvn I&amp;gt;.&amp;amp;,is, SeptaiIh b ltr t I l t, e * .1:Vintury Oj746$ 001,0i&amp;gt;r -, Apmri 17, 1-,44&amp;quot;, Vial, .11iile &amp;apos;!0t h, 1747; nill h&amp;apos;llolv&amp;apos; d u iI armyv of 111 l hr.ave ID)oI;&amp;quot; Will am ila .|11 it,, towik .abrill-tl awlt at hmf|1im. ?&amp;apos;&amp;apos; permjlls, will t;ira ;&amp;apos; wirt. f ws .|wrk ; withk A S h-C-t likUW . tl h .16 ra bhttIle &amp;quot; :11l 1i- %i% .1art .ker in. Titsealotl..iaai ll.t l;ies-altieal lDctimmsts ,y illc l Ili.v, I. A U-4t *f . il tO.e imtinS ott r ^% Mt-it *oti (1 itt the o1il .o gl N T tain-otm, whit titr &amp;amp;I.rr v, (Citatlre, .jrsg,w or Graf, Me tVwir torii{iril Chiiraclerm.r , 11 trit( O rthoirrsaily ill . iro&amp;apos; allim Ltosr.,; wi I their tw&amp;apos;&amp;quot;l&amp;apos;- a- 1Pr&amp;apos;o&amp;apos;l82 -ito fif-l me-sninjxa, :|}- f s &amp;apos;3|1l l t\ plilwI~tit). t-ittithsr witlh tXliei lwbarm&amp;apos;.4, diAtan,* frolnlt Wbeo&amp;apos;hr. I jteal atl Ia toad, nito ivri iai s, &amp;amp;C. &amp;amp;I. &amp;apos;2. fil Ni.Lii u Ptxsou. V dr&amp;apos;trch&amp;apos;., Prop)hats, P&amp;apos;ri-as, K~igro. , ul.l*4 Aptlev &amp;amp;. pont&amp;apos;&amp;apos;l alko ir the r .f d &amp;apos;tjive orirtin;al Is :1racte&amp;apos;fr w 1 tAlir IF.br. w. C hald(I. eSmtri e, Arj%!);c;*f;ut^ %Yth thvlr trote Oatlh a.raphy ai 1 liter-.l no&amp;apos;anmi; t a&amp;apos;-th&amp;apos;r .&amp;apos; e il al o &amp;apos;catint of t U&amp;apos; Ii r &amp;apos; ira W1h ., *.ia: . ,,f qIa 1ir W in rh ;leica&amp;quot;. te t.1at!, (IJ. !4 &amp;apos;laW&amp;quot; f 1. MI. r.. * &amp;apos;fl td, &amp;amp;a I . .%. C. or yi, A t ..rt *i o&amp;apos;r te . nit. a&amp;apos; r 1 r*?I 9.1 ib SIBiti&amp;gt; f ti&amp;amp; tt&amp;amp; .&amp;apos; ..l rt.t LSa, ?&amp;quot;e., f t E-ipglt q ac.g S.d 1 too. s&amp;apos; ss r.- t rit,-t ii *@41k itt Oto 1( , vF , CJ ,&amp;apos;1r, e Itt ?;#M *ith-J .. N-.# -or i~t tl, j ti fit . &amp;apos;1 t itrl- s&amp;apos;t, *&amp;apos; [tca t *%s &amp;apos;.. c to: s .j .._ v: ik U..:l (a l1 * ,tX Id tow e, k|&amp;amp;tv w ,b! .l .8 1 411.-e,. $13.&amp;apos; A&amp;amp;| &amp;apos;.ii&amp;apos; t ra r n. :4 &amp;apos;lsad Tel i. .tJ. A&amp;apos; &amp;apos; #d&amp;apos; Thet.f , l t,.,,.; ,.&amp;apos;v J &amp;apos; t t,)II t)* AI%- Iv 1 ) I I,. ,I he iii *&amp;apos;. &amp;apos; a.L; n . &amp;quot;; masj ii &amp;apos;a&amp;apos; txl r: .t t !t1 &amp;apos; lel j :&amp;apos; ,. tr ? \ 11t t} &amp;apos;W 1[rt4111. I1tlS&amp;apos; ) t air ste 1 *&amp;apos; *&amp;apos;, jai.Xt&amp;apos;ti ,a&amp;apos;, ,,, I a..1p 1T~f.,t&amp;apos;? 1s ii 1X &amp;apos;,,, .4% ; I, ,J *.tH Ch ?1, ?I V v &amp;gt; rif, tw Ir .v . (,.1&amp;apos;, M1 V. UI&amp;apos;.111, T* if.lt), I&amp;apos;t arv 1.-%. I.1,1. &amp;apos;! | 141 1:91 , I 1&amp;apos;... t, 10 ,, A low III ,,t A-) ,,tk &amp;apos;I L Iz 1 1. I I;s &amp;gt; 8 }.l . Il~~~~~tl ;| *,., ~~tt 1 ; .^8re}.}4s ~ ~ ~ ~ i t it.4 11 )I1 I,., it !&amp;apos;t : I1&amp;apos; a &amp;apos; t a . ., &amp;apos; A I I &amp;apos; t 0 .. : .&amp;apos; &amp;apos;a II . I&amp;apos; II &amp;apos;I , a i, r 41.1 I.~ ~~~~ I tl 14 tiii : 8, C, IA^! v it uXt, I I \. &amp;quot; t. t&amp;apos; &amp;apos;.t I&amp;apos; * .5 ,, 4 I -11&amp;apos; a &amp;quot; t .5 &amp;apos;.0 &amp;apos;I i&amp;apos;,t r 1% I x 15 t I . 9&amp;apos; I . I w4 1 h i , ,I . III i, ;0 1;iI : .t I MI~ tv, &amp;apos;W 1t111 I i; -i I5 1V I .W. t I&amp;apos;. i!., I% 1, I )aa%&amp;apos; I * t 1; S ,.1 Q. , S&amp;apos;x .. 1&amp;apos;24 It, I o I tI 1 t&amp;apos; I :, (i.:I s r Mi4 (. i:,j. 11&amp;apos;1 X&amp;apos; , !&amp;quot;X~ 95 a&amp;amp;i1a Ac rr.-i em in &amp;apos;&amp;apos;e&amp;apos;~r ! &amp;apos; &amp;apos;1 c.,v . \t }It . it,, ,; T 3AI..i I l, , :. A s ;.w1 ii .|. .ut,1 l&amp;apos;, ;&amp;apos;&amp;apos; T ,,.. j\, s r I|s jtt &amp;apos;1., 111.i *ta, 1l.81 ~~1, ;sFr fill 2 rlS,&amp;gt;:1~ t.,&amp;apos; ,, *% .i,. 1 t.at . Ii&amp;apos; \., I . &amp;apos;.,tt,,;, alt p t o&amp;apos;t &amp;apos;li *8! Xt4&amp;apos; * r &amp;apos; ctl&amp;apos;%tl\ts.; ..r iii;&amp;apos; 1v,&amp;apos;a )r -liiee.tv t a&amp;apos; &amp;apos;U t . in z . ra at- t&amp;apos;;&amp;apos;* ; ., ,1 % a. t . tw, p I .I . . t. , | X,, l. \ *: z X &amp;apos;b, ! -. *. sI tl * * . I Ol.. V I-IT w% .\9A &amp;quot;&amp;quot;.I &amp;apos;t., 1, 4 , t A I sW ;,&amp;amp;t. [t~ll *,ill nil ot &amp;apos;71VO trW i ,,, *dl ,11 tbX 1&amp;apos;arish 1&amp;apos; avt r, en tbryi r-L. t % dII sc&amp;apos;*&amp;apos;iai obthXtr- I&amp;apos;l 1}t&amp;apos; *r .,, iv,-- ; ao- 1(, thf i %% 1 Wll i me :(4 ,| JJ~lXtu .,t, a&amp;gt;.&amp;apos;. althor ot Il. v virc ^ .*4 I .,., * .a&amp;apos;s 1l04t (* *liup&amp;apos;t.te, dl f;F. 1. .!t4, Ih i v.&amp;apos; Ill, tut 1 T v If e-tTrr, e. I lI!). It. 1)01)m &amp;apos;timi w 1I t; kv&amp;apos; place&amp;apos;, we my 1. r.s, imll, %% Jtm?zt II la.|v I fivw vorV ls IetetY hen c ncun a% ijI e pa; at ion. leit t!CI VIs V iPfig 4, il A? .,ct ,,*f &amp;apos;rI rl, &amp;apos; cont -linim:z the cleniviii, ,&amp;gt;, t4tvl ,IIln t II&amp;apos; n &amp;apos;i. rIpteiuc of th&amp;apos; i and * .litu I &amp;apos; T r itri ,s *u..1 It. f ft t, on tile &amp;apos;.Ttilimn , - fam t . 1 ,,, ,,&amp;apos;s.t&amp;apos; ; .1 NO|I cs, I rov m-&amp;apos;iu, ku.uIzvtouvv &amp;apos;R t 1 rzIts awt tile&amp;apos; C4,M10&amp;apos;s i~nd o11 t1filis .,1 I \ I&amp;gt; t Ilh t j) plFc Tit virit - situat&amp;apos;n af t1. 11 hl&amp;apos; 1.Tcuhv before Iii.&amp;apos; I TV &amp;apos;v&amp;apos;&amp;apos;i ! ot A ll i &amp;apos;,,ge t4st NIV, A1 uIt:Ik.&amp;apos; &amp;apos;ts app . .&amp;apos;&amp;apos;&amp;apos; :Ic 0n(r . A .t 1lit&amp;apos; ot1 i ,,, IA strat o... &amp;apos;v&amp;apos;&amp;apos; %l1&amp;apos; itv 4) % 11I !lIIi&amp;apos;j et&amp;apos; Scrtl niv Iwi, t 1i PM of .1o *1 M1. N11:1&amp;apos;)ae 1). 1). .ts+tr o thr . so 1&amp;apos;r sipy tr,:ln (C&amp;apos;hmorch in Nf Y oirk. w 1 %&amp;apos; ry sooti .! Ivp(,r ,i, tbip &amp;quot;o&amp;apos;mntrY. \ I&amp;apos;ei&amp;apos;.Iy .fr Iht41il)&amp;apos;V, ;Jri:.4i;a:lltV cii a St 1 li&amp;apos; *t&amp;apos; Iectares, IsY 1b W&amp;apos;i rt Fbov, A. M1. is litst i.-ecv for pulAlhic11tionl.1 I. &amp;apos; 1 tirvs limutimit tof fian-d~ht, sd &amp;apos; 1. isr.:it i tie vi.gy with a iurSw of scrmi&amp;apos;is f,8 for ti, yti er. S&amp;apos;lr&amp;apos; ly w;l1 Ie pilblishisd A &amp;apos;Manual d Pit ty, c;1eulahtca tor the icei prveilt, And:&amp;apos;!iplt it ter tht, ivouet .%Atlt of.t all wets +4 Cht ttidiv&amp;apos; ; v&amp;apos;tractet fr i tbe&amp;apos; 1H(Jv I~stizD nnq of88l&amp;gt; .1tr.emy Taylo^lr, Di *Sip *t&amp;apos; D).oull :1111d (&amp;apos;Mumr, I Ur&amp;apos;t F. oUz 4~ A. M. 6t 1 a j)relaievt&amp;apos; RI1i addiFarly ci t1 lit pre&amp;apos;%Cnt month w11; be ph$i, hu ii new 4u( itiot ot t h:1t iavttabiuk U kn 40&amp;apos; 04e%0tio, lrti la hi; h-ell tra&amp;quot; lIte iff jt iito I !Jt 1.11L 11 .1Lrf&amp;apos;M, ;it; beenv emi tititlv emeeftil, Thwitas &amp;apos;t ki4m)is Inn &amp;apos;be , :m i;t itll (t J. 1 (.:irst. I ralllated frou t i ltl)V (; eorge Stanhope, D-. R. 41t1.&amp;apos;Ei ) &amp;apos;iqIfi, &amp;apos;Ilii c&amp;apos;ostta it pbrav(&amp;apos;r&amp;apos;, &amp;amp;k. It I pi iltitvel ,Il t~us em vitliet sie for i o r 4&amp;quot;&amp;apos;p F r, a : t. 1. t t of .duy t t.t. ,,1 eVt ;t t,.pie td;11 bhe! 6t (t; wt &amp;apos;&amp;apos; ill I&amp;apos;At IX&amp;apos;e Imlbt-a&amp;apos;\ }}lltS a 8 It r r .t lat i. ;f&amp;apos; N t o, *i1 tr! :t fkW T) . 1 (.sqx &amp;apos;qf I &amp;apos;Jbj * *}.. !8.|.* ;,vr;t&amp;apos; ed 1) t e&amp;apos; i&amp;apos; l : 0. t HIren fll it , g)44aa*2 t~~~~~~- ,,( o e 1tl * l&amp;quot;~X|&amp;gt;ne A ,. , : oil tCOt i I %&amp;apos;V11te&amp;quot;11 or vizhtv&amp;apos; n s .X, . 01 kQ,, P . &amp;apos;, ut1 ke e4r pr eig *t c psaC&amp;apos;. At 8to I, .,(&amp;apos;l, Of tII,. text will h i T e kt!1. 5 t&amp;apos;t&amp;apos;.&amp;apos;&amp;apos; of ill . c&amp;apos;iLI . i U 4,1 &amp;apos;Ii Ir ia-41at o:ii of t ie O,1 anri rt r I&amp;apos; %t.Iuoe&amp;apos;t. &amp;apos;,&amp;apos;. en r, f&amp;apos;ree to in~t*! ctil brrspoilflisl PAl &amp;apos;A,&amp;apos;4 HA ill CmNl&amp;apos;l It 2 &amp;apos;3. A\ siIt&amp;quot;; ,&amp;apos; expla;|):tX-m, t&amp;apos; *.riltltit I imier1 of thle ( 1aict. aUfrit .-tdlt ott of th) works of the Isae )r. 11- rirt, Ilishiop of Norwich, is jp-vpvm4 &amp;quot;or 1) -1), i ;014-:, Iill sxout yO:lll~et It WIti itcl(it( tiv.. Iift., wlitS00 I hi * Ir .1g lit41, it N.Fa ;,v .s | emtwl.imuigl :a impas~rt;;.lt ae.m~itt of QI i t &amp;apos;k I&amp;apos;Il &amp;apos; (2opl.. CItiof the Sp.-e&amp;apos; pr( * .e (?tt i.t)srv. r &amp;apos;r, &amp;amp;c. will bi.&amp;apos; p., ^. v I tl.&amp;apos; hirvt sof (O ,. .t 1i&amp;apos;\xt. 1 ,i ;)re&amp;apos;.4. tl &amp;quot;V)mi ; v w{h il., ie lI IV I&amp;apos;o-] t th -~ &amp;apos;StI?ls!-r~it+r&amp;apos;;, &amp;apos; &amp;apos;X&amp;apos;le X&amp;quot; !l *t C tI &amp;apos;,t v. -t i. p; l it. 4, (l i t1 1 ) itfi k.-,. tq th- mtli~r lw ch-, ; o { ;l C),,111111,,-tv. W I H, %I&amp;quot; .,lI, I m,10 hv Jwi )h! Lane i&amp;quot;tr, ?. NI. 1 Tfqc t, A\s,.t tilt D)&amp;apos;rvv ;or of hth ! 4 is&amp;apos; NV.I:t jll&amp;quot;j fI li}A l alt Pit-is, ha.s Tati ot Wf &amp;apos;rMi)tit-vr rhiis Wok, A &amp;apos;vi roe&amp;apos;ivi4I tilt&amp;apos; 4+. 0 i I ;v ppr )l *it t*n O)f tilh&amp;apos; Pt &amp;quot;fie)r, .it t ii. IB0 l*te (Tirhl&amp;apos;iti at P irii, .l:(I P11tIeci- t1r, thi&amp;apos;t Of M. lI t&amp;quot;, h(e c*c. lirm,-l NT ov i wl rist. f I&amp;apos; &amp;apos;I, . . ? &amp;apos;-/f. bj-&amp;apos;e *$ 01fi&amp;apos;cs : &amp;apos;ti&amp;apos; f,&amp;apos;,.&amp;apos;e . 1 \ I)I. tu.4t S i r I &amp;apos;rne m ii-tii it, IIhv\. es. (hiiv n i .4tr, a1 tiv &amp;quot;&amp;apos;;ttitril If atorv, t;.r AwuI- 1 t l i&amp;quot;4 (cte /~im , ;.1&amp;apos;. ac ii t, byllls,, , Ill. ef4?&amp;apos;.!&amp;apos;X P Ir&amp;apos; . AVI 1, Il l ? ati l (.&amp;quot;Ii illts / U l, tt r&amp;apos;I.Ot ofl ;&amp;apos; ;litil lit 4 Clt&amp;apos; uhf t&amp;apos;e 4r 0&amp;apos; dlv &amp;apos;. lull O bil t :i /jlft.i( uall t I)2i&amp;apos; h&amp;apos; f^&amp;gt;1l 1 .r~l, 3 .\1. 1 lle t, ) :;, ;s, nt; ..&amp;apos; ui I&amp;apos;,? &amp;apos;tl&amp;apos;zita n* Ialle i,&amp;apos;y.I o&amp;apos;ii fin l Vtz Isti-. 1, \. tIh l eimall t -. v. i&amp;apos; l rolt titi- |s~lj, b%, M A. Atlr:l~tll&amp;apos; M .-n I&amp;apos;-&amp;apos;j s. 0,111bil1%;I M 0IIW trlt&amp;apos;. 7 i.;c of Dt 1a{} m r .;8|. ,4 * N. . 5.; 0 i fl t , lit till-X &amp;gt; fil 71&amp;quot;| z&amp;gt;clK. M04&amp;quot;.^ , ,,, 1-1 -;II* Y. 1IY)3, to J1t1V -qt. I &amp;apos;q(),r b, M. Clier9. Ott tVie Plodicion (ot Lfurfti.- ar&amp;apos;A. h%&amp;apos; 1th ! !vcin pIww 10. Liat-tary IaafacM. II1ut&amp;apos; 1 a&amp;apos;s lately publ?,1id a revistd avid J&amp;apos;sn int.l lav aI.:irVnchttd eul,&amp;apos;tivn of his IEltiwlit II. Tre:tti oin Physie*x, oe thil(&amp;apos;v (Inalit-e f&amp;apos; &amp;apos; pall~w. (Trnili &amp;apos;tim taIre (le P11 /$t it&amp;apos;. 2 s vo. com. p. 15 fr. 50t ..-S~ulwrior. p. 17 t;. 50) c._Whl1imi p. &amp;apos;27 fr. S0 e.)I 41. AIOi&amp;apos;wrt, Phlysi ia of the Heoptatl Sauivit Lo ig has e min-need a w4it i ui~ssrtlrs of the Skin; the sscetm ntvmbt+ relatts to that. dIrcadtul disorder the Mira, of * hich h&amp;apos; einutnrttes five Sorts. lHe (1e&amp;apos;tj~e it) their gei rm I atid particular ivmpt4ivIs, their wuvvl.z w th other diS,dei-S, -.1ul the CAt1&amp;apos;ft&amp;apos; IioniblEo tO their Ill- ) hIc&amp;apos;tioll. Five&amp;apos; Ii-1:114l1b8 ~at,.(. beviiW fomvnl&amp;apos; ii Ptris: hre ha. umithetd hi -h&amp;apos;infor. 11:.t }) fo Vwq &amp;quot;In fr| im .vls ln: mi(&amp;apos; sivlc C&amp;apos; :s&amp;apos;s:&amp;apos; &amp;apos;jt)&amp;apos;l * &amp;apos; ith \ Plorit&amp;apos;q Ph-&amp;apos;eriams. MI. 0)&amp;apos;&amp;apos;}per&amp;apos; Its&amp;apos; pvtiliiewd i Nit lMasm l of A ,,rivrl&amp;apos;iro. \i&amp;apos;thoif Mintre, il whlichl Ihe I,,,), it, 4 t t II fl ,I t:\ I ..f hi- pihets, the SII?&amp;apos;,&amp;apos; &amp;apos;&amp;apos;1)11 c&amp;apos;f &amp;apos;. p$, avl](1 the itmole 4i.t pro (1&amp;apos;(e il.t&amp;apos; rqlin oi etnve&amp;apos;v, sintly, or (al&amp;apos;kys ;k fior lit diffrt-int kinds of IIdI~t2. it ,* +1(.41lt. d of) th{e e(ipmtion4 and1 tf.d, arnd ex&amp;apos;-irmnirntit inade tit the t:i1I;lnen&amp;apos;ai j[j~fl ;[1 HiIr.. (M.epe d&amp;apos; 4&amp;apos;ln,&amp;apos;jflu arre, 1 a Rt} . 8 VC. ) Ni. .1 !G. IhthsIis has itumblishud n wnrk on t lie (C;ounere&amp;apos; tol FPmtice. dvurinio the prv-i&amp;apos;it, S&amp;apos;t:itt of Etrope, *r O)lcervations ogn the F&amp;apos;onIric (Commner&amp;apos; ,itu Italy, the (1&amp;quot;&amp;apos;,,&amp;apos;.,.,., I,., 1f&amp;apos;;t 1,, i ,1 &amp;amp; C. i i ?, Cwp!tt#^&amp;apos;rry } .&amp;apos;cet &amp;apos;Pinw 11 el t al~tele dce &amp;apos;IEirope. I v-t. x v.. &amp;apos;2_5 :, ) M1. 1&amp;apos;Aloh?) 1 I, l&amp;apos; ;rtl-.~ I~la cimmeneril t ho triaslat;)?i J t .,C* .iltebrvI twi I)r. l&amp;apos;41air&amp;apos;s Se;rmoln%; tilo I&amp;apos;I.IIII Jmurw ESls, withloutt u1lO.)i1.;t Ii In too u&amp;apos;i&amp;apos;&amp;apos;-u thu tlweiIC1,Ogil-4 qIC thmt c *mitryt. si~v tle vu~ly pi| &amp;apos;va8^t ,1181,11A fer 114&amp;apos; jrit.-V .ii&amp;apos;I Ol. 4too., . t lls style. I&amp;apos;h tlr-.lI ;t:to Is sa.Ad to be vcry ably Pe!vformee 1/ MI. Ptrem t !uas ptibli1&amp;apos;ed a Physiologieat r.&amp;lt; - ,3%, Inrm~itv, w th reflectionts nrnd ;m.~lll &amp;apos;;e~sl r&amp;apos; ,retu* rriative to the circtauii&amp;apos;.t :, fC, I .U&amp;apos;Ii. h ivi jjrt 19r4)lm tht mind t.) thlt :tfletiln. &amp;apos;. &amp;apos;hiehle~uwe it. 3. Whielh (&amp;quot;.tifirn it. IIe Imiw m olld it vargiet o ht% t.twark it,. alq .pti&amp;apos;, of a ratUona invitlily. (f ti-rat menht and vil* re.</FullText> </Record>