<?xml version="1.0" encoding="UTF-8"?>
<Record> 	<Version>Record_v1.0.xsd</Version> 	<RecordID>4314479</RecordID> 	<DateTimeStamp>20180928135242</DateTimeStamp> 	<ActionCode>change</ActionCode> 	<RecordTitle>Book review</RecordTitle> 	<Publication> 		<PublicationID>1714</PublicationID> 		<Title>The Eclectic review</Title> 		<Qualifier>London</Qualifier> 	</Publication> 	<Publisher>C. Taylor</Publisher> 	<Volume>4</Volume> 	<AlphaPubDate>May 1808</AlphaPubDate> 	<NumericPubDate>18080501</NumericPubDate> 	<SourceType>Historical Periodicals</SourceType> 	<ObjectType>Review</ObjectType> 	<LanguageCode>ENG</LanguageCode> 	<ISSN>2043-2151</ISSN> 	<StartPage>427</StartPage> 	<EndPage>439</EndPage> 	<Pagination>427-439</Pagination> 	<URLDocView>http://search.proquest.com/docview/4314479/</URLDocView> 	<Products> 		<Product> 			<ProductID>1007574</ProductID> 			<HasFullText>true</HasFullText> 		</Product> 		<Product> 			<ProductID>1009130</ProductID> 			<HasFullText>true</HasFullText> 		</Product> 		<Product> 			<ProductID>10000001</ProductID> 			<HasFullText>true</HasFullText> 		</Product> 		<Product> 			<ProductID>10000297</ProductID> 			<HasFullText>true</HasFullText> 		</Product> 	</Products> 	 	<FullText>Art VII. Th/ Fathers of the Erndish Church. or a Selection from the Writings of the Reformners and early Protestant Divincs of the Church of England. Vol. 1. Containing various Tracts and Extracts from the Works of William Tindal, John Frith, Patiick Hamilton, George Joy, and Robert Barnes. With Memorials of their Lives and Wnt. inge, from Fox and Bishop Bale. Svo. pp. xiv. 636. Price 9.. Boards, Hatchard, Rivingtons. 1807. OF all tie illustrious periods which our history furnishes, none su(gests more niportant reflections tha&amp;apos;i thw wra 4f the Refdrmatioti, The history (t the Christian church scarcely ofiers a more intereStillg subL~j(&amp;apos;t of colitcinplttion, since the tiwle whene iti Divine Founder aLppeared among mankind. It . A~I , I !i.j, p, &amp;apos;A ilrtII VilI&amp;apos;, 111 intferentce to tlhe weFrk 4&amp;apos; l I~t1II&amp;amp; &amp;apos; lt i , ;t) U I r4&amp;apos;\U~tl);ll f .tII tI t;IkII&amp;apos; )a sf ot II 1 &amp;apos; I&amp;apos; II It&amp;apos; tf)~~~~~~~~~II4 d )1A,11 SI~.%tW )&amp;apos;i~ &amp;apos;:4. 1 |;-(* Ii~t l ,,kiill h ill j))&amp;apos;, t CllI2lf thii..&amp;apos;ti, 8S (S ja( l ,st ft sd i o lithoaid. 1. i t a9 .t1 . tit, hlZt tIl II C(1 )i Iltz ,I Ile a l &amp;apos;c c ol tlmz&amp;gt;&amp;gt;eI* lI ;t t l(T t I t. l! l, i. t * I 41 sIt I. &amp;apos;Ai41v! &amp;apos;.t.&amp;apos;kI&amp;apos; &amp;apos;&amp;apos; 1 &amp;apos;1!.id &amp;apos;cltlc &amp;apos;l *1X( t sl %ti 1t &amp;apos; ct ,Wd&amp;apos; to .\1 Ht Im.1 t- vii a,; l~ l it iXld l, I-c &amp;quot;1 11 4&amp;apos;. T. 4114 i?:itl &amp;gt; (. ; ac I I I(. . . . c t r t 1 4 N Ij I () w lieia V)b) tl 1 k tXtil I I~ V I;: Iv I its tlia.;e tile mud a lse T zlt) d ;1%ltti ,so 111N~tl Allen X%; _, 1 1isv il, I; l-&amp;quot;,wlv (0, HIMc vil;(lT ; l~~~~~~~4 i I t ;&amp;apos; d,,, t, .i I\&amp;apos;* S.li 11,1 IIIIA(ltl;t . ,e,,,;.1 s.,;,, t!,!i, ,,&amp;apos;t\ i, xi; v. \xt,.t~~T hc,, !,t.! \Ir&amp;quot; Ituiolhe ot.8(&amp;apos;i t4i,,,.&amp;quot; ;~i F\ tIt&amp;apos;.t&amp;apos; ilt, *|, i.t) 111k&amp;apos; . , (O &amp;apos;:, \1,l &amp;apos;cc.,, and ap-,. I? I~~~~~~~~~~~~~I eat , it I ,LI t : ,. (11 r , i . :4i l ,,I, ), r :ttd ;ra* &amp;apos;~~ a. ~ t. t &amp;apos;pItIii W . .* ..&amp;apos; !&amp;apos;&amp;quot; 01 1 42 I( A hit1 1, &amp;quot;~lt!).Ltt~ hz *I~is 9.rFj.4,.:,. I*,,;, ~~~ti\ xil,,,t,,&amp;apos; f&amp;apos;:&amp;apos; {&amp;gt;&amp;apos;lht&amp;apos; .\.4, 1 j)H!I.illV&amp;apos; t 1&amp;apos;i ? o ,!ll ;PV 4 Ii~t; ;iIIAIII 1&amp;apos;,&amp;apos; ltliW .41 )itil F , V I, I Is jli&amp;apos; i &amp;amp;: &amp;apos; l 1 .&amp;apos; 1!1&amp;apos; ! :1 .&amp;apos; &amp;apos; 4 Bt. i~s) 141, 411: \\ il&amp;apos;it 144 1,\ &amp;apos;I l&amp;apos;~ il)V&amp;apos; .4 . 1.41 V ,| t4.!, i It&amp;apos; l &amp;quot;2 j~ &amp;quot;j &amp;apos;t *, . &amp;apos; &amp;apos; It &amp;apos; . I I i,&amp;quot; 1 Y&amp;apos;&amp;apos;b i 1;:1 ( lh)0rtI 1 1 1 t 9&amp;apos; \ rr t 1 1 * v &amp;apos; . , ,&amp;gt;.;l*:t&amp;apos; ,;I &amp;apos;&amp;gt; , t I :&amp;apos;a . I&amp;apos;:}I I) ut i t. &amp;apos;H , i I : t, | ) t ttyt si&amp;apos;i&amp;apos;\ i * &amp;quot; t l&amp;apos; ii .4 &amp;apos; ... &amp;apos;&amp;apos;&amp;gt;-&amp;apos;&amp;apos;.i&amp;apos;&amp;apos; i tw \ It i &amp;apos;W I Vt&amp;apos; S;it 4T1&amp;apos; &amp;apos;tlltt&amp;apos; J4,11 , ,,&amp;apos;ad ., 0 ~4........ t ! : . . 1 ,. &amp;apos; ( 1) &amp;apos;, !. ii 1L &amp;apos;iq It!?t (&amp;apos;h -1)l tI} )&amp;apos;dl, it I I . t 1&amp;apos;1\ 1 l iS t~~t- 11 8 &amp;apos;ilul!&amp;quot; . W &amp;apos; t \t&amp;apos;&amp;quot; i: &amp;apos; t~~~~t {&amp;apos;( &amp;apos; s&amp;quot; !. ..i lI T: ( l1&amp;apos;&amp;apos;;11 - tl~x &amp;gt;, .!t~t tt il8ll&amp;apos; &amp;apos;.;, &amp;apos; t&amp;apos;&amp;apos;I t t&amp;apos; ! &amp;apos;&amp;apos; &amp;apos; stt1? 8, ,ltZ,! o .1 It, - 1l, II IIi,;l l *,! ;. 1 *b.llt&amp;apos;. t l&amp;apos;,l l&amp;apos;1 ll ly *&amp;apos;14&amp;apos; t~t&amp;apos;t-l~t l itl 10&amp;quot;&amp;apos; I&amp;apos;ml v. li -I I It ) lit ltt&amp;apos;1.&amp;apos;l tlll i t avi. I .&amp;apos; v I&amp;apos;i &amp;apos;&amp;apos; Is&amp;apos; I; I&amp;apos;i ;&amp;apos;j IU . 1 i !(, ,, , ~ls ; ,,,,, ,, t,, 1, , i, ;, I: ,t i,;;z, l,,,t 1|:&amp;lt;l &amp;apos; { jiI w Il ,1 I I I I I I e~~~~ ~~ ~ ~~~~ It I I, , F I !,; *,.,,! !&amp;gt; . . . ;X. ,{., dt.(,(I ,X ,, th|; &amp;apos; , (ozj~~~~~~~ Ii lt I I I01_ llo til C&amp;apos;&amp;apos;&amp;quot; I-.&amp;gt;\st IT;i l l3 &amp;apos;ll F(&amp;quot; lIl it &amp;apos;( ilt l I&amp;apos; I I I t 1! .4t {t ;ttl rl1 i tb {(11t&amp;apos; Els C CItt I8 tlL Ist ~ ILI Iit Il&amp;quot; il tte.\ titUi)6,1 (o *&amp;apos;i-c 1,()Usi Mt- I em,, to , ,, jt,,l ,, i,.,lu , * t~&amp;amp; 1 ,, t I;,1, !IU (1 I l t &amp;apos; lit i:l li &amp;apos;tt-l lp h,t I i(, iit S t t1 1T&amp;apos;11 I1@ S -&amp;apos; II(I ;t &amp;apos;1 11 C! 11 A0t ,I I. &amp;quot; lk19 uth (1&amp;quot;)&amp;apos;llinvil o 1:1 r t!iSx IhL1It.I 4 1s ( \ ..;!i Id h &amp;apos;Ltct I(i il )Is;UIIt jir.l )l, IIt&amp;apos; &amp;apos; &amp;apos;IIlll, I I t I, ,,,j)OS ,,,)I) ,I~iSC~l t. o I i t&amp;apos;,(&amp;apos; ,, ) , 411()1 * ,tiIt I M I I &amp;apos;mrv. lit Inclit V~ i c k I ~if was ii iCllIio vt ki It f 1 te d , Spil~t I tt&amp;apos;~ str I i-4 s~I SIt IXili t ) t * o iit I ic I&amp;apos;t 0 i-t II, lti c Il t lie rc &amp;apos;)rs Iie I lie 111&amp;apos;)1i1Iltt I I i il I I t u a -,I( )II a I I I I lilItl ) lt ;I I I dI ~isc I ll IICtOI (s~1I {I lav bl~t&amp;apos;l petrl)-tutcdlti, had notlt (hI)uedtOiii rll ist&amp;apos;ll tI o tla(1C U aIS) t o ills all(l))1w u In:tIl ther. I j icklhlf I sI; tl, firt \)oI t11i(i anv&amp;apos; ;&amp;quot;&amp;apos;! .ieI r&amp;apos;llmlist lc&amp;apos;iiu; n,Im~st dic conlipitiols 1i ) 1 c I U I lit,8!is.i ict, w,,., I ICi:iI i,,l(1 .WIt 111tO till( I,,tiAc~cs ()I fillill. Jb,- ,,;,l.Iv ho :&amp;gt;~tb-~ 1 I Ilk! Ill( ill St a I . I .c I- O)r I oI. I II CII S , s i lb , , ,i .&amp;apos;tit.,hi ilr Qj)SIC&amp;gt; ut itsllt , (V1&amp;apos;9 zIt~.i li&amp;apos;al~ (tili- lK,W t~&amp;apos;j uL, I 211 V 111;TI I .)1I) a bodlertgand lI&amp;apos;he ,- .,,,,l I n aw- 111 wa;t ; 1,1,;,41c., t() hli rt t . f ivt Illino~is oft 111 1 fnl;s 1l :; | j) l_ t z Wil Itlit&amp;apos; l.t~t&amp;apos; oh ll, ~~ (ad t lie I I ct tl)e tI ii S it, I cn I Iit ( 1th Iit I1I aIt Iit, ( O)IIt nt i( iit l. &amp;apos;tli 4 tV2!1 Inlto ( hot lti ti. tll v c i ,, Ilst,, l ,,t io&amp;apos;. i I ii . &amp;apos;ll ila IKH ,&amp;apos;i ;. lIht t,. 1) C III ; I ,I it l Iit&amp;apos; it oh1&amp;quot;x &amp;quot;I 1 (I ` ! Cu I I I &amp;apos;CVIV(! I illl theit i .c ( ilk. &amp;apos; Ic t) 1I h Sil V \i c &amp;apos; &amp;apos;I h t :1 1 &amp;apos; l it ii ; 1 l&amp;gt;tilul I-.l,&amp;apos;io, ;oihI til~lt o il ;l 1I21&amp;apos;&amp;apos; Idluti~it Cl! lofH ? le :cI) I4ti\ 1 !&amp;apos;I 1 ti ) 4&amp;apos;( )l.l z)m Ii h l i (il- h)l&amp;apos;1ici(lh r I . I) t t11y&amp;apos; t-&amp;apos; ,4 ,t I. .&amp;apos; 1,,~~ ~~~ I, l t&amp;apos; &amp;quot;. 1-, ,, c &amp;apos;I I r , l t i I St &amp;gt; I,;l l It I r ., \|. !R;t I , .I I, it. ; C I&amp;apos; I , , 0 I; a ;, I t I I ,,;ti,,l, ;t 1, I( ,, il &amp;apos;I ( *III- I (t ll t l })I I I Ilit &amp;apos;l.&amp;apos; 1 &amp;gt;t t I Ir t1, I? l l(&amp;apos; I I v I t 4hi1 t.It |d. put &amp;apos;l ! l: fXiz \ i l &amp;apos;m lvad. T het ;1t,\ | ltli I a\( t tI.till &amp;gt;( I ill I., I . I : 1;1 V! I I,%ol :,lwd ,, ,.Y Tin allo l im t.11ili+;ttc Ill, ilul;. !1t (t, l. w N::,-\Vt Tc-Aaalcit,)l&amp;apos; atl( )lltwvtl, an scill t iti 4 itii,,, Itl, -, . -,*1 .\&amp;quot; I I e a\1, *s Imblishe ^&amp;apos; 1t . varit v )1 tl&amp;apos;S. ractlllt (,&amp;apos;4 I Ii 1 ,t, ii I&amp;apos; I!,. I&amp;apos; 1 ), &amp;apos;,,,, I ! ) Il) r.l &amp;apos;I I|( I Iltt( &amp;amp;I I lA I!l S l i, vl rS I I , &amp;gt; &amp;apos;S c I (&amp;apos;i I v .\lt\tl Ill~ Itll i I\. I4 St 11 I 11 I&amp;apos;I a 1 i&amp;apos; I I I I, t&amp;apos;l 1f~ .s l~i!&amp;quot; ilill&amp;apos;(&amp;gt;.&amp;apos;, lilt&amp;apos;\\z);X~il} (I ;&amp;apos;11&amp;apos;, it (&amp;quot;111,1 ?b &amp;apos;i )&amp;apos;* VIII!i, ti~il &amp;apos;!,:ilI 1nat l~it )II \% illch Il 6Irlllt v. !1O I IIIV -1, S ,,,IIil~t~l, ;llliak(&amp;apos;11 0\(,11&amp;apos; Il1 ;,;d I 1.tt,4, ail (&amp;apos;ltl i&amp;apos;I &amp;apos;t&amp;apos;c &amp;quot;,olr &amp;apos;n,(,2 ;.(LI&amp;apos; *1,,l ,lilt illa~ )} I! !,C t. , t -1 tib .,l 1 &amp;apos;t . t~~ltj ;1t tt:;11 }a l it!slet i ti)t.!I~lit, l \szl \l l . ;wt8(; . &amp;apos;,&amp;apos;&amp;gt;&amp;apos;fli~~~ta i&amp;apos;t.&amp;apos;i&amp;apos;!_ !p, .1.1 II,- 1), m -l t) . S ()I&amp;apos; tlIxs rc . . ~ ~~~~~~~~~~~~~~~~~~~~~ .u . 1, 1 )il1crc nst oliliiio~t Iliavinm arrisen respectillg th interretation of SOhIIl&amp;apos; (A *t Ift&amp;apos; ail it 1CS iII t1W (COlfCsSion of tie I staldishe(l (&amp;apos;!uiiil Ii, atidtl tll Iil~ 11111a .l)bearing. ot tlhe W1ticles :111(l litll &amp;apos;ON (1) ,At&amp;apos;ll )t llt l, it is ctarl til lt 10 (IOCIll&amp;quot;l(&amp;apos;iItS Of U1w1x i irv At &amp;amp; ait ll &amp;apos; prliidccd&amp;apos; more ti h ll stich as .a1&amp;apos;e oi&amp;apos;1l iriud ali(l -&amp;amp;&amp;apos;ti&amp;apos;-rt&amp;apos;dl to III thew present vork . It corntaltli s chirtiht-tl gi(I s&amp;amp;&amp;apos;r1t&amp;apos;cric i *vtl&amp;apos;t(&amp;apos;A tS frou the w&amp;apos;ritill&amp;apos;&amp;apos;s of :t.he fiISt Orilt t Itl, Xhiblitjtl)( tilt, historical progress of tflose senti. welds, sl wihichi w.&amp;apos;c 1t16lt jillatel\V iiodiied and cowlt&amp;apos;t-S &amp;quot;&amp;apos; 4 ilt(o thle vidhlit rt oWils of the Fw4rlisih Church. It al&amp;apos;) show&amp;apos;s, that tfltir &amp;apos; Iv% oI (lo, d trlic t&amp;apos;ci tle Iesullt of a11 UlIILigtled recephutilnil 1&amp;gt;t&amp;apos; 11|t&amp;apos; he 0S l ~ ill tilt&amp;apos;il OWtI tiiids, and tbil&amp;apos;.t they wvere tfet.&amp;apos; firmi all iimtt rt&amp;gt;tt(l I&amp;apos;Otives in % hlat thicv wttidetOOk. Their i&amp;apos;IV(&amp;quot; (iottrille will 1titi14i11vl illhktratx&amp;apos; ( echl (Ot!it&amp;apos;, anid1 pre. I &amp;amp;Ilt tilcilt ci Iig * ( l&amp;apos;ttdil(l&amp;apos; wl W itl lme o1 thleir ownI tilies, I jie tlt i il tht&amp;apos;ir CliMSe fromll 111wiv&amp;apos;tes Iss p)Ure, Ol w\&amp;apos;ith rehiiMoS i lt&amp;apos;\9 &amp;apos;S ls &amp;amp;hidit mlt&amp;apos;: illid it will also ill eulste their scutitimnts froit btcitig i&amp;apos;denti-d wkhit tilh tencis of memn iII later termll, wh, adopill&amp;quot;. tr it, 411kI)CI-al vXpres.:il. hato (Wiven thile sianction dot adop l&amp;apos;ug~ tliti&amp;apos;)\ i. gticrlc .csim h&amp;apos; their vvt&amp;apos;turadle iu;:tnus to dioutrines %\ hich they virtually or&amp;apos; vx lp&amp;apos;ss&amp;apos;~V dIS%1OVM ud. I 111&amp;apos;1 pro tilcil i atuie of thse, writings will make them gcenc. ral lvtist -ii, a4 they imot ,ilv accuratelv dAescribe that genuille (&amp;apos;bristiall aithi which expands itselt iito) ;l lt of iok ohe(ItAiCC&amp;apos;t&amp;apos;, lblut hItav trackl- the evAlution o)1 tilhe sttd intO its frulits. Tb&amp;apos;c eXhlllillt ant actlual application ol the priill(eipC oi love to fzzhihitiZ_ tilt&amp;apos; law, i,,;l rtelktiouis of life. 1mvdl thoulohll tile ptr-w uti o&amp;apos; h i Ai faiggvot is happilv o&amp;apos; Cr, vct the examplt&amp;apos; o tll)f o c il)o resisted it With0 1ICk1inee &amp;apos;st and elidured it with (&amp;apos;0&amp;apos;tltlU1C V, I bas ,till its Ulst., whihe tilL&amp;apos; trll&amp;apos;k followers of Christ .hav to lint&amp;apos;&amp;amp;t the toltwire 4f ridicule, ;tl,! thl weapo)nls of cabumny, Ilotr fOrmitldable aid(l fatal to soml mintds tliai thle arn AtA t MiIla pow er. Tlhir&amp;apos; iS also autiothier&amp;apos; imp11)Ordilt c&amp;apos;ill%%lncv, M hil the wrliters of that period displav l ore clearly t lhat is t lIst(IfIaII&amp;apos;v \it lI those of .1 later (date. &amp;apos;tlhoihrh the wvork tit rcw mullat io I-, by nia0uw attributed wholkl to the Itadaceultnlt tit&amp;apos; learmicngat the tiuile&amp;apos;, yet it will appe-ar that there iS ;I 4t&amp;apos;lnuintc anldld remarkabiled (lffcrenice between those who joined ilie rct&amp;quot; rtn1 catis, from miere litrary niotives ,and stuch as *svro animiated bv rcal religiMus p)rinciple and scaled fltheir tetitiiouiM \ IAl tlitIr blood. Many of tmviie men were fully st;&amp;apos;tlisibtX {&amp;apos;t t~lt&amp;apos; of d 1e a(lvdI\t . 1ge)s oft&amp;apos; It&amp;apos; itig, alndel a1ble tO appngsrfciaatr tlmost&amp;apos; a(l&amp;apos;AwetagC ; as P~ll as the revat faclility f&amp;apos;Or d&amp;apos;t1ifiSIl it alf&amp;apos;Ordled 1. tilhe nvwIV (liSCOreCd art of plrinting, whiill tey .i)cakl of in ternis o*. .a1rdt&amp;apos;nt ,,raittidle. But they knew that thev wcrv comuuitt intr to this *ehiclte &amp;lt;I rasure of illestimfable pnt~vl We, are11C uvt to iLnvolve thlir ubcjts with those Of tile lt itleal men ;tn(l and eastiures which filhvored tihe exterivil receptilIl ot ftlii (hl(&amp;apos;tlC ; no1&amp;apos; to Mlt1bI)OSC that thefitithi of heaveii. IN &amp;apos; Il1 (&amp;apos;ilI he lImadet ill(i&amp;apos;tltiv&amp;apos;Qe b)v&amp;apos; a1 estal)isihmenlt ot tile J)1lreSt I(&amp;apos;tvd 01o time wisest ritual. Bilt n)otwitIhstalndi1g1 thth i itrillsit. i ;1&amp;apos;hit&amp;apos;li I)C ascribcd to t1ie\ wititH&amp;apos;s of thlet Fn1phlish reftOrmitbrs, SteVCer;t;il l case hae ope&amp;apos;ritt&amp;apos;(d to l)preve&amp;apos;llt th(1ir l)bieltV 4r4In4(&amp;apos;iU11v&amp;apos; knowii fit p)resv&amp;apos;tit. Wheni the obiect to which tlw \ wi-re (dir(ected wzls aeICCoImplish(1, C0)1trove4Sv l)ecamne lv&amp;apos;s i Inter&amp;apos;(&amp;apos;eSting, aln the eagetrnless of U(iFo&amp;apos;0tSV Sb1)sidel(I. ti&amp;apos; v1 woress :i1(l vestablishiiiet, of the ref)urivizationl offeleed Inellt the Cotitillual alld stated dispenstitioti of (;od&amp;apos;s word1 Ill th1eil own a;&amp;apos; lit&amp;apos;mrgv igreeleable to tile Seript)uIMls, :.1a(l in1,truLctioll b)oth ill d(ctriltie .11a1n prwaletice. Th&amp;apos;l w ere thereifre 11o lollgrtl (iligtI to Seek for p)rac1 tiCa.l (fiN hiutv ili W(rks ot a ;I ColitrovIsiil ilattiIre. The Siaetil (cItI.SC II lCd to thlt&amp;apos;il S(.CIICV1IeSS,( oi(Wrat&amp;amp;&amp;apos;S still tIIo&amp;apos;e Stig1h&amp;apos;)|3 at this% d1it&amp;apos;Aace Of timlice to IIo\&amp;amp;&amp;apos; t1letn) fikonleivemril notice. 11e extenisivt ac(IM(l1iitanct1 Of the editors of this p)lu)lication \ itli thit &amp;apos; mirkC tLI o alV jl)otestaiit viters5, has enab)led them t&amp;quot; p1w)fle a Selctt ioU So lar(&amp;apos; aS to ;ifoiwd grea-t sU)coe foi aseert1lii I&amp;apos; tlC. (&amp;apos;111C&amp;apos;a t(&amp;apos;eristi (LI )iopinloS did sI)irit of e.tcch author, by their I e&amp;apos;(l11&amp;apos;t&amp;apos;llt ill (1ikl;&amp;apos;erit torIums andol cmOiiinatioins. At the Naiime tililt? they cLIaCrlt&amp;apos;ied of itmch thitt wvas interesting oinly -it tilte p)erIiod ill which they were %Vitt-&amp;apos;, anld ha:ve retaied little wvhiic - iS IOt dIeC&amp;apos;idIN&amp;apos; l( of j 1)ractict&amp;apos;cd detsciptioil or teti. TI1C 0b&amp;apos;L Of thle&amp;quot; \wr *k ~ill appear fromu tihe short ut l-w&amp;apos;lSpi(&amp;apos;tClUIS add(retss which initr&amp;apos;odueiis it. T&amp;apos;he design of this publication is to exhibit, in a regular series, the St lAtilmletS, ductrines, and practical views of religion which were adopted lby that venerable body of men to whom, under. God, we are indebted for tile commencement and carrying on of the gre.Lt work of the Reformation. .;ntl the conscquent establishing of that sound body of Protestant and SCH i1)tUi1al truth, which is ait once the support and ornament of the Church of Englaind.&amp;apos; 1). iii. An acquaintance with the original works of the Reformers appeals to bl pccu&amp;apos;i:. rJy desirable in the ministers of the Church, to whom it is presunited this mublication will prove highly acceptable ; the more so, as many oF the books, from which the present selection will be madc, are become vcry scarce anad difficult of access. Much difference of opinion subsists, with respect to the doctrinal interpretation of the articles and liturgy&amp;apos; of thle establishedi Church : this work, by facilitating the means of reference to the general body of the other public and private writings of the same nirnn who were employed in the coflposition and vindication of the esta. blished standards of doctrine, must, fronm the very nature of the com. 1);.lison, throw much light on those controverted questions. And as the Conductors are determined that the Tracts and Extracts shall be selected wvlhl imnpartiality and integrity, so I1s to exhibit the respective authors, in tilir own oriorfinal atvlc -and mattcr, with respect to all controverted doc. K k tr~nes ; the public w b cvnib1.cd to app-ala to this -work .s n faithfull tc. cort of&amp;apos; thyc iytnuii,: sent inm:n, v. hid the carly Protci.stant (iivincs of the knglish chttrch h) . Id.&amp;apos; In 1 t hi . )hc.A in, t ht &amp;lt;e revat&amp;apos;r, of every (dlcrription, vill find a truly i&amp;apos;nLd,. flfnld itM 4 . etiI1&amp;apos;&amp;lt; -l&amp;apos; ction tot l&amp;apos;rott&amp;apos;,t int diviniity, a;daptcd t(Y avtiy cuIss of The coillurimuv, aS w II for il ltinthat iOn ot the undcrmandinm .1s the ame&amp;apos;ndintnt .od .rowth ot tho be.irt ui hol aftrectiolis Tlh. w ill appear more t&amp;apos;wident, fi(u tlt&amp;apos; trecolkuction that the work will exc!uSiVtly cuaisist (o an inptrtial wlectiln troin the very materials which wc,%re 14%1.treLd ittid cir culatel throughout cvvrry plart of&amp;apos; this kingdom, flr the a&amp;apos;owttd 11urp ;t of reviving and estlibhi;hing tli(&amp;apos; lidgion of thc 1)1 - mitiVe Chu ch oi Cluki-t (11 thei ruins of Pap:dl supcvlstition and crror. The A a.lti of thlms.. vritinj si; miuch enh;inced, and they are rendelcd dIou b!y i&amp;apos;. tc ting to the I nvJluh Protstant, tirom the rlefctiorn tlat so niany of thcl.;&amp;apos; v etlltI, a$?&amp;apos;. It life spclit in the def&amp;apos;enc of til truth, died as M.a ty: s to the c. c;tusc ;and witnesscs to the po\w er and *lli. CACyot tO &amp;apos; dectrini, Will II l t!. V taught. T&amp;apos;J&amp;apos;Ie wtrk iU conduct.! l y Clergymen of thlt- stalublisheld Chill-chi, ;4ti&amp;apos;.U11s ti unitc their efiots ili order to ronimot her pIlo:.-&amp;apos;prity and wcl. f.:.r. rThey tL, a confidence in rcconmine lding tilhe work to tilts pltlr(oalge rot onll o() their brkt lwn, the Cler-v, but to tlh Christian community at !. &amp;apos;ge Iio flL t&amp;apos;ll L.)nvict 0? tla.t it is cdlulatcd to prove ot &amp;apos;SSilctitil ser. *Ike to thet (&amp;apos; lurch it On 1ist. &amp;apos; llt. Sckomd \Volume will procc0cd witl thle writ ings of Dr. LANC E.I O r RiDL 1. 11Y ld Blioh 1 . A IMI PK : it wIll .-Ol o contain thlt Catvchi:;m pub. h1,ied by thy (thlrity t)f King Ldwai d VI. rhe succeeding \volumes. VAA! COWIst Of thle WOikS Of CRANMER, 1lI0o1 Ei&amp;apos;- NICHOLAS RID)LEY, &amp;apos;It A ) V. I &amp;apos;, .IhWEI.L, &amp;amp;c. &amp;amp;Cc.&amp;apos; SC p. III . iiIi. H&amp;amp; ctMt(( itimtl otf t1hek %\oL , &amp;apos;tan the sentimvnts %lvi(cl preIL i il it t, .lrd 114) simll &amp;apos;grotginds f w the char&amp;apos;actit&amp;apos; ot ilmipart1n tliet t&amp;quot; Wh Illl t1.(&amp;apos; etdlt4&amp;apos;S 41 c&amp;apos;tiltl. &amp;apos;I&amp;apos;1&amp;apos;e, b{t l ilth; c&amp;apos;t&amp;apos;ui ilm ill til~t S(vtc&amp;apos;tluml ;Irct Sitalted \:it111 dcc&amp;apos;(isiolls but \\Itll {&amp;apos;dtI~ll (&amp;apos;;111t iOII. &amp;apos;h c reI(1et rs, \i It \vish to0 fiu stiupport fot) the ex-tli-ik.&amp;apos; %4) 1I),cv rit Vr 4t &amp;apos;l t&amp;apos; p ct iiM, SC&amp;quot;il i litt,01 In ) Wid who thimk tley hav;lv *.i Ir that Nil)iliot hrtr&amp;apos;, wivll in ll thc &amp;apos;ctmr of their&amp;apos; pc 1i11SaI do-cr\icr th t-&amp;apos;1l Thc&amp;apos; ~&amp;amp;. lieii lII)ITSS~uIMS 111iad. bv (IC. tMeiit&amp;apos;tl p)altS, e 1-k. ( I1 itc(d a)ll,&amp;apos;I (&amp;apos;Oc&amp;apos;n&amp;apos;c&amp;apos;II&amp;apos;l bv mtlle(&amp;apos;-, that 11 AIlth)UIt v cslil l)C (I1;IMIii, Il oiii at (&amp;apos;0Ill)IjT&amp;apos;I(&amp;quot;IlSIVc iWtW oft tilc -&amp;apos; hio&amp;apos;8 14.)1&amp;apos; 4&amp;apos;OLUT)RlI&amp;apos;&amp;apos;ll}z tiet, 1uI&amp;apos;`taicciI Of&amp;apos; (livi tme truth into stich o tOl ll ;t, t() S (l 11it ililt&amp;apos; lCst of ;a pa-ty; imich less is any lqlll)uo4 t Ifo rmiisht.I tot tlIt i1;mvte( ot cmitioei&amp;apos;rsy at the cxpcieict 4f birt;ctit .1l lpiutt. I(i&amp;apos; -, work tlhus coilldlete(Il we %vi.hl .tm11:d flope ilucee&amp;apos;&amp;apos;. o Siil(&amp;apos;l&amp;apos;l(C Chri&amp;apos;stia1Is of All (1cli)lmiinatiOn1s; it i ait&amp;quot; itt lt) &amp;apos; IbiUlIltitltl ulit ;a tteiltive pce1r11sal. TJ() Allch ;t4 I;-.V t.;1k it itj) o&amp;apos; i);p1a,;uI viewvs, it i1wiv he hb&amp;apos;lesfticial, I&amp;apos; l~It 1rthe t i t !C litinctileShi t \- hd&amp;gt;;itilit), tiF O oWn I0t 1tiiieNt. 1s ith all te tishat t 1 ilItt&amp;apos;1t ;Ilitlimni. ., adl flt t!Ie :u111e t&amp;apos;ille tbeir nfclcessary 4 (&amp;apos;rAiis&amp;apos;\ i) &amp;apos;; . a !l thl (;()jpcl -it iarge. I)oetriue i&amp;quot; #(0 com;! v .&amp;apos;e&amp;apos;i . ! li .t so, SO 0t110icJ by practical illustratioDO ;,tlj -40 l til()CI 1)Ilr-Slet&amp;apos;d* illio 1)iad i(al txclitii4 as to Iile;mr a p)t)&amp;apos;Ih d anlltii&amp;amp;ttCi t) thiose lia)ilS o4 abstrmi Sj) s &amp;apos;pIev tlto * htlai St ;lidHC tilte (&amp;apos;11idiS Ot t&amp;apos;t&amp;apos; utlt. TO the e s of the * luLrch of Fi11!ld ti , r);tictllar, it is h1i1ltI deir.bl)lte to have dUCCSs to writi.l)L&amp;quot;s, SO atitleCt-i(, ;AiI. M) (&amp;apos;ot)i(glial to the spirit (if tdi:t (ch1vi1 its (\Iprcsvd(l ili the p1ublic recvrds ot ther bel Iie&amp;apos;t&amp;apos; I}ha littil&amp;apos;!,i WAl %\ m&amp;apos; slil), *id thc iitstructItIl SMIl0 llt&amp;apos;1 d h&amp;amp;&amp;apos;v hler tutil onitv : toil r alhIerelit e tO itle &amp;apos;tsldbl ishmttt&amp;apos; t. ii th uS firislleld with tit&amp;apos; mitterialIs of eI)Iv, to those, %vo, ()II p)oiitst ()I (.i . , Would (jll4St ioml its tfoltidatioln. &amp;apos;Il relctwiltl of the (sutblishe(l dihurch was *otidictedo i tih carlt( , Wvith ilm dration, iid hv slov degnies. It was mInt thl)&amp;apos;ouighly settled till after the ustAblishmeiit (A&amp;apos; otier ljrtestatit (iI1&amp;apos;ChuchS. It t&amp;apos;xtrit&amp;apos;&amp;apos;tced ldim (. .- hecks, satd seertE trials or its dlomtri 1t(&amp;quot;. Ilt&amp;apos;IRCC it asg t&amp;apos;X&amp;gt;;IlIlt tilUol Umatim Utlects (f tiltlt 1,;i ta 11discrimiliate :,)d which (llOl(J tS tI he intfitageOf&amp;apos; of I1&amp;apos;m,&amp;apos; sit)ile divine Ihowt&amp;apos;i&amp;apos;c&amp;apos; ihllus.&amp;apos; trioMIs, allti f0! It )V(( itehiteirr Iti, Cazlviut, nol Zfilitgtius, t-.\ vpt so ftar its tlicN J&amp;apos;a eil)p(l tO )b&amp;apos; 1)&amp;apos; tlOWS Ot (o&amp;apos;fItrist. Il&amp;apos;ioui tile imilportatnt tenIe(lfly of thle, %vouk, mid thle scarceII.Ss ft t]( orii t-ins, we slma hope t&amp;apos; the itidit Ignc.e of our 1 e;UIdCiN, it&amp;apos; e % elltvtt aI litilh&amp;quot; 11101e(&amp;apos; a.L lgrg( itito thlle examinatillm ()I&amp;apos; it. thl;{ll I-; I1ill:AI N&amp;apos; ;\ti llti(&amp;apos;(s; 0t mereM rept~ib~licatimi), I(I rel&amp;apos;(wil&amp;apos;le l&amp;apos;O.uI \t&amp;apos;iil wh &amp;apos; %Iriilnims tdi)t&amp;apos; 1110s)t, C\It(Iive S(i &amp;apos;l(&amp;apos;%.tinls are M&amp;apos;I.dd, .l \W illhitmT Hittlal, JolIt Fritli, aId(I 1)r. Itobtart. Ill&amp;apos;lC&amp;apos; ;s. \ slhlrt spaL(e Is al1Ilotted tO at tratisNb bv Patrick l~ILLill{)1oll, ;10| (4i) li (&amp;apos;dIII&amp;apos;Uact iS i&amp;apos;v&amp;apos;Ill fti&amp;apos;mt (m(;COI&amp;quot;&amp;apos; i0*(p who pitlbhiiVe(l a spiiited coInittatoim of t(W e&amp;apos; l;lal)its itvl Errors 4)11 .1 livti lm l ( lt ill Ltls\(.%il tO )tilt&amp;apos; aIltio.sI t&amp;apos;.Xlibii)it (a b Bishop Gitrmitlilei W1Itilt D)t&amp;apos;. pretfiis. Ii a jeU&amp;apos;tb., Writ tell by J.JtllI F;ON 1.ll(&amp;apos; &amp;apos;lvltlx-) lto a!) dc *litlOll of&amp;apos; tIte &amp;apos;)IiStof &amp;apos;h&amp;apos;iX th1e !nalr;;lll VUIO.ltlt , ;)&amp;apos;9~&amp;apos;tS,&amp;gt; litl(t worksll&amp;apos; ill &amp;apos; );ltI(Li1, FriX~ut&amp;apos; t , alul l eSt l I poa:l of)l&amp;apos;, I lI &amp;apos; li.S alttio() iia Tinll hich1 w shall e. rlt as a teIIIO u)tbf I o tI is t ltiti!) il cit dfld ood vtta, dt al ttst11Imohl- to) Ilhicr mteriks. &amp;apos;I Op elilp ; the wki ij1 le;, Xvllat t ruth1, whalt ca)Ullh&amp;apos;S&amp;apos; (&amp;apos;an I man r(&amp;apos;uirtc1 mocr, l Wl lt 1v1a 0 i to) be Smid, thun I.; to Iv- found in Tin(dial ? In rhi. Prk)ul(1h Il Uj)ol tk .&amp;apos; lv (;S of I os&amp;apos;, l1)Of .uolnJons, Lup)on tloa (uospevls, and&amp;quot;I p)i&amp;quot;ltei t iSt. Paul, prticularly to the Roman,; ; how pert~ctly (ntlI hl Liit thV r. Alit Scnse, and true ulit-mling ill evcry thinlZ ? It hi&amp;apos;; 4ricdnce, Lovw fruittully liteet th lc (&amp;apos;very pclson his diuty ! In his E.j)Usitions, .0i3 upoI. the .i t1 t wcl&amp;apos;ked imtminon, how pithily (loth he l)ersuade ; h1OW IluI d,)th lie exY)rt ; how lovingly d(oh he comfort ! Simplp!e witliout OSVTentttio, I witllOUt contention. Whl;Ji two fults, . S they coflirnflnsv a uo nOFt to follow the mnost 1);!rt otf StC 8s 60 floW fair tile same were fiora him, nd lie thum them, his vit lie&amp;quot;) and an.l&amp;apos;.ers to S.ir Thoina, More, do o t I (l cc l.si v. In docti i e sound, in Ji&amp;apos;:irt t liivile, in lific unrebukeable, in disputdttll s Modest, in rebukinq charitible., in truth ficrvent, ind yet no less p)rudent in dispcnsing the satmle, ;atiA bearinsr with time, and with weakness of men, as niuch as lie might ; saving only, where K k nlrt&amp;apos; ticssitv constrained lim othierwise to do, for dvfi-nce of truth ..o~in-t wilfu1 lblindfles5 aindl subtle lhvpocrisv ; as ill tAte Pratice (if Pre. litri iS notorious to 1b scCIn. rlrieitv, such w.As his modesty, zEal, Clhlarity, ind ulairaftil tr.wail, that lhe nvvvr soulrht tor any thing Ivss, than for hi6m1. scit f: n otihing more, thall for Chrilist&amp;apos;s glory, 1lnd ed ificatiun. of othiers )I U IMSOt&amp;apos; (d.It&amp;apos; lCot only he bstowk dJ his Ibmolis, but Ills hii&amp;apos;, and( blouod .,i.s. NVUwrforv not unrightly i t- might be thern, aS he is &amp;apos;et call&amp;quot;id, the&amp;apos; .41poStlt (4 E:nglaindl, .as Palul cllrth lF)aplhlOditus, tihe apos t of t0L 1hiiIippli.mn, f&amp;apos;r his singular Caret .nnl iiflcction towards them. For as the .Atostics in the pr.i-mitiW, Age first planted the church in truth of&amp;apos; tile Cospet: o hlie samie trut tin-e again decayed and dt-fccd by enemies in this our l.ttcr tilne, thire Wais nonf thlat travailed mole, ea-nestly in re&amp;apos;storing &amp;quot;t the s:Le In itlls rcflm of&amp;apos; England, than did \William TIindal. Witfl \%ic Wil liHaim Tindil, no lese may be adjoined also John Fi itl .ud 1). Wi;u-nos, Hthi tOry that they, together wvith him, in one cause, and. Jbw)lt one tielic, Sustainedt&amp;apos; tile first l biunt in this our latter aigs, and gave t&amp;apos; * firt onst .wa.tinst tlht enenmits: als also for the s eciall gifts of t.uitt. cludit ion, ;lu11 plentiflul knowledge, wrought ill them by God, Ind sO Y&amp;apos;v hthI l it unto us in thcit writings. Wherefore, according to our: p1tmIi&amp;apos; iMl tle bo)k of&amp;apos; A-.i aindI ATmIomctts, wve thouglht good herl&amp;apos;cilI o sliund a little dliirnk-t in tollcting and setting Amiboad thlcir books tohcrS sol)an\ as cLny xIl N&amp;apos; tofwnid, to remain as perpetual lamps, s1hininr . thlle 1(1 h1rj (it Chri .t, to) gib lighrlt to all posterity. And although the Pil:itttr, [&amp;apos;&amp;apos;rein taking grv.at pawis, could not peradIventure come by all (1howbwit, I trust, thwre lack not many), yet the Lord lit- thanked for those \%!di Lch Ih htlh got ind hlire published unto uts.&amp;apos; pT. xii. xiii. TI iI lal \% ;is edI teI It (. ) t xford, tfrimi whlc)l(&amp;apos;c lieVC rillovedt to (aumriihrdgk tt)r Itiuihver i1UPIl)(&amp;apos;MAllltt&amp;apos;t ill l caril 114iI &amp;apos;&amp;apos; afll(l (CSP)(&amp;apos;Ci;llV s ill thIu&amp;apos; k1lvlotk1 o)f thlo S.ripl1i)tiIvt&amp;apos;;, wlicVl(l&amp;apos;t() Ills 11i141 it ,lllilal&amp;apos; 1 c I lIt&amp;apos; a\tet vl l w;ds llt to tiI p1i\.ltt lit to0 al t ilt. 11;4)ISv ( ot Olme ie Vvlv, wh1o() is Sa itl to 1have l)ttli a kniudit ol (;l&amp;apos; l &amp;apos;bto&amp;apos;1NiViuc wIhrc his ftircdoiii of&amp;apos; youV(v W ttf 11 (I &amp;apos;C ho)10%)II t()ri)P ItkC PI&amp;quot;&amp;apos;\ A-(l t it p)crsc(CItIo 11 ot the I.chrvg\, to dlitl a&amp;apos; m iltalut&amp;apos; he 11 t&amp;apos;llozC(1 to Lo ld(ll. But fiiii_, tic tt-il&amp;apos;lp) ot til tillits W(Ild h(ot Itoptililt the 1C(-olIll111.0 , lti, tit Il 1% &amp;quot; !nd ob.Lh.ct, Vs hije was to p)lhit1 a trahislationi o0 ti( 1a1X1(. 1 \\(.lit al~l, lid;~ .Ifitr C om-t li.S111U) ilItillialtc 1v %% tl I 1tht [l ; 1il tIlt&amp;apos; liOwaid ot theI rcittorI.11,i1) l it (ermlIlaly, )t 1Wd A lls 111i I1hk, aldl Sclit it ov(,r&amp;apos; with s cral otlhex ta;icts from IA ttwc v). T&amp;apos;h&amp;apos;h Bilhops hII() )v\\er c nI. ploved ;I to tr&amp;apos;(&amp;apos;pa1i1 t111u1 tfoii Ilis lvt&amp;apos;trv&amp;apos;t ill thllt cit, :ulld bv vtirtuC (f ati impe-v:il tedict lit, a iiuitalter, ai &amp;apos;otlitill(uie it of a1 VCUaE aild aI tia.lt. hv &amp;apos; rl) ilue &amp;apos;lid ;itvtl 1 di&amp;apos;(4 l tii dlt- s t&amp;apos;t &amp;apos;, iii I lit &amp;apos; tli (bl)&amp;apos;cat o f tiltA l{(&amp;gt;itII I llu-urhd It iI&amp;apos;(I tIII e sucdlictIt. of milsti ieatiot,. let.\ lll t&amp;apos;ot s,,istlioh t-1lrllcmis Scale lipoti * inch the retat IllC 1. &amp;apos;llit .,t \\0,ik, it ii i&amp;apos;vN)&amp;apos;v(&amp;apos;t to cachi other was caicuJ]tc I. tC ,!: I.izll .k, ia&amp;apos;t&amp;apos;ii?2, ; :iut almust everv sp)ecies of will- Wo0rhip, &amp;apos;wer hield in n li hiigher estihatioli thin that Io. t o1 (;od( anid iti;, which is tilhe Istlit t all religiom. Not only \;as ujustiticatiaon iii the sight ()o&amp;apos;(od made to depvt)d on tilt! merit ut *%01rk9, blit it w&amp;apos;.1as held that a nuti iiiight pertforn 1l)0i&amp;apos;C tLLttl WiAS IIVCStly for&amp;quot; thillS purpose. fhile surplivs, callel~ work t o St&amp;apos; s )CrC&amp;apos;1o-ation), WCI &amp;apos; (1j)poSited Vit, 1 tle Pope, to&amp;apos;&amp;apos;Ut&amp;apos;ti&amp;apos; \With tile infillitu&amp;apos; inrits of Christ, to be (lisposed t4&amp;apos; to wIhIOfll)sOV-ell and oil what tit&amp;apos;lls lie p)leaSed. It is obviOus, that lhere wasthe j)it)(&amp;apos;ic l point.()&amp;apos; oat.tack for the r&amp;apos;efrmers, ot Wire c*tdeavourmg tW restore tlhe pitie r&amp;apos;l&amp;apos;io ollt o &amp;apos;frist, atll to tld t hie&amp;apos; I;av alth the grospel tn&amp;apos;ll Jt&amp;apos; delultsiv xp M(Ms auth *rlO&amp;gt;St&amp;apos;5 01 ;1 iluteet&amp;apos;(a ( rC&amp;apos;l-I-rv. Men Iweret Tioet. onl1v i&amp;apos;.ltatl IX dktt((&amp;apos;it( *\it1I retspec&amp;apos;t W( dlel ilIati~lre &amp;apos;.lli ut_ taitinlt of etirual happiessi t1hirotigi the Illtelit Ot (&amp;apos;fChrist Ilit the Sa;leol i(4, ttg a cousrn 0 1peuict. of these pt&amp;apos;StIICIIL OpliiIOll.s thliktelt&amp;apos;(l bv h&amp;apos;l&amp;apos;irnlijit&amp;quot;, a t&amp;apos;Oltilillzll Slipply (t h&amp;apos;t.rtiill1lii to th )papaI do(iiiiiii)II to tv&amp;apos;t abiAll tfor eve1l t II. spttival t vr&amp;apos;;lll\ . Tl) p)lace the docttritrti 01 sltitltI ctho by Iiiit h, whinch l ,t her callls &amp;quot; all ictillus st alntiS -C1 c&amp;apos;adenIt IS (beclesi~r,&amp;quot; ill at t1t &amp;amp; 1 Ii titir prtillithi - &amp;apos;I&amp;apos;1* T lollomIilu I %;t IXItS, totlil it tr(&amp;apos;atise of &amp;apos;Iii(Ldl&amp;apos;s ill *liRS\CIr to Sir hollha&amp;apos;s MO , M \vill * xSilbit, is sleitiln(ints o)I this silbeict. &amp;apos;MSIlark, theetoe, th( waly towalrdl justifying or forgiveness of sin, is the law. God Causeth the I aw to be peaclhted tunto u1s, and writeth it in our helarts, d(1 maketh us by good reasons feel thiWt tlalv is good, and uighit to be kept, and tlhat they which keep it not wile worthy to bel damned. Afld on thi other sidt I feel tIhat there is no power in nle to keep) tIhe iLiw, wiereiUpon it Voultd shlortly ftollov tilat I 8sho1iol despi-ir, if I were nOt shortly 1holpen&amp;apos;. But God, wvitch baitlh begun to cure me, anfld Ibath laid that cOsniv&amp;apos;tlflt(o iiiy soI&amp;apos;C, goetil Iolt l ls cure, and settht lihs So01 JX`Us kore mieand all Ihis );Assions arid death), and saith to me: tils; is mi y dear Son, and he hbath prcyed for tilee, and hiatl suftred all tilis for thee, and for Ills sake I will fOrgive thie all that thou hast done d&amp;apos;Titfnst thlis good law, and 1 will htxild thy flesle, and teach thee to k ilih law, it tiou wvilt learn. And 1 will bear with thee, and take &amp;apos;lIl awortil thlat thlou doest, till tiou canst do be&amp;apos;tter. And in the niean sCa. ion, notwithistarnding tiy wetvknes&amp;amp;, I will yet, love thee no less than I do the ilangels i heaven, so thiou wilt bK! diligent to learn. Afld I will as. -iit thee-,, and keel) thele, and defm&amp;apos; d thee, and be thy shield, and care for flice.&amp;apos;t pp. S1 &amp;apos;29&amp;quot;,S5. &amp;apos; He-rCof Y&amp;apos;e see wlat faith1 It is that justifiethI us. Thlt fatith in Christ&amp;apos;s blood of a replnting heart toward the law, doth justify us only, and not all iwiiinner of falits. Ye must understald, theref(re, that ye may see to come (.ut of llor&amp;apos;s blind imiz/e, how thliat tiere 1t many faitls, and tat all. faiths ite 11ot one f.iith, thoughi they are called wth (onc general name. There-C i a story-falth withouit tieeling in thie heart, wvhereVtth I maly believe thc whole story of thle Bible), and yet not set mine ieart earnestly thereto, taking it for thle food of&amp;apos; my soul, to learn to believe andi trust God, to lovc Iiii, dl-.J l h.i, ;X dI flar him by the doctrine :tndl ex:imp)ks thereof, but to 6ttoll 1b.u- ; l tan. i to know the .toi, to dispute andi make rnerchandise, ftttr, as We l v. a *\.ijcs unough. Ind tIL&amp;apos; kaith WluC itli ;l fllf (10th plir;cles, ;-s :m,:hur fit than the, fiith of&amp;apos; a re-pi tircg lwic&amp;apos;t to be saved throtighi ist&amp;apos;s bloodand dhe one no k n to the other, Mthou1b ll. Aire -oluld h &amp;apos; y SO :J)l;oapear. Neither is thle devil&amp;apos;s Ltith and the Pope&amp;apos;s t III (whvrewltit theybli eve that thile is a God, an(d that Chri-st is, and .al the stol y *t the I1ible, and may act stand with all &amp;apos;wickcedncss ard Cil, cOII&amp;apos;.lt to x i) kin unto the fi!th of therm that hLta evil, and rcpent itd thir liciur i , and ack. nowlcdgv their sits, asod are fled &amp;quot; ith full liope and ti ust of 1mu Cy unto thle blood of t hlrist.&amp;apos; pp. 120 i , 7. Our h)v1 wt&amp;apos; !Iil good w &amp;apos;i ks&amp;apos; make not Go. I first love us, atud chanc hiim florn) h tk) [o . :, a ho &amp;apos;1&amp;apos;wurk, I&amp;apos; w, a, d vinil Pap)ist l1lcln, but his love and (1C&amp;apos; ! 1i.1ki. I v1., 3nd chminge Ui ftrom hlatvc to love. 1Fr hle loved us v - Ln 1v * w.t&amp;apos; :viI, .irldet Vis cnenies, as tU-tificth Paul . in divcr!n plce , and Ue t o :, to :;1xt1ke ,10 sod(, and to slew us love, anl to di.tw us to hill), t!l .1 v. t 1h&amp;apos; ] V, vc &amp;amp; I&amp;apos;ll. Th t thi v Im,-Itl hiud, chl, when it hiath no poowcr I( do good, and z I! i It :t l; e &amp;apos; t i ) t ill .itter his (ot Ati tst without. li&amp;apos;g, anIti iic&amp;apos; cr lustl( i V&amp;apos;tl ;Ih.&amp;apos;nl tlhi.. tIL mn..Le himi b(tter, :itl to Thtcv,&amp;apos; Ihm love(,) to ; . . I &amp;apos;t y c&amp;apos; *u;l(l utc &amp;apos;wxhit io writtvnl, in lit- 1f t Elpistle (1 John, tho.* h 2&amp;apos;&amp;apos;l1 1 (u1I 1 &amp;apos; ( l 1tutcl, &amp;apos; w&amp;quot;r&amp;apos;V Ldld .1);I!rt . ye Sho(t! i ;&amp;apos; * a1 this. * I:.! II: t :Itlilt r: t.:nd, that we somct wclt dispute fo rw ard, fronm thl C..&amp;apos;: t.) *I,, It . Il( stllct&amp;apos;tlllt&amp;apos; S backwaird f toi- the cf.t to the c;use, :21: I ll.&amp;apos;k-\%,!w tle tt w- .,rc tiot therewith be-,ruiled ; we sly, sumnietr is i (,:rc iiv! &amp;quot;..,wr: s!ri. ,sni (lisputdto- t&amp;amp;Ward. For snumiier is tht I .2. f L &amp;quot; it&amp;apos;I&amp;apos;t Ie 7 !v&amp;apos; the trees t1 &amp;apos; rc ren, and teirertorc sunmier )&amp;gt; ( l .Ij .t:i! .&amp;apos;if.1to h&amp;apos;. ks;&amp;apos; 6&amp;apos; , 1d o t (fic(t to the cause. For the r ,l 2 t . &amp;apos;.; \: s&amp;apos;i t, jut makel&amp;apos; lstuer know~n. So, wt- disite J.,- , {;; t&amp;apos; ; 1).1 tI &amp;apos;t oti d%1 dst&amp;apos;d ;a.nd pr P itblv unto lit neighbour, lie lV:. t I h O (1 I I I. he (vc:_h God, hie must therefore have a tiue &amp;apos; .iv d&amp;apos;. i- wo.&amp;apos; kO ]m.a;k not my love, nor my Ioe iy Nith, nor my Ii ( Xi* &amp;apos; ! ic , : N Out c \ot v.ar, (od &amp;apos;s ntrcv m tkvthi mN flith, an(l my iiiv*i&amp;apos;os !ind my Nlve Wy \vorks. Ant itihlc 1j1w could -s-&amp;apos; mercy, .s1nd wvi l);ov. to has h il.ihour, and not ;sell his Wvorks to (Godt for hlaaern, J$W /15!. fl4&amp;apos; *. (1 Ct&amp;apos; U1O, We t. t (l(&amp;apos;d not so subtle disputing ot faith. *\ \li! wvhLn AT. JIT.Tri&amp;apos; allgeth Pxia to the k ori:tlulians, to prove that tdlith nf.&amp;apos;V (&amp;apos; U;iht&amp;apos;oit t !r&amp;apos;vc, lhe jo(tvcth nothing, but juggkcth only. He ^iith, it &amp;apos;:&amp;apos; tw i.&amp;apos;..tt /.y I/ic &amp;apos; w&amp;apos;rr f Ji&amp;apos;,:u, t1wt a ,man mz,:y ha&amp;apos;ze iifiattJ to de ,lith, It tis i: tS I yq J tire uf ,rt&amp;apos;1 IdjlJs,;, E ,,;W~ ot Xl ; . * J ,fT of (;.ait, and( id/I awit1uwit c111-ty. Wkh1l 1 UI i 1.I Sticl\Itl t&amp;apos; io le nla hemy o o% ithout chiarity anid o~. :L~o;t t-.i ha theic: . I. /:c, . t4 Jn; vn /lzv /i /i t.&amp;apos;fJi yank. il. i~t&amp;apos;s i...t.Sc tC:. : w:iv be w-)..)\if&amp;apos;let. (&amp;apos;S (f f.lithi, Isl I have .i., ..ini ;t .!l. +! i&amp;apos;; 1Vt ith, as .11. Ather jug ;&amp;apos; o . &amp;apos;t . C\ j&amp;apos; :.ill :h .; thu I&amp;apos; were w;it)lrs tihat .kt:&amp;apos;Crcd mart, yid foit 1&amp;apos; ;.0 o ( ; i t .. tlb ter lotrg, .ndl wet tto rnicuted ai(ld hled -Agad i ), ,. ( .1, .} + .&amp;quot;,.-1* !. ;! it (&amp;gt;1&amp;apos;. \i ty&amp;apos;l S bit l-%}!t...t( .!:d -SYV&amp;apos;d th it tile i ,t i+ ! .; ;;Jt&amp;apos;, ^IdO, l slh u .1 ( a (d&amp;apos;ts iF ilt i ,ntl rl ii it e&amp;apos;nough not i cr \ d &amp;apos; &amp;apos; h . tA -. t!: bit ilt to 1 maLe ?&amp;amp;ti i Ct!Ofl tOI&amp;apos; tle sins * : tW ;t r ~ zlixf 0itu ..aJ , ; Iv [.1 ,- ul t&amp;apos;at. Il lU!it,; Wt-, JT 4 tiiS.llill ort e rope&amp;apos;. doctrine, and fot-rgave tc sins of other ment wlick had opcnly denied Christ, and wrote lnto Cypri:tn, that he shou&amp;apos;d receive those men that 1is-id den ed ( &amp;apos;huist into the congregation again, at thd satis. thlction of their merits. For which pride Cyprian wroe to them, aind called ithi thie dvil&amp;apos;i tbrtyrs, and not God&amp;apos;s. T&amp;apos;1&amp;apos;s maryrs -ad* ttitl without ihith. For had they believed that all mercy is given for Ch&amp;apos;iist&amp;apos;s blood shi&amp;apos;ddinr, they would havL sent other iuen thither, and AVOUld liavt svfh r-ed their own n;srtlyrdont IO love of their neighbours oanly, to s:&amp;apos;vc them and to testify the truth of God iM our 8 viour Jesu unto tOw world, to save at. the least waly somn, that *is to wit, the elect, for whose sake ;10tb I ssullxl t u d all things, a-id not to win heaven. It I work for a Iwoi Id Y ypurpost, I get no reward in heavei : eAVwn so, if I work for heaven or a higher )lace in heaven., 1 get there no reward. IBut I must de my sork for the ove of my nelighbour, because hie is my brotier, and tho pricv. ot&amp;apos; Christ&amp;apos;s blood, becaisc Chiiist hiath deseri ved it,and desireth it of me, an11d tlhen ny rewai d is grVAt in heaven.&amp;apos; p)p. &amp;apos;28, 2190. ASt Ie jwoce(os, lit tiltus resolves the aIl)toaret Coln)tradiction both~ (&amp;apos;Cl two ot Itlht A I)oSt heNs. n.Vll when P.Mul s ith, &amp;quot; faitlh only justifietl :&amp;apos; nd .lmes, &amp;quot;9 thliat fliln is justifiC(d by works, and not by Iv ith only;&amp;quot; there is jeat dit; and~~ Jans nLvI0 ob ftelence 1)tWLCfl 1&amp;apos;dU (ily afld James&amp;apos; oniy. bewor Pl&amp;apos;s uu8 onar is to 1w dlertood, thIt ?lithl jJustilieth in th e heart .and before (;od, witaout hc11) ot orks, yeCaL, .an1)d CreC I can work. For I must receive lii. tdirough ftith to wvork with, ere I cain work. But Janims&amp;apos; only is this .vise to be understood, tLhAt taith dotdh not so justity, that nothing justifieth save: tfith. For deeds do jil.&amp;apos;ity also. But faithjustifieth in the heart and befori God, and e deds b)etore the world only, and make the other seen, as ye may ebydte Scripture. 4 For P1a.u1l saith ( Ronm. iv. ) ; &amp;quot; lf&amp;apos; A~brahaw have works, he hath iermof t ( r jOice, but not blfbrC&amp;apos; God &amp;quot; For if Abraham hkd received those 1omioses ot izdeserving, then had it beecn Abraham&amp;apos;s praise and not God&amp;apos;s, as thlou mayst see in the text - neither had God slheved Abraham mercy d11d gace, but had only given him his, duty and deserving. J ut in that .AXbr.adham received all the mercy that. was slewed him, freely through f?ith. oit of tle deservings of the seed that was p)ronmised him, as thou mayst see l)y Genesis aend by the Gospel of John, where Christ testifieth, &amp;quot;6 that Abraham saw his day and rejoiced,&amp;quot; and of that joy no doubt wrought. it is God&amp;apos;s lpaise, and the glory of his Dnercy. And the same mayst thou bv J lei he l lie stith, &amp;quot;&amp;quot; Atbrahai otfered his son, and so was the 1ciptuve tulllkd, that \brahanm believed, and it was reckoned him fur righteousness, and hie was thl4-ii-y made God&amp;apos;s friend.&amp;quot; H low was it fullilled ? Betore God ? Nay, it was fulfiiled IXbfore God rnany years bc-fre, and lie was God&amp;apos;s fiiend many years before, even fiom thle filrst .apP)OintmM t that wa; niade between CGod and him. Abraham ret &amp;apos;ivcl pron1ises of all ci&amp;apos; w ud believed and t usted God, and weat ;n wirought out (d th;t fait!). i~ut it was tultillkd before us which cannot sf thle heart, as .amies s-aith, 4&amp;quot; I will shev thee nmy fitih out of iny works ; ani ;st:.t&amp;apos; langcl said to Abrtham, &amp;quot; Now I know that thou drcadest God.&amp;quot; Not but that he kncew, it befre, but for us spakel he that, which can bce ncught in Aih)rt.u.l miore than in other men, sa&amp;apos;ve by his work-S. &amp;apos; And wha.&amp;apos;t \w&amp;apos;&amp;apos;rks nmeAnt Jinmes ? verily, the works of i1mercy. As if a hrothcr or a iister lac,:k i.ioment or su~tenPv;ic, and Ye au&amp;apos; not moved t com asmIon, nor tcel thlic diseases, What tiitlh liav&amp;apos; ye then ? No faith (b)e Stwre thlat tkelth the mercy that i9 in ChrPist. For they thnlit fl-A thlaIt, ;irle inmrciful again And thanktfld. But look on thlte wNorks ot oull s/lirdtialt, which w%,ill not only he justiftivl with work- s b0tlore the wvorld, but also bvfire (God. They h;lve htd all (&amp;apos;lulisxnklom to rule thili vight 1huth1(irt&amp;apos;d ye&amp;apos;tS1;, and .as they only be ;nointtd in the hliel, so, have they only kten king anl illklor, and hlave hi.ad all powcr in their lhan(s, and have been the docr, only and the leadcrs ot thost shidows, tha&amp;apos;it have had thle namec ot princes, .and have. ed them whlithcr they would, and have breathied into their brainS whla.t they listcd. And they have wiought the world out ot&amp;apos; peace and Lnity, and(1 everv nia out of llis veltare, and Wae bCcome alone well ait case, on-v five, onli. ;t *MU)( tv, o&amp;apos;nly ll. av lI tsingsS, and only do nought. therefolt, only Lly oil otilhr ltn s batcks dlkid bear notught temCselves. And thl good works ot them thiat wrought out ot falithl, and galve tlti, gwood01 alands to find( thl Iool , thlt-ll de% out&amp;apos; tilt&amp;apos;y also alone. And whit X&amp;apos;OI ks l&amp;apos; each t&amp;apos;licy Only that aire to thenm iprotitahll, inmd whetlly they l &amp;apos;t1 10ri in ! S~m &amp;apos; COOdli i&amp;apos;i to otift.&amp;apos; to giv&amp;apos;e to) be 1irayed for, ant to 1w dchi \ ectl 01t of P)Llf.,lt 01 V, .11irn to r(t&amp;apos;IUm your sin ot tlhni, and to tv ort .ship etrenilr1!r, .tiii to) b, sl ii t tfl, and so torth. &amp;apos; pp. &amp;apos;)2,-&amp;apos;29 1 He c(o)!)thl(l&amp;apos;s hils l)0lzt1v&amp;apos; to the&amp;apos; lRommis ill the 6&amp;apos;sel &amp;apos;Now go to, reader, andl iccording to the order of Paul&amp;apos;s wvriting, CeVV 40o do dth . First, beholti thyselt diligently inthe lIiw of God, and see thviev tlh j&amp;apos;st (imnatIon. St-coI(nariiy, tumn thline eves to Christ, ;and sce tll :Ic the e\CCeeding mvr,,y ot thy most kinkd andi loviln&amp;apos; FIthler. Thirdly, I niI.I ilher that (&amp;apos;Christ nli.tic Iot thkis atone:ient th.at thou Shl0LItst .Ingelr Go( i si in u lk ither diedl 1he to th\v sins, that tholl shouldst live till ill t hcmn, nvit! Xi clcitnsed, le thlv, thaitt thou shouldst ret urn] (aIS .a SMint ulltno thim. (loeId pic &amp;apos;L l.l: a IUt that thou \Iiouldst he a netwc cieatuR.e, :1i1d I iV .a ntv izfc .itter tile will of&amp;apos; God, and not of the liet h. And be diligen1it, le-st tl hi, .i- thinc o nw v n 9 (l&amp;apos;igencf&amp;apos; .1, unth. inkflnehss, thou lose this fliour an lit l&amp;apos;V hcerv Ihe\v s .1im (b~tOIi l ;V(&amp;apos; 8(&amp;apos;(IiII itilI(c wi li Slerp.. tou, rt ut 1 (t-miltlns&amp;apos;l ill tIll( ;lIplic;t iol l&amp;apos; Itarllcl tk.\t., and i..* &amp;apos;niuiI CT thle&amp;apos;mtl lt() b m telt- ;allt pmoill Ills Ux\P-,iltl01s Ilt I&amp;apos;C d , iV I \ t~l()Illl *it ?l et&amp;apos;l .111([ t()llpl| cl icile&amp;apos;li (&amp;apos;v A&amp;apos;i w ()f thlt I i 1l :t lar4&amp;apos;. mot dircc I to th II l lt loil oi (A uic Uok,11 im, Ixv ;.&amp;quot; Ibmz- t-t 01 &amp;apos;t. I &amp;apos;iL Wtl t V. hIih li 1t! mlakes, to isli lt , 1% thi &amp;gt;.dmllc \ ilihll ti;t- wOidl hi\Cl\l ft.itl, (&amp;apos;thVCC (I to ill., owil 1tIdld, ai stedlt&amp;quot;ast trllst iM Il i1llctrc (. (o~d t I It (&amp;apos;Ciht.t, lildi t ,&amp;apos; ahmSOlU&amp;apos;&amp;apos; Ic(&amp;apos;CSsitV Of tIi.t obt&amp;apos;ediiCe11 %%hicl its it- n1ii lt Iilt . \&amp;apos; hA i seIltiliets Ut I ; OA&amp;apos;I(&amp;apos;&amp;apos;I lslV&amp;apos; 4 u)rr(;1t xi Ills sta&amp;apos;cilit&amp;apos;it iS&amp;apos; Ml)t o(lt\ ilI!(l l)c&amp;apos;rS)iUo11iS. lit&amp;quot; is nf&amp;apos;t li il tit ;11v %it&amp;apos;&amp;apos;t}} IllrAl (dOclttilie&amp;apos;- tht&amp;apos;tilIl(&amp;apos; t I Icv hav !,t ( z .|!,8l~e .l Ix tlxl11}; ^ :1,,X1 I~i ln (fl, cX11 h li&amp;gt;ii, l lli I~~~~~~~~~~~ 1 i It 11 I&amp;quot; CPl 4) I &amp;apos;&amp;gt;. r 1 t II c .&amp;gt;1 v l II &amp;apos;&amp;apos;&amp;gt; i&amp;apos;&amp;apos; *C&amp;apos; t&amp;apos;it v&amp;apos; itl\ ti1L S- )ll)t1l&amp;apos;e Ill I&amp;amp;t&amp;apos;Vll ilV otlit, ;IlIWSI( .a *&amp;apos; re * &amp;apos;t~ oti et:&amp;apos;11 \Ittil *t t&amp;apos;ierpi! Ol)d)l IrtOlill1(lFS ) olt :iliO) &amp;gt; hil&amp;apos; 7*.%,g, 11 ,,ot OI1|\ al&amp;apos;r~(&amp;apos;tN it reuu&amp;apos;t&amp;apos;&amp;apos;l&amp;apos;;l \ itl t be&amp;apos; ;aliit ier&amp;apos; 1101111&amp;apos; andI&amp;apos;t 1,; 1 l i tr ba ! froyienlyl hallllls- their verv w zorti1s, vet wew)Elr tile soit illiclit W dIM SiifltW&amp;apos; 11f [o ltvtl-.tiOI) lrom a (lina1gt&amp;apos; of lallIparIIglerl%. iOtil, I ItlI) 12th, I 3th and I Rth irticles of IK; (&amp;apos;11rlich of Ell-dlan(i, on1 th( grand SlIbi(&amp;apos;e&amp;apos;tS of dispWte l1CiW2v(&amp;apos;il tilth h&amp;apos;t&amp;apos;orlIeIrS a)(1 tile P;l)ists, (:atsilttlt!h Substalnle Of Ii xSellntilittits ill a; vcrv o1(liellsdl t(Will). &amp;apos;T&amp;apos;lle StatteIllenit of Iie oI)i1UiI oil IPrcdCstita1t0iil We shall juott&amp;apos;, thiat otmir ieaders lNi ! omllpare it with tile 17t 1 article. In the nilith, tenth, aind eeventh chmpters, (of St. Patul&amp;apos;s Epistle to the Kmmlms) lie tr atteth of God&amp;apos;s jpredestinittion, whence it sprinmeth al toge. .!Icr, Whether we Shall believe 01o not believe, be loosed fronm sin, or nfot be IoilSl&amp;apos;d. By whi(clh predestlmition our justifying and salvation, are clean tiklesc-n OUlotOf our hands, rind put in the hands of G(o(l only, which thing is BIW&amp;apos;t. nctce&amp;apos;sallry of ll. 1&amp;apos;oM Wo&amp;apos;t&amp;apos; reso Weak and so uncertain, that itit to()od in uIs, tILTC would of a truth no mllan bC Saved, thte devil no (doubt %Ji~ld deCLisve its. But now is (;od sure, that his l)pi&amp;apos;lestinittion cannot U&amp;apos;ccivz ,him, IWithcr ca .in Any iamn withstand or let him, and thereltte havv NVC Ill IRe ;I11d tras;t i4(ri Sjil. I&amp;apos;ut hlire must a mark be set unto those unquiet, busy, aIndl high Climlll)ifl:, spirits, hlowVfr tiley shall go ; which fir;t of all bring hither thcir hi rcl reasons an(d p1tgnnant wits, and begin first fronm on hjighrl to search the ot t(l illiclss SeCrets oft rod&amp;apos;s predestinaitioti, wVhether they be predestinmte or n1t. &amp;apos;l&amp;apos;hese must needs cithie cast tbemelsves down headlong into de. speration, or else commit themselves to free chance careless. But follow thiou tlht&amp;apos; order of this epistle, lndl noosel thyselft ith Ch i~st, and Iearn to undLerstAnlld whAt tile law and the Gospel 1liAn, and thle office of, both the two, that thou mayst in the (o)n( know t hyselft aind hov that thou hlast of thsit&amp;apos;.f no stre g~tl ~but to Sill, ;alndI in the other the grace of Clii ist, and then V liou fight aga-i i st sin and the flesh, as the sevcn first chapters t(.Ch thee. Aficti thit wvhen thou trt come to the vight.ii chlapter, and art underth. CRIs an.111d sil &amp;quot;iing of t rib&amp;apos;l i ton, tile necessity ot pi-edestinAtion Nvill wvax etW&amp;apos;t, rtidl thlou Shilt wvell feel howv PRec ious a thing it H. For except th ou hIaIve bolnIle the (ro5s of adversity and tempitation, an(d h;ist hait thyself h\!(iio ht tito tie veryv 1)1jill of desperation, yea and unto hell gptes, thou .Liit &amp;apos;41le Il1&amp;apos; eddle wth thIL sentelnce&amp;apos; 0o&amp;apos; predestin.l ition, without thinti own li;t:le ;iti, t nwithiout secrct wrilth and grudging inwardly ag.ainst God, for (tiCWV iSC it sha1ll not be possible for thee to think tha.t GY( d is righteous . n ju;.t . Therfo re Ill lst dilia be&amp;apos; wel motified, and the fleshly wit H&amp;quot; oughdt Uttelrly to n1oulght, eYe that thou1 1yestA alwy \with this tling, and d: ilik so stron,, xvine. &amp;apos;1&amp;apos;.ike hecd tilref&amp;apos;ore unto thysclf, that thou drink not v. iT), o hile thou al:t yet but a suckling. For every learning hlatl, her ,&amp;apos;!21, nlmeasIur, and age, aind in Christ is theie a certain childhood, in wvhich t .*n m iu mst be content wvith milk f&amp;apos;or a season, mntil he w~ax strong and ;: ow&amp;lt;! , unto a1 pe-rfect iman in Lhrst, and be atble to eat of zurle strong Jh1 h . c I&amp;apos;d1II&amp;apos; li~st ^IC (&amp;apos; ejliClIC CS 01 TIM ilAl ;-FC 1)(&amp;apos;T-1I)iCilitV (if kA 2t4i&amp;apos;&amp;apos;vlt k), &amp;apos;li - (&amp;apos;Ipposite l ill( st.rlttioll d stilld, CC&amp;apos;t1St Iplevr ](Ti}tl&amp;gt;;leb llll(sl l 1ellot ltlS llj.etsX bisi 6l 1111 CV l~~ i lltlul*t il~l tei). Istls Ilcc ( l;o /q, cartI/ t((lxl 1 ?l Mtle ncv Xt NN1sZ{(Z</FullText> </Record>