<?xml version="1.0" encoding="UTF-8"?>
<Record> 	<Version>Record_v1.0.xsd</Version> 	<RecordID>4314952</RecordID> 	<DateTimeStamp>20180928135325</DateTimeStamp> 	<ActionCode>change</ActionCode> 	<RecordTitle>Book review</RecordTitle> 	<Publication> 		<PublicationID>1714</PublicationID> 		<Title>The Eclectic review</Title> 		<Qualifier>London</Qualifier> 	</Publication> 	<Publisher>C. Taylor</Publisher> 	<Volume>6</Volume> 	<AlphaPubDate>Oct 1808</AlphaPubDate> 	<NumericPubDate>18081001</NumericPubDate> 	<SourceType>Historical Periodicals</SourceType> 	<ObjectType>Review</ObjectType> 	<LanguageCode>ENG</LanguageCode> 	<ISSN>2043-2151</ISSN> 	<StartPage>946</StartPage> 	<EndPage>946</EndPage> 	<Pagination>946-946</Pagination> 	<URLDocView>http://search.proquest.com/docview/4314952/</URLDocView> 	<Products> 		<Product> 			<ProductID>1007574</ProductID> 			<HasFullText>true</HasFullText> 		</Product> 		<Product> 			<ProductID>1009130</ProductID> 			<HasFullText>true</HasFullText> 		</Product> 		<Product> 			<ProductID>10000001</ProductID> 			<HasFullText>true</HasFullText> 		</Product> 		<Product> 			<ProductID>10000297</ProductID> 			<HasFullText>true</HasFullText> 		</Product> 	</Products> 	 	<FullText>Ar t XXII. j i,.&amp;apos;h&amp;apos;,,, .,1 otit Of/ t Cl istlia I iorilq * stderr(?, in i lt.er hu I binyh&amp;apos; ;&amp;apos;.,it&amp;apos;stsd to th it&amp;apos; b crs of&amp;apos; 1ch I.mio Societies. 13y J1ohF lF.lwcttt, .\. M. 12mlol. )&amp;apos;p. 7). P)icc 4e1. Button 18O8. &amp;quot;]HI.S brim; bult ow-i-,1 ew, 11ns t. t !A 11111N&amp;apos; 1wt v&amp;apos;ery) serv\ic:t:&amp;apos;;ly rtcconin. nl&amp;apos; lcd t) t! ( i&amp;apos; W Nvth, &amp;apos;I tlhco:y t lcst ,havL&amp;apos; Icartit to consider tile JbIrir.Mti ( t tht Lvi&amp;apos; L )t (;of 1 G;i annuilcdi, or inl so)eC (dtcgiCv? rklaxed, by tha. go~&amp;apos;1. &amp;apos;l&amp;apos; ,.uli.Irili of (ihluistin li boi ty, as a frecdom fromn Mi1, Ce elcrnonllits, r.)0 tit&amp;apos; ld(i bnkiagti ot siI, and front thce penalty due to trrns~grcssoi , tit tL. I.iw, which bcllcirs inl ,Tcius Christ posscss, ale tiu!v atntc; dnd tlh&amp;apos; y sticsq I&amp;apos; P CY&amp;quot;iov. of thc doctrino and the trnm I.r well vxp &amp;apos;,;cd .ipd . ut&amp;apos;t I. IaT&amp;apos; ri rn . 1,.1dv mild An(l ficiunly tone pi this vIJvIi9 .ls w 11 a : 1-&amp;apos; &amp;apos;ow ch&amp;apos;at.lctcr Of its aIuth11or, will tvnd WI, cl(Te t&amp;apos;) J1&amp;apos;14nw;.; its ,VI tYt.1 t if:nc&amp;apos;.</FullText> </Record>