<?xml version="1.0" encoding="UTF-8"?>
<Record> 	<Version>Record_v1.0.xsd</Version> 	<RecordID>4314359</RecordID> 	<DateTimeStamp>20180928135325</DateTimeStamp> 	<ActionCode>change</ActionCode> 	<RecordTitle>Book review</RecordTitle> 	<Publication> 		<PublicationID>1714</PublicationID> 		<Title>The Eclectic review</Title> 		<Qualifier>London</Qualifier> 	</Publication> 	<Publisher>C. Taylor</Publisher> 	<Volume>7</Volume> 	<AlphaPubDate>Nov 1811</AlphaPubDate> 	<NumericPubDate>18111101</NumericPubDate> 	<SourceType>Historical Periodicals</SourceType> 	<ObjectType>Review</ObjectType> 	<LanguageCode>ENG</LanguageCode> 	<ISSN>2043-2151</ISSN> 	<StartPage>1030</StartPage> 	<EndPage>1030</EndPage> 	<Pagination>1030-1030</Pagination> 	<URLDocView>http://search.proquest.com/docview/4314359/</URLDocView> 	<Products> 		<Product> 			<ProductID>1007574</ProductID> 			<HasFullText>true</HasFullText> 		</Product> 		<Product> 			<ProductID>1009130</ProductID> 			<HasFullText>true</HasFullText> 		</Product> 		<Product> 			<ProductID>10000001</ProductID> 			<HasFullText>true</HasFullText> 		</Product> 		<Product> 			<ProductID>10000297</ProductID> 			<HasFullText>true</HasFullText> 		</Product> 	</Products> 	 	<FullText>Ant. \X 1. oi JritJ to l/truy Iltuj lOne, I j. 1. 1&amp;apos;. (d I/zr s!,rct r - - ^ * . . . a% - . . . .. . , . i\ . ;, 1?for-r in fA/I ,p&amp;apos;P~ s1it.Ji0&amp;apos;i&amp;apos;4 //14 IM&amp;apos;e&amp;apos;i/ulh iv /!r&amp;apos;tri;idw: i. By \Willian Ro(sco&amp;apos;, 1&amp;apos;&amp;gt;(j. l&amp;apos;i&amp;apos;. I t. 1&amp;apos;,inltcd 1.&amp;apos; iSmlit~l, ~ivcip. &amp;apos;1..l18911. &amp;apos;JR. ROSCO)E&amp;apos;N rlC,&amp;gt;cription for the diseast, of t tl, body politic is tlt, e-t ii , tnt Of hous, holders;, ;1:11d tl , c I c ioio of plaIcemet a.n1l p)lsiontltlr t)wll thltb .u-i. of Commons. Ho luS the tiaudesty to call this U&amp;apos;?raiud vxpwriml)Crft, how much m1O)lr influntice tflh govern(.d *;ti-lt to ha.lve ovul&amp;apos; t he govc)\&amp;apos;&amp;apos;iiiig, &amp;apos;I e~re ,-a fslo z of&amp;apos; the blaince&amp;apos;, JinJl tO WIc1crIU t .iil WVo (ieL&amp;apos; it hliaz ltvii\o im the 1)t Itlons of cov* ruption. A c.! rtcstOr.ittOl, cr ?i her 1Let/c:&amp;apos; edIjriJfviee&amp;apos;tlI of tilt- balance, is qui t . diitflYnt thi iw t m makii ril the nionardih .Vl1 iiStOsr-Ctv Lack the twam.</FullText> </Record>