<?xml version="1.0" encoding="UTF-8"?>
<Record> 	<Version>Record_v1.0.xsd</Version> 	<RecordID>4315673</RecordID> 	<DateTimeStamp>20180928135325</DateTimeStamp> 	<ActionCode>change</ActionCode> 	<RecordTitle>Book review</RecordTitle> 	<Publication> 		<PublicationID>1714</PublicationID> 		<Title>The Eclectic review</Title> 		<Qualifier>London</Qualifier> 	</Publication> 	<Publisher>C. Taylor</Publisher> 	<Volume>6</Volume> 	<AlphaPubDate>Jan 1810</AlphaPubDate> 	<NumericPubDate>18100101</NumericPubDate> 	<SourceType>Historical Periodicals</SourceType> 	<ObjectType>Review</ObjectType> 	<LanguageCode>ENG</LanguageCode> 	<ISSN>2043-2151</ISSN> 	<StartPage>89</StartPage> 	<EndPage>89</EndPage> 	<Pagination>89-89</Pagination> 	<URLDocView>http://search.proquest.com/docview/4315673/</URLDocView> 	<Products> 		<Product> 			<ProductID>1007574</ProductID> 			<HasFullText>true</HasFullText> 		</Product> 		<Product> 			<ProductID>1009130</ProductID> 			<HasFullText>true</HasFullText> 		</Product> 		<Product> 			<ProductID>10000001</ProductID> 			<HasFullText>true</HasFullText> 		</Product> 		<Product> 			<ProductID>10000297</ProductID> 			<HasFullText>true</HasFullText> 		</Product> 	</Products> 	 	<FullText>Ai, i. X\s , f. or Strictu.-cs on his ACCo&amp;apos;Mts of POeU 0 611.!twimus e-wirimcd, L.r .1&amp;apos;.rcmclf:I&amp;apos;.S. BJy an lvangelica1l I, 0 -. )i , l - d C&amp;apos;o. I &amp;apos;09. v&amp;apos;inist r. 8 vo. pp. 27. rjiHIS vitti1&amp;apos;, we art toW, vas &amp;apos;a confidanticd communication; but as it diSCISSeCS EUb1jects of considerabl( importance with zeal and truthl til pv&amp;apos;rson to whom it was origrinally addressed, now offers it to the wvorld.&amp;apos; For this, we cannot commend him. To answer Onesinius, is to follow his ekanwle,-to Accept his challenge. [he radical objeckth!. 1 that wr-iter&amp;apos;s publication, is, thlat it aims to gratify a malioiLs or ipertinent curiosity,--nd we must add, an unpnncicupidi y:-by a torcibie exposure of individuals to te pnblic eye. ;v mngclicAl Minister&amp;apos; might with great propriety declare Eis I . , * * .I A, sentimerjts on the book in generI tl private letter to a friend; but we cai I on particular parts of it, -in mnot help thinking it ought liave struc;k1. th,- mind of that friend, that to publish those serntiPnents, wikther jjut or not, whether ffvolrable or unfavourable to the Pe&amp;apos;Sotois concernd, Wats to merit the principal part of the censure whic X hald lbken levelled at Onesinus. P i (d &amp;apos;T&amp;apos;he Is 1.1ce P. i 0 .;</FullText> </Record>