<?xml version="1.0" encoding="UTF-8"?>
<Record> 	<Version>Record_v1.0.xsd</Version> 	<RecordID>4317033</RecordID> 	<DateTimeStamp>20180928135325</DateTimeStamp> 	<ActionCode>change</ActionCode> 	<RecordTitle>Book review</RecordTitle> 	<Publication> 		<PublicationID>1714</PublicationID> 		<Title>The Eclectic review</Title> 		<Qualifier>London</Qualifier> 	</Publication> 	<Publisher>C. Taylor</Publisher> 	<Volume>8</Volume> 	<AlphaPubDate>Dec 1812</AlphaPubDate> 	<NumericPubDate>18121201</NumericPubDate> 	<SourceType>Historical Periodicals</SourceType> 	<ObjectType>Review</ObjectType> 	<LanguageCode>ENG</LanguageCode> 	<ISSN>2043-2151</ISSN> 	<StartPage>1284</StartPage> 	<EndPage>1287</EndPage> 	<Pagination>1284-1287</Pagination> 	<URLDocView>http://search.proquest.com/docview/4317033/</URLDocView> 	<Products> 		<Product> 			<ProductID>1007574</ProductID> 			<HasFullText>true</HasFullText> 		</Product> 		<Product> 			<ProductID>1009130</ProductID> 			<HasFullText>true</HasFullText> 		</Product> 		<Product> 			<ProductID>10000001</ProductID> 			<HasFullText>true</HasFullText> 		</Product> 		<Product> 			<ProductID>10000297</ProductID> 			<HasFullText>true</HasFullText> 		</Product> 	</Products> 	 	<FullText>Ait. \V&amp;apos;1. VI,, frnriii; a (;cVitC , (f&amp;apos; -l iucclarl(m)us ELsbl ys. sv)o. J&amp;apos;i &amp;quot;-6. 1ricc 0. 1.C L oa. ClhajrlI&amp;apos;li. ISI . IN &amp;quot;Lmi&amp;apos;,l tc-&amp;apos;atly) in I)r. .)!sI&amp;apos;s; hook, ok, r the prodigious Ii)t 4)t t Ifl. ut :&amp;lt;t! ot 1* ip u NviCii Icae couad nOt &amp;apos;i1) I)e&amp;apos;cl(&amp;apos;ii1l that Iwd l\ u 1Cv wIoe CtOvk (, )8 v &amp;apos;s pppIpijt.i).t ely &amp;apos;;l ic:1-C to the use, had i .l t N )vl&amp;apos;A&amp;apos;11t U t I ; o i; teu t&amp;apos;L:&amp;apos; &amp;apos;i&amp;apos; 11tt s.1 V to resoi t to de. Ir&amp;quot;i r&amp;apos;&amp;apos; t1 it S ) tlVly arjtiltr- be(h r 11) 1o3.F1sd :dapt .t i~on to thco servie&amp;apos;, .and. clwuk nnicrely bc.cuS(e Ox bO(hk mt. la.c sor&amp;apos;e name by which it can be tmf ntiont- : unless indt-cd \writ N1 , v. b11 hi g b-Ack in o use socl f {thorsc r tv,- tit i&amp;quot; 0 [l&amp;apos; tfo6nd in tire hij-t try of ept a I vi ature, lying nOXv as n)&amp;lt;v1 1U10l1flutelit&amp;apos;S upon the ,1 adi \vi.1.i,-;s \vc rei-membcr (it was Plk! a fItk-t) a in:.n of thriit .hio v.. ntin&amp;apos;v a IhanJ Imc ssll) for a pa-rti. C1 , &amp;apos;e ;al o ut hezt 1 lporch ot lhis LoUSe, took up his fithcr% g IaVC-stonef -.&amp;apos;lvl .11-plic &amp;lt;I it to tllt jll? l)OSL&amp;apos;. TI&amp;apos;ll. &amp;apos;iowevcr, thet cxpe(Ilint of aLloptinT titl&amp;gt;e witlhout (liscriiminative .1nd da (lj):t.&amp;apos; (.ignificance, s~anctioned as it will bc by necessity, sh.lll li..Xe co)me a Ittle more into ?&amp;apos;cnrr;il pr pactice, the readeri xkill natixldly VXVICCt t( od tallt dhe title not ()niy tinomiLnalts thLe book, but givcs som11e indicatiOn ot its Ii .1it A y andi bjcct. All tdcnominations must have SOnic mc,.f.nl tr 2?! thiMStl141&amp;apos;s, Mlld it takes SOnme tiflie to aCCU,,-tml US tO &amp;apos;Se thenl witholut Jiny reTsect wlI..tvrto th( t meaning. A great p)ooplOtiofn ot our culrrtent suialaics arO. wor-ds ot Obvious significance ; and as they V0CI C oubtleSs iOplO-ti.LtC aid dcsCiiptve in teirli fIlst alplication, it AVO!M i-cquive time andI sS to S&amp;apos;11111&amp;apos; i 611`111vin pronopinncing them as (1tOflV na.1,ions. N\V 1,;,o say ,Imlull 11, &amp;apos;T&amp;apos;honlms W&amp;apos;ood, Richard lY L!, (,eorg , Rivers, WV illianm W\h itc, Ed(warid Blck-, &amp;amp;c. &amp;amp;c. &amp;amp;c. &amp;amp;C. .lnd have llI the use of the words that they were nmeant for in thlat confnlCon, without Cevr once thinking (,f thleir own pi&amp;apos;pcpi meaning. But tic-r the time of tlicir filrst &amp;apos;plication, as de&amp;quot;Icriptive Surn:1k&amp;apos;:,S there ou5tld }lhavc twen a cci tain sense uAt mwk&amp;quot; \\irLdness anA incongruity in being 04ire CtedI to ot.&amp;apos;ck the hut of James I li11 at the (&amp;apos;(r&amp;apos; *)f a bogo, ol. Of (t Corg1&amp;apos; R iver s *t the tor of a un buuintt cunctice or t v1&amp;apos;homas Wood on a aakcd * .\ln, ,, of ji i,.,,vi V1.1i ii I&amp;apos;Ilc Cl, ntcc (it i crowdd cluste 4 i, C ,bi,,s I in tinliivdinr \\rilli l \\Wiit. ;t .k sv.at y bUo0r, o0 Edward 1Bl.k A A !lihd 1&amp;apos; r~I&amp;apos;t(il~&amp;apos;itict jOl () iili&amp;apos; tt&amp;apos;v. NVIr-l1 &amp;apos;\ ftOLuid thlic titl ot &amp;apos;&amp;apos; I; Duitid&amp;apos; ;ati&amp;apos;xed to a stwt ot es.-;a.yk:, we ,.PoA11! 01.ht l i&amp;apos;oblb! )ly thet o UIL iV&amp;apos; tolmli 1&amp;apos; ;,)I1Itinf o, i)f )1 pi..ts ol til&amp;gt;e oak, in such a IIIlan (lit a1i to throw a certain druliWii. ta.tlt ,f thought into all his dIi\ CLI tlIIA spcc;luLtiolzL ; th It We WOVC to hIv&amp;apos; the ri, ilgc r t heat iclw I ii.; olr.aCul., l or. oily inI tltW&amp;apos;loom of .1 fllk-k uI (V t thlat \%.&amp;apos; %&amp;apos;t I,, to witfl:cs. dhviC S fltitiS Ot devtf(;;io0 tO Thm- t in] W\odcin ari d thait We WCepl )stc to Iuti oil ltstly At List lt thlt! h1idotuli sound of his s.aicriliucid hymn. But on ini &amp;apos;;pectiOlln We&amp;apos; liud11 til&amp;apos; ttle hIawI lit l. further conlernfl with the 1w)r iXl&amp;quot;I.iIC1cc than to aminn nce it. &amp;apos;L&amp;apos; 1.,2 ;i. lf intlh tWd twossay, partly relnt in., to the 2lnCiLt Wlpl titiSb t Ili: - hem a 111A e wstern LAVOPLp ; bUt thI gre&amp;apos;AtCet pr1t Ot thLe V0.uiIIe &amp;apos;A;1 Lave been wviitten wvithout once thinking of a Druid, if the dcaoliil.1u ioi h iA not b?&amp;apos;en j)I (V(iously aIdop)ted. &amp;apos;1&amp;apos; &amp;apos;SIVi MV W.. vCet.y o)e,, chlicly m11orl.1, a f&amp;apos; hV listotlicil, arid oial cr tWO to&amp;apos;)()&amp;apos; iCI&amp;amp;IL. &amp;apos;l&amp;apos;, I Ty o&amp;apos;rl&amp;apos; aL collsidler.ahie portionll Vt cnltcrt&amp;apos;ifliiltll1&amp;apos;ll&amp;apos; *ulld SUIU&amp;apos;I !it rtIltiOn ; bu t axir, we thinik, tele ot: of a nmni eti lvir - Itl.&amp;apos;tUI( i IIIth Lin Ilg, aud by no n.&amp;apos;;am; ci itically discipline,&amp;apos;! in t co lm poi is jIl. &amp;apos;l&amp;apos;here is al l~r&amp;apos;(OIlitl;tlt taste (,L juvenille t:;lt, as weoV l )oi ) t;e /;.&amp;apos;, Ikwhich intdlg,.-s it-,lf&amp;apos; il Ia p)tUSi O l ot p&amp;apos;no etiC A dictioll, 3flli &amp;apos; t)A .A . kLindtl ot topi; .11nd Jc.rt&amp;apos;i;s which dwli, dechiiill, adila1r.timil (O) &amp;quot;i S left no grret parti r ty among our 11&amp;apos; .hin CO )itryiwn. \\i,, :hiriht rIIW CXpeCt, and indc. A whly Sio dld \vC wi;h, t% at comp,) )stiua like tk tuitolWing, \Vill ainy wherl&amp;apos; 1I!A anll ufSjtWLI apj)titc. &amp;apos; T`o tlhe hill of lhis love the lero c.Itmie ; but silence reigmt&amp;apos;l around it &amp;apos;)&amp;apos;he towL-rs wete bla-,.J-cencd by fire and deikiced with ruin. No voic \&amp;apos; w.Li 1(&amp;apos;;rd WVithill thelli, S.1V&amp;apos; t&amp;amp;I Iit 01 the hollow wind murmnring in d il.mil IlwOallins tilrou Ih the chiluky wvalls. The courts werc totlorna nl dr&amp;apos; -Ir, t0r itS ciuet had kalk&amp;apos; ,n by the lOemmins guile, and hVi; ptopht&amp;apos; weret slain lb .e1 hanl ot&amp;apos; the perfidiols. SAJ grew thle hie-Irt of ildrud ; but it hrF Nvith rcli&amp;apos;tnientiict. I iS c!Leek oft love bccamie recdI with rXai-, ar-.d It&amp;apos;- 1AI cyc beamd til ith the bLizo of&amp;apos; ire. Ie sti-rick his moony shield to aixu ;? 5ill)2 dWellel in secRettil, talt hlis 6,1liCtiv&amp;apos;v tle I&amp;quot;, AIt dilkect h1isi COuIr!se tO the treacelrcous toe, ;nIld brace his t)rawny arm tfur v cngeaincc. Furth fri1o1 the ruined pile cani.m slowly a Iloary nman bent with the loatdl of y arnr, dn tottering, ove1 th stille oS te. 1i3 silver treS~cs wYlittl &amp;apos;in thn &amp;apos; -.gle QC flin, and 1le si8glhd as hie ihcavily move l lang. Upon t41 i2 youth lit btlit thlte gliteling cyC Of&amp;apos; tears, wuilu- hli tJitcrinr toiv&amp;apos;LIC d-:L.LIt th&amp;apos;i ilL; of&amp;apos; his lord], and thli death of his peouple.&amp;apos; P. 11. &amp;apos;lrhe palpable vanity of&amp;apos; such materials renderis it supci-fluotf to renIrtX (on the motly structure of thl diction, which i:3 confurmle to no standalrd, eitherC Ossilnic or plain En gli II. The p)rogress of tillm, And the improveCnient of taste, wvill &amp;gt;c; ;uredly wit.ha* *lr.mw the author&amp;apos;:s h1;Ja11u fltUli all SLICI gaudy dandl Ihi!wy *;uAloymcnt a, the iollowinir: i It wva; even. riwT w:ts sinkinmr i.l tho&amp;apos; NVrc.&amp;apos;t ;rind L1i u uIdy beatus *sa ! cnted H,&amp;apos; &amp;apos; ;ci fri (). : ., Hol Ci i &amp;quot; lt&amp;apos;. . r . ;L)&amp;apos; 1&amp;apos;tdlp kTLt 8 fli t1_t.i$(ll (41S bv O.,_- f, *&amp;apos;&amp;quot;dlilv, Itiling tilt, It, VVhile&amp;apos; helth sported on the WuI&amp;apos;S, of tl, t ;. 1&amp;apos; mI the rua.tling biuglihi w1t seatcd( th1w songsters of the womd ; 4md . A !U3, IjllkUiodjIOus Rp ;)Ui&amp;quot;Cl, FcdiL&amp;apos;I to toheir \va;1rllbe, of l\ 1 ihe ltiei T x*:(e lo I&amp;apos;d with the- boLunty *t Nati e, iln4 richly vmvdir, tt&amp;apos;(d by tilt&amp;apos; ,ul :ci tint,; of au1t1imn. Ti&amp;apos; 11. \cee Wv; ail JIlatetull andi chlivmi no whien the .w n t&amp;apos; j),&amp;apos;tlh NV.&amp;apos;A Ciltetri Ir, the V alt&amp;apos; oi&amp;apos;N1\vyr. Slowiv l)e petnI.tt&amp;apos;(d iuiti) tl&amp;apos;&amp;apos;- th(ckct, (it&amp;apos; a all. ti tliCC(d th&amp;apos; Seciret \vindings ot his duky p .tlh. Pvnsivo ;i, s - vine it, sttroe!, alonig, il s81111cO, I&amp;apos;lfllin.ltitl Oil tilt, &amp;lt;Cha1?lCs of ti, . i.2d (t lmAn. \\ h li he pondered the paIst hIs ai(I1liiI&amp;apos;eJ, 4&amp;apos;n1d wh, n hle rt\&amp;apos;e\ %;&amp;apos;Lw thlte SCncf;S ot (of d litCd timecs, he(&amp;apos; vWas dl i,~i rlt,, iS v it!, t&amp;apos; dt .t~ &amp;apos;lV. pictuI1rs of a wornlint dream. On the rMA1,11il Ot A P I.l.;iii &amp;apos;I IU t ER 11-1A1 .1 st)lC, graw y xvitu ae. it y..; t h. :K a&amp;apos; ^ ot (&amp;gt;1&amp;apos; . t1 I the secrt (1\v&amp;apos;lt Icie, reno\w&amp;apos;ned ati&amp;apos;ll tot his &amp;apos;N.&amp;apos;:&amp;apos; lm in t2~ f ot ;l (.a (l?.tf! at. 1 le brushed tlt- dewv tiom&amp;apos;i it,; hoary i.&amp;apos; 11t . )&amp;apos;w. Ici. sI lulI.l int.0 sol(emn l musing by thle !,. of I,) t!., . /se.11itl ti:,&amp;apos;XJ,.l,- ot tle CIIysta1 ill, 1 suk ieUl)k Into s n )! n t *&amp;apos;: tul Of 21! M e1und !h1&amp;apos;.&amp;apos; &amp;apos;i 1 i .i xt racts ha.s blen t o iflIOYC oUr pleading .1. 1 v .sti fls young authorm, conccrljiiig thle prlUde!IcQ .nul llty ! f t sz C )l I IIl thlie idle&amp;apos; iitt&amp;apos;l fanCieS ot&amp;apos; thiri juVt&amp;apos;lile yet&amp;apos;.s I .1 I it r to t I it, ill, th- the prcl;;, cspeciilly it there should be any reason If A , wCttfl) t 1t &amp;apos;(.)S, t.IlCihS to 1ha-Ce bXTee thle dry artificial Shapingl s of Illii at i~l .!t&amp;apos;1 th.1: teilt&amp;apos; li6 il, 0tICtS ()t sa nlaItive&amp;apos; e&amp;apos;IW &amp;gt;Y. It C ill conth ;&amp;gt;Kiy l,. Of Nly ilnconSI(terabl ComlsLqulcncc, to the public, how tlcsa j 1lle At l[iE W&amp;apos;t&amp;apos;.lV&amp;amp;&amp;apos;r&amp;apos;r a.cquittesd themselves in the play-ground .at school. 41 d (W thte mlwo scnsitile .ind ini Iwinlatit ones ft them used to go off lo c;x )i01; indl rommilticS in tile intercoullrse of kindred-genius in their s v -t I i&amp;amp;!shlij! ; ltd we cannot s:ee how it cau be more indfispensable to :~Piie pulli&amp;apos;c to be made acquainted with thlte results of&amp;apos; the more soi1AF luhiotI&amp;apos;; of&amp;apos; tlhese gentle person.l&amp;lt;es, when e:ich of&amp;apos; them, respectively, 1 ivini; faillen, in colnscqulcle&amp;apos; ot m.Aking too tree wvitlh Ossian, or sonic siuil.iv pciW.ration, into tle drec-ary Ilmood, \-as therein seized with tiw di ;:.o Jer!e l which ma1.1y be d(enoomiln.!ttcd the sominambulism ot the jwn. t wkmit1d at the s.amnie time be q&amp;apos;uite unjust not to say thlt thle volumil 2 lcd !portion of a nimuch more laudable kind of composition :h!an that exemplitied in theso extracts, though at is undeniable tl;ht th 1If.cti0n Of fillnLTV is too )-rceptimle throughiout. &amp;apos;r&amp;apos;kere are severail per.menllit paoral 1e-;ons, partly didactic, and partly in, tile form of liction. The t\v ntls n vill perlhps be thought to partake more of&amp;apos;tiIncV-w(orlk than Vvi S iimI!Ilitkide. W\&amp;apos;hat will be thought of the probability oft one of thlie .Ivll~c1 r l &amp;apos;tosents a yourng man commlencing the reformed practice of early riainw, and revw.rdcd frl it by-by finding a charming nymphh, of real W0.t.;l1 mold, that might t1erctore be wooed and nmairried, peramnbulating tluth btmlm. irti e 4 limpid nill,&amp;apos; and adni ring the wondeis of nature at it very ^.&amp;quot;, V hour in the morning ? Wke cannot uoincide with every doctrine of the Druid&amp;apos;s morality : For Ambition, u lien it exists as the desire of applause bestowed upon tli; cxccutiun ut iumCthiig great, or cxcellent, or beaciciJl, is doubtki&amp;quot;, Wit, of&amp;apos; the noblcl. .t passins- ot t.h&amp;apos; lhwu ~&amp;quot;i Im:tIt. it tel;n p5TIl&amp;apos;tU to o1i dihk ertc (8Et&amp;amp;&amp;apos;l-t, it t&amp;apos; egi&amp;apos;&amp;apos;S to dt,&amp;apos;,(s I t (t&amp;apos;h h&amp;apos;vol: v~&amp;apos;, it Sti&amp;apos;Llt.&amp;apos;q to) Oo&amp;apos; pl .l&amp;apos;ti(t ol \ r Ul? and it cathi tut th * .tih CiIP ts of s(f .imn:-iniiaity JS it Vi t U, di&amp;apos;s it, l)&amp;apos;flt;Olv&amp;apos;lr&amp;apos; i.r it nima-n.-mil litv, thitt pmcced.&amp;apos; m tl(flI suh11 , 1110tivc ? Arln is any thintr lldl Out %w&amp;apos;ithl clc.ir&amp;apos;c .1d1(Olitij),l ill tht&amp;apos; l1ibIlo bnil thle fidly and impit .t ofbvill, gi V0&amp;apos;r l&amp;apos;d bV sh lulinll Lc ? NV4T Cal lbv no meanlls COnCi111&amp;apos;, %witllOut Liit&amp;apos;!tionl Ill n i.i0lS p. 2Q)) N-oni t tlilly 1--il (nd isssion1 of politic.il siuj.;rs, t&amp;apos;mzhl.%v thitlhrq arc nort, d(es&amp;apos;sil-al than a moneIortionfl !mmiOc of&amp;apos; ( c()f tin(ii r thtt stuly IndI diSCussiOn. Nothintr onl eartth can be more obvious than ;v:t will be tile fCtte ot a1 nfltion that leaves thle Wholc concei-rn of&amp;apos; politics tO its govcuill;r4, and staterSmejn bv profes;ion. I ith best j)apcis in thle collection, atnd petrhapS tho only olne;R of real v*luet are thlO, whichirla-te to iwtitters of wt , in hi story aid m.iture ; -iS tll&amp;apos; description ( sometwhat too inflated indeeld) of tilte AltLlranil, a moloulntaiill tornllt thlat falkl into Cronarty Bay ; c hioiria.hizl sketch of 1 Ilamct, from Sixo Grammaticus ; the dtcF-Cription Pa lmnyra., thc ACcount, of tilte tItS of IU(l)dha, tilm: account of thltu Tul:/nmanma tlit pre. valiI&amp;apos;, towards two centutivs since, in I-lollan(d ;and the Netherlands ; thc lt tiz- of~ Mar~y ( )Ozcn of Scots to Elizabethi, and one or two more.</FullText> </Record>