<?xml version="1.0" encoding="UTF-8"?>
<Record> 	<Version>Record_v1.0.xsd</Version> 	<RecordID>4318998</RecordID> 	<DateTimeStamp>20180928135238</DateTimeStamp> 	<ActionCode>change</ActionCode> 	<RecordTitle>ART. XIV. SELECT LITERARY INFORMATION.</RecordTitle> 	<Publication> 		<PublicationID>1714</PublicationID> 		<Title>The Eclectic review</Title> 		<Qualifier>London</Qualifier> 	</Publication> 	<Publisher>C. Taylor</Publisher> 	<Volume>4</Volume> 	<AlphaPubDate>Dec 1815</AlphaPubDate> 	<NumericPubDate>18151201</NumericPubDate> 	<SourceType>Historical Periodicals</SourceType> 	<ObjectType>General Information</ObjectType> 	<LanguageCode>ENG</LanguageCode> 	<ISSN>2043-2151</ISSN> 	<StartPage>622</StartPage> 	<EndPage>626</EndPage> 	<Pagination>622-626</Pagination> 	<URLDocView>http://search.proquest.com/docview/4318998/</URLDocView> 	<Products> 		<Product> 			<ProductID>1007574</ProductID> 			<HasFullText>true</HasFullText> 		</Product> 		<Product> 			<ProductID>1009130</ProductID> 			<HasFullText>true</HasFullText> 		</Product> 		<Product> 			<ProductID>10000001</ProductID> 			<HasFullText>true</HasFullText> 		</Product> 		<Product> 			<ProductID>10000297</ProductID> 			<HasFullText>true</HasFullText> 		</Product> 	</Products> 	 	<FullText>As. XIV. SELECT LITERARY INFORMATION* ** Gabsmen and Pu~ishers who hawc works in the press, will oi She Conductors of the ECLECTIC Rzvizw, by sending Ijjtf!ltox (post pid) 9f the sudect, extent, and probabk prie of suck works; -Aich they may de p uon being com cated to the Pi, if wuiAtest with its Pa. In tbe press, Eighteen Sermons, se, leted from the MSS of the Rev. Pbilip Henry, A M. iDclufding the last sernon which he pre ached. To which will be added, the Funeral Sermon for Mr. HIery, preached by the Rev. F. Talents, A. M. also the substance of a Sermon preached on the same occasion, by the Rev. Matthew Henry, from his fatber&amp;apos;s dying words. The Sermons, of which none have ever been before published, will form an 8vo. volume, of about 400 pages. The Editor, Mr. Williams, of Shrewsbury, has selected them from the original MSS in the handwriting of the venerable Author. It is well known that the Rev. Matthew Henry, in compiling Mi. grsal work, the Exposition of the Old and Ntw Testament, was cousiderahly mnderated to the numerous papers of his revered Father; and it is somewhat singular that none of the pro. ductions of Philip Henry have hitherto been laid before the public. Preparing for publication, Travels of Ali BD, in Morocco, Tripoli, Cyprus, Egypt, Arahia, Syria, and Turkey, between the years 1803 and 1807. Writ. ten by Himerlf, and translated into English. Ali Bey has been long known to Men of Science in various parts of Ewope. Travelling as a Musaulman and Prince, be has been enabled to give, among much cunoits matter, some new and intensting relations, which no Christian bas ever had the opportunity of doing. The work wiil make two volumes quarto, illustrated by about one hundred Plates. Mesrs. Longman and Co. will shortly publish a new edition of the History of Fictio ; being a Critical Acowunt of the most celebrated Prose Works of Fiction, from the earlies Greek Romauceito the Novels of the prent age, By John Dunlop: in 3 vols. post 8vo. beautifully printed by Ballantyne, unifimly with Mr. Ellis&amp;apos;s Early English Bumnces, Also, a second edition of a Treatise on some Practical Points relating to Dis. eases of the Eye. By the late Jobn Cunningham Saunders. Illustrated with eight Engravings, and a Portrait of the Author, in 8ro. The Antiquary, a Novel, by the Anthor of Waverley and Guy Mannering, will Ahortly appear. Medico - Chirurgical. Transactions, published by the Medical and Chirurgi. cal Society of London, Vol. VI. in 8So. is in a state of forwardness. Mr. Sharon Turner has in the press, the second volume of his History of England, containing the History of the Rteigns iof Edward 1. Edward II. Ed. ward ll. Richard 11. Henry lV. and flenry V.-Also the History of Religion in England-the History of English Poetry, and of the English Language and Prose Literature. Paul&amp;apos;s Letters from his Kinsfolks, being a Series of Letters from the Continent, are nearly ready for publication. Mr. J. 0. Parkyns has nearly ready for publication, Monastic and Baronial Remains, in 2t ols. royal 8o. illastrated by upwardd of 100 engravings, In the course of next Spring will be published, the Botaijist&amp;apos;s Companion, vowtaining dewriptiousof all the Plants growing wild in this Country, and also such as are cultivated for the purposes of Medicine, with an account of their virtues, preparation, &amp;amp;c. Also, descripy tions of the Nattire, Uses, and Culture of the British Grasses, and other Plants useful in Agriculture, thre Arts, and Rural Economy; with the best modes of forining Meadow and Pasture Land. To which is added, a familiar Intrduction to the study of the Linnwan System of Botany, for the use of persons wlo wish to. acquire a knowledge of Plants. By W. Salisbury. In 2 rols. duodecimo. The Uses and Culture of Plants have engaged the particular atteation of the Author for the last thirty. five yiars, pat of which time he has devoted to the clvucting of experiments for the Board of Agriculture, which gave him an opportunity of ascertaining many useful facts relative to the British Grasses, &amp;amp;c. not before noticed. Mr. A. Nesbit has just finished a Treatise on Practical Mensuration, in eight parts. In the press, and speedily will be pub. lished, Travels in Beloochistan and Sinde, accompanied by a Geographical and Historical Account of those Countries, witb a Map. By Lienit. Henry Pottinger, of the Hon. East India Company&amp;apos;s Service, Assistant to the Resident at the Court of his lligboess the Peishwa, and late Assistant and Surveyor with the Missions to Sinde and Persia. Illustrated by a Map. In one volume 4to. In a state of forwardness, a History of the City of Chester, from its foundation to the. present time. Illustrated with five engravings, by G. Cuitt, in 8vo. Dr. Farre&amp;apos;s Morbid Antomy of the Liver,. Part Il1. and Pathological Researches, Part II. will shonlv appear. Mr. Greig will complete the Border Antiquities of England and Scotland in December. Mr. Britton has now completed the History and Antiquities of Salisbury Cathedral, forming one handsome volume, in imperial and medium 4to. to correspond with the Architectural Antiqwties of Great Britain, and crown and super royal folio, to correspond with Dugdale&amp;apos;s Monasticon. Dr. Valpy has just completed the third edition of his Greek Delectus. The Rev. Samuel Burder, M. A. has in the press, a now edition, being the ffth, of his work, entitled Orientl. Cnstes; it has been revised throughout, and instead of forming two seris of re. ferences to various passages of Scrip. ture, the whole will now be IcoWporated in one arrangement. The first volume will comprise the books of the Old Testaent to the end of Solomon&amp;apos;s Song. The second, from the beginning of Isaiah to the end of the New Testainest. Additions will be made to the extent of nearly 100 pages of entirely now matter, containing eztracts fr some recent valuable Travels, and a copious list of Estern literature. It will be edy for&amp;apos; lication by the 1 st of January, 1816. Preparing for publication, by subecrp&amp;apos; tion, Tboresby&amp;apos;s Dact Lodius: a new editibn By Tbomas Dubamu Whitaker, LL D. F.S. A. Vis of Whalley, and Rector of Heysba, in Lancashire. In one volume folio, 1. lustrated with numerous engravings The aeebe of the Right Hor Edmund, Burke are in a state a( forvard. neus. In the coure of December will appear, 1. The Life of James theSecond, King of England, collected out of Memoirs writ of his own Hand; also, King James&amp;apos;s Advice to his Son; and that Monarch&amp;apos;s last Will, dated No. 11, 1688. The whole to be edited, by order of his Royal Highness the Priac Regent, by the Rev. J. S. Clarke, LLB. P. R. S. Historiographer to the King, Chaplain of the Household, and Librrian to his Royal Highnest. 2. &amp;apos;lThe entire Works of Henry flow. ard, Earl of Surrey, and Sir Thoms Wyatt, the elder. Containing much new and curotus matter, with Note, Critical and Explanatory, Jcc. kcc. Br G. P. Nott, D. D. F. S. A. late Fellow of All Souls College, Oxford. The pub lication will becomprised in 2 vals. go. embellished with highly finished portraits, &amp;amp;c. The number printed will be limited to 50 copies on royat4o. and 400 on dewy 4to. In a state of forwardness, Witt&amp;apos;s 3* creations, refined and augmented with ingenious Conceites for the Wlitie, ad Merri Medicines for the Mekehole Printed from the edition of 1640. To which will be added, some Remarks and Memoirs of Sir John Mennes, and Dr. Smith. Aad Wit Restor&amp;apos;d, in severall select Poems not for merly publish&amp;apos;t. Loudo 1658. Also, Musatum Delicim, or tbe Mme 3*. creation, cont.Jing severall Pieces of Poetique Wit London, 163&amp;amp; The three Works to be printed in two woe lames, with all the Cuts re&amp;apos;engravd by Mr. Bewick. * Preparing for publication, an Emy on the Chemical History aad Media-l Treatment of Urinary Calculi, wit Plates. By Alexander Marcet, M. D. P. R. S. one of the Physiians to.Guy&amp;apos; Hospital. Mrs..Ope has in the press.a nw N. vel, entitled St. Valetwus Ev. Mears. loawan and Co. will sboft. ly pubUsh, Compositions in Otime, from Hesiod&amp;apos;s theogony, Wok and Days, aDd the Days. Ingrved by Y. Blake, froon designs by Joba Flazman, R. A. Profehr of Sculplure to the Royal Academy. Folio sze, to rre spo&amp;apos;.d with the Outlinu from flHer. III the course of Dieember will appear, a new edition (consisting of only 10( copies) of Censtra Literaria, con. taining TiMe, Extracts, aud Opinions of Ol English Books, especially thsee whieb are scarce. By Sir Egerton Brydges, BHrt. K. J. M. P. In teesvolumec, 8vo. Dr. Aiicn has in the prese, Annals of &amp;apos;he Reign of George the Third. Dr. Bateana will shortly publish the fifth Fasciculus of a Series of Engravings of Delimeatious of the Cutaneous Diseases, cwnprised in the Claificao tion of the late Dr. Willan. Mr. William Daniell has- made great pog~rf in the remaining numbers of his Voyage round Gnat Bntaiv 14r.40b Scott, Author of the Visit to Plari ion 814, bas in the press in an octeo voleies, Paris Revisited in 1813, by wy of Druisels; including a Walk oer the Field of Battle at Waterloo; Observaties on the late glorious Mallitary Evets; and Anecdotes of the Engapcmts; a View of the Capital of Fraice whe, in the occupation of the LAglish and Prussia Troops; a minute ACcount of the whole Proeedings relative to the removal of the plundered Wt ks of Art frogs the Ljmuvre, with Reoctansean this Measure; concluding with a Cbapter on the Political Temper aad Coadation of Frane, and the Cha. rater of the Bourbon Government. erly i*u Deember will be published, a Practical and Familiar Exposition of the Tbirty-nine Articles of Religion of tbe United Churches of England and Ireland. By the Rev. EL C. O&amp;apos;Dom. naosw, A. 1M. Yoer Letters of Sir Matthew Hale to, his Chilitren: 1. Concerning their Spcw ; 2. Oa keeping the Lord&amp;apos;s Day; 3 0O Roligion; aced 4. On Recovery from Sickneas; with a Memoir and a Portrit of the Author, will be pub. lia in a few days. A new nd celarged edition of AriFs todes D&amp;amp;vmetatiou on Rhetoric, by D. N. Criawlir, Rrq. of the Middle &amp;apos;rempti, is in the prem It baa th* advantae of a copious, indx, and forms a Imp volume in b, Dr. Greory, of the Royal Military Academy, has in te pas, and will publish in the men of Jaary, 186, an Introductio. to Plane And Spheceai Trigonometty, with their applicatton to the Determination of Heights and Dis. tances, to Projections of the Sphere, Dialing and Astronomy. Th Work is ant for the use of Pupils at Motthe. matical Seminaries, and of &amp;quot; first-ytaw. men&amp;quot; at College. Tbe Rev. Charles Dewbirst, of BovIs St Edvwauds, h3a issued propoews for publishing, The Letter and Spitit of Christian Divinity.; or Fifty.two Ser. mons on a connected cmrse of Evaui. gelical subjects. To accommodate tbe lower cla*s of society, the work %ill be published in about forty molithty numberq, price 64. cabl. The whole will form two octavo volumes. Mr. Chambers is proceeding in arran. ging a mass of materials for a Biogra? phical Dictionary of Living Artists, which is intended to be published as a comnpanioll to the Dictiounary of Lii.ing Authors. Immediate communications from Artists wtll be received bvy Mr. Colburn, tlbe publisher. lo thc press, and speedily will be p&amp;apos;tblisbed, Closet Prayer the Ditty of all Christians, proved awl illostrated by the example of pious Blievers. By Oliver Heywood, B. D. one of the ejec. ted Ministers. Revimd, with a *hort sketch of his Life, by the lRev. Joseph Kerby, of Lewes. In the press, the History and Antiquities of the Abbey Churoh&amp;apos;at bath. tMustrated by eight engravings of the Grounad Plan, Views, antl Architectural Detil, ineludig an account of tthe principal Monuments, and Anecdotes of tle most distinguished periots interred in the Church. By John Britton, F. t. A. Also in a state of forwardness, Britton&amp;apos;s Beauties of Wiltshire, vol. 3. to complete the Work, which will 0embrace historical and descriptive Accounts of the Towns, Anliquties, Seats, Sc, in the morJhern rpat of the County; aiso a neatly engrvaed Map of Wiltshire, and engraving, to illustrate thc immense Druidical Temple at Avebu~y, St Jobn&amp;apos;s Church at Devizes, C&amp;apos;ppen-w ham, &amp;amp;c. &amp;amp;c. In the letter-p will be given a particular Account of tbe Temph at Avebary, with bistoriee of Malmsbary and Loycoek AbbeyIa D.bliogaphbi Catalo&amp;apos;e, an l x, &amp;amp;c. -As only 50 copes of this voluw will be prinftd, pintiamen are deiired to sead io tkir naues immaiatelfy. It will be published In or June 1816. Mr. Win Savae to publish by subscripuoo, Fracmical flints on De. rastiVe Priating; In whieb will be Li veu Instructions for forming the finest black and coloured printirg inks, for proluciuif fille presswort, and forprint. ang an colours, with specimens engray? ed oni wOAd. Mr. James Bedingfiuld, Apothecaq to the Bristol- Infirmaty, will soon pub. 6ls,, in royal 8Vo. a Compendoium of Medical Prtctice, illustrated by Cases and Observations. Mr. L. S. Boyne has in the press, Cursory Remarks on the Physical and Moral History of the Human Species, and its connections with surrouaading agency. Dr. Bushy is preparing a new edition of Musical l1iography, oowprisiug Memoirs of all the eminent Composers and Writers of the present day. An edition of the Purple Island. a poem, by Phineas Fletcher, with a Dissertation and explanatory Notes, in an octavo volume, will soon appear. Mr. Thomas Keitb hps nearly ready, * third edition of bis Introduction to Plaue, and Spherical Trigonometry, and the Stereographic Prjection of the Sphere. Tltere is now printing, underthe pat&amp;quot;onage of the Hon. East India Company, and at their sole expence, a Dictionary of the Chinese Language, by the Rev. R. Morrison. The Work is to consist of three parts: the first, Chinese and Englisb, arranged according to the Chinese Radicals; the second, Chinese and English, arranged alphabetically; and the third, English and Chinese. The whole will be comprised in threeor four solumes, royal 4to. The work will contaia forty thousand characters. The derivation of the character will be no, tieed, and its meaning illustratedby example.. Specimens of the Chuen wan, or ancient Seal Cbaracter, and of the PWsseat Toutne, or Running.hand, will be given. It is intended to publish the Work in parts, and it is hoped a first part will be cmpleted in 1816. A specimen of the above W6rk--may beseo at Black, Parry, and Co.&amp;apos;s, lea. dmhakl-tr~e, where also the names of persolns desirous of becoming subseribets will be registered. Mr. Leigh announces a Work of pe. Culr interest, comprising a faithful Narratift of the laq Revolution in France, from the landing of Bonaparte at Cannes, to his departure for St. Helens; inclwuing a cminected abd ih- partial Hbtor of h cause&amp;quot;, prvtess, a1. termination of te Coospiracy df 18 15; aid particularly a most minate and circumstantial Ateount of the memorable Victory of Waterloo. The Work is in great forwards, the Plabn, &amp;amp;c. are in the hands dthe Bagrwer and the whole wilt be completed early in January. Authentic commurliamo from military Gentlemen will be eemsed a peculiar favour. During the first week of Nm e will be published, banlsomely puia in 4to. containing four bundred page of Letter-press, with fifte engravings&amp;apos; executed in the Srst styl ofthe art, price 11. 59. in extra boards, Volume the First, Part I. of a Supplementtothe fourth and fifth Editions of she Eacyclopeelia Britatnica. To this fiBrt part of the Supplement to tbe Encyclopedia Britannica is prefixed.-bissertation 1. exhibiting a Geieral View of the Progress of MeAphysical, Moral, asad P&amp;quot;&amp;apos; litical Pbilosopby, sinme th Revival of Letters in Europ,. by Dugald Stewart, E sq. F. R. S. Lood. and didm &amp;amp;a. This Supplement will consist of fve volumesp similar in size to the prirwipal Work; and accompanied with eqravint. Tite scond Part of Vol. I. will be publisbed early in FebraY. Mr. Oldfeld bas nearly ompleted his Representative History of Gat Britain and Ireland, so long epecte1. The valuable dobeannets which he ha lasely procured, wiU leave a caun to regret the delay. James Simpsn, sq. Advocate of Edinburgh, has just published A VWis to Flanders, in July, 1815, In a ii a11l volume, with a plan of the batte of Waterloo. Mr. Elton is about to publisha mew abd improved edition of b*Transaio of Hesiod, uniform with his pecis of the Classic Poets. An elegant pocket edition, in three volumes, of the Worlk of Ovid, from the text of Burwanno, is just ready (r ptblication. This forms on ofa 00mc plete series of the Latin Poes *ad HB torians, publishing under the titde qdX &amp;quot;Regent&amp;apos;s Classics.&amp;quot; ThO atis r already published are Horace, Vhj as To. rence, J(venal, and Persia L Dr. Carey is about to pub a naw and improved edition of his English Prosody. Mr. Pope is preparing a edition of Idis Abridgement of the Laws of the Customs. It win make 1t appeanuwe as mm as he ii enabled to avail bisldf of the ajteratious which may be exWeted to take place at the ey5ing meeting of Parliament. Mr. W. Joneses History of the Wale denres, a new edition, enlarged to 2 Vol. Ovo. will be published in the course of the month of December. In January next will be published, an Essay on a more efficient mode of Class sical Instruction iu its early stages, tugether with a statement of its practical application, in which the general principle of the new mode of IidFucation) is systematically applied, and other im. provemoets suggese&amp;amp; By R. Keyms, of Blandfwd. Jonah, the Seetonlan Prize Poem, by the Rev. J. W. Bellamy, M. A. f Queen&amp;apos;s College, Cambridge, will be publisbed in a frw days. We have the pleasure to announce, that a new Establishment is about to be formed, to be called The Mso? ladsitute, which is intended to afford all the vantages of a Select Library, a Road. ins RtD, ad-Ltures, Literary and Scientific, on terms suited to the circumstances of the middle and industri. ous Classes. See the Advertisement on our Cover.</FullText> </Record>