<?xml version="1.0" encoding="UTF-8"?>
<Record> 	<Version>Record_v1.0.xsd</Version> 	<RecordID>4322155</RecordID> 	<DateTimeStamp>20180928135447</DateTimeStamp> 	<ActionCode>change</ActionCode> 	<RecordTitle>Art. IV. Athens and Attica: Journal of a Residence there.</RecordTitle> 	<Publication> 		<PublicationID>1714</PublicationID> 		<Title>The Eclectic review</Title> 		<Qualifier>London</Qualifier> 	</Publication> 	<Publisher>C. Taylor</Publisher> 	<Volume>16</Volume> 	<AlphaPubDate>Oct 1836</AlphaPubDate> 	<NumericPubDate>18361001</NumericPubDate> 	<SourceType>Historical Periodicals</SourceType> 	<ObjectType>Review</ObjectType> 	<LanguageCode>ENG</LanguageCode> 	<ISSN>2043-2151</ISSN> 	<StartPage>339</StartPage> 	<EndPage>344</EndPage> 	<Pagination>339-344</Pagination> 	<URLDocView>http://search.proquest.com/docview/4322155/</URLDocView> 	<Products> 		<Product> 			<ProductID>1007574</ProductID> 			<HasFullText>true</HasFullText> 		</Product> 		<Product> 			<ProductID>1009130</ProductID> 			<HasFullText>true</HasFullText> 		</Product> 		<Product> 			<ProductID>10000001</ProductID> 			<HasFullText>true</HasFullText> 		</Product> 		<Product> 			<ProductID>10000297</ProductID> 			<HasFullText>true</HasFullText> 		</Product> 	</Products> 	 	<FullText>Art. I V. Athens and Attica: Journal of a Residence there. 0 By the 1Rev. Clhristopher Wordsworth, M.A., lvo, pp. xii. 285. Plate. 3 Mlaps. Price 12s. London, 1836. N T() H IN?, we allow, can be easier than to write about Greece: we arc, in debater&amp;apos;s phrase, &amp;apos; free to confess,&amp;apos; that there exists abundant material for the discussion of that inexhaustible subject in all possiile ten-wl-, p}tst, lpr(efent, and fuitulre. We are not, however, equally prompt to admit that it is at all an eas-y thinigt t) write about Greece to the purpose. From the riddle-guesser who works at the hundre(l ijuextimnes vexatwi of her alboriginal history, to thc nostruin-monger who offl.rs his single remedy for the multiplied evils of her actual condition, or the busy idler who wanders without speilic object amid her rich and varied scenery, our shelves yield under the weight of the increasing mass; anti et, how little of all this is available for the purposes of tile student teeking for soundl and tiurable information. A few men of earnest intention laInd vigorous mind(, have understood their business, and done their tasking flirly; but how large tile majority who have written octavos and quartos concerning the magnificent wreck that still bears the naine of Greece, without casting a gleam of lihlit upom its obsetirities, or contributing a single suggestion towar(ds the eluei(lation of its history. On the whole, we like best to Imet with the nieinorandum-book of a traveller who, though perhalps no grvat practical antiqu1ary, nor deeply skilled in matters of art, carrits N ithi him, throtu.:ii scenes ot&amp;apos; gloriouts memory, a rich and ready&amp;apos; .tore of classical recollections, withi feelings and p)artialities promipt to real and app)ly them. Such a *journeyer is Mr. Wordsworth. Learned and loving Ivarning, lie has (evieictly derived a keen enjoynment from the opportiihitis ltlorde(l him o&amp;apos;f bringing into conitact the mental mid tle inaterial. Notbinc, in his volume has given us greater plem:ire, thaii the critical skill which lie has inanifested in the apluhieation of poetic le(gendg anl historical tratlitions to the illuistratioti ot the interesting objects that surrouintled him. If we have not found in his gratifying and instructive book, the l)rofes sill.;1 science of Stuart, or the l)rotoundl antiquarianism of l~eake and Cell, we hiave at least followed the traces of anl accomplishe(l scholar, through regions not to be satisfactorily exl)lored, l)ut l)y the aid *.t thorough scholarship. Notwithstanding the strenuous ifolrts Which have been made to obtain an accuratc knowledge of&amp;apos; the tolpgri-aphli Of&amp;apos; reece, ill connlection With its ancient history, mutich, vcrv muitch Vt reiaiuns to l)e done in this way, before we can arrive ait secure anid comprehlensive conelusions. The combilled pnrtwo.vSScs of oh)serv.tioin, recollectioni, reasoninc, and feelinll,, C11led tfrthi by thiCse investigations, are strikingly exhibited ;n the fillowing, extract. iMr. W or(lswortlh has just crossed from Elxiltva tt) tlie coutineiit, hb tle bridge ot thle 14utiriptus, and, full of I Ionieir, A\0,iz1icmim11on, &amp;quot;Ill&amp;apos; the (Grecian fleet, is keeping a sharp look-oit ti)r Atlli . We a&amp;amp;.-endl a 1ig1h rugged hill %vhich is on the righlt of our roatL, :und win the westernl vergIe of a tenilnsula formed by two bays. At its &amp;apos;4 lal 1it there is a ruiined HIellentic city, probably of the heroic age. Its Lu&amp;quot;. ju&amp;gt;hvgmial walls renaltin in their complete circiuit. The interior of thle city is strewed wvith lsrokcen pottery, nnd overgrown ith wild phiits. I t is ill an ancient city, like this, that the traveller feels, I might allllst say, anr emotion of gratitude, that the physical structure and inorgranic elements of this countrv are such aU they happen to be. N&amp;apos;Nture did well in forming, Greece of hard imperishable limestone. For from this formation it results, that thle moniuments here of the most reniote times, constructed with the native stone, with all the severity of age, combine the freshness of recent structure; thus appearing to i11)Irol)riate the beholder to themselves, and not to be influenced by hinm. Thely exist not, it seems, in their (?) age; but he lives in theirs. &amp;apos;fheir share in to-day seems greater than his own. &amp;apos;This is illustrated by the character of the place which we are now in. We enter the gate of this ancient town. The towers which flanked the (old gateway still stand, on your right and left. The grwwe of tile gate, the socket which received its bar, wem to have been receftly&amp;apos; clhisseled. Within the citv at tile N.w. a large square ciitern i. ; hewII ill the living calcareous rock : its clean sharp sides weem to liavL teeii lateal carve(l to receive a shower, which is expected son to faill. You advance to the eastern wall: n flight of stone steps invites VOU to) mount froim the airea oif tle city to a tower projecting from the wall, ill order, you might almost fanici&amp;apos;, that fromt its lofty eminence ! on0 lnliighit look down onl the vallev, the shore, and the Euripus now lyin behlow you, antd in order that you might thus assure yourself whei her or no the Grecian fleet of Agamemnon wtas still lingering in the l)ort of Aulis.&amp;apos; &amp;apos;T&amp;apos;he simple measure of throwing a bridge across the Euripus, :lnd thus uniting the isiland of Eubma with the continental terri. tory ot 1H(aotia, cflbcted the most iml)ortant p)olitical results. It i&amp;apos;tcriVred with the insular dominion of At icns, affiected most iiiinriously her commerce, and neutralised her maritime superiorily. &amp;apos;T&amp;apos;he existence of such a communication, however, en. h)ied Mr. W&amp;apos;ordswortlh to cross the strait much more to his convei lelnce, than by the doubtful conveyance of a crazy ferry-boat. His first object was Aulis, of which we have just given the descriptijon, as applicable to its modern state. The road skirted the dlore; an(l deep tracks worn in the rock, gave evidence of a time WhWI) these recgions were tenanted by a dense and active commercial p)opulation. A ishort ride from the bridge brought Mr. W. to A.ulis; and the &amp;apos; I)rofusion of fictile fragments &amp;apos; which hie found in the tarea, of the ancient city, may assist in its identification, S.ince we learn from Pausanias, that, in its decay and desertion, its Str&amp;apos;oiig walls answered no other purpose than that of sheltering a 1&amp;apos;w iiianufacturers of pottery. Leaving Delisi, the probable site {ti the ancient frontier fortress of Delium, and making a hoat eXcursion to the ruins of Tanagra, hie beguiles the tedium of a s1(illiewhat dreary road frem Aropus along the coast, to introduce 3 prge, or two of very ingenious verbal and topographical cntivisin,---more ingenious, we suspect, than certain. From lao, Mr. Wordsworth took the direction of Ithamnus and Marathon, anxious to explore the ruins of the temple of Nemesis, which gave sanctity to the former site, and to examine tile natural and artificial features which still attest and illustrate the victory of Miltiades. Of the two temples which once stood conspicuous on the Rhamnusian promontory, the wreck alone remains; but the platform on which they stood, the vestiges of walls and founds. tions, with fragments of columns, and various portions of the structure, furnish the antiquary with sufficient, details of a Satis. factory restoration. In the &amp;apos; Unedite(l Antiquities of Attica; thew are given with much skill, both of execution and explana. tion. Of the town itself, in its actual state, we cite the de. scription. 4 We leave the temples, and walk eastward down a narrow glen to the rocky peitinstila on whichi the tow%&amp;apos;n of Rlttaimius stool. Its re. uiiainis are considerable. We enter the western gate, tlanked by towers, and folloiv the line of the southern wall toward th. sea. This wall is well preserved. It is about twenty feet in leight: the part of tlhe town which borders on the sea is rendered very .strong Iv its position on the edge of high perpendicular rocks. h&amp;apos;o&amp;apos;1Iltg1h nlOt large, it wla thus well-adapted to answer the lprposes for which it w&amp;apos;as used, as one of the main maritime kevs of Attica. The beauty of its site, and natural fea~turesenhanced a;s it is by the interest attached to the spt, is the most striking characteristic of Rhanmnus. Standing on this lwninsullar knoll, the site of the ancient city, anmong w&amp;apos;alls aud towers grey with age, with the sea be&amp;apos;hind you, aind Attica before, you look up a wooly glen towards its termination in ain elevated platform, where, as on a natural basement, the teml)les stood, of which even the ruined walls, of white shining&amp;apos; marble, now show so fairly to the eve, through the veil of green shade that screens them.&amp;apos; Marathon is next described. A dreary plain, extending for several miles along the shore, presents nothing whatever to attract the eye: neither hedge nor (dwelling breaks its monotonous surfice, and the 1ew stunted pines or pear-trees which struggled through the marshy soil, shew but as in mockery of its barrenness. I In this level solitary place, the eye is naturall arrested by one object, which raises itselt above the surface of the lain more conspicuously than anything else. That object is the Tiimultis which covers the ashes of thoe Athenians who fell in the battle of Marathon. It lpIuclte((s a sensation of awe, to find oneself alone wvith suCch an object as this. It was a wise de-sign which buried these Athenians together under such a tonib, in the place on which they fell.&amp;apos; Marathon and its vicinity seem to be in a not much more tranquil state at prescnt, than they were during the Persian campaign: the diflibrenee lies simply between tile foreign invader &amp;amp;I)(d die native banditti. Outrages are continually committed. While MNr. -V. was on the spot, tle hlusband of his hostes wu jo the bands of tho &amp;apos; Klefts&amp;apos;, retained until a heavy r slould set him free. Our countryman himself was obliged to give UP his. intention of crossing Mount Pentelicus, the usua roadl from Marathon to Athens, since there was no chance of escape from the plunderers who infested the path. Even the lower and more circuitous route by the sea could only claim a comparative security; it was the 8eafer&amp;apos; way. Athens, how. cver, was reachied without accident; and the first glance gave nMelancholy illustration of the miseries of war. Houses shattered anid roofless; public buildings stripped to the bare wals or levelled witih thie ground; &amp;apos;p anked sheds&amp;apos;, offering a wretched Stibstitutc for the usually sumptuous bazar of the East. In the wi(lst of this &amp;apos; modern&amp;apos; and paltry desolation, rise the majestic ruins of the ancient city of Minerva. The Acropolis, with the lofty wreck of the larthenon and the picturesque fragments of the Erechltheum, rises impressively amid a chaos of broken walls awd l)attered hovels. The temple of Thescus towers over a plain strewed with a common-place jumble of the mean and the misernhle. Of this noble structurc, in its present state, our readers will thank us for citing Mr. Wordsworth&amp;apos;s brief description, to which we shall add his striking, though rather affectedly cxressel, reflections on the actual condition of Athens compared withl that of Rome. &amp;apos; Sucih is the integrity of its structure, and the distinctness of its det:tils, that it requires no description beyond that which a few glances might supI)l y. Its beauty defies all; its solid yet graceful form is iudlel a(ldir ale; and the loveliness of its colouring is such, that, from the! rich mellow hue which the marble has noW assumed, it looks as if it hald been quarried, not from the bed of a rocky mountain, but from the golden light of an Athenian sunset. &amp;apos;However melancholy may be the aspect of objects about us, it ain not but be felt that this very desolation itself has its value. It sim. 4lifies the Picture. It makes an abstraction of all other features, and le:ives thre spectator alone with. Antiquity. In this consists, particularly at the present period, the superiorit of Athens over Rome, as . retlection of the ancient world. At At ens the ancient world is every tiling; at Rome it is only a part, and a very small one, of a very great arid varied whole. &amp;quot;Riomam sub Roma querito,&amp;quot; said Aringhi, of the vast remains of the Imperial City which were to be found in the caitaconibs beneath it; the same expresion may be repeated of ancent Rome generally; for ancient Rome is to be sought beneath the Pome of the middle ages, and still further beneath the Rome of the 1 mnt (LrV. How rarely therefore is it found! On the Quirinal hltfew 31t1ldc think of the legend of Quirinus, while the Palaso Qurinc dawsle them wvith itA splendour. If we may u!se the illustration, ti* ancient characters impressed on the Romafn soil, cun onlv be demA-d with gat labour through the modern surface of the illuminated mWiNl of papal splenuldour which has been superscribe-d over thein. Atheag, an the other hand, though a very tatterml manuscript, in not yet, Ie Home, a P~alinipsest.&amp;apos; Notwithstanding all this, however, much has been rently brought to light, even at Athens, by the vulgar operations of the pickaxe and the spade. The soil of the Acropolis has been par. tiathf removed to a considerable depth, and valuable discoveries have rewardcd the enterprise. Remains of Turkish and Vene. tian engineering have been removed, and the foundations of the Parthenon made visible. Itelievos, works in l)ronze and terra. cotta, painted figures and heads, capitals and friezes coloured with briglht hues, of blue and red, were turned up (luring the pr.cvs%, andi the temnple of Victorv without wings has been uncovere(l and restored. The su!)terranefan passage which led from the grrotto of Agilauros to the temple of Minerva P&amp;apos;olias, has beil tlisokeovcr r;d ; and altogetlher we seem in a tfair wav to know as iuct-h o &amp;apos;Athens, asi can be ascertained by an energetic and skilful %~stY m of exploration. &amp;apos;Thus muc i may suffice as a general indication of the character anti contents of this interesting volume, which contains a fair propt)ortioni of valtable illustration, even of sul&amp;apos;jects that have huctn examined an(d (disculssed I)v Stuart and Lfeake. W\e cannot, lowever, think the book improved l)y the political allusions which McW&amp;lt;;sivonallv e reep/) DlIt, .and seem to in(licate that the Author belungs to the onuesided school oft Mitford and Mitchell. One of these is, it we read its import aright, especially absurd. Mr. W\ordsworthi, in it N IMcetloii-andl-Mlonmouth sort of comnparison lhtwtcn the Athenian Acropolis and the l&amp;apos;russian fortress of I-Airenbreitstein, speaks of the latter as the &amp;apos; representation&amp;apos; of the &amp;apos;chivalrous and Chbristian.&amp;apos; It is juYt possible that the allusion here nayv be to some legend of by-rone days; but we can only take it as a reference to the more recent period when Coblentz was the rallvina point of the French nohlem. e. We can have no objection, certainly, excel)t on the score of taste, to this transformation of the Count d&amp;apos;Artuis into a Paladin, and his associats into the chivalry of Christian faith and morals; we may, however, just intimate our own conviction, that all such comparions are, as .M.rs Slipslop says, &amp;quot; odorous&amp;apos;;-.that, if the Revolution de.%trovel the French monarchy, the Emigration betrayed it;anti that, if no other proof were tangible, of the bad feeing and umtinuate bigotry of thesc pre.mr Aevnliers, it would be imrfragable iii their treatment of the consistent and high-minded</FullText> </Record>