<?xml version="1.0" encoding="UTF-8"?>
<Record> 	<Version>Record_v1.0.xsd</Version> 	<RecordID>4324678</RecordID> 	<DateTimeStamp>20180928135325</DateTimeStamp> 	<ActionCode>change</ActionCode> 	<RecordTitle>Art. II. De Poeticae Vi Medica. Praelectiones Academicae Oxonii habitae, Annis 1832-1841, a Joanne Keble, A.M. Poeticae Publico Praelectore, Collegii Orielensis nuper Socio.</RecordTitle> 	<Publication> 		<PublicationID>1714</PublicationID> 		<Title>The Eclectic review</Title> 		<Qualifier>London</Qualifier> 	</Publication> 	<Publisher>C. Taylor</Publisher> 	<Volume>17</Volume> 	<AlphaPubDate>Jan 1845</AlphaPubDate> 	<NumericPubDate>18450101</NumericPubDate> 	<SourceType>Historical Periodicals</SourceType> 	<ObjectType>Review</ObjectType> 	<LanguageCode>ENG</LanguageCode> 	<ISSN>2043-2151</ISSN> 	<StartPage>22</StartPage> 	<EndPage>42</EndPage> 	<Pagination>22-42</Pagination> 	<URLDocView>http://search.proquest.com/docview/4324678/</URLDocView> 	<Products> 		<Product> 			<ProductID>1007574</ProductID> 			<HasFullText>true</HasFullText> 		</Product> 		<Product> 			<ProductID>1009130</ProductID> 			<HasFullText>true</HasFullText> 		</Product> 		<Product> 			<ProductID>10000001</ProductID> 			<HasFullText>true</HasFullText> 		</Product> 		<Product> 			<ProductID>10000297</ProductID> 			<HasFullText>true</HasFullText> 		</Product> 	</Products> 	 	<FullText>Art. II. Dc Poetics Vi Medica. Pralcctioncs Academical Oxonii habitas, Annis 1832?1841, ? Joanne Keble, A.M. Poetiae Publico Prcclec- tore, Collegii Orielensis nu per Socio. Oxonii: J. H. Parker. 1844. 2 vols. pp. 853. These two volumes contain thc lectures delivered by Mr. Keble, during the ten years in which he held the professorship of poetry in the university of Oxford. Each election to it is for thc term of five years only; but at the expiration of that term, the professor may bc re-elected for five years more. Among Air. Kcble&amp;apos;s predecessors are found the names of Milman, Coplestone, and Lowth; the well known lectures of thc last mentioned professor on Hebrew poetry were delivered on thc occasion of his holding this chair. As the volumes before us contain thc deliberate and well weighed judgments, which one, eminently imbued with thc poetic spirit, has been led to form, respecting thc essential nature of poetry, both as viewed in thc abstract, and as illustrated in thc writings of Homer, of thc three Greek tragedians, of Pindar, of Lucretius, and of Virgil (not to name some others who occupy a less prominent place), we do not doubt that our readers, even those who are themselves not unfamiliar with the Latin language, will thank us for giving in our own tongue a somewhat extended account of their contents. While doing so, we shall venture, occasionally, to express our sentiments both on the opinions here advanced and on the subjects respecting which they treat; but our object will not be so much to criticise Mr. Keble&amp;apos;s performance, as to develope his viewTs for the information and pleasure of our readers. We shall have no occasion to enter upon another of those discussions of Puseyism, with which thc present generation is so much vexed, and which the author before us has himself been so largely instrumental in originating. If he has here and there let fall a sentiment belonging to thc catholic school, he can yet be hardly charged with having designed to convert sesthetical investigations into vehicles of catholic teaching, or to have done more than may be fairly allowed to a man who is really in earnest. If our readers recollect what an impulse has been given to thc development of thc views referred to, by the publication of the &amp;apos; Christian Year,&amp;apos; they will also recollect how deeply tinctured that volume is (elaborate as it certainly must always bc felt to be) with the genuine spirit of meditative poetry. They will thus perhaps be disposed to concede that large measure of deference to his views on this subject, which they would feel constrained to withhold from his sentiments on subjects of far deeper importance. Those who know thc volume of poems referred to, or, indeed, consider the general tendencies of the system lately put forth by the Oxford party, will readily suppose, that Mr. Keble is a profound and reverential worshipper of whatever tho consent of ages has pronounced worthy of worship. Too familiarly, he complains in his first lecture, has it been thc fashion for the last age or two, to handle and discuss the remains of great poets; with too great rashness and petulance arc those sanctuaries commonly invaded; whatever new thing, whatever notion unheard of before, any one fancies he has excogitated, without any hesitation, without any scruple of pious reverence, is at once and with a mighty outcry brought out and cast down before others. For himself, though he is sometimes apprehensive, that, just as in the advancing daylight the beautiful tints of morning are wont to fade away from the sky, so the gratification, which in thc period of youth is derived from poetry, may likewise have become fainter and more languid in his mind; yet he feels that his agc warrants him to entertain one confidence : in the whole of the work before him, he hopes that he shall, as in a matter of solemn interest and of almost sacred in- violabilitv, listen carefully to the dictates of profoundest reverence, and, if he may promise any thing for himself, he promises that he will. He is fully aware of the embarrassments and disadvantages which arise&amp;apos; from the obligation entailed by the conditions on which the professorship is held, to lecture in thc Latin language. Yet, on thc whole, he is far from expressing dissatisfaction with the arrangement. He is glad to be thus withdrawn from the temptation to usc that style of criticism which is now so much in vogue. For the benefit of our brother-reviewers, as well of all writers whatever who may read our pages, we will give thc estimate which, with too much justice, he forms of the mode of composition so popular in the present day. ? I am not sure whether it will not be much more advisable in the present day to discourse on poetry in the Latin than in the English tongue. I cannot, indeed, deny, the grief and vexation I am myself almost every hour experiencing?that whatever genius one is possessed of is thus in a manner kept down and shackled; that invention is dulled; that the whole mind more quickly becomes languid and weary; that whilst we arc on the hunt for words and phrases, and are seeking to produce something in a knowing [scite] and really Latin dress, we are in great danger of receding from the actual truth of things. It is so. Yet I would not, therefore, wish any change herein to be made, because I think, that from the opposite side there are evils yet greater and yet more incompatible with the spirit of our present pursuit. Matters are now come to this pass, that in writing poetry he is thought to achieve just nothing, who does not contrive to dazzle the eyes of his readers by a never-ceasing recurrence of splendid passages. There is now nothing sedate, simple, unaffected; everything which is said is destitute of all repose, and extravagant, and turbid, not to say, unnatural, and revolting. One may fancy himself listening to the singing of a number of little boys who have not been trained to the practice, and whose only effort seems to he, to sing each as loud as he can ;?how harmoniously, with what propriety, or with what sweetness, they neither care nor indeed know. 4 In this decline of poetry, it could hardly be expected that criticism would maintain its own functions in unimpaired efficiency; for in a most corrupt condition of a commonwealth who would hope to find the judges free from corruption ? In the present day, at any rate, it has come about, that those very men, whose business it properly was to keep down all unruly growth, are every where running wild in unchastened luxuriancy, both of thought and of expression; that thev who ought to have been engaged in cutting back all that was ambitious,&amp;apos;are themselves the most chargeable with the same fault; that those who ought to have confirmed the judgments of natural feeling, do themselves daily sow in the public mind thc most idle fancies and the most empty opinions. In a word, too much is accorded to cleverness, too little to truth. * Further, nothing can be imagined more obtrusively annoying than these Reviewers. Some of them once a week,?others, more modest, once a month,?those, who exercise the greatest self-denial, at any rate four times in the year, come back upon you boasting in the name and position of critics. Very small is the number of those, who, in such rapidity of composition, do not say very many things in a manner quite different from what is alone right. But however absurd they may be, they almost all of them find some to support them, and, which is worst of all, some to read and to buy their effusions. &amp;apos; Such being the case, I do not think it has fallen out amiss, that in the discharge of a very important work we are bound to such regulations, as have more regard to your dignity and to the interests of that severer kind of learning which belongs to tlu3 place, than either to the short-lived gratification of the ear or to the judgment of men more remarkable for acuteness than for depth. We shall bear without repining the absence of some things, which on other occasions are most desired and most advantageous, such as reputation, popularity, crowded benches; further, wc shall be resigned to a more serious inconvenience than this, the loss of many admirable topics of discourse such as might in the very highest degree assist us in the successful achievement of our work;? provided only, as on a matter so sacred, nothing is uttered which is marked by affectation, nothing which is tinctured with a false colouring for the sake of mere effect, nothing which is not characterised by ancient truthfulness and simplicity.&amp;apos;?vol. i. pp. 6?8. To thc inconveniences, which Mr. Keble enumerates in the earlier part of this extract, we think he might fairly have added that which arises from the imperfection of the Latin language, when employed as a vehicle of philosophical investigation. We know that Cicero judged very differently of his mother-tongue; but the consideration of what he has himself achieved in his attempt to express in Latin the refinements of Grecian philosophers, is enough, one would have thought, to deter any modern from thc attempt to write in that language on subjects requiring any degree of philosophical nicety. And further, would not a greater service have been done to English criticism, if Mr. Keble, for instance, had published in his own tongue discourses on the subject of poetry, conceived with the same regard to ? ancient truthfulness and simplicity,&amp;apos; which he has propounded to himself as his aim in the above extract ? There arc, we believe, but few readers, however well versed in Latin, ancient or modern, who would not have understood his precise meaning far better, than when put, as it now has been, into thc disguise of a Latin dress. But taking matters as wc find them, and waiving the remark which wc might urge respecting reviews, that they arc very often thc means of introducing into the world the most effective and deeply-weighed productions of our best writers, and that Mr. Keble ought not to suppose, as he seems to do, that the same persons write every month or every quarter,?waivingall this, the observations made in the passage just translated are deserving of the most serious consideration. That affectation of point and study of making the diction striking?that continual aiming at something especially clever or strong?that absence of the repose and symmetry which are the proper concomitants of a well developed* intellect and a perfectly educated taste? that want of simplicity, in short, in wrords and sentiments, of which Mr. Keble so strongly expresses his abhorrence, may be regarded as thc most crying sin in* our ordinary literature. It is probably, in most cases, only the result of imperfect mental culture: in some, however, it is mere affectation. But, even when associated, as in a very few it may be, with ability, it is always repulsive. We have ourselves been greatly struck by the simplicity, in some instances almost approaching to baldness, which characterises thc writings of men of thorough education wiien dealing with topics which really interest them; and after perusing thc plain, manly, and yet often beautiful and deeply moving language of Mr. Newman, or other leaders of that school, we have almost sickened in heart at the reflexion, how much their severe taste would be at once offended?we might almost say disgusted, by thc style employed by some of our most popural modern authors,? by some even of those who, not without due qualifications, have challenged their attention as opponents. And if the defects of style referred to are thus prejudicial to the influence of such writers, what are we to say of the large and everincreasing class who have little or nothing to set against the deep demerits of flippancy, rhetorical inflation, or anxious grasping at striking points ? But we must return to thc lectures. The question which, in effect, is first discussed is, what is the nature of that gratification which is received from poetry ? And justice to our author requires that we should state his views on this point at some length. They arc as follows. Our nature is so constituted,that when we areunder the excitement of any strong emotion, it is a great relief and solace to be able to express our feelings in some way or other, whether by words or by gestures. The many forms of passionate exclamation and execration which arc common in all languages, however deserving of deep censure the last may be, will serve as examples ?their utterance relieves the bosom in some measure of that strong excitement with which it is overcharged. But there is, also, in thc minds of all but the most abandoned, an antagonist principle of shame, which tends to check and repress the utterance of our deeper feelings. And this sensibility to shame is often seen to exist in the very highest degree along with keen sensibility in other respects. Men the most susceptible of emo- tions of ambition, or grief, or desire, are often so strongly influenced bv this instinct of bashful reserve as to be the most ? disqualified for their expression. They cannot speak their feelings. Akin to thc emotions just referred to, which are thus checked in their expression, is that of vague aspiration after the achievement of some great thing which, however, as yet, hovers before the mind in a fluctuating and undetermined shape :?Aliquid jamdudum invadere magnum mens agitat;?an aspiration, which may be drawn forth by the contemplation of human life, or of the beauty of thc universe, or of ideal virtue. Under the influence of such emotions, human nature requires some mode of relieving itself of its overcharged feelings; and that provident and all-merciful God, who tempers not only the heavens and the earth, but also the hearts of men, has provided for us the needed succour in the gift of poetry. And wonderfully does poetry soothe and tranquillisc the spirit. Whilst, on the one hand, it leads the mind to linger upon words, and numbers, and measures, it rccals it, without seeming to do so, from its cares and anguish; and, on the other hand, whilst occupied in thc labours of imagination, whilst recalling the past and presaging thc future, and imbuing everything with that colour in which the mind for the time best loves to view it, one feels that it spares andindulgcs his raging passions, and that at last it has accorded to the soul the boon, the refusal of which proved Dido&amp;apos;s ruin?requiem spatiumque furori. And, for those feelings of virtuous reserve, and that fear of the broad daylight, which have been spoken of, how could their indulgence be better provided for, than when, through those indirect methods which poets best know, the mind, whether labouring under the excitement of passion, or exalted by its higher aspirations, finds itself at last enabled to disclose its inward thought? In this occupation, likewise, those vague desires after the great and excellent, of which many are the subjects, meet with their long desired gratification; before, there was wanting something to determine their choice amidst a thousand paths which presented themselves to their selection; but now this embarrassment is removed in the occupation of working out the forms of poetical composition. We may therefore regard this most excellent art of poetry as a kind of divinely-infused medicine, designed to heal the secret disorders of the mind without offending the feelings of shame, to give play to the tumult of the passions, and yet at the same time remind them of the necessity of order and moderation. Our readers will now understand thc first words of the titlepage ; it is &amp;apos; On thc healing efficacy of Poetry,&amp;apos; that Mr. Keble discourses throughout thc whole scries of lectures. The view of the subject now taken, the Professor proceeds to say, is confirmed by the application of the term poetical, in the language of ordinary life. This term is applied to many cases where there is no metrical composition: what is the element present in such cases, to which the epithet especially attaches ? When the youthful Perdiccas, mentioned in the eighth book of Herodotus*, (chap. 137), together with his brothers, was refused his lawful wages by the king, who answered the demand by pointing to the sunshine streaming into the room through the chimney, (which then admitted air and light, as well as carried off* thc smoke), and saying, &amp;apos;I give you this sun ? they are the wages you deserve/ he replied, &amp;apos; We receive your offer, king;&amp;apos; and forthwith with his dagger he traced aline on the floor, enclosing the sunshine, and, after thrice drawing, as it were, some of the sunshine into his bosom, he left the apartment. No one would have witnessed this scene without recognising in thc boy&amp;apos;s behaviour a scintillation of the poetical; and it was indicated in this, that he sought by this singular pantomime to relieve his kingly spirit, cager for distinction, but not yet ripe for the business of actual life. If those aspirations had been checked in the paths of ambition by unfavourable circumstances, one might easily conceive him endeavouring to soothe his disappointed hopes, as he best might, by some such strains as those of Homer, and growing old in singing of battles. Again; take the case of the lower orders, particularly of countrymen. It savours of mere arrogance to deny to the poor a participation in what seems rather to be inherent in human nature as such ; and greatly are those wealthier men mistaken, who, deeming thc perception of magnificent and wild scenery to be the principal aliment of the poetical in the contemplation of external nature, arc thus lcd to despise them who familiar only with thc homely scenes of agricultural life, as incapable of the poetical sentiment. There is, indeed, good reason for suspecting the genuineness of those feelings of delight, which they themselves so loudly talk of, as felt by them in beholding such scenes. Wc must herc follow the example of the Professor, who, we fancy, has led us a little out of the direct course of his argument, in order to introduce the following passage, of which the beauty is so conspicuous as, we trust, not wholly to disappear even in our translation. # But grant them (these expressions of delight at wild scenerv) to be ever so genuine, and to flow from deepest inward feeling ; yet they are not those which best become one truly smitten with the love&amp;apos; of streams and woods. By him whose soul has once been touched, as it were from heaven, hy the sweetness of external nature, those common delights which belong to all places,?such as the aspect of the clouds and the stars?the various revolutions of the sun and the moon,?the tints of spring and of autumn?the singing of birds?the sounds of winds, waves, and trees,?by such an one, I say, these objects, and the like to these, which are confined to no particular spot, will be perceived with so lively a pleasure, that he will regard as but of small account such as are the peculiar characteristics of the several localities in which they are found. One really fond of the country will everywhere feed on these as his vital air ; and thus, though he may feel delight in other things, he will always prefer to all besides his own neighbourhood, as the abode of his fathers, as the seat of his home, and a9 endeared and made sacred to him by the offices of human life. If, then, we compare the views severally taken by untutored countrymen and by men of education, respecting the beauteous variety of natural scenes which surrounds us, it will be worthy of our serious consideration, whether the difference does not lie here; ? that the latter are better pleased with the remote,?the former, by the familiar and homely; that the latter appear disposed to discourse upon the sweetness of particular localities, but the former to rejoice and boast in the common gifts of nature. And this being considered, I question whether those, who belong to the class of what are called gentlemen, care more for the &amp;apos; rura et riguis in vallibus amnes,* than those who are destitute of the advantages of education. If I may be forgiven for saying so, I do not suspect that there are very many who really care about these things, either in the one class or in the other.&amp;apos;? pp. is, 19. It is evident that Mr. Keble is a true disciple of the true faith in poetry, whatever he may bc in theology. Nearly fifty years ago, the Bard of Westmoreland?(long may he live to wear the wreath with which an admiring, and at length sympathising country, has encircled his head! and surely, amongst thc numerous tributes of homage which he receives, he cannot be wholly indifferent to the reverential and affectionate dedication which prefaces these lectures)?it is nearly fifty years since Mr. Wordsworth sung to ears, which were then, and continued long afterwards to be, through the loud and harsh discords to which they were wilfully surrendered, insensible to his music, such notes as these:? &amp;apos; Long have I loved what I behold, The night that calms, the day that cheers ; The common growth of mother earth Suffices me, her tears, her mirth, Her humblest mirth and tears;&amp;apos; and since he denounced the mere man of thc world, represented under the guise of Peter Bell, as one whom the ordinary sights of nature could not affect;? ? A primrose by a river&amp;apos;s brim, A yellow primrose was to him, And it was nothing more.&amp;apos; ? The soft blue sky did never melt Into his heart,?he never felt The witchery of the soft blue sky.&amp;apos; This coincidence in sentiment may be perfectly accidental; at any rate, it is clearly traceable to an agreement of feeling, respecting the essential nature of the poetical, widely different from that superficial agreement which is distinctive of a mere servile imitation. But to return to the thread of the argument. Taking thc case of the lower orders, particularly countrymen, thc poetical is recognised, first in the fond reminiscences of their homes, when removed from them by the circumstances of life?those reminiscences so beautifully expressed by Bums, in a well-known verse, which, of course, the Professor could not produce in his lectures without putting it into a classical form, and has accordingly given in the style of Theocritus. His translation seems to us to be sweet, but the &amp;apos; hamely&amp;apos; Scotch Doric is, wc fancy, much sweeter:? ? I look to the west when I gae to rest, That happy my dreams and my slumbers may be : For far in the west is he I lo&amp;apos;e best, The lad that is dear to my baby and me.&amp;apos; Burns*s Letters, No, 116. Thc expression of this feeling in such lines as these, is the work of an accomplished poet; but the feeling is evidently one which many a countryman has shared who could not thus write. Thc renewal by colonists in far distant lands of thc names of places dear to their recollections, is an indication of thc same poetical element; as likewise is the desire so common, in the minds of countrymen particularly, to bc buried in the churchyard with which early habits have rendered them familiar. Their punctilious care in the performance of funeral rites, and the tokens of their pious recollection of thc deceased, given in their scrupulous regard to their wishes, in their long continued signs of mourning, and in their periodical rcvisitings of their graves?furnish a second class of illustration. Thirdly, we may trace it in religious usages, &amp;apos; in the universal reverence for the most holy cross, which, hardly any one will deny, might have been originally suggested to pious minds by nature herself?only wc cannot but regret and most strongly disapprove of the abuse, in which, through supposing some virtue to cling of necessity to its use, they imagine, either that God can be appeased by a bare sign, or that, as if magically, it can bc applied as a remedy to the ailments of the body, instead of being a mere solace for the mind;&amp;apos; in the regard for relics, which &amp;apos; first soothe the desolate feelings of mourners; and then, being preserved, arc believed in course of time to have in themselves something sacred and salutary;&amp;apos; waiving thc discussion of the most important question, whether ? mortal judgments in these matters have not in many cases received a sanction from heaven;&amp;apos; * and in the respect paid to portents and omens, interpreted with reference to the objects of their deepest interest for the time being, and founded on the persuasion that the invisible world sympathises in our good and our evil. The sentiments which originate these various phenomena, (and many others might be mentioned) may, without hesitation, be called poetical; i for the common language of educated persons when speaking of the country, agrees in this, that whatever they see devised by countrymen, out of the ordinary course of things, and with a certain degree of grace, for thc purpose of expressing their feelings of piety and natural affection, whether it pertains to regard for places, or to the memory of the dead, or to religion, this they immediately wish consigned over to poets, as materials proper to their art/ In painting, if wc compare the celebrated picture of Rubens, thc Descent from the Cross, with Raphael&amp;apos;s Transfiguration, wc shall sec what it is that forms that clement of poetry, which Sir Joshua Reynolds has described as so frequently attaching to the productions of the Italian, and as so generally absent from those of Rubens. However perfect is Rubcns&amp;apos;s imitation of nature, however masterly his management of light and shade, of composition and of colour, he is yet defective in expressing devotional feeling; and hence, it is rather admiration of his skill, than the feeling of piou3 reverence, which fills the mind in thc contemplation of this his chef d&amp;apos;oeuvre. But when we turn to thc Transfiguration, though the twofold scene which it exhibits?on the one hand, the Son of God on the summit of the mountain, clothed with unapproachable light, and, on the other, thc disciples at the foot of the mountain, contending in vain, in the absence of their Master, with thc demon,?certainly at first offends the eye, especially as the disciples really seem tall enough to overlook the mountain ; yet it is felt incredible that Raphael could have done this from ignorance of his art: * We are not sure whether we understand Mr. Keble here; his words are: ?&amp;apos; Ut illud gravissimum in prucsens disputarc omittnm, an ccclitus etiam comprobari videantur multa mortalium in his rebus judicial Mr. Newman maintains, we believe, the historical truth of at least very many of thc miracles which are believed in bv the Roman Catholic church. his design was in this way to exhibit the more strikingly the tranquillity, blessedness, and glory of the one scene, by placing in close contrast with it the distress and anxiety of the other. He did not mind the appearance of being guilty of something like blundering in his art, if he might succeed in making an impressive exhibition to all ages of pious feeling. In sculpture it is universally allowed, that the poetical reigns far more than in painting. And why is this ??except that sculpture, being more simple in its means of imitation, is thus thrown back from the bare imitation of nature upon the expression of feeling, which, in this case, can be little more than merely a distant intimation. Thus poetry is again shown to be the disclosure of secret feeling conveyed through the imagination, (curarum index, phantasies interpres). In architecture, the poetry of the Norman style, with its round arches, its massive arch-piers, its small amount of tracery, and its general solidness and simplicity of structure, consists in the adumbration of firmness and immutability, in the instilling of sentiments of constancy and unaffected fortitude. On the other hand, the gothic, with its pointed arches, its high and slender columns, its complex tracery, its large and numerous windows, all directing the attention onwards to r the penetralia of the temple, that most sacred shrine, than which there exists nothing more divine beneath the skies/ while again its lofty tapering spires seem to bc so many fingers pointing to heaven, partly by a kind of sweet delight soothes and cherishes the spirit in the presence of God,?partly by its splendour teaches us, that to the benignant Deity true wrorshippers ought ever to present thc largest and most costly offerings. It is needless to dwell upon the poetry of music which obviously presents just the same characteristics. Leaving this and going on to oratory, let us, among the ancients, compare Cicero and Plato. What orator was ever more musical, or more ornate, or more empassioned, or more abounding in imagery, than the Roman ? Yet no one would allow him to be a poet] even if the poetical form were not wanting. But all would immediately agree, that Plato has rightly been called even &amp;apos;Owpov ko w moots po $. And the reason is this: Cicero is always oratorical, always imagines himself exhibiting before an audience; and so he presses and urges his point, and pours out everything which may have the effect of moving the minds of his hearers; whilst Plato seems to be indulging in his own bent rather than seeking to influence others; to mean generally more than he says; to abound, indeed, in most beautiful thoughts, yet so as evidently to leave more behind unsaid. &amp;apos; You may wonder that one who came to his paper with so full a mind should have so religiously have observed the maxim, manum de tabula. but I fancy he did it from deep love, thus at once commending the objects of his chief affection to those worthy to receive the communication, and seeking to conceal them from those who were not worthy : Qnvvcivra avvtroioiv* l^Sl rb irav, i^fitjvfutv x?ri???.&amp;apos;?vol. i. p. 38. If wc come to more modern writers, every one knows the passage in Burke&amp;apos;s &amp;apos; Reflections on the Revolution in France/ (Works vol. v., p. 119,) in which he speaks of the fall of the Queen of France. Magnificent and splendid indeed it is: but hardly poetical: it has too much of the rhetorical air; it strikes thc mind as having been too studiously adapted for the ears of an auditory. But take the following passage from Jeremy Taylor&amp;apos;s Funeral Sermon on Lady Carbery. (Works, vol. vi. p. 476.) &amp;apos; In all her religion and in all her actions of relation towards God, she had a strange evenness and untroubled passage, sliding towards her ocean of God and of infinity with a certain and silent motion.&amp;apos; No one can doubt that this came out of a full heart?that he who said this would have said something similar if speaking with himself. In short, Taylor speaks as a poet, Burke as an orator. lt will now be evident why madness has so often been stated as necessary to the true poet. Not to quote any of thc numerous passages to this effect, which occur in Plato and other ancient writers, our own Shakspcarc has expressed thc same thought in the Midsummer Night&amp;apos;s Dream, in which he ranks thc poet with the lunatic and the lover. To constitute a real poet, there must be some deep feeling in the heart, of which the man seeks to relieve himself by this reserved mode of expressing it. Our attention is next directed to the origin of poetry viewed historically. Of this the account given by Mr. Keble is as follows : The earliest known specimens of the art are of course to be sought for in thc Pentateuch ; and Dr. Lowth has supposed that the very first in order of time is Lantech&amp;apos;s address to his wives, preserved in thc fourth chapter of Genesis. The poetical form of that address is apparent to the most cursory reader; and its production is due, according to the views now propounded, to Lantech&amp;apos;s deep remorse for some homicide he had been guilty of, which sought thus, in some measure, to relieve itself. The notion of Lantech&amp;apos;s being the originator of poetical composition, is confirmed by its being noticed, that his younger son was s the father of all such as handle the harp and the organ/ (Gen. iv. 21.) But Mr. Keble traces the poetical spirit, though somewhat obscurely developed, in the sentences pronounced by God upon our first parents, and upon the serpent. He disposes them as follows: ? Cursed art thou all above all cattle, And above every beast of the field ; Upon thy belly shalt thou go, And dust thou shalt eat ali the days of thy life ; And I will put enmity between thee and the woman, And between thy seed and her seed: lt shall bruise thy head, And thou shalt bruise his heel.&amp;apos; 41 will greatly multiply thy sorrow and thy conception ; In sorrow thou shalt bring forth children ; And thy desire shall be to thy husband, And he shall rule over thee.&amp;apos; ? Cursed is the ground for thv sake, C? rn In sorrow shalt thou eat of it all the days of thy life ; Thorns also and thistles shall it bring forth to thee ; And thou shalt eat the herb of the field; In the sweat of thy face shalt thou eat bread, Till thou return to the ground out of which thou wast taken; For dust thou art, And unto dust shalt thou return.&amp;apos; In so sacred a matter he would not wish to give too much weight to mere conjectures; yet he cannot but feel, that the vastness and depth of the Divine Benignity may, in the obscure intimations of mercies, both immediate and future, which were then given, amid denunciations of judgment, to the guilty, be fairly regarded as communicating to thc passages now quoted an element which constitutes them the earliest compositions of poetry which are extant. But however that may be, Noah&amp;apos;s curse on Ham, which in form is evidently poetical, proceeded from feelings of wrath: 4 For, I trow, that incensed Father is not, because he uttered oracles as a prophet, to he therefore regarded as expressing no feeling of his own; for the Supreme Instructor has always, in some degree, indulged the feelings of the men through whom He has communicated His will, even in the case of prophets, and even when they have been most overborne by their inspiration : in each case the style of composition, the feelings and the character of mind belonging to&amp;apos;the individual have been left untouched.&amp;apos;?vol. i. p. 49. And so Isaac pronounced his blessing under thc leadings of blind affection; and Israel his, from attachment to his offspring ; and Moses his, from strong emotions of patriotism; ((fen. xxvn. li), Pout, xxxiii;) and so of the rest; &amp;apos;for it bc- came that supreme wisdom not violently to expel nature, but gently to insinuate itself into nature.&amp;apos; These instances may sulfice to illustrate thc truth of the position now assumed?that thc most ancient and unaffected poetic compositions which wc possess, were a kind of alleviative medicine ; and that the Former of the human mind, having seen fit to employ poets and poetry, has, generally, purposely chosen those to lie his prophets, whose own minds burned with impassioned feeling and much needed that relief.?Ps. xxxix. 1?3; Jer. xx. i). A consideration of those pieces of poetry which have been translated from the languages of barbarous tribes, whether Danes or North American Indians, Polynesians or Laplanders, specimens of which are next cited, is confirmatory of the same view ; they arc found to be expressions of the feelings which were most deeply scated in thc minds of those several nations. That form of metrical composition which we may call thc Sententious, such as is exhibited in a very large proportion of thc Welsh Triads, can hardly be regarded as poetical?unless when the poet added to thc sentences of the ancient sages some indication of his own regret or admiration, which is by no means a rare case. Poetical composition having thus conic into being, there were two classes of men to whom it would be likely to be acceptable ; thc one consisting of those who were the subjects of sonic similar passion, thc other of those wrhosc minds were languid and torpid from having too little to do. To both of these classes, the poet would be a most acceptable personage; in the ono case opening a way of relief to the over-excited spirit, in thc other operating a gradual excitation on those who were sunk in apathy. Beginning in consequence to bc regarded with respect and affection, what he had at first essayed from a sort of blind impulse to soothe his own spirit, he would soon come, from various motives, to repeat, to modify, and to dress up into certain forms. How could he avoid doing so? Friends would require it of him; those in authority would command his services; he would be himself allured to thc course hythe sweetness of numbers, and, more than all, by a consciousness of his powers. Then others would begin to imitate him, according to their several powers of mind, or their nicety of car, or their faculty of lofty utterance. Farther, it was no small matter that poetry proved to be a means of acquiring favour and securing gain; so that, by degrees, in addition to the original class of poets, there would grow up an infinite varietv of others: Quam qui soire velit, Libycivelit eequorig idem Discere quam inultic Zephyro turbentur arena*, Ant ubi nuvigiis violentior incidit Eurus, Nosse quot lonii veniant adlitora flucins. ? And yet, just os they say, that in music there are certain first elements and seeds, so to speak, peculiar to each kind of harmony, which being once properly understood, the strain of the whole harmony becomes intelligible ; so poetry will never be found unmindful of itsprimary source, i.e. the healing tendency which originally and peculiarly belongs to it. When this vanishes altogether, however elegant the verses which you may write, you will yet be no more than an accomplished imitator of poets; an original poet yourself you are not.&amp;apos;?vol. i. p. 54. Mr. Keble next proceeds to inquire, what are the criteria for distinguishing genuine and native poetry from that which is secondary and imitative? Such a question in particular instances, must often be answered rather by a certain tact or feeling than by rules admitting of decisive application. Yet wc shall bc assisted in deciding on a few principles of discrimination, by considering what are the signs by which deep and earnest feeling is discernible in a man&amp;apos;s ordinary conversation. Three at once present themselves. 1. Consistency. Generally speaking, the man who suddenly or quickly varies in the expression of his sentiments, bringa thereby the sincerity or earnestness of those sentiments into suspicion. This is not, indeed, a universal rule; yet as men are generally found to be, consistency in the expression of feeling is truly regarded as one proof of sincerity. Applying this test to Spenser, we find that whatever is the subject or the strain of his writing, there is at all times a consistent manifestation of a deep, earnest love of true nobleness?save in a very few passages, assignable to an over-curious imitation of ancient writers. Shakspcarc, again, throughout thc ever-varying depicting of character with which his plays abound,?with the exception of a few anomalies, attributable partly to the times, and partly to his desire of rendering vice odious by its full exposure, as Spartans are said to have inspired their sons with a hatred of drunkenness by making Helots drunk before them, [might not a christian teacher have added, partly too to thc weakness and depravity of our nature, too apt to throw their blots even on the exalted portraitures which genius can so nobly depict]?never fails to leave his readers profoundly impressed with antipathy to vice and admiration for the highest conceptions of moral excellence. In his case this is all the more remarkable, because of the wholly different character which attaches to the compositions of most of his contemporaries who wrote for the stage. When, on the other hand, we find a writer, adopting and then laying aside with contempt, and then presently adopting afresh, the most incongruous aud self-contradictory sentiments, it is natural to doubt the genuineness of his inspiration. Thus it is with Dryden. His command over words and thoughts is worthy of all admiration; but in this respect he appears to fall short of the sacred character of a poet, namely, that you can never believe him sincere in praising any one person, or suppose him really to care for any one subject that he handles. 2. A second characteristic of genuine feeling in ordinary conversation is, the absence of affectation of what is new, of what is striking, of what is farfetched. And so, in like manner, the really inspired poet will not be apt to shun topics and images which naturally present themselves to his mind, merely because they have been often handled before; neither will he he so solicitous about variety, as not often perhaps to borrow either from himself or from others. Those, on the contrary, who arc ever torturing themselves to produce something the like of which has never been produced before, must be condemned as doing with too little simplicity of feeling even what they may perhaps do well. Young is especially liable to this censure. 3. A third and principal mark of deep and earnest feeling is, reserve in its expression. A man deeply influenced by any particular sentiment, is not apt, at least after a little experience of life, to dilate on what interests him so profoundly on all occasions, and regardlessly of thc character of those with whom he converses, but rather to betray the bent of his feelings incidentally and by his manner of dealing with certain subjects. Mr. Keble adds herc more than we have room or indeed inclinationto quote, respecting the reserve in the expression of religious feelings, which he regards as so apparent in the carly christian church, and which, as he truly observes, still is natural to the devout, when it is not overborne by ? the extravagance of fanaticism/ or by a mistaken hope of thereby winning others over to thc truth. The example of thc lover will readily suggest itself. And as in real life, so in poetry, deep and earnest feeling rather forbids than urges men to be ever dilating, directly and openly, on the objects which most interest them; and it is but seldom, under such influence, that they will attempt to pourtray them; and when they do do this, they will do it in such a way, as to omit very many of those points which the generality of men would regard as some of the most striking features. This is illustrated by thc difference of Virgil&amp;apos;s manner, when describing what he most loves and is most familiar with, and in those more celebrated passages, in which, for exam- plc, he pourtravs Fame, or Mount Etna, or thc Fury seen ni the night; in the former case he is content with just one or two touches, while in the latter he gives a long and elaborate accumulation of words and of images. A comparison too of Lucan&amp;apos;s description, in his ninth book, of the effects of thc bite of different serpents?a subject well adapted to his manner, which is distinguished more by its facility than its felicity (facilior quam felicior)?with thc description given by Jeremiah (xiv. 3.) of thc effects of famine,? * And their nobles have sent their little ones to the waters; They came to the pits and found no water: They returned with their vessels empty : lliey were ashamed and confounded, and covered their heads ;&amp;apos;? will enable us at once to feel, which wrote what he had only read of, and which what he had himself beheld and felt with thc deepest anguish. In short, generally, the true poet is distinguished by the sparingness, the gentleness, and we might almost say, thc fastidiousness of his touches. Another way in which earnest feeling often discovers itself, is by the employment of irony, as when deep anguish sports with thoughts of mirth. This irony shews itself either in thc form of expression,?as for example, wc sec in the paronomasia in the Hebrew of Isaiah, v. 7, which Mr. Keble imitates in Greek, thus :? fyfti&amp;apos;a tov iroiijaai Koifxa^ iiraiqae ?k ??7fia Kai ov to tlKog, (iXAu rb viIkoq ; or, in thc general complexion of the representation; as in Virgil&amp;apos;s playful description of thc habits of bees, in which the pomp of words and of images, which he employs, evidently displays thc deep pleasure he takes in a subject, which he seems, at first sight, to bc treating with mockery. We have now attempted to give our readers a complete summary of Mr. Kellie&amp;apos;s views on the nature and origin of the poetical element. They occupy the first five lectures. In those which follow, he proceeds to investigate their exemplification in the several great poets of antiquity. If we should hereafter resume the consideration of the subject in reference to some of them, we doubt not that wc shall be able, with the assistance of the lectures which remain, to produce matter deserving of the attention of our readers, and calculated to rccal the interest, which they may have sometime felt, in those precious remains of ancient genius. For the present, we must content ourselves with a few observations on the jesthetical principles, which our readers have already had, as we trust faithfully, presented to their consideration.&amp;quot; The learned Professor disclaims the assumption of attempting to give an exact definition of the term poetry; and yet it is apparent from the whole course of his argument, that he considers himself to have conceived and stated all the component elements of it. If he has not done this, he cannot be justified in assuming, that the principles he has laid down are adequate to the determination of thc question which he considers himself in a position to solve?the question, what writers enjoying the reputation of being poets deserve to rank in the first class ? How can those principles furnish him with satisfactory criteria of true poetry, if they do not evolve all the essential elements which make up that conception! Now, from the full and reiterated statement which he has given of those principles, the reader must gather, that he considers poetry to bc,?the reserved expression of inward feeling seeking this relief in the forms of rhythm or metre, and most commonly calling in the aid of the imagination. Some such idea of poetry wc feel ourselves justified in ascribing to our author, and our readers, we think, will be of opinion, that thc lengthened analysis above given warrants our conclusion. Now, though wc ought to feel, and though wc do feel, some diffidence in stating an opinion on such a subject at variance with that of so accomplished a writer, yet wc confess ourselves not altogether satisfied with this statement; not that it appears to us to contain anything wrong, but we do not think it contains enough. There is something essential to poetry more than is here stated. Thc quality of reserve in thc expression of feeling, which Mr. Keble traces in all poetry, is certainly a most important clement; and the development of this constituent as being so essential, came upon our mind with all the charm of truth. To what Mr. Keble has said, wc may add, that it is this quality of reserve which explains, in great measure, the fact, that a metrical, or at least rhythmical, dress has been in all ages felt to bc proper to poetical composition. Thc expression of feeling is in this wray taken out of the language of real and ordinary life. It is the modest veil with which thc sensitive spirit invests herself, when disclosing her form in some measure to public observation. We may even go farther; and notwithstanding thc vehemence with which thc living Coryphaeus of contemporary poets * has denounced what is called poetic diction, and though we are far from defending thc insipid and lifeless manner of speaking, * See &amp;apos; Preface to thc second edition of the Lyrical Ballads/ affixed to the third volume of the last edition of Mr. Wordsworth&amp;apos;s Collected Works*. with which pedantry has vitiated much really good poetry, (as by nicknaming the sun Phoebus, and by employing phraseology striking only from its barbarisms or solecisms), and though, further, the constant practice of Mr. Wordsworth himself, and of all great poets occasionally, has proved that such a diction is by no means essential to poetry,?granting all this, still a usage so general in all ages and languages does favour, as we think, the belief, that poets are at liberty, and are not unnaturally led by the very reserve which belongs to their character as such, to employ language which is really remote from that of ordinary life, and which in good prose, however excited the feelings may be, no sane mind would ever think of employing. Such language may be, as well as metre, a part of the poetical disguise. But reserve, and metre, and imagination, do not alone make up thc true notion of poetry. A metrical writer may convey a reserved expression of his feelings by the means of imagery which shall be repulsive, and even disgusting. Now, we do not see how, consistently with thc views which have been drawn from the lectures, wc could refuse to such a writer the name of a poet. He shall be reserved in the expression of deep feelings; he shall gather images akin to the subject which interests him; and he shall invest the whole with the forms of metre; but Mr. Keble would at once decline to give him so exalted a title. And why ? We have no doubt that Mr. Keble would answer, though he has omitted to state the principle; because it is essential to poetry that it shall in some way or other blend with its representations the idea, (if wc may use the word in so Platonisticasense,) of beauty or sublimity. We say, we do not doubt that Mr. Keble would give such an answer, from a single passage?the only one which wc have noticed?which he has let fall tending to this conclusion, and which we have not omitted to include in our foregoing abstract. 4 Quicquid pictatis ergo paullo exquisitius ac venustius a colonis excogitari videant (homines literati); sive ad locorum, sive ad mortuorum, sive ad Numinis religionem pertineat; id statim poetis, quasi proprium, tradi ac condonari volunt.&amp;apos;?vol. i. p. 24. Thc words ac venustius include the principle, the distinct enunciation of which we deem necessary, in order to integrate thc notion of poetry which the lectures before us leave on the reader&amp;apos;s mind. Thc ideas of the beautiful or the sublime may be blended with the representation, so as to constitute it poetry, in various ways. They may be connected with the imagery employed, as is done either when the imagery is drawn from objects palpably characterised by those qualities, such as the forms of external nature?the skies, the sea, or the like; or when it is drawn from objects in the moral world, affecting the mind with feelings analogous to those which are excited by the contemplation of the beautiful or the sublime in nature, such as a mother&amp;apos;s love, a hero&amp;apos;s self-devotion, or the like. Again; these ideas may attach to the feeling itself which is pourtrayed; it may in its own nature be beautiful or sublime; as is usually the case with devotional poetry. Or, lastly, the diction in which the poet conveys his thoughts may, by its symmetry, (so to speak) and by the sweetness of its measures, communicate to the mind thc required perception, just as music docs. But in whatever way it is done, whether by the imagery employed, or by the feeling expressed, or by thc diction, there must ingall real poetry be presented to thc mind, the sublime or the beautiful. If this be not self-evident, it will be apparent on a consideration of the illustrations of the poetical which Mr. Keble has himself collected. In the anecdote of the youthful Perdiccas, both thc imagery employed and the feeling expressed convey thc required sentiment. In the gleams of the poetical discovered in the conduct of uneducated countrymen, thc love of home, and grief for departed friends are surely in themselves beautiful and graceful; thc veneration for crosses connects itself immediately with the recollection of the loftiest exhibition of moral beauty and sublimity which the world ever beheld; while the habit of mind which associates the unseen and Divine with human life, if it does not cower into superstition, exalts to thc sublime. In painting, sculpture, and architecture, the required ideas are too obviously present to need a moment&amp;apos;s examination. And if wc turn to the first phenomena of the art which have been above referred to; the presence of the same element is evident in respect to the sentence pronounced in Eden, both in thc dignity and grandeur of the occasion and in the mercy which then ? rejoiced against judgment;&amp;apos; the sense of an avenging Nemesis communicates to Lamech&amp;apos;s lamentation an air of awful sublimity; while the sentiment proper to an]exalted position and to thc consciousness of the presence of Inspiring Deity, adds a majesty to thc oracles of Noah, of Isaac, of Jacob, and of Moses, which alone, independently of other considerations, will satisfy the requirement for which we arc contending. In the poetical remains of barbarous countries, a similar element of beauty or sublimity may be detected; if not otherwise, at least in thc association which, in a savage mind, may have been formed between such emotions and those of revenge or ferocity. But in every case, wc arc persuaded, that the principle, the expo- sition of which we desiderate in Mr. Kellie&amp;apos;s analysis of poetry, will be found to be not merely present, but even essential. Wc may further remark, that if poetry be, as Mr. Keble truly states, a mode which the human heart has recourse to in order to relieve itself of its deeper emotions, then it may from this hypothesis bc inferred, that poetry involves the clement which we have now been speaking of; for this relief is most effectually gained, when thc mind is able to repose in the contemplation of au objective image of its feeling which is in itself pleasing; and it becomes pleasing by blending in its structure what is gratifying to the taste. We close our somewhat extended article by observing, that it is this principle which, along with that of reserve before referred to, fully explains the employment by poets of rhythm or metre; for the connexion existing between harmony and sweetness of sounds and thc perception of beauty is of course obvious.</FullText> </Record>