<?xml version="1.0" encoding="UTF-8"?>
<Record> 	<Version>Record_v1.0.xsd</Version> 	<RecordID>4325228</RecordID> 	<DateTimeStamp>20180928135501</DateTimeStamp> 	<ActionCode>change</ActionCode> 	<RecordTitle>Cover</RecordTitle> 	<Publication> 		<PublicationID>1714</PublicationID> 		<Title>The Eclectic review</Title> 		<Qualifier>London</Qualifier> 	</Publication> 	<Publisher>C. Taylor</Publisher> 	<Volume>19</Volume> 	<AlphaPubDate>Feb 1823</AlphaPubDate> 	<NumericPubDate>18230201</NumericPubDate> 	<SourceType>Historical Periodicals</SourceType> 	<ObjectType>Front Matter</ObjectType> 	<ObjectType>Front Page/Cover Story</ObjectType> 	<LanguageCode>ENG</LanguageCode> 	<ISSN>2043-2151</ISSN> 	<StartPage>97</StartPage> 	<EndPage>97</EndPage> 	<Pagination>97-97</Pagination> 	<URLDocView>http://search.proquest.com/docview/4325228/</URLDocView> 	<Products> 		<Product> 			<ProductID>1007574</ProductID> 			<HasFullText>true</HasFullText> 		</Product> 		<Product> 			<ProductID>1009130</ProductID> 			<HasFullText>true</HasFullText> 		</Product> 		<Product> 			<ProductID>10000001</ProductID> 			<HasFullText>true</HasFullText> 		</Product> 		<Product> 			<ProductID>10000297</ProductID> 			<HasFullText>true</HasFullText> 		</Product> 	</Products> 	 	<FullText>THE ECLECTIC REVIEW, For</FullText> </Record>