<?xml version="1.0" encoding="UTF-8"?>
<Record> 	<Version>Record_v1.0.xsd</Version> 	<RecordID>4326719</RecordID> 	<DateTimeStamp>20180928135242</DateTimeStamp> 	<ActionCode>change</ActionCode> 	<RecordTitle>Book review</RecordTitle> 	<Publication> 		<PublicationID>1714</PublicationID> 		<Title>The Eclectic review</Title> 		<Qualifier>London</Qualifier> 	</Publication> 	<Publisher>C. Taylor</Publisher> 	<Volume>23</Volume> 	<AlphaPubDate>Jun 1848</AlphaPubDate> 	<NumericPubDate>18480601</NumericPubDate> 	<SourceType>Historical Periodicals</SourceType> 	<ObjectType>Review</ObjectType> 	<LanguageCode>ENG</LanguageCode> 	<ISSN>2043-2151</ISSN> 	<StartPage>765</StartPage> 	<EndPage>765</EndPage> 	<Pagination>765-765</Pagination> 	<URLDocView>http://search.proquest.com/docview/4326719/</URLDocView> 	<Products> 		<Product> 			<ProductID>1007574</ProductID> 			<HasFullText>true</HasFullText> 		</Product> 		<Product> 			<ProductID>1009130</ProductID> 			<HasFullText>true</HasFullText> 		</Product> 		<Product> 			<ProductID>10000001</ProductID> 			<HasFullText>true</HasFullText> 		</Product> 		<Product> 			<ProductID>10000297</ProductID> 			<HasFullText>true</HasFullText> 		</Product> 	</Products> 	 	<FullText>33ri&amp;apos;tf Potirto, Lectures on the Bible to the Young; for their Instruction and Excite- ment. By John Eadie, L.L.D. Edinburgh: Oliphant and &amp;amp;Nons. THIS is just such a book as we are always glad to see in the hands of our young people. It is worthy of their attentive perusal, and can scarcely fail to minister to their instruction and pleasure. The substance of it originally appeared in the I Juvenile Missionary Magazine&amp;apos; of the United Presbyterian Church, but the matter has been greatly enlarged, and is now issued in the hope of more permanent usefulness. The style, both of language and arrangement, is adapted to juvenile readers, though not meant for mere children, and we very cordially recommend it to their favor. Dr. Eadie is entitled to the thanks of Christian parents and guardians, for having contributed from the abundance of his biblical erudition, so unpretending but so valuable an auxiliary to their labors.</FullText> </Record>