<?xml version="1.0" encoding="UTF-8"?>
<Record> 	<Version>Record_v1.0.xsd</Version> 	<RecordID>4327838</RecordID> 	<DateTimeStamp>20180928135325</DateTimeStamp> 	<ActionCode>change</ActionCode> 	<RecordTitle>Book review</RecordTitle> 	<Publication> 		<PublicationID>1714</PublicationID> 		<Title>The Eclectic review</Title> 		<Qualifier>London</Qualifier> 	</Publication> 	<Publisher>C. Taylor</Publisher> 	<Volume>1</Volume> 	<AlphaPubDate>Jan 1851</AlphaPubDate> 	<NumericPubDate>18510101</NumericPubDate> 	<SourceType>Historical Periodicals</SourceType> 	<ObjectType>Review</ObjectType> 	<LanguageCode>ENG</LanguageCode> 	<ISSN>2043-2151</ISSN> 	<StartPage>118</StartPage> 	<EndPage>118</EndPage> 	<Pagination>118-118</Pagination> 	<URLDocView>http://search.proquest.com/docview/4327838/</URLDocView> 	<Products> 		<Product> 			<ProductID>1007574</ProductID> 			<HasFullText>true</HasFullText> 		</Product> 		<Product> 			<ProductID>1009130</ProductID> 			<HasFullText>true</HasFullText> 		</Product> 		<Product> 			<ProductID>10000001</ProductID> 			<HasFullText>true</HasFullText> 		</Product> 		<Product> 			<ProductID>10000297</ProductID> 			<HasFullText>true</HasFullText> 		</Product> 	</Products> 	 	<FullText>Thipuilhts t;))- -11 (,,,(I By illrs. Thomas (Ieldart. Iond(on : I Lill, Virtue, andl Co. FrU of sifl&amp;quot;j~l, toluching- thlou&amp;apos;ghts. that still, we doubt not, finld a respontie in many a Christiali home, all the inmates of which, from 1h1&amp;apos;st to voml-nest, ma&amp;quot; rea id appropriate wvords here.</FullText> </Record>