<?xml version="1.0" encoding="UTF-8"?>
<Record> 	<Version>Record_v1.0.xsd</Version> 	<RecordID>4334633</RecordID> 	<DateTimeStamp>20180928135325</DateTimeStamp> 	<ActionCode>change</ActionCode> 	<RecordTitle>II. MONKERY.</RecordTitle> 	<Publication> 		<PublicationID>1714</PublicationID> 		<Title>The Eclectic review</Title> 		<Qualifier>London</Qualifier> 	</Publication> 	<Publisher>C. Taylor</Publisher> 	<Volume>1</Volume> 	<AlphaPubDate>Nov 1861</AlphaPubDate> 	<NumericPubDate>18611101</NumericPubDate> 	<SourceType>Historical Periodicals</SourceType> 	<ObjectType>Review</ObjectType> 	<Contributor> 		<ContribRole>WellesleyAttribution</ContribRole> 		<LastName>Hood</LastName> 		<MiddleName>Paxton</MiddleName> 		<FirstName>Edwin</FirstName> 		<PersonName>Edwin Paxton Hood</PersonName> 		<OriginalForm>Hood, Edwin Paxton</OriginalForm> 	</Contributor> 	<LanguageCode>ENG</LanguageCode> 	<ISSN>2043-2151</ISSN> 	<StartPage>538</StartPage> 	<EndPage>549</EndPage> 	<Pagination>538-549</Pagination> 	<URLDocView>http://search.proquest.com/docview/4334633/</URLDocView> 	<Products> 		<Product> 			<ProductID>1007574</ProductID> 			<HasFullText>true</HasFullText> 		</Product> 		<Product> 			<ProductID>1009130</ProductID> 			<HasFullText>true</HasFullText> 		</Product> 		<Product> 			<ProductID>10000001</ProductID> 			<HasFullText>true</HasFullText> 		</Product> 		<Product> 			<ProductID>10000297</ProductID> 			<HasFullText>true</HasFullText> 		</Product> 	</Products> 	 	<FullText>II. MONKERY* w &amp;quot;E receive with respect all that M. Montalembert gives to the world. No doubt in an age of universal scepticism he isa lieliever, and he is earnest in the avowal of his faith, but ho can bo very abusive, and his bigotry and intolerance hurry him into errors which sometimes even look like falsehoods; he has chosen a most fascinating subject, and he has illustrated it from a large amount of very curious reading, from which we gather that wc are indebted to the monks for all that the middle or earlier ages have transmitted to us?that civilisation originated in the cloister, was organised there, and thence stepped forth through the village and tho city to bless the race. M. Montalembert has given to us a scries of most graphic and interesting pictures, but they are overdrawn ; his inferences are most unjust and illogical; he might as well command us to step back to the old Roman states, and, observing there many things wc have not in our modern society, call upon us to condole willi him the absence of that mild and merciful and strong misrule; or travelling back to Athens, and finding how much civilisation found a footing amidst the ardent people of that city, deplore our recreant tastes in abandoning the catholic and ameliorating manners of that graceful Paganism. If the age of monasteries be the normal age of the world in our enthusiastic writer&amp;apos;s estimation, perhaps, by travelling a little further back, we may find a still higher normal state. The volumes before us are very delightful reading. We soon become accustomed to the intolerant tone of the writer, and accept his work as a rich collection ol extravagant and mythic incident written to prove that monks eau do no wrong, and that monasteries were always the gates ol heaven: we cannot accept it as history. The writer has not thc temper of the historian, he has not the calmness or the wisdom of the historic method ; we cannot trust his book, while yet we do not doubt him. But we know that it is the quality of love to believe all things ; and M. Montalembert loves monks so heartily that he believes all things about them, however credible or incredible. The volumes would have gained greatly had their transports been modified; had the writer held more command * Thc Monks of the West, from St. Benedict to St. Bernard. By the Count de Montalembert. In two volumes. Authorised Translation. William Blackwood &amp;amp; Sons. and control over the copiousness of his own language ; had there been more civility in his tone towards his agc, wc will not say towards Protestants, because we know that a good Catholic cannot use civility to them. M. Montalembert goes into spasms and hysterics when he calls to mind the heinous recession of tho ages from monkery. Sometimes he seems to lose sight of all other society on tho lace of tho earth, in the spectacle of tho state of French society around him ; he speaks of * Our modern society, in which individual man, conscious that ho is nothing, that he has neither a root in the past nor an influence upon the future, prostrates himself entirely before tho idol of thc moment, reserving to himself only the right of demolishing, of betraying, and of forgetting it on the morrow/ Ho pours forth a strain of sentimental elegy upon monastic institutions:? 1 Now all has disappeared: that fountain of the purest and most inoffensive happiness to be found upon earth is exhausted: that generous stream wdiich flowed through ages in waves of incessant and fruitful intercession is dried up. We might say a vast interdict had been cast upon the world. That melodious voice which tho monks raised day and night from the bosom of a thousand sanctuaries to assuage the anger of Heaven, and draw down peace and joy into Christian hearts, is silenced among us. Thoso lair and dear churches, where so many generations of our fathers resorted to seek consolation, courage and strength to strive against the evils of life, are fallen. Those cloisters which offered a safe and noble asylum to all. the arts and all the sciences?where all the miseries of man were solaced?where tho hungry were always satisfied, the naked clothed, thc ignorant enlightened, exist no more except as ruins, stained by a thousand ignoble profanations. Those sylvan heights, those holy mountains, those elevated places, where thoughts of God had their habitation?&amp;quot; He dwelleth on high&amp;quot; (Isaiah xxxiii. 5)? which heretofore cast upon tho world a light so pure, and shadows so fresh and salutary, resemble only the unwooded summits which we encounter here and there, transformed by the devastating axe into arid and naked rocks, where a blade of grass or a green leaf re-appears no more. In vain the sun gilds them with his fruitful rays?in vain the dews of heaven suffuse them. The hand of the destroyer has been there: burned, dried up, condemned to an eternal sterility, they subsist no longer hut as monuments of ruin and folly/ Sometimes our writer becomes not only pitiable but ludicrous. It is astonishing to hear from his lips, to see from his pen, how badly people behave to his church. He says? i It is the esprit de corps, the vitality of association, that force, increased tenfold by a life in common, which the Church has always produced, and in which she always renews herself, that they specially pursue in ber. It is for this, above all, that they set themselves to contine and thwart her. They are willing to let her live, but to live mutilated. They treat her like a prisoner of war, like a captive garrison, whom they divest of their arms and banners, to make them pass under the Caudine forks. 4 Hypocritical advocates of a liberty which they have never understood, they proscribe the supreme act of liberty/ He becomes insolent in his rage, and calls the suppressors of monasteries thc comedians of liberty, and politely proceeds as follows:? &amp;apos; Besides, the Son of God has already pronounced their sentence :? &amp;quot; Woe unto you, scribes and Pharisees, hypocrites! for ye shut up thc kingdom of heaven against men: for ye neither go in yourselves, neither suffer ye them that arc entering to go in.&amp;quot; &amp;apos; But we have no taste to follow our writer through a succession of pages like these, and wc did not expect these things from M. Montalembert, in a work purporting to be thc grave utterance of history ; the curiosity of the matter, too, is that while the vials of wrath arc poured out on that mendacious Protestantism and its spoliations, Catholics themselves appear to be tho most notorious spoilers. The chief desecrators are found among Catholics themselves. If the bones of Richard Cccur de Lion, and Blanche of Castile, have not been able to protect Fontevrault or Maubisson from sacrilege ; if thc very ashes of thc Cid have been unable to guard from confiscation tho monastery of St. Pierre de Cardenas; if the magnificent Jeronymite convent of Cordova, in Granada, has been changed into barracks, the church into a magazine, and thc sword of the great Captain Gonsalvo de Cordova, once suspended before the high altar, has been taken down and sold for three francs ; if the &amp;quot;tomb of Heloise, at Paraclet, and that ot Laura at Avignon, have been destroyed, and tho hallowed body of Inez de Castro lias been snatched from its royal mausoleum in Die keeping of tho sons of St, Bernard ; if, as M. Montalembert admits, in England we are permitted to behold monastic ruins in their funereal beauty, while in France, Spain, and Portugal thc art of destruction has reached a perfection unknown to the most barbarous of our ancestors ; if here, in Catholic countries a monastery is found converted into a stable, and there into a theatre, in another place into barracks, and in another into a jail; if St, Bernard and his five hundred monks have been replaced at Clairvaux by five hundred convicts ; if, as M. de Maistre has said, prisons have been built with the nuns ot convents destroyed, and houses of peace and prayer have become central houses of detention; if, at Cluny, the most illustrious monastery of Christendom, the church, the largest in France and in Europe, yielding in dimensions only to St. Peter&amp;apos;s, in Rome, has been transformed into stud stables; and if, in 1844, thc starting-post of the stallions occupied the place of thc high altar ; if our writer was denied admittance at the gate of the Chartreuse, in Seville, now a china manufactory :?for all these high crimes and misdemeanours of peoples and ages, we do not sec that our passionate friend has any right to denounce Protestantism ; perhaps he might, if he were blessed with sufficient liberality of soul, read this lesson,?that the higher faculties of veneration, reverence for the past, reverence which treads lightly over the ground and through the cloisters, and shades, and ruins haunted by the memories and presences of departed spirits, who, perhaps in error, but in reality, devoted their lives an offering to religion and learning ; reverence for all that speaks of human despairs, sorrows, aspirations, and affections, is cultured and kindled rather by that freedom in which Protestantism grows, than in that debasement of animal slavery and sensuality which must characterise the greater multitudes of the Church of Rome. As it is, we would recommend Cardinal Wiseman, should ho favour the world with another essay on the doom of sacrilege, to narrow his vision and his illustrations to his own church, thc members of which may believe in the possibility of the crime, and to whom, therefore, there may be utility in the teaching. Sentiment and poetry have said, and arc still fond of saying, a thousand pretty things about monasteries. Mr. Kenelm Digby, in his works, leads us through a succession of enchantments ; and, perhaps, from that magnificent collection of every kind of monastic learning, thc &amp;apos;Mores Catholici/ the reader may obtain even more interesting pictures of those strange places than even from tho history of M. Montalembert, If Mr. Higby did but possess some measure of reason and method in his mind, if he were capable of some slight exertion ol&amp;apos; thought and consistency, that work, and his other works, would bc as valuable as they aro astonishing. The &amp;apos; Mores Catholici/ especially, is a vast assemblage of every kind of cloistered learning heaped together in confused profusion ; it is a monumental cairn. Some works aro like a noble piece of sculpture, and others like a rare and noble piece of architecture; but this is like a heaped barrow, a collection of stones without any order or any other effect than that of a curious and vast .antiquity. M. Montalembert is well, acquainted with Mr. Digby&amp;apos;s work, and, of course, esteems it highly, and is, as any one reading both will perceive, indebted to it. Both overflow with the poetiy of convent life, M. Montalembert tells the story of tho Abbot Theodulph, of St! Thierry, near Rheims, who, with his two oxen, guided the plough for twenty-two years, before ho was elected abbot of his community, when the inhabitants of the nearest village took his plough and hung it up in their church as a relic. &amp;apos; It seems to me,&amp;apos; says our writer, &amp;apos; if that monk&amp;apos;s plough still existed, 1 feel that I should kiss it as willingly as the sword of Charlemagne or the pen of Bossuet ;&amp;apos; very good, we have no objection to the enthusiastic osculation ; we have no disposition to kiss thc pen of Bossuet. Certainly, the tools of labour ave always honourable. We have no objection to tho ensign and emblazonry claimed for tho monks of the early ages, crace et aratro (the cross and tho plough). We do not doubt that the genius of Christianity calls into existence tho genius of industry. We will pay respect to tho plough of the monk, and then step on to pay an honourable pilgrimage to other shrines and scenes where labour unites with faith to overcome the world. The story is an interesting one, it is even a glorious one, of thc dramatic struggle of thc monks with nature. Myths and fables hud a perpetual enchantment to the narrative ; indeed, a very large portion of thc history is a kind of monastic mythology, a very interesting, although not very reliable kind of narrative. The contests with wolves, and the service of stags, in the wild forests of primeval times ; stories of such saintly ploughmen as St, Cadok, and St. Colodokus, and St. Leonor, and St. Bridie, and thousands of others who overthrew the great trees, and cut down tho brushwood ; disputed with the ice, and the sand, aud the rocks, the last fragments of soil that could be cultivated ; piercing those immemorial shades; creating a rural population ; battling with, sometimes conquered or murdered by, and sometimes transforming into friends, rude brigands ; clearing some little patch of ground fora meadow or garden, and oratory, which in time became a church ; the arches of old Druidical trees, ancient rocks, and waterfalls hitherto unapproachable, henceforth iv peopled, and echoing with the forest canticle,&amp;apos; Ye shall go out with joy, and be led forth with peace : the mountains and thc hills shall break forth before you into singing, and all the trees of the field shall clap their hands. Instead of thc thorn shall come up the fir tree, and instead of the briar shall come up the myrtle tree: and it shall be to the Lord for a name, for an everlasting sign that shall not be cut off/ Our readers know that we are no Romanists ; yet we are fond, we will confess it, of looking into the scriptorium of an old abbey. We are fond of conceiving those translators and trans- cribcrs at their varied tasks. In saying this, wc say no more than when we say we arc pleased to see Socrates walking, in his homely and familiar way, through the streets of Athens ; or when we listen to Horace talking in the shades of his Brundusian farm. Every respectable old book collector will show us what those old men, those monks, did for us ; how they, especially thc Benedictines, preserved tho memorials of the earlier ages, and transmitted them to our times; in their abbeys were preserved thc great words and thoughts of the ancient ages; there tho sacred lines and letters of thc Book of Life were securely held ; and, no doubt, in an age when the knowledge of letters was so partial and rare, knowing, as wc knowr, the perversity and corruption of human nature4, and the tendency there is in it to compel even the most sacred things to obey us in wish and word, perhaps even the very denial of tho sacred books to thc vernacular tongue tended to their perpetuation and consecration. With these thoughts, we confess, we are fond of treading the grass-grown aisles. We like to be moved thus as Ave wind our way along thc ivied Avails; hore, Ave say, was no press, no type ; through those noble windows Ave seem again to see the sun streaming in on tonsured heads, bending intently over the paper, the parchment; wo like to see them?as Ave can see them?at their work ; the young and earnest monk employed on that choice and beautiful illumination; that pious, ancient anchoritic father transcribing the Psalms and the devout aHjriratioiis of Augustine; that dignified and stately scholar engaged ina beautiful copy of a Greek classic,?but all handing over tho great heirlooms of antiquity by thc pen. If Ave tread thc vast aisle of Fountains, or Riveaux, or Furness, two shadows always walk by our side ; tho black garments of the genius ot superstition trail there; but literature attends tis too, and points us to the ploddings of the pen. We agree with the learned and accomplished author, that tho whole course of thc monastic ages furnishes us, however, with nu more innocent and happy labours than those which meet us ni those times when tho monks wero monarchs of the forest. Wo hud ourselves perpetually under the necessity of toning down the enthusiasm with which every monastic incident is presented to us by our author ; still wo do admit tho spell, and especially the marvellous epidemic of the fathers of the desert:? * When towards evening, at the hour of vespers, after a day of stifling heat, all work ceased, and from tho midst of the sands, from the depths of caverns, from hypogeums, from pagan temples cleared of their idols, and from all tho vast tombs of a people dead, the cry ?f a living people rose to bcav&amp;lt; n ; when everywhere and all at once the air echoed the hymns, tho prayers, the songs pious and solemn, tender and joyous, of these champions of the soul and conquerors of the desert, who celebrated in the language of David thc praises of the living God, the thanksgivings of the freed soul, and the homage of vanquished nature,?then the traveller, the pilgrim, aud especially the neAV convert, stood still, lost in emotion, and, transported with the sounds of that sublime concert, cried aloud, &amp;quot; Behold this is Paradise!&amp;quot; 4&amp;quot; Go,&amp;quot; said tho most eloquent doctor of the Church at that period ?&amp;quot; go to the Thebaid; you shall find there a solitude still more beautiful than Paradise, a thousand choirs of angels under the human form, nations of martyrs, armies of virgins, the diabolical tyrant chained, and Christ triumphant and glorified.&amp;quot; &amp;apos; We cannot now describe the successive stages by which monastic institutions established themselves in the world, and enwove themselves in the veneration and the affections of men; how painting, and music, and sculpture, and poetry became the ornaments of those seclusions ; Iioav they became &amp;apos; populous with carved imagery, beauteous holy shapes, whose marble smiles lilied the hushed air with everlasting love / Iioav the altars blazed *with bags of fiery opals, sapphires, amethysts, jacinths, topazes, emeralds, diamonds, and seldom-seen stones ?/ how eventhing spoke to the imagination?4 the loud-tolling bell over thc resounding water, the solemn organ, the chant of matins echoing doAvn the hum* vaulted aisles/ Thev grew to vast importance: * thus, many hundred persons were attached, in various capacities, to the Abbey of St. Gall, si ?mo &amp;lt;A&amp;apos; whom lived within it. familia intus: artisans, millers, bakers, smiths, carpenters, glass-blowers, brewers, shepherds, swineherds, boatbuilders, ami men av ho translated the goods of the abhev across the lake of Constance. Others lived without the abbey, f nadia f\&amp;gt;ri&amp;lt; : venn- men and maidens, avIio a?i&amp;gt;ted bv dav at different works, being bound, in compensation for rent by their parents, in obligation to repair to the ahK-v court, or to its nearest farmyard, three days every week, and give their lal ? ur. lt lias been said that tho monastery had within itself an evangelical foundation and a feudal form ; like a citadel alwavs besieged,it had within its enclosure gardens, a mill, a l-akery. and various workshops, that every necessity of its material life might lie supplied, lt has Kvn scud that what Tacitus say- v.?t the Germans is true of tho monks. Instead of inhabiting cities, they live scat temi and belated, just wherever a fountain, a field, er a grove pleased them: beneath mountains, by tho side of - me gentle river, whose water, like clear air in its calm swoop. V*nds the soft grass, and koo ps tv iver wet tho stems of the -wxet dowers, and fills the grove with SAveet sounds ; vast shady branches of pine forests, Avhcre thc loud and solemn echoes of the Avoodman&amp;apos;s stroke, and the deep tolling of the abbey bell, alone broke thc deep repose. There were the buildings through avIiosc great windoAvs, like a door, streamed the light over the scene; when the storms raged, Avhen the whole house and forest Avere shaken, still the light shone unmoved ; through these buildings passed, &amp;apos;the prior, at midnight, before matins, passing through the church Avith a dark lantern, lest any one should be asleep there, and that if any one Avere praying he might pass him by in silence/ What thoughts, Avhat changes, passed through the souls of these still hermit men, realising, in Iioav many instances, thc emotions so touchingly expressed by that mild Jeronymite of the Escurial to Sir David Wilkie:?&amp;apos;A brother, guiding him from cell to cell and room to room, Avould not leave unvisited a glorious painting of our Lord&amp;apos;s last supper by Titian, beautiful as when it first graced the refectory. There, Avhile both stood with eyes fixed upon that masterpiece, the holy father in thc stranger&amp;apos;s ears, spoke these Avords : &amp;quot; Here, daily do avc sit, thanks given to God for daily bread, and here pondering the mischiefs of these restless times, and thinking of my brethren, dead, dispersed, or changed and changing; I seldom gaze upon this solemn company, unmoved by shock of circumstance or lapse of years, until I cannot but feel that they?they arc, in truth, tho substance, avc the shadows/&amp;apos;&amp;apos; Well might Wordsworth say, in enshrining those Avoids in his own immortal verse, that, heartmoving as they are, they soothe more than they agitate. There is everything in monastic story and circumstance to charm and fascinate the sentiment, the imaginative and emotional portion of our being. Such they Avere. Yet Protestantism effects surely all the work the monastery wrought, Avith a vast increase of happiness in every little village chapel, Avhere the two or three humble worshippers gather on Sabbaths for teaching, and somo evenings in the week for prayer; where &amp;quot; The saint, thc husband, and tho Christian prays;&amp;quot; and where the cottage is served and the fields tilled, and industry and religion go on in sacred twinship, and holiness, and rude intelligence, and faith and husbandry mature themselves together?there all that the monastery secured to society is secured, with the additional commendation that all is in the way of nature and in the Avay of God. We cannot follow M. Montalembert through all his delineations of thc heroes of the monastery. The reader will find an eloquent glance given at the monastic precursors in the East, tho wondrous fathers of the desert, and the monastic precursors of tho West. He commences his seconel volume with a sketch of St. Benedict, avIio revived the monastic life by especially consecrating work and obedience. There is an anecdote of him which is recorded as symbolical of his character; men, at his command, armed themselves 1 With axes and hatchets, and employed their robust strength in rooting out the brushAvood and clearing the soil, which, since the time of Nero, had again become a wilderness. Tho Italian painters of the great ages of art have left us many representations of the legend told by St. Gregory, in wdiich St. Benedict restores to a Goth who had become a convert at Subiaco, the tool which that zealous but unskilful workman had dropped to tho bottom of tho lake, and which the abbot miraculously brought forth. &amp;quot; Take thy tool,&amp;quot; said Benedict to tho barbarian woodcutter?&amp;quot; take it, work, and be comforted.&amp;quot; Symbolical words, in which we find an abridgment of the precepts and examples lavished hy the monastic order on so many generations of conquering races: Ecce labora I&amp;apos; Benedict wrought miracles, too. Our readers will soon perceive that our author has no foolish wincings of incredulity about him, in tho course of his narrate :? * So much sympathy for the poor naturally inspired them with a blind confidence in him. One day, when he had gone out with tho brethren to labour in the fields, a peasant, distracted with grief, and bearing in his arms the body of his dead son, came to the monastery, and demanded to see Eather Benedict. When he was told that Benedict was in thc fields with the brethren, he threw down his son&amp;apos;s body before the door, nnd, in the transport of his grief, ran at fall speed to seek the saint. He met him returning from his Avork, and . , i. ,.. , - ?-? . m_ ?? . - .. lP\ Benedict AAras grieAcdby these words,and said, &amp;quot;Gohome, my friend, this is not a work for us ; this belongs to the holy apostles. &amp;quot;Why do you come to impose upon us so tremendous a burden ?&amp;quot; But the father persisted, and swore in his passionate distress that he would _a._1.111 xi. _ _ _ ? j. i. _ T ... ? _ i i ? mi _ VI. J _-.t_~J l.,\? ,_ijah did in thc bouse of the widow of Nnreptn, upon the body of the child, and rising up, extended his hands to heaven, praying thus:?&amp;quot;Lord, look not upon my sins, but on ,.w .,?*,?, body V* VUsj VUliU I/IC111VIVU. ? ?him by the hand, and restored him to his father full of life and health/ He Avas a groat man, no doubt; a great soldier of the Cross. He was a pioneer of the people ; and, in his last days, Avhat a pathos and tenderness in his last interview with his sister! By her grave opened &amp;apos;he died standing; such a victorious death became well that great soldier of God/ At still greater length Ave have the narrative of thc lives of St. Gregory the Great, the only man who unites in his OAvn person those distinctive commendations to the homage of men ; and St. Columbanus, avIio lived on terms of wonderful trust, intimacy, and communion with naturo raid creatures. Thus avc read of him :? Mle lived for entire weeks without any other food than the grass of the fields, the bark of the trees, and the bilberries which are to be found in our fir-Avoods; he received other provisions only from the charity of the neighbours. Often he separated himself from his disciples to plunge alone into the Avoods, and live in common with the animals. There, as afterwards, in his long aud close communion with the bare and savage naturo of these desert places, nothing alarmed him, nor did he cause fear to any creature. Everything obeyed his voice. The birds, as has been already mentioned, came to receive his caresses, and the squirrels descended from the tree-tops to hide themselves in the folds of his cowl. Ho expelled a bear from the cavern which became his cell; he took from another bear a dead stag, whose skin served to make shoes for his brethren. One day, while he Avandcred in the depths of the Avood, bearing a volume of Holy Scripture on his shoulder, and meditating whether the ferocity of the beasts, who could not sin, wras not better than the rage of men, which destroyed their souls, he saw a dozen wolves approach and surround him on both sides. Ho remained motionless, repeating these words,&amp;quot; Deus in adjutorium/&amp;apos; The AArolves, after having touched his garments with their mouths, seeing him without fear, passed upon their way. He pursued his, and a few steps farther on beard a noise of human voices, which ho recognised as thoso of a band of German brigands, of the Sueve nation, who then wasted that country. He did not seo them ; but he thanked God for having preserved him from this double danger, in which may bo seen a double symbol of tho constant struggle Avhich the monks had to maintain in their laborious warfare against thc wild forces of nature, and tho still moro ravage barbarity of men/ We have said already that M. Montalembert has no misgivings ns he approaches thc fabulous period of monkish story. He says, tho most authentic narratives confirm thc pious traditions. The fctory of Gerasimus and his lion is, in every particular, wry pleasant. Our author says :? * Let us confine ourselves to thc touching history of Gerasimus, the Christian Androcles, abbot of a monastery on the banks of the Jordan, who had drawn a thorn out of thc foot of a lion, and whom the grateful animal would never abandon. The terrible beast was, after a fashion, received as a member of the community ; he lived upon milk and boiled herbs like the monks ; he drew water from the Jordan for the Avants of the monastery; and when thc old abbot died the lion followed him to his grave and died there, howling with grief/ Poor old lion! he, too, converted from his wild ways, and becoming a kind of monk, too, as avc sing? * Lions and beasts of savage name, Put on the nature of the lamb.&amp;apos; Here is also another conversion of the like kind, anil the testimony of this witness is true ; it comes first-hand, and it is iu itself first-rate :? &amp;apos; The Gaul, Sulpicius Severus, avIio must be regarded as the most ancient of our religious annalists, and avIio bad studied monastic institutions in the East, confirms in his Dialogues all that Eastern writers have said on this subject. He relates the facts of which ho himself had been witness in the Thebaid: how, in traversing the desert, he had seen the monk av ho had accompanied him ofter the fruit of the palm to a lion whom they met, which he ate quietly and peacefully like any domestic animal; and how, in the hut of another solitary, a she-wolf appeared regularly every evening at the supperhour, and waited at the door till she Avas called to eat the remains of the little repast, after which she licked the hand of her host, who caressed her familiarly/ Very pleasant also it is to read that a raven carried to thc hermit Paul a half loaf every day, but brought him a whole one the day that Anthony went to visit him. Thus, with charming -naivete does our enthusiast recite his story. Wc knoAV that he Avill become very vexed with us if avc show any signs of dissent, and so wo sit and listen, rapt and lost in wonder, both at what is related, and at the boundless capacity of our author&amp;apos;s faith. We have hurriedly glanced over thc volumes to which wc would willingly have devoted more attention. The subject is most interesting, and Ave have but as yet a small instalment of our authors task. We have taken fe av exceptions to thc general doctrine of the book ; it is entirely historical, understanding by that term simply a narrative purporting to limit itself to the mere stream of traditional circumstance : to enter into a philosophical analysis of the nature of men or tilings, to understand the wants of an age, to believe that nobleness exists out of his oavii immediate circle of thought or feeling, seem to be as miracles altogether beyond the bounds of M. Montalembert&amp;apos;s performance. It is eloquent and earnest, full of interest, full of incident; it must charm all avIio read it, and avc have no hesitation in commending it to any readers, in the assurance that they will contemplate its origin and floAving colours only as a kind of literary balloon in Avhich the fanciful and prejudiced writer mounts admiringly to survey the marvels of the monastic age. Our justification of this criticism shall be in the following extract from the introduction, in Avhich the work is commended to our regard :? * But how often also, in tho silence of night, under tho roof of the ol 1 manor house in wdiich most of these pages have been written, behind the heavy folios in Avhich their acts have been registered by their laborious successors, have I imagined myself to see, appearing around me, that imposing train of saints, pontiffs, doctors, missionaries, artists, masters of word and deed, Avho have issued, from age to age, out of the crowded ranks of tho monastic orders ? I contemplated Avith trembling these august resuscitated forms of the glorious and unappreciated Past. Their austere yet benevolent looks seemed to stray over their profaned tombs, their forgotten works, the despised monuments of their unwearied industry, the defaced sites of their holy dAvellings, and then to rest upon me, their unworthy annalist, confused and overwhelmed by the weight of my unworthiness. I heard a voice, noble and plaintive, come forth from their chaste and masculine breasts: &amp;quot;So many incessant labours, so manv evils endured, so many services rendered, so many liAres consumed for the glory of God, and for the good of men! and behold the return? calumny, ingratitude, proscription, contempt! In these modern generations, Avhich are at once overwhelmed by our benefits and oblivious of them, will no man rise up to avenge our memory ? &amp;apos; Exoriare aliquis nostris ex ossibus ultor!&amp;apos; No apology, no panegyric; a simple and exact tale?the truth, and nothing but the truth?justice, nothing but justice,?let that be our sole revenge!&amp;quot; &amp;apos;And then I felt a thrill of ardent and melancholy emotion run through my veins. &amp;quot; I am but a creature of dust,&amp;quot; 1 answer them, &amp;quot;but that dust may perhaps be animated by contact with your sacred bones. Perhaps a spark of your fire may come to light up my soul. I have only a cold and sad pen for my weapon, and I am thc first of my blood Avho has fought with the pen alone. But, notwithstanding, if it serves with honour, it may in its turn become a sword, in the bold and holy warfare of conscience and the disarmed majesty of right, against the triumphant oppression of falsehood and sin.&amp;quot; &amp;apos;</FullText> </Record>