<?xml version="1.0" encoding="UTF-8"?>
<Record> 	<Version>Record_v1.0.xsd</Version> 	<RecordID>4334873</RecordID> 	<DateTimeStamp>20180928135242</DateTimeStamp> 	<ActionCode>change</ActionCode> 	<RecordTitle>Book review</RecordTitle> 	<Publication> 		<PublicationID>1714</PublicationID> 		<Title>The Eclectic review</Title> 		<Qualifier>London</Qualifier> 	</Publication> 	<Publisher>C. Taylor</Publisher> 	<Volume>26</Volume> 	<AlphaPubDate>Dec 1849</AlphaPubDate> 	<NumericPubDate>18491201</NumericPubDate> 	<SourceType>Historical Periodicals</SourceType> 	<ObjectType>Review</ObjectType> 	<LanguageCode>ENG</LanguageCode> 	<ISSN>2043-2151</ISSN> 	<StartPage>771</StartPage> 	<EndPage>771</EndPage> 	<Pagination>771-771</Pagination> 	<URLDocView>http://search.proquest.com/docview/4334873/</URLDocView> 	<Products> 		<Product> 			<ProductID>1007574</ProductID> 			<HasFullText>true</HasFullText> 		</Product> 		<Product> 			<ProductID>1009130</ProductID> 			<HasFullText>true</HasFullText> 		</Product> 		<Product> 			<ProductID>10000001</ProductID> 			<HasFullText>true</HasFullText> 		</Product> 		<Product> 			<ProductID>10000297</ProductID> 			<HasFullText>true</HasFullText> 		</Product> 	</Products> 	 	<FullText>The Juvenile Scrap-Book: A Gage d&amp;apos;Amourlor the Young. Edited by -Mrs. Milner. 1850. London: Peter Jackson. TIrE general character of this volume is like that of its predecessors. It unites the gay and the grave in happy proportion, and is felicitously adapted to instruct, as well as to attract and please, the juvenile rca(der. The change in its editorship has induced no alteration in its object. It is still what &amp;apos; The Juvenile Scrap-Book &amp;apos; has ever been, a joyous and informing companion, which may be admitted to the family circle without danger to the moral health of its young members. The preface, which is dated from &amp;apos; The Vicarage, Appleby,&amp;apos; expresses the hope of the editor that &amp;apos; the whole tone and bearing of the work will be found to be in accordance with the spirit of Christianity, and to he calculated to promote the improvement, while it administers to the amusement, of those into whose hands it may fall.&amp;apos; The engravings arc of a superior order, and we cordially commend the volume to the favour of our young friends.</FullText> </Record>