<?xml version="1.0" encoding="UTF-8"?>
<Record> 	<Version>Record_v1.0.xsd</Version> 	<RecordID>4336349</RecordID> 	<DateTimeStamp>20180928135501</DateTimeStamp> 	<ActionCode>change</ActionCode> 	<RecordTitle>V. LAVINIA.</RecordTitle> 	<Publication> 		<PublicationID>1714</PublicationID> 		<Title>The Eclectic review</Title> 		<Qualifier>London</Qualifier> 	</Publication> 	<Publisher>C. Taylor</Publisher> 	<Volume>5</Volume> 	<AlphaPubDate>Jan 1861</AlphaPubDate> 	<NumericPubDate>18610101</NumericPubDate> 	<SourceType>Historical Periodicals</SourceType> 	<ObjectType>Review</ObjectType> 	<Contributor> 		<ContribRole>Author</ContribRole> 		<OriginalForm>A M</OriginalForm> 	</Contributor> 	<LanguageCode>ENG</LanguageCode> 	<ISSN>2043-2151</ISSN> 	<StartPage>48</StartPage> 	<EndPage>62</EndPage> 	<Pagination>48-62</Pagination> 	<URLDocView>http://search.proquest.com/docview/4336349/</URLDocView> 	<Products> 		<Product> 			<ProductID>1007574</ProductID> 			<HasFullText>true</HasFullText> 		</Product> 		<Product> 			<ProductID>1009130</ProductID> 			<HasFullText>true</HasFullText> 		</Product> 		<Product> 			<ProductID>10000001</ProductID> 			<HasFullText>true</HasFullText> 		</Product> 		<Product> 			<ProductID>10000297</ProductID> 			<HasFullText>true</HasFullText> 		</Product> 	</Products> 	 	<FullText>V. LA V INA I .* &amp;quot;OLD Rags and B1ottles!&amp;quot;&amp;apos; What will not ge(nius effect? Under its transfolllinlgf hand, obedient sl)rites have fabricateld the paper on which. these lines are&amp;apos; writtnii out of old linen rags ; and under its gruiding hall, Si-&amp;apos;nor chafriii&amp;apos;ng charini- pe whether Cr(Aen or goose-quill, hvas create(I for us a heroine, and the mother otf lahero, i tin e bri(lde of a rag-mierchant-a young wife who se &amp;quot; quiet activity ma(le itself felt (&amp;apos;verywl1&amp;apos;re-ll(o found timlie aIn(l incliltatioii to see the rags wicrlie(l, to pav&amp;apos;y the hands their wvages, to cast up the accounts, and yet to attend to thle Sul)limle (duties of Iiat-irnity, and to administer help and consolation wherever needed.&amp;quot; &amp;apos;This exeimiplary young lidy, however, is not thle Lavinia, but the Ilianca of the story-the only Child of an old IRoman. rouc&amp;apos; Marquis, pensioned by his brother&amp;apos; the Canoni, whom hie .so hates that to sp)ite him, be )rotests lhe would williigly expouse, his child to a rna-merchant. One (lay, a young country gentleman, his neighbour, comes to him and says, &amp;quot;&amp;apos; Neigtlhbour, I anm about to turn rag-merclhant, and I hlol)e that, as such, you will accept nme for your son0-ill-law.&amp;quot; W ith all iy heart, if my daughter consents,&amp;quot; says the Marquis in high glee wh; &amp;quot;wat put such a notion into your head ?&amp;quot; W lVhiy,&amp;quot; says Manciini, &amp;quot; I heave (decided at last to establish a a)permuill lhere. Paper is mla(Ie of rags; I must, therefore, buy rags, so you see I mnust perforcer be a ranfr-merchant.&amp;quot; So the youn, people marry, an(l Pianca is her husband&amp;apos;s true lhelpmeet, and the birth of a little boy, whomn they name IPaolo, brings their happitness to its culminating point. Too soon their joys are cloudedl : Mancini is wantonly cast into prison as a political offender, in 1837, and there forgotten, till his admirable wife&amp;apos;s nmportunities and the intervention of a good ol0( priest procure his release-&amp;quot; unacquittedl, but on the grmound of want of proofs.&amp;quot; Poor Bianca diies, her husband soon ollows her, and the young Paolo is left to shift for himself; h1e has his palette anld brushes, and( knows how to use them.-refui-ses his uncle&amp;apos;s aid, proffered on condliti&amp;apos;.n of his dropping his father&amp;apos;s nalaie, an(d commences artist and drawingmnaster. An. Englishm4an, good-hearted lut eccentric, discerns h i.A merit, and inidtuces him to abandon teaching, by whichl he lives, and stick to hiitory painting, on which he , must starve, knowing which h(e gives him apartments on his own piano at a nominal price. Th i e r are, some good touches in this Engrlishman, who is an unmnarrie(l iwiat of independent fortune, his are somewhere between thirty and fifty, and his character tinctured with a little cynicism. lie accuses Paolo, * Lavinia: by the Author of &amp;quot; Lorenzo Benoni,&amp;quot; and &amp;quot; Doctor Antonio.&amp;quot; In Three Volumes. Smith, Elder, and Co. London. U4o(l hiuouredly, of being always in extremes, to which Paolo replies, &amp;quot;Nothli;g can stir you out of youlr provokingr British phlegmll.&amp;quot; ]4 Ehitisl p)hleg11i1, indeed &amp;quot;&amp;apos; repeated te EnglishmaIni with a laugh; 4 &amp;quot;0ow inaniy times htave I 1ot told you that our British philegm, is an article, just like many others labelled, English, of purely continental ithr1)rication! I wish you could just hi.ave a peep of our House of Coino1115sAolmetimes, of our railway stations always, or of our crowds, to t;win an idea of what our p)hlegn1 is like. Why, my dear Sir, we are li( luhcifr-miatclies-we ctannot 1)0&amp;apos; toulChed without breakinlg out into a1 blae&amp;apos;. . . . I.lPlegmatic, indeed ! Wre are the raslhest, the ost (A;itabll, l)lunderiig, enthusiastic set of animals under the sun; burning I ltia1sl, 11tder a coat of ice : with11 s, liPe is a race, a storm, pleasure, l)Iisiiie WH~Xirtll(e, viCe, we over1do everyfthing. Statesmen, students, atithims, ;lartists, work at high p)r(esslur(e, and die of over-tasked brains. l)u111nkeimicss itself chainges iname and nature with us, and becomner deliu imiuu.&amp;quot; Aparty of Paolo&amp;apos;s g.ay-hearted. young brother artists interrupt the diab. ,g1e, and want to See, his new picture, whiich they criticise freely. Onelx of thl, a young, renchlimlin, nicknamed I)ugenre, tells Paolo he is oii thee wrong tack, and says, &amp;quot;We have outlived the ideal.&amp;quot; Pau)lo says he would burii his b)rushes if he, thought so. 4C You wvorshiip a fiallen god,&amp;quot; says Dugenre. &amp;quot; The ideal has hlid its (day, whlien men had flaith and leisure: they have neither nowa -(Ltys, they hlave iiterests, tha-it&amp;apos;s all. The real is the monarch of our ge- the agre of stean, of electric telegnrplhs, and Californias. Out of rlalismii and its expression the school of genre, there is no salvation for a I)piiiitcr. AWrith your i(leal you rub the hair of the present tinine the ro way. This is very imuchb a1s one would expect a Frenchman to talk; but wve wouild t ake the liberty of saying to the two young arguers, &amp;quot;You botlh are righlit, you both are wrong.&amp;quot; Dugenre says tlme ideal had its day, when men had faith and leisure. Faith in what? In the days of the (grand old Italian masters, they had faith in religion, and also iii public virtue; those were not (days of leisure, they were turbulent, stil&amp;apos;i&amp;apos;iiig thilne, wl&amp;apos;hmen society seethed as in a cauldron; its surgings reache(l even the artist&amp;apos;s studio, and made Michael Angelo lay aside is chlisel to defend hlis native city, and Luca della Rolbia throw his canvasses on Savonrarola&amp;apos;s expurgatory pile- in the treat Piazza. These iliterrl&amp;apos;ltions helped the true idealist more than they hindered: they Illade h]i feel lhow true a thing public spirit is, how real is religion, ho4)w dear is freedom, how pure is virtue. To him, much that is called ideal vwas found and proved to be real; and when these great realities bcecaiie niiarre(d, corrupted, and sulejugated more and more by their allitfgoiiist evils, till tile strettiii becam&amp;apos;e1 p)olluted at its very source, the artist l1)()v(,r died too! lon10our, and virtue, an(d domestic fidelity, aml simpliciity, and Ifaitli, and rectitude, an(d belief in God, amid in women, and in friends, and in public men, became extinct; and the Italian became a worthless character, and could paint nothing to inspire reverence and admiration, or to command a tear: lhp couldl not even coj)y *In eminent master in thle spirit of thle ori(inal. Fr lonr Years the Italian school has been the lowest iii F ti rn pei, tis hi Blut our lhope andl comfort is, that tlis rbi-orguneido, this awaklienhiw of sinful, sorrowfil Italv frot her long, dream-torenvilted slumber, is the lrechlrsomr of better thling!, not alone to tile (1hurcll, the statt, tll( mIVTh liant, the vrtizan, but to all thait is goodl and great ini Scielwe, alt, and literatuire. 1ihe(, two las-t campiviginis would w arni a stolie ! Whe1i tadt lDavila, or Ouiciar(liiii, or lacchiavelli, such. a story to tell aS. is rea(ly for Farini, if he can find timIe to write it? (&amp;quot;Talileo nieed have, felared no Inquisition n0ow, were hie to discover ne(w w&amp;apos;onderis in thie starry heavens. Columbus would Ilot wiltander through the courts of Europe, for a ship to lead him, to new world&amp;apos;s. A Pietro Martiro and Bernardino Ochino would now be joyfully listened to in northern Italy. And as the hour nlot unfre!quenitly prod(iuIce^s the miian, and a Garibaldi, a Victor Emmanuel, anl al Cavour, have each been found to be the right man in the right p)lac, mnay we( not rely that others in thIe spirit and vocation of G&amp;apos;Falileo, Columbus, Ochino, Atichael Angelo, IDa Virci, and Raffaelle will Spring iIp and lourish? Tlhe Iew king, of Italy begins at thle root; he (ca8ll for infant-schools, boys&amp;apos; schools, girls&amp;apos; schools, universities; abolishes all conventual establislhmients that cannot prove their practical usefuilness3, trains all the youth an(d all the burgher population to military discipline ; allows, Plibles to be sold in the streets, a1n1d1 at railway stations, and allows religiouis toleration even to the persecuted Jews. HLow can it be that Art should not awake, aned leap for joy ? At l)rese(llt, hiOwN-ever, in spite of tile warm life-blood rapiilly coursing, thfrough his veins, thle Italian wants^ bonie and sinew. R-omel was not built in a day, nor in a day can the R.II.omian be re-born. Hear wheat Signor Gallenga(, anl Italian hiniself, has said of &amp;quot;t the lymphatic (1ispo)sition&amp;apos;&amp;quot;of his countrymen. &amp;quot; We ha.ve crowds of men,&amp;quot; says hle, &amp;quot;like Petrarch, Taasso, M1etastasio, and Pellico-soft creatures who are always} blubbering, and yet benioaniiwr their hard lot, which turns their hearts to stonl(e, and (lellies theni the relief and refreshment of a good flood of tears!&amp;quot; It i# incredible, he addIs, whlat a developmlllent is given to nerves in Italy at the expense of miiiseles. &amp;apos;T&amp;apos;lie whole, systemia of eluc(ation. is wrong froml beginning, to (lid, ahl(1 tile mislhiet is at work from the very cra(lles, where imifaints are still all but smotheredl in their old-fashionied swad(lling-clothes. And themi, agaill, they are hardly able to sit or stan(l, when they befgin to keep thieb late hoiurs, arid lpartake the llurtful stimulants; of grown-tii peopole; are hunmoured in all thieir whims andl hianvies, glutted With Sveets, win(es, and liqueurs, till the ruin of their constitution keeps paceI with theC spoiling- of their temper. Well, we hope Victor Emianuel will live to say at seventy, &amp;quot;N uotis aronis chami tout cWlh.&amp;quot; V&amp;apos;hat a p)ity some fninale. Cptain Peard should not stand forth, to undertake the discipline of at least one of his infant schools, without dogmatism or prejudice, in the spirit of MBrs. ayley anf(l Mrs. Wightnian &amp;apos;* To resiini our tale. The young Italian is indhced(, sorely agailinst the grain, to give (irawing lessons to a young Irlis.h Ilady, travelling with her uncle and anit, and ablioit to winter in Rome. This is no otllfl tlitan Miss Lavintia Jones, the &amp;quot; Lavinia &amp;apos; of the book ; and we coultses to a feelingr of mortification on (liscoverinn her to be thel niece ot&amp;apos; a retire(l pickle mnerchant, or rather Italian *warehouseman, in lPiccalilly, a retired Fortnum or M\fason. To say truth, her uncle suffieinitly regrets it himself; as wel1l as his unfortunately plebeian nallme of Jones, which a chevalier nuiditstrie, who calls 1 himiself the (avatliere Martucci, consoles him with the hope ot his enabling him to conceal it under the dignity and title of a Count Palatine. With this pro&amp;apos;ject in view, the too creduloms AMr. Jones has come to Rkome, where his niece ihnmediately enrgages Paolo to give her painting lessons, and we, should say falls in love with himii on tihe spot. Lavitina is abundlantly miissy ; an(l we (quite concur with IPaolo&amp;apos;s English friend, Alr. Thornton, in pronouncing her a thorough specimen of the genus, &amp;quot; fine ladly &amp;quot;-not &amp;quot;h bigh-born&amp;quot; lady, which she has no pretension to be, nor even highly-bred lady, which a really good governess might have made her. Her aunt is the milk of human kindness-a woman whose unalffected goodness of heart would have adorned any station; and Paolo i-s; highly delighted with. both ladies, and soon learns to find himself happiest when in their company. AMr. Jones, however, will persist in considering him only a drawincg-master, thougth. Lavinia assures hinm lie is a first-rate artist, who condescends very much in consenting to teach. Mr. Jones&amp;apos;s contumacy even goes so far as to indluce himi to propose giving a dlinner-p)arty, without including IPaoloanmong the guests, onl which LLvinia not very amiauly replies, that if Sigrnor Mancini is not inviteol, she shall not come dowvn to (linner. 2Mr. .Jones roodtenpi)eredly yields the point ; and Paolo, having receive(l a carol, bluys hiniself na black satin stock, and a pair of hbazle-nut coloure(l gloves. Thus attired, as he trusts; (luite unexceptionably, he repairs to the olinmer; but is ldisturbed in his miind as to what to (lo with his hatwhetler to carry it into the drawing-roomn %with him or not. Hle has bear(l the question discussed and settled some tine or other, b)ut &amp;apos;; forgets low the, decision was given. So hle takes it in; andi immet diately perceives that every other man wears a white neckclotl, and 1nO other man carries his hat. Poor Paolo! these unintentional nmistakes are felt as real misfortunes by the young and thin-skinned. Anmong the guests are a Air. Piper (Peter, of course) and his lady, whose favourite subject is the persecution of the Madiais. She has already suggested it to Paolo as a fine subject for a historical picture; fo *Since writing this, we learn that Signor Ferreti and his amiable wife have sfor Hme time been educating young Italian girls at their Orphan Home, 35 Elgin a ,lRoad, Kensington Park North, in the Protestant faith, as certificated governesses. The supply and demand will doubtless be simultaneous. but Paolo doeis not exactly see how thle perseciition in extenso is to b? re-presented on canvas. Signor lRuffini takes this opportunity of letting us knllow thlat 1h tlik-s then case of Francesco and Rosa Madiai ha.1 beeln 11Ia(l(&amp;apos; raitlit&amp;apos; too muncle of. There are others much worse, hie sa1s. Of course tlire have been, only they have not come within Englisl fl1(.1,i5s o &amp;quot;redress. he dinner wais dtill at first. This, we knlow, may havo been possible. AWine circulates;, and general subjects are timidly approached. Is tflie Eur1o1(pean horizon likely to continue cloudless ? or are there any iiicipielt signs of an inpendmig stormi I (This is supposed to h!e askel ilL 1,47.) MIr. Jones is oracuilar in his answer. li-e sees, ( ire-n&amp;apos;ts to say, dark cloudls gathering in the &amp;apos;West. Thin&amp;quot;s and nailmeS are l( Ivi. soie~vwiere, oflenisive to Enrhish feelincys and notionsthiinxgs a114l naiiics wlich England neither can, nor must, nor will tul&amp;apos;erite mIulch lon-er. Sad as a prospect of war may appear, especially to men *-of capital, G&amp;apos;reat Britain has duties, imperative duties ; an(d the, sooner France gets a licking the better. -&amp;apos;eitlher is this overdrawim. The whole scene is easy and convers.tiolud. We advirsiedly say easily ; for, to a practised hand, it is almost as easy to) write as to read or speak- light conversation, setting aside t ere j ,enniansp up. Signor Ruffini&amp;apos;s English dialogue is wonderful for an Italiall, and good for an Encylishman -far pleasanter and more natutral than M iss Lavinia&amp;apos;s journval-letters to her friend, Lady Augusti, viicl. We 8X110o1141l have, been seriously sorry to be the friend to receive. I&amp;apos;liy yare egotistical an(d namby-pamby ; a man seldom or never well imitates good ftemnale letter-writing. He succeeds better, however, ill hJis mierry little artist, Salvator, who (lontinually improvises or quotes (we miay be pardoned for not knowing which) scraps which may we 1l bc tfrou the libretto he says lhe is writing, such as &amp;quot; Nella terra in ciii V&amp;apos;iVia~li, Ci 1lecianio un ciel (lamor,&amp;apos; &amp;amp;c. &amp;apos;The two4) ,entlemen of the swell iob, too, are well done ; and the mio(k C]ount&amp;apos;s (elndeavOur to reTpat nIII oft-told tale to his comrade, the (Chevalile,; after dr-inking too imuch of Ir. .Jones&amp;apos;s Madeira, and when he c(.)Ilf uses Iuimise~lf syi, &amp;quot;tl~ Now, don&amp;apos;t bewilder me,&amp;quot;-very divertill,,. 1Lavinia is inexl)erienced enough to take him for what he preten(],; to 1)w&amp;apos;, tle r&amp;apos;el)reSenltative of tho oldest house in Italy; and, in this belief;, shle ventures to ask him what may be presumed to be the best way of reconciling Paolo to his uncle, the canon. Tlhe Count assures Iter there may be difficulties in a certain quarter-difficulties which he may pirobably be able to remove by the aid of a little money. A Vonti(lential follower of the canon&amp;apos;s miust be propitiated-in plain w1ordls, 1)rilwed-and it will be expedient for Signor Paolo to make a siii1ll aldvailce, .al1(1 calso to write a few conciliatory lines, which may 1b sliovii. Lavinlia -and ler&amp;apos; 1 aunt undertake the advance, and are even g-2ittefill to the (&amp;apos;oulit , oollS~entillg to 1)O(&amp;apos;ket &amp;quot;the paltry sum of&amp;apos; a hiiuiired scii(i &amp;quot; for the purpose assigned ; and Lavinia agrees to obtain front Paolo the propiatory letter. When she 1)roaches the subject, however, his darkening brow alarms her, and he expresses his opinion of&amp;apos; his uncle&amp;apos;s character in no mealsured terms. Lavinia is aIt a loss to describe to Lady Augusta the iilmpression made on lwr by this olltluist of inidignation. She does Ilot say, &amp;quot;C You really imight have thought him the INaster of RavensWoo(l!&amp;quot; but &amp;quot;He reallv .was like MarWtio in Ravenswood,&amp;quot; thereby robbing the comparison of whatever it possesse(l of dlignity. The two youn people-of whomn the young mian is by far the niost ntural and inipulsive-(lo not l)alt till they have plighltel thellselves to o0l( another; and good-hearted Mrs. Jones coiming in, Plok) kneels, kisses her han(l, places it oIn his head, and hurries out. Lavinia tells ber aunt whliat has p)assed, and says, &amp;quot; If you were in my circunmstan(es, shlould you consider yourself engaged ?&amp;quot; Mrs. Jones replies that she certa.inly slhould. Mr. Jones&amp;apos;s consent is of (course not to be expected; but for a while there is no opportunity of asking it, and during that +while, Paolo is supremiiely happy in hinmself. He communicates his bliss to his little friend Salvator ; and Salvator, wNho is hiuself engaged to a very good young&amp;apos; girl, and has just been alppoinlted sc(ene-painter to anl eccentric marclioness, overflows with sympathy, aind sings mnore than ever of &amp;quot;fedelta &amp;quot; and &amp;quot; felicitah.&amp;quot; But Lavinia soon steps from her pedestal. Secure of Paolo, she no longrer consults her natural inclinations, and stands revealed &amp;quot; tile fast young lady.&amp;quot; Dancing, hunting, acting, shooting at a t&amp;apos;arget, nothing, comes am-liss to her, and Paolo stands dismayed. He sees her (lressed, or, (IS wle have heard it expressed, &amp;quot; in shoulders for a ball,&amp;quot; and his inodest chleeks burn, vith blushes. Iile has already (declind painting her portrait in the saine costume ; and Signor Ruffini&amp;apos;s testinloim as a Ioi&amp;apos;evigmcr is valuable, as touching the opinion Iabroad of&amp;apos; our y&amp;apos;oung1 lady&amp;apos;s over-boldness in nlior( respects; than one. P)aolo&amp;apos;s cynical but i tlithmful friend Thornton tells hiint it is no miore than wN;as to have been expected : twice Paolo packls his clotlhes, and resolves to flee his ch(a1reller, )lbut once and again she prevails onI him to stay. At length a teiriible scene takes p)lace at somle&amp;apos; private theatricals ; Iavinia herself is terrified into resolutions of future prop)riety-the shmamll Count is dl(&amp;apos;te(tetd- stealing diamonds, and Mr. rJones, aInnoyed( at being opeCIly knowi0n as his dupe, summarily quits Route with his wiftle and niece, whlo give Paolo perinission. to follow thein, when he shall hear from them. Months elap.se and lie receives no summons. At length, Lavinia invites him to join thmemn at Paris; but miscalculating on thel celerity wvith1 Which he hastens to obey lier behests, involves herself in engagelilents, so that on arriving there witlt Thornton, lte finds her on thle point of going to a ball. Botlh are troubled: she bids him call at nie th nlext morning, then defers it to tlme evening. &amp;quot;I&amp;apos;aolo would fain have walked home, to let the bitter icy night w&amp;apos;vind cool his hot, throbbing temples, but he felt as if his legs were Weak as water. Ile beckoned to a coach, and, as lie threw himself into it, called out &amp;apos;Via Babbuino.&amp;apos; The coachman declared hie knew of no such street. Something of remnonstrance in the man&amp;apos;s voice forced Paolo to a mental eflort, and then he recollected careful Thornton havinll ia(le him put into lis waistcoat pocket a card, oin which was written his Paris, address. A et la honne Ideure,&amp;quot; said the (lriver, &amp;quot;Rue de Rohlan ! &amp;quot; Alas ! that necessity which compelbs the votaries of iashion to follow her chariot-wheels constrains, Lavinia to break her engagement with Paolo iiext evening, in orider to attend the ball in lhonour of the reception of a new ielliber of the Institute at the Hotel de uille. She goes reluctctantly, but site goes, and when the impatient 1Paolo arrives aLt tbe hotel, hie finds himself put off with a, note. &amp;quot;lie tore it open-read the first line, &amp;apos;we are going to the 1)all at the Hotel de uille &amp;apos;-paused a second, as if to take in the mneaning, violently crushed the paper, and to the indes-cribable terror of the poor lady&amp;apos;s maid, toreI it with his teeth. His look, his gesture was that of a maniac. Those few words had maddened him.&amp;quot; lie drives furiously to the Hotel de Ville, follows in the wake of a well-dressed crowd, and is stopped by a demand for his ticket. Of (:ourse he is without one, and of course lhe is ignominiously expelled fronm the pre micts. lie exp)ostulates, raves. &amp;quot;Withdraw quietly,&amp;quot; say the otlicials, &amp;quot; or we shall send you to the guard-house.&amp;quot; &amp;apos;The remainder of this scene&amp;apos; is very painful, but life-like. &amp;quot;At this threat, Paolo forgets that he is one against a multitude, forgrets timle and place, all s~ave that he has to cuIse Lavinia, and thlat hie will (10 it in spite of mian or devil. He throws himiself furiously a&amp;quot;tvlinst, his opponents-poor delirious young nan ! in a second hie is overl)owere(l, and carried before the captain of the guar(l. Luckily for Paolo, he w^&amp;apos;as a grey-haired iluauj, who had been on duty, not only at many fetes, but on nmany battle-fiel&amp;amp; ; lifie&amp;apos;s combats anti trials h(ad sobered this elderly mani, subdued the arrogaance of brief mnartial authority. Tl&amp;apos;le ap~pearance of Paolo reminded him of his own brave lad-just such another in height and carriage, far away in Algeria. The, officer put his armi within Paolo&amp;apos;s, and gently reasoning with. hinm, led hini down stairs into the court-yard, out into the open square, and bidding him go home, quietly, left hiin there.&amp;quot; Paolo remains vacantly leaning against the iron rails, and then saying to himself, there must be more than one way into a house, makes a secondl atteImipt to enter, is repulsed with mnore violence, and flinds himself forced back into the street, conscious only that he is foiled. I e wanders round and round the building, but without aim or purpose. Stumbling agrainst a block of stone, he drops on it exhausted. &amp;quot;Ile sat there, lod knows how long, looking at the gaily illuminated fa;lade, i-steuing to the miusic, his eyes straining after the shadows thirowii on thic window-blinds by the (lancers. . . His thoughts floated from oblject to object, indistinct, incoherent, like the visions of a fever. That hie was ill, and cold, and wretched past conception, that he was lprolably dying, and that death would be welcome, was his clearest impiression; but of the why of all this wretchedness, he had now not the slightixt conception. &amp;quot; On a sudden, he was startled by a vivid flash of light in his eyes. A mian was holding Ca lantern close to his face, and a gruff voice was 01,d ring, hiimi to rise, and ttake hiimself away. . . His miiind&amp;apos;s comWats lost, and lilke a wreck, he drifted right or left at hap-lazard. Slhivering and ill paini, he )ut his han1d to his head, his thick hair was like &amp;apos;a mai-uss of wet, tang&amp;apos;rled sea-weed. It was only tlheI hle perceived tflat rain was fallingr fast, that lie had lost his hat, and was literally wet to the skin. Tlhe clanI- of .a loud tolling close at land startled lihi w.itlth a sense of terror ; it was the hour of the night :alling from the 1i &amp;apos;fi&amp;apos;y of Notre Daine. Paolo raised his eyes, ab)ove lhinit towered a dk] mass, \whiich, as hle looked, seemed to totter threlateningly forwarlids. lie rushed from uniler the shadowv on to a bridgre, saw water flo)vill ow, bewand stopped to wond(,eri, and consider whether it could be the Tiber. At the other eild of the street, beyond the bridge, a la&amp;quot;rge red ball of fire attracted his attention ; le felt fascinated by it, w ent straight towards it-then red lamip, and everything, even to the last glinlinering of consciousness, vanished. lie lay senseless on the la&amp;apos;xeiielnt.` D)oubtless many a poor young fellow has roamed, despairing and frimlitt&amp;apos;til mladdened, through the midnighlit streets of Palris, in wretchedness contrasting with the splendour and gaiety of its lighted halls. The l)icture is tragically viv id. &amp;quot;The glare which attracted uiluicky Paolo proceeded from a large :lmp of red glass, in front of at very low, shlabby lhouse of two storeys. . . it denoted one of those humble estallishmlents at which. oniniluses stop), to take ul) or put down passengers, and whelre coreCsponden(lece-tickets for all l)lrts of Paris may 1)e had for three-)(11ce: oil(, of the great iilnprovenieiits of civilization, ecollollzing.1 thIe z ltizan&amp;apos;s and workmlaini.&amp;apos;s time and strength. &amp;quot;(A little lalnl ill *a lamentably condlitioned. dressing-gown, his little bldy half out of the garret window, immediately above the waitingroIlm of the said bureau, was in the act of extinguishing, by the aid (o a short stick, the red lamp -beneath, when Paolo iell heavily on the 1)t aemcnelt. &amp;quot; &amp;apos;vss- my soul,&amp;apos; exclaimed the little man, &amp;apos; some one has dropped 1(divi close to our (loor.&amp;quot;&amp;apos; T&amp;apos;h&amp;apos;i.s little mnain .and his wife are good Samiaritans. They go down, ; litL u&amp;apos;p 1&amp;apos;Palo and bringr llinI in-doors, then seek tLe assistance of an ai.cle of theirs, iiamed Ien~oit, who is a waiter at some neighbouring Vapour-baths. The humanity of these poor people is swveetly drawn. They at first mistake the case, and treat it for cholera; but lhaving recours~e at length to a doctor, poor Paolo proves to be in a raging birahn fever. After a lengthened illness, lie partially recovers, utterly 1)(he ft of mllemory. After a while, a holiday visit to the cemetery, where a little girl of his kind hosts is buried, and their artless sorrow and I prayers, opens the fount of tears. Hle gradually recovers his memory of the past, but is at first unable to find any clue to his friends. P1 roSPlero, hi9 host, gets an old directory, and undertakes the arduous task of reading all the streets to him. Directly hie hears the name of the Boulevard des Capucins, he knows that is where the Joneses were lodging; hie, seeks them, but they have long left Paris. He then( goes in quest of Thornton, but hie, too, is gone ; it is supposed, to America. &amp;apos; I know lI( is gone in qjuest of nie, then,&amp;quot; says Paolo, disconsolately ; and, unal)le to find any of his old friends, hie casts about for nmeans of relievingr his new ones of his expenses. They help him to seek eml)loyment, and at length he is fortunate enough to be engag(ed as amanuensis to an old astronomer, whose sight is worn out, and who is enmployingr his evening of life in putting together the disjointed miemloranda of his discoveries. The picture of this old nman&amp;apos;s homne is the perfection of repose. &amp;quot;Was Paolo really in gay, turbulent, noisy Paris, or had he falleln fromn the clouds, into some convent on the top of AMount Lebanon t&amp;quot; Such was the question that lie often put to himself during the first days of his newv employment. The house inhabited by AM. Boniface was the quietest of a quiet collectioii of houses, through a court, down anl alley, between another court and a garden, in quiet Rue Cassette; and the quietest nook in the (Uieterst house in Paris, was allotted to Paolo for his daily avocations. The cell of an anchorite, as far ais silence and retirement go, could stand a comparison with his little stuly. Not the fatintest echo of the noisy world without found its way to it; andl within, no soundl but that of the scraping of a penl against papeP. The maids who shook carlcets out of the opposite win(lows did so with a care ; the very sparrows which lighted on the solitary tree in the centre of the noiseless court below seenmed impressed by the stillness that reigned, and chirped sotto voce. &amp;quot;I&amp;apos;aolo had never coime in contact before with a real devotee of scienice, and for the first tinme had aan idea of that tranquil, unremitting race after knowledgre, which the life of an intellectual pioneer can be. Scientitic speculation was with L. Boniface a process as natural, indispensable, and continuous as respiration. Shut up) as in a coat of mail, in his world of thoughlts and calculations, he forgot the external world, its regulations and exiencies, and would have, dropped exhausted over his book or his slate, without knowing the why or wherefore, had not his sister been at hand, to warn him it wvas time, for breakfast or dinner. . . . . Of an .afternoon, Ml. Plonif~ice often had visitors ; and as, his study vas contiguous to that of his amanuensis, anfl the conversation, owving to his deafness, was carried on in a loud voice, Paolo hIad naturally his share of it. Ml. Bonifiace&amp;apos;s friend.s &amp;apos;were, for the inost part, menI of science, like himself; naturalists, arcal;tVologists, orientalists, mnatheimiaticians, each having a particular bobby 01 his own ... . Often would IPaolo lay down his pen to listen and derive the greatest gratification from what hie heard. Not that be( could understand or take in the hundredth part of wvhat was said on these occasionsl; he would have been quite another and a more accompulished man thanr lie was, had lie b)een able to (do so ; it was the lofty standard of their callings, the entireness of their devotioil to the interests of the mind, the all-absorbing- character of their pursuits, thle depth of their convictions, their entnusiasnm, their patience, their si&amp;apos;pinllicity, which commanded Paolo&amp;apos; s sympathy and admiration.&amp;quot; &amp;apos;F&amp;apos;his is charming, and we have thbe less scruple in quotingr it so &amp;apos; 1wlarel, that the patssge does not lose by being detached, and is worthy of miore than one leisurely peruisal. Paolo has earned enougl to pay * his expenses l)ack to Pomie, and is preparing to do so, when lhe shiall bave obtained a passport, when lhe receives a communication from an eininent, Romann lawyer, that his old uncle the canon is dead, and has lef-t him his crule unirersale. Dugelnre, the young French painter, whom Paolo has fallen in withl a gain, persuades him, with some difficulty, to take a coniiiion-seiise view of his grood fortune, and, instead of casting it to the winds, to write to the lawyer, acknowledging his letter with thanks-, and desiring him to send hiiil five hundred scudi. &amp;quot; There&amp;apos;s that little fellow,&amp;quot; says lhe, &amp;quot; and his wifie, who nursed you-you. must do handsomely by them.&amp;quot; A suggestion fbr which Paolo expresses his gratitude. Meanwhile, what has become of Thornton? Thornton, after hunting for his friend higrh and low, and lbcing unable to find him, has goneI out of his mind, and is in a mad-house. This seems an extremea case. And Lavinia? Lavinia did not have a happy evening at the ball. Ifer auint had a fit, and was brought lhonme senseless. Incidents are crowded upon one another-tihe Jones flamily return to *Engl and ; Mrs. Jones dies, and, on her (eatli-bed, reveals to l.;aiuiia, that her father is yet alive, but bribed to keep out of sight. After Mrs. Jones&amp;apos;s death, Mr. Jones tells her that in fact she is not his brother&amp;apos;s daugfhter at all, but the illegitimnate- child of an outcast ;naned. liolywell, whom lie had adopted out of charity. IPoor Lavinia finds the world of fashion and opulence crumble beneath her feet; alld, to free herself from the otfensive advances of rfr. .Jones, quits his hollse, and betakes herself to a l)oor lodgring iii Camden Town, where, alter a severe illness, she trias to find sonim way of livelihood. The elSuing details, are only less painful and disagreeable than many a .ior girl bas foun(l the reality. Lavinlli s character, of course, improves inider adver~sity, but the discipline is very terril)le. The following 4 little bit is perfectly true to nature. She is applying to a lady for 4 the situation of governess, and is on time point of obtaining it, when tlln lady &amp;quot;Iys, &amp;quot; Of course, I expect you to give me good reference.&amp;quot; 4 &amp;quot;Lavinia faltered out that she had mione to give. &amp;apos;None in London, l rllrla)s you mean,&amp;apos; sucrgested the lady kindly. &amp;quot;&amp;apos;Neither in town nor in country, madam,&amp;apos; said Lavinia, now ashy p)ale. &amp;quot; Surely you are known to some one in England, who would answer for you.&amp;quot; &amp;quot;Pray, madanm,&amp;quot; cried Tavinia, so clhoked with emotion, that she cou111d hardly sl)eak intelligently, &amp;quot; pray, be not prejudiced against me by what I am going to say. Indeed, I have done no harnm. (God is my witness, I have injured no one, but still there is no one to whomn I can give you a reference.&amp;quot; &amp;quot; The lady looked fixedly at the speaker all the while, but there was nothing hard in her look, rather the contrary. She mused for atn instant, thexi said&amp;quot;Strangire, almost incredible, as your statement may seem, if you wouldl only account satisfactorily &amp;quot;&amp;quot;Mary,&amp;quot; said the gentleman&amp;apos;, iiever looking up from his newspal)er The toic in wVhich these two syllables were pronounced must have lowered the thermometer. All things considered,&amp;quot; said the lady, risino, &amp;quot;I am sorry I cannot engrage you.&amp;quot; &amp;quot;God bless you all the same for your kindness,&amp;quot; said Lavinia, bowing low, and departe(L &amp;quot;1loor thinlg ! so near the port, and, wrecked !&amp;quot; We, commend this incident to the attentive consideration of young ladies starting on their own account. Many are forced, by pitiless circuimstances, to breast the adverse current, whether they will or SO, God help) them ! Blut occasionally, there are others who, &amp;quot;on the dissention of a doit-some trick not worth an egg &amp;quot;-fall out with their bread and butter, aind cast themselves, heroines in distress, onl the unknown world, convinced that their numerous acquirenments aild resources Ineed only to be kniown to fetch their niarket-price. To Such, who for the mnost 1)art are novel-readers, let the lady address h11(r (juestion to Lavinia. &amp;quot; &amp;apos;Where are your references ?&amp;quot; 11er intimation1 was right-Lavinia iwas really a good and innocent girl-but thle ge(Iitlemiian was rig1ht too, there was something questionable in hei antecedeuts. And young, ladies seeking, a livelihood in thel bosom of a l)rivat(, family, are More likely to meet with the exercise of severe judglnemit than of benevolent intuition. Finally, she writes to the amiable mother of her friend Lady Augusta, who procures for her the situation of companion to a lady ill D)evonshire. She travels )art of the way with the lady&amp;apos;s nliece, &amp;apos;lara, a very interesting person no longer in the bloom of youth, anid somewhat nun-like in her quiet dress. She goes to live with this lady&amp;apos;s married sister, instead of her gay old aunt; and speedily Iinids that Clara is going out to the Crimea as nursing-sister. Lavixiia decides to g(o with her. During the journey to Paris, Clara proves to hlave been the early love of Mr. Thornton, of wbom she1 is most anxious to obtain tidings ; and on arriving at Paris, they find out the good womian with whom he and Paolo had lodged, and learn from her that hie is in a mad-house. Thenceforth Clara, under the guidance of thle physician of the asylum, devotes herself to his re-covery; and Lavinia, after writingr a contrite letter to Paolo, whom she supposes at Romie, 1roceeds to the east. Mleanwhile, P&amp;apos;aolo lhas run into strange excess of riot, and becomc an absolute prodigal son, except that he has no father&amp;apos;s heart to break. We would not willingly read the hurried sketch of his delix- uefncies again. Sianor Ruffini ruthlessly destroys our pleasure in his niplicity, his purity, his high and lioly aspirations, and shows him. ?llloNVilltg in the mire of Palis. Those who have the patience to 11w( h-im Ii yoId. this; disagreeable chapter, which ought to have a Wttl ac l)l(k curtain (drawln over it, deeply craped, will find hill aroused V sense of his moral degradation by the unexpected arrival of hlis onlepst little friend Salvator, wvlho has 1o)sted to Paris to thank him or . generous preseiit. Salvator is horrified to find him just risen, 14)11 b1ed at ten o&amp;apos;clock, and about to induct hiniself into a pair of ply-blue pixtltalollos ; still more horrified at Paolo&amp;apos;s tranisports of (llorSe oIn readiing Lavinia&amp;apos;s letter, which lhe has brought him fronm oui~e. &amp;quot;&amp;apos;There you stand,&amp;quot; cries Paolo, &amp;quot;a living reproach to me ! A j;1orious figure I cut. in my Turkish mornincg costume, don&amp;apos; t I! Look ,,t mny collection of whips, canes, cravat-pins, wrist-buttons, and scentliuttles, and be lost in admiration ! Worthy property for an artist, is tot it ? Anld the inward bonds, friend Salvator &amp;quot; Nonsense!&amp;quot; ejaculates tile little man. Paolo, however, assures jutii it is no nonsense. lie is very bad, and very wretched indeed. (lie, of&amp;apos; this frippery has made him, happy. &amp;quot;There is .a curse in l()ncy, Salvator,&amp;quot; says lie. &amp;quot;? wel, if it be so,&amp;quot; replied Salvator, &amp;quot; the remedy is easy. Cast n&amp;apos;iom you that curse, and live o0n bread and cheese. At it at once b)iit oIn your shabbiest coat and hat, to be inl keeping, with mine, and us go out. Do you know of ally place whele we are likely to see ally blackbirds 7 P&amp;apos;olo, after a little reflcetion, can only think of the cemetery where i&amp;apos;-oslpero&amp;apos;s little girl is buried. Tile spot does iiot sceni to Salvator l&amp;apos;iidicative of cheerfulness ; however, they repair thither, Paolo iiiakes , clean b)reast of it amiong tile tombs, and after crying very he&amp;quot;artily, -.(iJ2 RItalice, feels all the better for it, and accompanies his friend .illto a little eating-lhouse, where they dine frugally and heartily on ,ciutlets and fried potatoes. After being on their legs about iune hours, ft.Uey are in bed and asleep at ten o&amp;apos;clock, like good men and true. et is hardly necessary to say that Paolo&amp;apos;s character is regenerated Wider Salvator&amp;apos;s wholesome influence. He cuts his gay acquaintance, breaks up his bachelor establishment, and they resolve to elnlist into thel Sardinian Contingent. Previously, however, they go to have ]&amp;apos;aolo&amp;apos;s republican scruples as to lighting under a monarchical banner overcome by I)aniel Manin, which gives us a glimpse of that distinguishe d Venetian, drawn, we should think, from life. The whole sei nn may worthily be detached. ; &amp;quot;M1anin oc(upied a small, and more than modest lodging, in tile thir(l story of a house in the Rue Blanche. His reception of the two You&amp;apos;(ng men was full of that frank cordiality which is a distinctive trait of the Italian clharacter. Manin had his hat onl, evidently ready to go out, when his unexpected visitors appeared ; nevertheless he would not permit their going away, as they wished to do, but said he had a quarter of an hour at their service. Paolo, therefore, stated his case of conscience. &amp;quot;Which do you care for most?&amp;quot; said Manin, &amp;quot;the Republic or Italy? Italy, of course. To be either a republic or a monarchy, Italy must first exist as a nation; that is, be independent, and foriii one body. Every act which tends towards that end deserves the support of all patriots, whatever their creed. Is the co-operation of Piedmont in the (Crinmcan. war to be considered an act of this sort-a step in the right direction ? I (lo not lhesitate to say it is so, inasmuch as it widens her circle of influence in Europe, and strengthens her hands for good ; inasmuch as it places her in manifest antagonism wvith Austria; inasimuch as it furnishes a precious occasion to ladd to the prestige of tie, Itaflian arms. Those who go to fight utnder the three cololirs of Italian redemption, are not the soldiers of the 1Piedmnontese state, but the solfliers of Italy. Would to God that I were young enouigh and strong enoughl to be one of theni U&amp;apos; . . . &amp;quot;Ti&amp;apos;he door ha(l Ibeen gently p)ushled ajar while he wvas speaking, and the moment he stopped, a female voice (ah ! pity himi ; not that of his wife, or dlaughter-both lay in their freshly-opened graves)-a femuale voice said warningly, &amp;quot;Mrr. Daniel, it is striking eleven; you know you have to go to Rue Pigalle.&amp;quot; &amp;quot;Thank you,&amp;quot; said Manin to his careful honne ; and snatching a book from a table, and p)utting it uinder his arm, lie led the way downI stairs to the street-door. There hie stoppe(l, and said with emotion, &amp;quot;Good-bye, my young friends. May all success attend yol. Hlonour certainly will; for it is the path of duty. My blessing goes with you. To the rising generation, which you represent, to the simlpl)lc in mintl, and stout of heart, IProvidence reserves tne great work- of Italian emancipation. Peace, peace at all costs anmong the oppressed, that their united war-cry imay be like the trumplets before Jericho, at sounId of which the ramparts of the oppressors shall crumble into dust. You will see that daiy, young mien.&amp;quot; &amp;quot;And so will you,&amp;quot; said P&amp;apos;aolo with enthusiasm. &amp;quot;Not so, not so,&amp;quot; replie(l MAlnin; &amp;quot; the spirit is willinpa, but the flesh is weak. 1)iewm ei numerati sunt, I may say with the Psalmist. Once again, farewell !&amp;quot; and with a friendly squeeze of the hand, hie hurried away. &amp;quot;Paolo&amp;apos;s heart sank within him as lie wa.tce(l the tottering steps of the noble man ; and he thought to hiniself, why this mysterious dispensation, which dooms the flower of a whole nation to live and to die broken-hearted? &amp;quot;B ravo!&amp;quot; cried Salvator; &amp;quot;a man worth his, weight in gold. . By the bye, though, I should like to know why lie goes about with an Italian grammar under his arm ? &amp;quot; &amp;quot;sManin gives lessons to live, and therefore carries with him the tools of his trade. Yes ! oh mockery of fortune, the ex-dictator of Venne is reduced to sell participles ! &amp;quot; 4 Salvator mused a little, thienI said, &amp;quot;Anid why not ? Poverty at all times has been the seal of true fgreatness. Deck Homer with a mantle of purple, seat Dante in a carriage and four, and see what a sorry figure they will cut.&amp;quot; ArrivedI at Turin, the two y&amp;apos;oung1tc frieInds receive the unwelcome intelli-ence that 110 voluLteCes are dfldllitte(l into the Piedmontese expeditionary corl)s but such as hatid. served already, and could prove their services. The undaunted little Salvator resolves on nothing less than a persontal applicattion to it re y(dantuow2o ; and for this purpose, plants himself at a back gate of the royal palace, whence Victor Emnimanuel is likely to issue, between two and three o&amp;apos;clock in the afternoon. T&amp;apos;his, again, has the air of a grenuine anecdote abont it. t Salvator waits till three o&amp;apos;clock, and is onl the point of dcci(ling that the king, is eithler going to keep iin-doors, or has grone out some other way, when one, of the longr-wateed b)ack-doors opeils, and two figures in plain clothes issue forth. Who caln mistake the portly form, and remarkable moustaches ? &amp;apos;alvator hals hardly time to whi) off his hat as the king bears down upon him, and apply his hand to his forehead inI military salute. hIave you anything to say ?&amp;quot; says Victor Emumanuel, half sinilingr. &amp;quot; Please your majesty, we are two Romains, wVho have come all the -ay from Paris to enlist for the Criinea.&amp;quot; F&amp;apos;or the Crimea ? Are you big enough ?&amp;quot; says the king, sharply e eing the little painte?. &amp;quot;Just the rigrht size, for a 1Bersagliere,&amp;quot; says Salvator readily. &amp;quot;My friend has smielt powder already.&amp;quot; &amp;quot;Where &amp;quot; &amp;quot;At Rome, in 1849.&amp;quot; &amp;quot;What put it into your head to go to the Crimea?&amp;quot; &amp;quot;The wish to quality ourselves for your next campaign in Lombardy, X sire.&amp;quot; 1His Majesty turned with a pleased smile to the gentleman accom1 )anying himii; then addressing Salvator,&amp;quot;And suppose you are killed in the Crimea ?&amp;quot; &amp;quot;If so, dulce et dlecorum est 1;ro patria monri, sire.&amp;quot; &amp;quot;Bravo !&amp;quot; sail the king, &amp;quot; (ood Latin and grood sense ! What is your namie ? and where tire you to be found I&amp;quot; &amp;quot;Angrelo Gigli, sire, at your service ; and, just now, at the Locanda of the Dogana Vecchia.&amp;quot; &amp;quot; Addio,&amp;quot; said the king. Salvator has secured his olbject, and the two friends go out, one as Bers.agliere, the other in General Trotti&amp;apos;s Second Infantry Brigade. They thenceforth see very little of one another, and poor Salvator is hai(d low by fever and sent to the hospital. His Clelia comes out t(o nurse himi,. and Paolo too, who is severely wounded in the battle of Tchernaya. &amp;quot;&amp;apos;This battle, according to competent judges, sealed the fate of Seh)astopol. Paolo had the good luck to be one of the division Trotti, which was engaged in the, action; nay, to belong to the very battalion which was sent to harass the retreat of the enemy. He did not at I one stroke run his lance through half-a-dozen Russians-by the bye he, had no lance-nor did he lachieve any other supernatural feat in the kniht-errantry line ; but his behaviour throughiout was stea(d, a11d resolute enough to be noticed ly the men an(l officers of his colllpany. The greater their pity when they saw hiinm stagger, reel, and fall to the ground. It was tlhe last discharge but one of the artillery which had done the (leed.&amp;quot; .1 Whether he sinks or survives, the reader must learn for himself; also, whether hie falls in with Lavinia, whether she turns out to be ao, patrician instead of )lebian, and many other incidents which are too numerous to mention. WN&amp;apos;e htave already beeii too lavish in our conminunications, and shall seal our lips respectilln the unravellin!r of&amp;apos; comnmiunications, anct snaii seal our ilps res the various mysteries of the tale. A. AL</FullText> </Record>