<?xml version="1.0" encoding="UTF-8"?>
<Record> 	<Version>Record_v1.0.xsd</Version> 	<RecordID>4338408</RecordID> 	<DateTimeStamp>20180928135646</DateTimeStamp> 	<ActionCode>change</ActionCode> 	<RecordTitle>THE STORY OF A POCKET-BIBLE.</RecordTitle> 	<Publication> 		<PublicationID>1714</PublicationID> 		<Title>The Eclectic review</Title> 		<Qualifier>London</Qualifier> 	</Publication> 	<Publisher>C. Taylor</Publisher> 	<Volume>3</Volume> 	<AlphaPubDate>Mar 1860</AlphaPubDate> 	<NumericPubDate>18600301</NumericPubDate> 	<SourceType>Historical Periodicals</SourceType> 	<ObjectType>Review</ObjectType> 	<LanguageCode>ENG</LanguageCode> 	<ISSN>2043-2151</ISSN> 	<StartPage>328</StartPage> 	<EndPage>328</EndPage> 	<Pagination>328-328</Pagination> 	<URLDocView>http://search.proquest.com/docview/4338408/</URLDocView> 	<Products> 		<Product> 			<ProductID>1007574</ProductID> 			<HasFullText>true</HasFullText> 		</Product> 		<Product> 			<ProductID>1009130</ProductID> 			<HasFullText>true</HasFullText> 		</Product> 		<Product> 			<ProductID>10000001</ProductID> 			<HasFullText>true</HasFullText> 		</Product> 		<Product> 			<ProductID>10000297</ProductID> 			<HasFullText>true</HasFullText> 		</Product> 	</Products> 	 	<FullText>The Story of a Pocket-Bible. Lon- don: Religious Tract Society. For the mere novelty of the thing, I shall review my own history here. The journal relates the adventures of my possessors at various periods of my history, since I left the bookseller&amp;apos;s hands to become the choice and prize of an ingenuous child of six years old on his birthday. From him I passed into the hands of men in business, worldly families, Komanists, sceptics, working-men, and dissolute drunkards, endeavouring to diffuse a healthful influence everywhere, and meeting sometimes with saving and triumphant success. These will cheer the soul when read of, and perhaps may stimulate some who peruse this prefatory notice of my fortunes, to try amongst their acquaintances the benefit of the gift of a Pocket Bible.</FullText> </Record>