<?xml version="1.0" encoding="UTF-8"?>
<Record> 	<Version>Record_v1.0.xsd</Version> 	<RecordID>4338158</RecordID> 	<DateTimeStamp>20180928135639</DateTimeStamp> 	<ActionCode>change</ActionCode> 	<RecordTitle>CLASS SINGING.</RecordTitle> 	<Publication> 		<PublicationID>1772</PublicationID> 		<Title>The Rambler, Jan. 1848-May 1862</Title> 		<Qualifier>London</Qualifier> 	</Publication> 	<Publisher>James Burns; Burns and Lambert; William and Norgate</Publisher> 	<Volume>1</Volume> 	<Issue>1</Issue> 	<AlphaPubDate>Jan 1, 1848</AlphaPubDate> 	<NumericPubDate>18480101</NumericPubDate> 	<SourceType>Historical Periodicals</SourceType> 	<ObjectType>Feature</ObjectType> 	<ObjectType>Article</ObjectType> 	<Contributor> 		<ContribRole>Editor</ContribRole> 		<LastName>Capes</LastName> 		<MiddleName>Moore</MiddleName> 		<FirstName>John</FirstName> 		<PersonName>John Moore Capes</PersonName> 		<OriginalForm>Capes, John Moore</OriginalForm> 	</Contributor> 	<LanguageCode>ENG</LanguageCode> 	<ISSN>2043-3255</ISSN> 	<ISSN>2043-3247</ISSN> 	<StartPage>15</StartPage> 	<EndPage>15</EndPage> 	<Pagination>15-15</Pagination> 	<URLDocView>http://search.proquest.com/docview/4338158/</URLDocView> 	<Products> 		<Product> 			<ProductID>1007574</ProductID> 			<HasFullText>true</HasFullText> 		</Product> 		<Product> 			<ProductID>1009130</ProductID> 			<HasFullText>true</HasFullText> 		</Product> 		<Product> 			<ProductID>10000001</ProductID> 			<HasFullText>true</HasFullText> 		</Product> 		<Product> 			<ProductID>10000297</ProductID> 			<HasFullText>true</HasFullText> 		</Product> 	</Products> 	<Terms> 		<FlexTerm> 			<FlexTermName>DerivedSubject</FlexTermName> 			<FlexTermValue>CATHOLIC LITERATURE</FlexTermValue> 		</FlexTerm> 		<FlexTerm> 			<FlexTermName>DerivedSubject</FlexTermName> 			<FlexTermValue>ENGLISH LITERATURE - History and Criticism - 19th Century</FlexTermValue> 		</FlexTerm> 	</Terms> 	<FullText>CLASS SINGING. jaiscellanito. &amp;apos;Tnr. Hullah &amp;quot; system,&amp;quot; and the Mainzer &amp;quot; system,&amp;quot; and the ^ no-particular system,&amp;quot; are gradually shewing to the public 1-4their respective merits by their various fruits. We believe ourselves that there is no little Portion offudge in these endless -yretences to new &amp;quot; systems,&amp;apos; where pretences to novelty are ically made by the teachers, and not fathered upon them by 24oolish admirers. Each master may have some little ingenious device of his own for facilitating the learner&amp;apos;s progress; but what difference there can he between one method of real teaching and another, except in the exercises which are employed (which of course are endless), we cannot see. However this anay be, Hullah&amp;apos;s pupils are beginning again a series of concerts W hich will fairly test their strength; Mlainzer and the Edinburgh folk are at war with the Alhenwum journal on the &amp;quot;M Mainzer -rsystem ;&amp;quot; while the reports of Sterridale Bennett aniI the Rev.: Mr. Helmore on the singing at the Battersea College, and at St. Mark&amp;apos;s, Stanley Grove, are satisfactory proof of what can ; really be done with children and amateurs. &amp;quot; Altogether,&amp;quot; says Mr. L!e!more, in his report on Battersea College, &amp;quot; I am of opinion that although the stay of the students in the College A. is very limited, the study of music may be successfully pursued by them with a view to ultimate usefulness; and by means of the system now adopted they may be enabled to impart a clear view of the rudiments of music and singing to those placed under their care.&amp;quot; Mr. lielnore is the master of the Chapel Royal children, and also takes a considerable part of the direction of the music at Stanley Grove, and lie reports that, notwithstanding the perpetual change of pupils, &amp;quot;1 The individual attainment of our pupils is greater than the skilful and les than the unskilful&amp;apos; would suppose. Of those who have already left the institution, several have been very useful in assisting the clergy in the improvement of the music in the schools and churches. * * * About one in five of those resident in the College at any one time would be found able to sing at sight,-and about the same proportion would not be able to sing at all without help from the others; while the rest would he sufficiently grounded in the art to become, by their own future exertions, good practical musicians.&amp;quot; The 1&amp;apos; system&amp;quot; of Dr. Mainrer (who was formerly a Catholic priest) having been somewhat sharply criticized by the Athenivum, the criticism was contradicted at a meetink of the Association for the Revival of Sacred Music in Edinburgh, and MIainzor&amp;apos;s great success was positively attested. By this, however, and by Dr. Mainzer&amp;apos;s remonstrances, the critic still remains unconvinced.</FullText> </Record>