<?xml version="1.0" encoding="UTF-8"?>
<Record> 	<Version>Record_v1.0.xsd</Version> 	<RecordID>4340033</RecordID> 	<DateTimeStamp>20180928135325</DateTimeStamp> 	<ActionCode>change</ActionCode> 	<RecordTitle>SKETCHES: ECCLESIASTICAL AND SECULAR.</RecordTitle> 	<Publication> 		<PublicationID>1772</PublicationID> 		<Title>The Rambler, Jan. 1848-May 1862</Title> 		<Qualifier>London</Qualifier> 	</Publication> 	<Publisher>James Burns; Burns and Lambert; William and Norgate</Publisher> 	<Volume>3</Volume> 	<AlphaPubDate>Apr 1849</AlphaPubDate> 	<NumericPubDate>18490401</NumericPubDate> 	<SourceType>Historical Periodicals</SourceType> 	<ObjectType>Feature</ObjectType> 	<ObjectType>Article</ObjectType> 	<Contributor> 		<ContribRole>Editor</ContribRole> 		<LastName>Capes</LastName> 		<MiddleName>Moore</MiddleName> 		<FirstName>John</FirstName> 		<PersonName>John Moore Capes</PersonName> 		<OriginalForm>Capes, John Moore</OriginalForm> 	</Contributor> 	<LanguageCode>ENG</LanguageCode> 	<ISSN>2043-3255</ISSN> 	<ISSN>2043-3247</ISSN> 	<StartPage>564</StartPage> 	<EndPage>570</EndPage> 	<Pagination>564-570</Pagination> 	<URLDocView>http://search.proquest.com/docview/4340033/</URLDocView> 	<Products> 		<Product> 			<ProductID>1007574</ProductID> 			<HasFullText>true</HasFullText> 		</Product> 		<Product> 			<ProductID>1009130</ProductID> 			<HasFullText>true</HasFullText> 		</Product> 		<Product> 			<ProductID>10000001</ProductID> 			<HasFullText>true</HasFullText> 		</Product> 		<Product> 			<ProductID>10000297</ProductID> 			<HasFullText>true</HasFullText> 		</Product> 	</Products> 	<Terms> 		<FlexTerm> 			<FlexTermName>DerivedSubject</FlexTermName> 			<FlexTermValue>CATHOLIC LITERATURE</FlexTermValue> 		</FlexTerm> 		<FlexTerm> 			<FlexTermName>DerivedSubject</FlexTermName> 			<FlexTermValue>ENGLISH LITERATURE - History and Criticism - 19th Century</FlexTermValue> 		</FlexTerm> 	</Terms> 	 	<FullText>SKETCHIES E.CCLESIASTICAL AND SECULAI. No. IL. IG.NATIUS DUNSTAN Dom:inIcK SMITII. [Continued from p. 484.1 WHEN the zealous Ignatius began to recover his spirits and health, after the disasters alvady recountedl, the natural reaction wvhiich migh t have beeu expected in his opinions was s!HD (ily made maijifest. It was the character &amp;apos;4 brnatius to 1)e pertinaciously one-si(Ied in his vie%;-s, whatever those views were. It was not that he was red-hot at one time, and icy cold at aliotflhr. t1(11A -- - - -- w~ta AjFIIL UUUIJIt ill tul intellectual Compass, but his cliaracteristne unergy and lihat of thouglht only forsook him by degrees; and whether he rushed forward or stood still, lie dSid it with all his Ilmighlt, Mid withl tile fullet J)Cnsmusion that lliic (r i &amp;apos;tm)d(luct (liflerilng front his own wlas ill tea hii&amp;quot;c&amp;apos;st degree inexpedient and tinfortmu ate. When he left Welmouth he wandered to and fro in various parts of England, to recruit himself and to look about him. He thought there was nothing like observation to make a man wise. So he travelled about from place to place, staying a few days in one place and a week or two in another, making acquaint&amp;apos; ance with the Catholic clergy in every AWIN and scrutinising their churches and chapeld and the opinions he heard broached, with anxious thoughtfulness. Hearing thus a good deal of gossip, and little else, as was to be el pecte(l, and seeing little more than the exterDaT of religion in every place he visited, he begaN to think there was no possible way of doing much good but by forgetting any thing like ideal perfection, and keeping things 0 they were. Of course, as he remained so short time in every town, he never got beyond the surface in the conversations he had with the priests and others to whom he introduced himself. He heard them talk about the ordinary ecclesiastical topics of the day, and naturally came across a considerable variety of opinions in his travels. Architecture, education, music, bench-rents, the Pope, the doctrine of development, the Jesuits, the Catholic aristocracy, Ireland, repeal, the proceedings of the Catholic press, the colleges, the bishops ;every thing that happened to be the subject for the week&amp;apos;s small-talk, was discussed at the hospitable breakfast and dinner-tables to which his hosts ever cordially invited him. On all these matters Smith found something like a fresh opinion every day that passed. One priest was Gothic in his tastes, another antiGothic, another cared no more for architec- ture than for cookery; one abused rlain Chant, another extolled it, a third was of opinion that the best music was that which took up the least time; one praised the Pope&amp;apos;s reforms, another intimated that his Holiness had brought his misfortunes upon himself; one adored the Jesuits, another said they were worn out, and good for nothing in these times; and so on, all through the entire range of topics which the events of each day made specially interesting. The effect of these variations of idea upon Smith&amp;apos;s mind, in its present exhausted condition, was to pro(luce a sense of excessive and painful confusion. He was fidgetted, agitated, worried, by this perpetual change in the sentiments lie encountered. No sooner had he heard one theory extolled to the skies as perfect and irresistible in operation, than Rtrairhtwav lie came across its direct contra- dictory, lauded with equal zeal as a panacea for all the minor troubles of the times. If he had stayed long enough with each of his friends, and learned to see into their minds, and penetrated into those feelings, principles, and habits which gave birth to the opinions which they held, his practical conclusion might have been as different as it was possible from that which he actually took up. He would have detected a unity of aim, and a similarity of feeling, where now he saw nothing but diversity and opposition. He would have learnt that their differences were often mere differences of knowledge; and that the true way to bring about practical agreement in important details, is to urge every man to act zealously and consistently upon his own ideas, not condemning his neighbour as though he himself were infallible, and to leave the result to be developed by events. But our poor Ignatius was not in a state of mind for any thing so philosophical or patient lie was sick at heart of controversy and disagreements, and longed for peace at any price So he took up the inteoly cautiow line, and became a Conservative in Catholic matters, of the most immovable obstinacy. &amp;quot;WWe must keep things as they are,&amp;quot; said he one day to an acquaintance. 1&amp;apos; We have had enough of imprudent zeal, and rash, hasty reforms. Reformers always do more mischief than they cure. It&amp;apos;s all nonsense to talk about the deficiencies of our past condition. Why cannot we be content to say our prayers and go quietly to heaven like our forefathers?&amp;quot; And in this frame of mind, our ardent convert sat dowll to calm his perturbed spirit, and took lodgings in the pretty little village of Tithingfield, far away from London, and from every centre of agitation in the kingdom. The priest of the&amp;apos; mission was a venerable quiet man, of the old peaceful school, who could not go out of his way to please any body, and when he heard of all the wonderful doings in other parts, could hardly muster animation enough to express his sympathy, while he thought in his secret heart, &amp;apos;They did things differently in my days.&amp;quot; Mr. Barnemore, as he was called, was thus just the man for Ignatius in his present mood; and the good priest received with a smile of joy the news that the pious young convert was going to settle in his miss sion, and help hinm to teach the children of his school. There, in that humble school-house, lgna. tius diligently laboured, and in truth with good success. The schooinuistress thought him the finest gentleman she had ever seen; the boys and girls were willing and obedient; and he himself began to taste something like real enjoyment once more. His mode of life also strengthened the theory l1e had taken up, and convinced him that there was nobody who did so much harm to tht Catholic cause as those who found fault andl wanted thinjgs to be changed. &amp;quot; If Dr. A.,&amp;quot; he said to &amp;apos;Mr. Barnemore, &amp;quot; and Mr. B., and Father C., and all these meddling converts also, would only keep their foolish tongues quiet, andi not write the nonsense that they do, and let e very thing take its course, we should do well enough. I can&amp;apos;t conceive why we must be better than all the holy men and women who uplel(l the faith in times of persecution. It&amp;apos;sa dangerous, levelling, Protestant, revolutionary systenm that has come up in these times; and with all reverence to his Holiness, if what they say about his intended reforms in Church and State is true, I shall he of opinion that Pius the Ninth is not the wisest l&amp;apos;ope that ever sat in St. Peter&amp;apos;s chair.&amp;quot; &amp;quot;I can&amp;apos;t understand it; I can&amp;apos;t undle.rstandl itat all,&amp;quot; replied hiis friend. - It&amp;apos;s very good, I have no doubt. Thiy are very good men, very good indeed. But it wa4 nlot Ao in my time, and j)eople were very good in thse dlay*; and all I hope is, that it will do no hiarmia.&amp;quot; Thus Smith and his pastor comforted one atiotlher, an(l mourned over the mad zeal of these reforming times. After he had resided some little while at Tithingfield, business matters took him to the large manufacturing town of Headingley, not very far distant. A letter of introduction froni &amp;apos;Mr. Barnemnore made him at once ac(uainte(l with some of the oldest Catholic tamilies in the town, and by one of them, a Mr. Greathead, hie was invited to make his house a home dluring his stay in Hleadingley. Mr. Greathead was an attorney of about five an(l thirty years of&amp;apos; age, intelligent, practical, antd( business-like in all matters of his profesMWofn, pious an(l selt-(lenving in his life, and fond of ecclesiastical subvjects of conversation of all sorts, when lie could escape from the lull routine of his office-labours. Like his v&amp;apos;isitor, hie was a little hot-headed, it is true; but simply from want of exp)erience, having none of&amp;apos; Smith&amp;apos;s overwhelming spirit of (letermination, whiich led him on without a thought, of the possible consequences of his speculations. .Tiist at the time wvhen Ignatius arrived, Mr. (ireathead was hot on the subject of benchrenits. lie had embraced wvith unflinching ardour thie opinions of those who look upon that method of Su)pportilng tile clergy w ith the iitterest aversion ; and the idea being yet a liew onle inl his mind, he was (hisposeCl to carry it o(ut at luadlong speed, recgardlless of any ohst.aels to its illinI(diate adoption. Alter dinner, onl the v&amp;apos;ery day of his guest&amp;apos;s arrival, hec broached the su1)ject. I should like to know y&amp;apos;our views, Mr. Smilith,&amp;apos;&amp;quot; said he, &amp;apos; onl tle s&amp;apos;,steni which has bvvoimue -e l(:ral ill this collltry of l(ttillgr out setats i1 our chapl)&amp;apos;lS at fixed rents. I am. dis-)Xt1sd to thiuk it fraught w ith mischlief&amp;apos;.&amp;apos; k1 ;iii soviry I can&amp;apos;t agree NN&amp;apos;itli you,&amp;quot; replied Sllith, vildently tatr itoni dlisl)osedl to juili ill the Se~ltilliielt. On1 what -roullts wo-uld you ;advocate the svsbtu1 ?&amp;quot; d u d theie other. Y *ou are of &amp;apos;onr w&amp;apos; awiare thla;t the cUIstoml is peculiarl to this niation, hardfly existing, iln any Catholic couiit rv .&amp;quot; I dlon&amp;apos;t know about that,&amp;quot; rejoined Sinith, OIut I hav;e a htorror of all levedless changs. I h1\eu sullercl enlough &amp;apos; in-11 .ell &amp;apos; ill that wi- ay antil I must own that the (&amp;apos;c&amp;apos;1rgy are the beSt j udl&amp;apos;s in such miat ttts, antl it they are satisfivd, I filo ont&amp;apos; will not initertere.&amp;apos; Pardon nit&amp;apos;, it&amp;apos; I say that thcre see ms some little fallacy in Noumr statement,&amp;apos; replied Greatli al.X. &amp;apos;l ilhTr Ire two I)platics coilcenrcd in tilis 111mattui&amp;apos;. Ther&amp;apos; r.are the clergy who reC(iT&amp;apos;, lbit thl(&amp;apos;re are also the laity tcho pay. .\lvl \vou InutIIIi fl&amp;apos;theer cotifess that, by the :adiliiion of the clerry theinmselves, tile present plait lhts l)roVtd al htopye1ess failuire.&amp;quot; I 11have Ito dout that it is the best posoibht,&amp;quot; retorted Smlilith. &amp;quot; I can&amp;apos;t bear these3 reforming schemes. We want nothing &amp;amp;tall but more churches, more priests, more cA. leges, and more books, just exactly like what we now have, and then England would be the model of a Catholic country.&amp;quot; s&amp;quot; And more poor, perhaps, also, of the same class as our present myriads ?&amp;quot; suggested Greathead, with an ironical smile. is No,&amp;quot; said Smith, &amp;quot; not more poor such as they now are. Here, I grant, there maybe an improvement. I must allow that, from all I hear, our poor English Catholics are in a state of most deplorable ignorance; and they do say that in London there are scores of thousands who never hear Mass all the year round.&amp;quot; c And do you really in your conscence be. lieve that we shall do any thing with the poor while we tread them under foot as we do now, shutting them from the house of God, and barring them away from his altar, like pri. soners in a dock ?&amp;quot; &amp;quot;, Pooh, pooh !&amp;quot; cried Smith, wvarming in his conservatism; &amp;quot; that is too bad. You would have us believe that we treat our poor worse than Protestants (lo theirs.&amp;quot; &amp;quot;I do assert it,&amp;quot; replied Greathead, also warming. &amp;quot; To our shame be it said, the Ca. tholic poor are worse treated in our chapels than in the clhturclhes of the Establishment And let nme tell you that is saying a great deal.&amp;apos; &amp;quot; Why, what would you have done ?&amp;quot; asked the other in reply. &amp;quot; I would sweep away every seat and bcnch in the kingdom,&amp;quot; cried Greathead, &amp;quot; and we slioulti soon see that the poor would shame the rich by their offerings.&amp;quot; &amp;quot;\V ell, I ani astonished at what you say,&amp;quot; exclaimed Ignatius; &amp;quot; and you an old Catholie too ; why I thought that these revolutionary schemes wvere confined. to a knot of hotheaded converts alone.&amp;quot; &amp;quot; Converts!&amp;quot; cried his host; &amp;quot; do you se, riously imagine that it is none but converts who miouI&amp;apos;n over our present anomalous Conf dition ? I assure you there are hundreds of the clergy, and thousands of the laity, who would give their eyes to escape from our preSent thraldoin. &amp;apos;T&amp;apos;lhe fault I find with theni is, thlat they have so little confidence in, their own lprinciples, and dare not take up a new line with courage, and consistently carry it out.&amp;quot; Smith now looked grave and solemn, and thought he had fallen upon a dangerous house. i-le was inwardly thinking how best he should adnionisli his host on his very unruly propeal sities, and was silently preparing a paternal rebuke, when the servant entered the rooM, announced the fact that the tea was awaiting them in the drawing-room, and happily broke up the discussion. The following morning Ignatius called upon the Rev. Edward Honeyman, thc senior priest of one of the churches in Headingley, with an introduction from Mr. Greathead. Ile was still warm with the previous night&amp;apos;s debate, and full of righteous indignation against all self-constituted reformers. He had come with the expectation of meeting with complete sympathy in his anti-reforming zeal, and the first incidental small - talk being completed, he opened out without further delay. &amp;quot; These are sad times, Mr. Honeyman,&amp;quot; said Smith with a lugubrious aspect. Mr. Honeyman, who had received a large number of converts into the Church during the past year, seemed puzzled at Ignatius&amp;apos; proposition, and said, &amp;quot;D Do you think so?&amp;quot; &amp;quot;&amp;apos; I fear so, indeed,&amp;quot; replied Ignatius; &amp;quot;4 there is a grievous spirit of unruliness abroad among English Catholics, and I am afraid great mischief will be (lone in some quarters.&amp;quot; &amp;quot;&amp;apos; Dear me, I anm excessively sorry to hear it,&amp;quot; rejoined the other, somewhat alarmed. 4 Has any thing happened ? Is there bad news from Rome? Have you heard any thing very serious?&amp;quot; &amp;quot; No, not exactly that,&amp;quot; replied Smith; &amp;quot;I was speaking of a sort of unquiet, disobedient spirit that seems to have got abroad amongst us, prompting people to make all sorts of changes, and disturbing the regular order of things in the Curch.&amp;quot; &amp;quot;4 Why, to be sure, I suppose there arc always some people of this sort in every timie when much good is done. One can&amp;apos;t have any thing in absolute perfection. The fertilising stream will sometimes overflow its banks when not needed ; it is only the stagnant pool that never moves a little too hastily.&amp;quot; &amp;quot;W Well,&amp;quot; said Ignatius, not much encouraged, &amp;quot; well, wvell ;&amp;quot; andI before he could think what next to proceed with, Mr. Honey- maln continued: &amp;quot;&amp;apos; Our kind friend Mr. Greathead, I perceive, has not enlisted you in his ardent views.&amp;quot; &amp;quot;God forbid I&amp;quot; cried Smith, reddening; &amp;quot; lie SeCCiIS a most rash and headlong, though doubtless v ery excellent, person. I own I am against all reforms whatsoever. I can&amp;apos;t bear nusical reform, or architectural reform, or noney reform, or educational reform, or any retorin upon earth.&amp;quot; AMr. Honeyman was astonished, and smiled, and was about to speak, when the door was throwil open after a hasty knock, and in rushed a short, stout,&amp;apos; purple- faced individual, his countenance mottled with indignation, and his *very movement betraying anger and agitation. lIe wlas followed by some half-dozen men and w omen, the latter, three in number and young it years, excessively smart, and by no means remluarkable for unnecessary diffidence. The priest&amp;apos;s cheerful look subsided into one of vexation and discomfort. The fat man at once announced his errand. &amp;quot; I am sorry to inconvenience you, sir,&amp;quot; lie said, talking as rapidly as want or breath would allow; &amp;quot;f but I beg this very minute to resign my situation of organist to St. Mary&amp;apos;s.&amp;quot; &amp;quot;&amp;apos; We beg to state, sir, that this is no doing of ours,&amp;quot; pompously interrupted one of the other visitors; &amp;quot;1 but Mr. Brownwig&amp;apos;s conduct in the choir is such that it is impossible for us to retain our situations any longer. In the name of the entire choir, 1 beg to state that we decline singing any more in St. Mary&amp;apos;s Church.&amp;quot; &amp;quot;s Pray be seated, ladies and gentlemen,&amp;quot; replied the tormented Mr. Honcyianu; &amp;quot;1 and be so good as to inform me what is the cause of this unfortunate disagreement.&amp;quot; &amp;quot;1 Mr. Brownwig, sir, insists upon choosing all the music we arc to sing, without the least regard to the qualities and compass of our voices, and the peculiar beauties of the execution of the various singers.&amp;quot; &amp;quot; How dare you say so, Mr. Barytone?&amp;quot; cried Brownwig. &amp;quot; You know that you have chnapn the Mass nearly everv Sunday for the last six weeks; and here is Miss Tomkinson plaguing me out of my life to let her sing a solo at Benediction every Sunday, because she has no solo at Mass in the morning.&amp;quot; 4 Oh, Mr. Brownwig I&amp;quot; broke in the ill. used Miss Tomkinson: &amp;quot;&amp;apos;how can you say so? You know that I only asked you twice, and you said you had promised Miss Wilderspin to let her sing instead of ime.&amp;quot; &amp;quot; And he never did let mc sing, after all,&amp;quot; complained the latter lady, in a lachrymose voice. &amp;quot; And what is your complaint, gentlemen i&amp;quot; asked Mr. Honeyman of the two hitherto silent male performers. &amp;quot;6 Why, we are tired of the whole thing, and that&amp;apos;s the fact, sir,&amp;quot; said one of them grumpily. &amp;quot;s The organist does just as lie likes, andl cares only for his organ-playing, and not for shewing off our voice.; and as for what these ladies and this gentleman saV, I know nothing about it; for ever since there&amp;apos;d been nothing to suit my voice wanted at Benediction, I have never been.&amp;quot; &amp;quot; In short, ladies and gentleman,&amp;quot; asked Iloneyman, &amp;quot; you definitely resign ?&amp;quot; $I We do,&amp;quot; said they. &amp;quot;All?&amp;quot; lie again asked.&amp;quot;I beg to accept your resignations,&amp;quot; replied lHoneyman; &amp;quot; and for the future trust you will come to Mass tegulakly, though from henceforth you will not appear in tlmc singing-gallery.&amp;quot; &amp;quot;, Sir, allow me-&amp;quot; interrupted the organist, evidently astonished. &amp;quot; You misunderstand-&amp;quot; cried Barytone. &amp;quot;M Mr. Honeyman, we might arrange-&amp;quot; exclaimed one of the other men. &amp;quot;W We had hoped-&amp;quot; suggested the young ladies. &amp;quot; Pardon me, ladies and gentlemen,&amp;quot; blandly answered Honeyman; &amp;quot; my time is much occupied. I have a sick call at this time; I must wish you good morning. Good morning, sir. Good morning, Miss Tomkinson; good morning, Miss Wilderspin.&amp;quot; And he bowed out the discomfited musicians, with a scarce concealed smile upon his features. It No reform wanted here, eh, Mr. Smith?&amp;quot; saidl he, turning to his visitor, as he closed the door upon the departing choir. Smith could say nothing. He had been astonished, shocked, scandalised, horrified, at the squabbles he had witnessed; and was equally surprised, when, instead of administering an awful, apostolic castigation to the malcontents, Mr. Honeyman had mildly taken them at their word, and sent them about their business. &amp;quot; Come with me,&amp;quot; continued Honeyman, &amp;quot; and I will tell you a story, bearing a little on our friend Greathead&amp;apos;s views. I have a sick call to make, at least I must just look in upon a sick woman for a moment; and you shall see her also, and after that I will give you her history. I suspect it will help to modify your ideas on these matters.&amp;quot; Smith expressed his willingness, and a short walk brought them to a miserable lodging, on the highest flight of a wretched, filthylooking house, the most filthy of all in a dull, narrow court, where no sanitary commissioners had entered to purge the air of its pestilential odours. Honeyman knocked at the door; a faint voice re)lied, and the two visitors entered. Ignatius at a glance surveyed the w hole room. It was low, dark, and black with age and dirt. Its furniture consisted of a l)allet-bed, with the smallest conceivable amount of bed clothes, a three-legged deal table, a ricketty chair, and a worm-eaten trunk upon the floor. A few embers burnt dimly in the fireplace, such as it was, and on the chair sat a woman, clean and neat, though vidlently in a state of abject poverty; her pale, sunken cheeks and brilliant eyes betokening one of the last stages of consumption. Her countenance brightened as the priest enterel, and Smith fancied that a sudden tear made the brightness of her eyes yet brighter still. Scarcely any thing passed in the way of conversation, beyond a promise fromn Honeynian to see her in the evening, and an inquiry as to whether the sick woman wanted any thing; and the visitors gently left the roonm. When they were again in the street, Mr. Iloneynman took Smith&amp;apos;s arm, and proposed lhalf-an-hour&amp;apos;s walk. &amp;quot; It was this poor creature who first shook me in my old theories and opinions,&amp;quot; he said, as they proceeded. &amp;quot;I commenced my ministerial life with just such notions as you seem to hold. I could not bear the idea of reform or change, and thought all wisdom comprised in the words, &amp;apos; stare super antiquas vias.&amp;apos; I knew nothing of the world or the Chub except from books, and those chiefly boolm of controversy, in which I found the Catholic Church spoken of as being as perfect in p.ctice as she is divine in authority. I fancied all the Catholic poor were saints, and that the working of our system was almost, if not quite, faultless. Accordingly, I thought I had nothing to do but follow in my predececorss steps, and lead souls by hundreds and thou. sands to heaven. &amp;quot;&amp;apos; But what was my experience ? I sat in the confessional night after night; and fre. quently not half-a-dozen people came to their duties. I warned and exhorted them in my sermons, but in vain. The time came for preparing the children for Confirmation; I looked forward to this with the utmost plea. sure; but when I had mustered several scores of boys and girls, I found them almost heat thens; they knew nothing, and they cared for nothing. I found the rich nearly as ignorant as the poor, and not nearly as generous with their money; while they cared no more for the poor than for the people of China. I was distressed, disheartened, and bewildered. I thought, &amp;apos; How can these things be, while all looks so well; while our priests are devoted to their duties and spot. less in their conduct, and Protestantism makes no inroad upon our numbers ?&amp;apos; I felt there must be a hidden root, from which all the evil sprung; but I could not guess where it was. &amp;quot; One day I was called in by a woman whose husband had been hurt in a public. house quarrel. It was that very woman, Barman by name, whom we have just seen. I found the man in bed, but not ill, except that his leg had been so much injured that he was forced to lie still; and a more repulsive and more painful countenance I never looked upon. The wife was in an agony of tears, and a vehement dispute was evidently going on, when my appearance interrupted them. I spoke kindly to them; the woman as civilly replied, but the man said nothing. I tried for some time to engage the man in con. versation, but without success; I could extract nothing from him but a rude monosyllable or two. At length, provoked by his obstinacy, the wife broke out into bitter lamentatiOns against his conduct, and told me that he had been keeping the very worst company in the town, had disowned his religion, and was, in fact, a professed Socialist. This roused the wretched man himself to shake off his sullen silence, and he burst out into invectives against his wife, which I had the greatest posible difficulty in putting a stop to. I need not relate all that then passed, nor can I recollect his exact expressions. It is enough to say, that before I left him I learned his whole history. Born and brought up a Cathoic, he had yet received scarcely any religious instruction. He was one of an immense population of poor, defying all the energies of the clergy who had charge of them; the chapel he ought to have frequented contained but little space for those who could not pay for sittings, and was crammed to suffocation, without accommodating one-tenth of the poor Catholics of the mission; and of course, under these circumstances, he became practically a heathen, though nominally a Christian. &amp;quot; At length Socialism got into the town. Barman, evidently a clever, acute, and thinking man, went to hear the Socialist lecturer, aud soon made his acquaintance. The lecturer, whose name I well knew, was fatally familiar with the inconsistencies of the practices of all sorts of Protestant denominations, and also with the inconsistencies of Catholics. He knew his man well when Barman had conversed with him for a while, and pressed him with the glaring contradiction between the Catholic professions of the religious equality of all men, and the distinctions made in this country between rich and poor. The Socialist had often frequented our chapels to see how matters went on there, and seeing a rigid line of separation drawn between those who had money and those who had not, while from the lips of a preacher he heard it declared that the poor were the first in the kingdom of heaven, he took up a line of argument which he pressed with deadly force upon Barman, and upon every intelligent poor Catholic that he met with in his devilish expeditions. &amp;quot; To make a long story short, Barman became a Socialist, took to drinking and every vice, was dismissed by the master for whom he worked, began to ill-use his wife, and forced her into the most infamous company. Once or twice he narrowly escaped conviction for theft, and was now in the lowest poverty, when a drunken quarrel at a public-house had disabled him, and brought him to the state in whikh I had found him.&amp;quot; &amp;quot; Did you reclaim him V&amp;quot; asked Smith, excessively interested in the narrative he heard. &amp;quot; No,&amp;quot; replied Honeyman; &amp;quot;he died as he had lived, a Socialist, and something very like an atheist. Faith was extinguished in his heart, and neither my words nor my prayers could revive it. The wound he had received gradually grew worse; inflammation, fever, and ultimately mortification, came on, and he died, not indeed blaspheming, but without a sign of penitence. What passed in his soul during his last days, when he was too insensi ble to speak, though yet apparently conscious, God alone can tell.-Well, as I was telling you, this dreadful case began to open my eyes. I need not trouble you with all the steps by which I came to my conclusion; the end of my thoughts was, that, putting all things together, and collecting the results of the expenience of the most pious and sensible priests I could confer with, l came to the opinion, that the root of the present miserable state of religion amongst us is to be found in our unchristian treatment of the poor of Christ. Until we cease to treat them as our inferiors in all spiritual things, I am convinced that we can look for no abundant blessings from the God of the poor. You now understand why I do not sympathise with vour anti-reforminit zeal.&amp;quot; &amp;quot; Then I suppose you have long ago abolished all distinctions in your own church here in Headingley ?&amp;quot; asked Smith. &amp;quot; No,&amp;quot; rejoined Honeyman, &amp;quot; I have not. Though I count nothing of any great value till this great curse is removed, I am not so mad as to attempt a violent change in a moment. Hate and abhor it as I do, and desolate in heart as I feel when I go and see the poor thrust away from the altar of God, I se that the disease must be cured by degrees. And therefore, while in my own sphere I will never rest till those who are dearest to our Blessed Lord are treated as such In his Church on earth, I do the work gently and steadily, and with as little offence as possible to our con* gregation. Already much has been done; and before long I trust to see every bench gone from the church, chairs substituted for those who like them, and a kneeling crowd thronging the floor up to the very stcps of the sanctuary. And now I must wish you good morning, for time presses, and my hands are full of occupation. So for the present, fare. well.&amp;quot; Ignatius parted with his new friend lull ot thought, and sadly disturbed. It was the old story over again; he began to fear that he should never be wise and sensible. As for giving up his darling conservatism at once, he could not think of it for a moment. He would wait and think, and modify his views, and try to hit the happy medium, and only alvocate those reforms which nobody could object to. Alas, poor Smith I he little knew the heart of man still, even the religious and zealous heart; nor was he aware that misunderstandings are the lot of the best of people, and that he who waits to introduce a beneficial change till every one will be satisfied, will wait till his dying day. A few more conversations with the judi. cious yet energetic Mr. Honeyman did our doubting Ignatius a world of good. From him he learnt to make up his mind to blunder and go astray again and again, and not to be dis. mayed or irritated when he failed, but to take it all humbly and peaceably, and to try again. From him he gained a maxim which was of vast service to him whenever he was seize with a fit of vehement cautiousness to the effect that the whole life of those who are morbidly afraid of making mistaes is nothing but one vast irremediable mistake itsif. le returned to his quiet lodgings in Tithingfield a wiser and sadder man; out of spirits with himself, but less out of heart with life and with his fellow-creatures. His period of prol)ation, however, was not yet completed. A very short time elapsed before his equa- nimity was again disturbed, and he was driveu half distracted by encountering some of the follies of the day in their nmost rampant absur. dity. What troubles befel him, and how he fared, and how his eyes were finally Opened, a subsequent chapter will tell.</FullText> </Record>