<?xml version="1.0" encoding="UTF-8"?>
<Record> 	<Version>Record_v1.0.xsd</Version> 	<RecordID>4340008</RecordID> 	<DateTimeStamp>20180928135646</DateTimeStamp> 	<ActionCode>change</ActionCode> 	<RecordTitle>TO CORRESPONDENTS.</RecordTitle> 	<Publication> 		<PublicationID>1772</PublicationID> 		<Title>The Rambler, Jan. 1848-May 1862</Title> 		<Qualifier>London</Qualifier> 	</Publication> 	<Publisher>James Burns; Burns and Lambert; William and Norgate</Publisher> 	<Volume>2</Volume> 	<Issue>35</Issue> 	<AlphaPubDate>Aug 26, 1848</AlphaPubDate> 	<NumericPubDate>18480826</NumericPubDate> 	<SourceType>Historical Periodicals</SourceType> 	<ObjectType>General Information</ObjectType> 	<Contributor> 		<ContribRole>Editor</ContribRole> 		<LastName>Capes</LastName> 		<MiddleName>Moore</MiddleName> 		<FirstName>John</FirstName> 		<PersonName>John Moore Capes</PersonName> 		<OriginalForm>Capes, John Moore</OriginalForm> 	</Contributor> 	<LanguageCode>ENG</LanguageCode> 	<ISSN>2043-3255</ISSN> 	<ISSN>2043-3247</ISSN> 	<StartPage>404</StartPage> 	<EndPage>404</EndPage> 	<Pagination>404-404</Pagination> 	<URLDocView>http://search.proquest.com/docview/4340008/</URLDocView> 	<Products> 		<Product> 			<ProductID>1007574</ProductID> 			<HasFullText>true</HasFullText> 		</Product> 		<Product> 			<ProductID>1009130</ProductID> 			<HasFullText>true</HasFullText> 		</Product> 		<Product> 			<ProductID>10000001</ProductID> 			<HasFullText>true</HasFullText> 		</Product> 		<Product> 			<ProductID>10000297</ProductID> 			<HasFullText>true</HasFullText> 		</Product> 	</Products> 	<Terms> 		<FlexTerm> 			<FlexTermName>DerivedSubject</FlexTermName> 			<FlexTermValue>CATHOLIC LITERATURE</FlexTermValue> 		</FlexTerm> 		<FlexTerm> 			<FlexTermName>DerivedSubject</FlexTermName> 			<FlexTermValue>ENGLISH LITERATURE - History and Criticism - 19th Century</FlexTermValue> 		</FlexTerm> 	</Terms> 	<FullText>TO CO(RRESPON DENTS. , S. 8.&amp;quot; The words &amp;quot; permissu srsperivrurn&amp;quot; rarely mean more than that some one Bikhop has approved of the publication of the book thus sanctiontd, while, at the same time, he is not to be understood to pledg&amp;apos;e himself to every opinion stated in the hook. lie merely &amp;quot;anctlons the publication aD not containing any thing contrary to Catholic failh nr oerals. The exlpeision to which our correspondent alludes is nothing more than the I rivate opinion of the writer. -The Rev. Dr. ACQU 4Ro NU.&amp;quot; &amp;apos;he letter which Dr. Aequarone in. sts&amp;quot; upon our publishing is so full of personal imputation, that it cannot rosmiblv appear In our pareae. .. Y., The letter came too late for insertion, but shall appear on the first opportunity.</FullText> </Record>