<?xml version="1.0" encoding="UTF-8"?>
<Record> 	<Version>Record_v1.0.xsd</Version> 	<RecordID>4343718</RecordID> 	<DateTimeStamp>20180928135238</DateTimeStamp> 	<ActionCode>change</ActionCode> 	<RecordTitle>Illustration</RecordTitle> 	<Publication> 		<PublicationID>1772</PublicationID> 		<Title>The Rambler, Jan. 1848-May 1862</Title> 		<Qualifier>London</Qualifier> 	</Publication> 	<Publisher>James Burns; Burns and Lambert; William and Norgate</Publisher> 	<Volume>10</Volume> 	<AlphaPubDate>Dec 1852</AlphaPubDate> 	<NumericPubDate>18521201</NumericPubDate> 	<SourceType>Historical Periodicals</SourceType> 	<ObjectType>News</ObjectType> 	<Contributor> 		<ContribRole>Editor</ContribRole> 		<LastName>Capes</LastName> 		<MiddleName>Moore</MiddleName> 		<FirstName>John</FirstName> 		<PersonName>John Moore Capes</PersonName> 		<OriginalForm>Capes, John Moore</OriginalForm> 	</Contributor> 	<LanguageCode>ENG</LanguageCode> 	<ISSN>2043-3255</ISSN> 	<ISSN>2043-3247</ISSN> 	<StartPage>426</StartPage> 	<EndPage>426</EndPage> 	<Pagination>426-426</Pagination> 	<URLDocView>http://search.proquest.com/docview/4343718/</URLDocView> 	<Products> 		<Product> 			<ProductID>1007574</ProductID> 			<HasFullText>true</HasFullText> 		</Product> 		<Product> 			<ProductID>1009130</ProductID> 			<HasFullText>true</HasFullText> 		</Product> 		<Product> 			<ProductID>10000001</ProductID> 			<HasFullText>true</HasFullText> 		</Product> 		<Product> 			<ProductID>10000297</ProductID> 			<HasFullText>true</HasFullText> 		</Product> 	</Products> 	<Terms> 		<FlexTerm> 			<FlexTermName>DerivedSubject</FlexTermName> 			<FlexTermValue>CATHOLIC LITERATURE</FlexTermValue> 		</FlexTerm> 		<FlexTerm> 			<FlexTermName>DerivedSubject</FlexTermName> 			<FlexTermValue>ENGLISH LITERATURE - History and Criticism - 19th Century</FlexTermValue> 		</FlexTerm> 	</Terms> 	 </Record>