<?xml version="1.0" encoding="UTF-8"?>
<Record> 	<Version>Record_v1.0.xsd</Version> 	<RecordID>4351713</RecordID> 	<DateTimeStamp>20180928135325</DateTimeStamp> 	<ActionCode>change</ActionCode> 	<RecordTitle>BOOKS RECEIVED.</RecordTitle> 	<Publication> 		<PublicationID>2984</PublicationID> 		<Title>The London review and weekly journal of politics, literature, art, and society, July 7, 1860-June 29, 1861</Title> 		<Qualifier>London</Qualifier> 	</Publication> 	<Publisher>William Little; Isaac Seaman</Publisher> 	<Volume>2</Volume> 	<Issue>48</Issue> 	<AlphaPubDate>Jun 1, 1861</AlphaPubDate> 	<NumericPubDate>18610601</NumericPubDate> 	<SourceType>Historical Periodicals</SourceType> 	<ObjectType>General Information</ObjectType> 	<Contributor> 		<ContribRole>Editor</ContribRole> 		<LastName>Mackay</LastName> 		<FirstName>Charles</FirstName> 		<PersonName>Charles Mackay</PersonName> 		<OriginalForm>Mackay, Charles, 1814-1889</OriginalForm> 	</Contributor> 	<LanguageCode>ENG</LanguageCode> 	<ISSN>2043-4162</ISSN> 	<ISSN>2043-4154</ISSN> 	<StartPage>643</StartPage> 	<EndPage>643</EndPage> 	<Pagination>643-643</Pagination> 	<URLDocView>http://search.proquest.com/docview/4351713/</URLDocView> 	<Products> 		<Product> 			<ProductID>1007574</ProductID> 			<HasFullText>true</HasFullText> 		</Product> 		<Product> 			<ProductID>1009130</ProductID> 			<HasFullText>true</HasFullText> 		</Product> 		<Product> 			<ProductID>10000001</ProductID> 			<HasFullText>true</HasFullText> 		</Product> 		<Product> 			<ProductID>10000297</ProductID> 			<HasFullText>true</HasFullText> 		</Product> 	</Products> 	<Terms> 		<FlexTerm> 			<FlexTermName>DerivedSubject</FlexTermName> 			<FlexTermValue>ENGLISH LITERATURE - History and Criticism - 19th Century</FlexTermValue> 		</FlexTerm> 		<FlexTerm> 			<FlexTermName>DerivedSubject</FlexTermName> 			<FlexTermValue>POLITCS AND GOVERNMENT 1837-1901</FlexTermValue> 		</FlexTerm> 	</Terms> 	<FullText>BOOKS RECEIVD.- -Mr. Disraeli, Colonel Rathbone, anwl the CourtI of India. A Letter, in Explanation of a Petition for Enquiry presented from Colonel Bath. borne on 9th August, 1859. London: 1860.-The Church and Nosconfornri~s of 1662. By Rev. D. Moumtfield, M.A., Incumbent of Oxen, Salop. London: W. Kent &amp;amp; Co., 52, Paternoster-row.-T7he Speech delivered at the Mansion Home on 1st May, by the Right Hon. the Earl of Derby, K.G. ?evied and conrcted by the Author. London: Saunders, Otley, and Co., 66, Brook-street, Hanoversquare.-Wee Davie. By Norman Macleod, D.D. Originally published in &amp;quot;Good Words.&amp;quot; Edinburgh: Alexander Strahan &amp;amp; Co.; London: Hamilton, Adams, &amp;amp; Co.-Common Objects of the Microscope. By the Rev. J. G. Wood, M.A., F.L.S., Author of &amp;quot;Common Objects of the Country and Sea-shore,&amp;quot; &amp;quot;M y Feathered Friends,&amp;quot; &amp;amp;c. London: Routledge, Warne, &amp;amp; Routledge, Farrington-street, and 56, Walker-street, New York.-The Existing Revolution; its Causes and Results. By Charles Edward Picket. Sacramento.-The Old Testa. ment, abridged from the Authorised Version. Part I. Genesis. London: J. BrW. coe, 28, Banner-street, Finsbury.-Notes on the First Essay in the series called &amp;quot; Essays and Reviews.&amp;quot; By E. H. Hansell, B.D., Pralector of Theology, Magda. len College, Oxford. London: Rivingtons, Waterloo-place.-The Political Revolutions of 1860 and 1861, in Europe and America. Essay No. III. London: G. H. Nichols, Earl&amp;apos;s-court, Leicester-square.- Boys Own Library. Vol. I. No. 1 and 2.- Wild Sports of the World. London: S. 0. Beeton, 248, Sftrad, W.C.</FullText> </Record>