<?xml version="1.0" encoding="UTF-8"?>
<Record> 	<Version>Record_v1.0.xsd</Version> 	<RecordID>4353048</RecordID> 	<DateTimeStamp>20180928135646</DateTimeStamp> 	<ActionCode>change</ActionCode> 	<RecordTitle>LEARNED SOCIETIES AND INSTITUTIONS.</RecordTitle> 	<Publication> 		<PublicationID>2984</PublicationID> 		<Title>The London review and weekly journal of politics, literature, art, and society, July 7, 1860-June 29, 1861</Title> 		<Qualifier>London</Qualifier> 	</Publication> 	<Publisher>William Little; Isaac Seaman</Publisher> 	<Volume>2</Volume> 	<Issue>34</Issue> 	<AlphaPubDate>Feb 23, 1861</AlphaPubDate> 	<NumericPubDate>18610223</NumericPubDate> 	<SourceType>Historical Periodicals</SourceType> 	<ObjectType>Feature</ObjectType> 	<ObjectType>Article</ObjectType> 	<Contributor> 		<ContribRole>Editor</ContribRole> 		<LastName>Mackay</LastName> 		<FirstName>Charles</FirstName> 		<PersonName>Charles Mackay</PersonName> 		<OriginalForm>Mackay, Charles, 1814-1889</OriginalForm> 	</Contributor> 	<LanguageCode>ENG</LanguageCode> 	<ISSN>2043-4162</ISSN> 	<ISSN>2043-4154</ISSN> 	<StartPage>205</StartPage> 	<EndPage>206</EndPage> 	<Pagination>205-206</Pagination> 	<URLDocView>http://search.proquest.com/docview/4353048/</URLDocView> 	<Products> 		<Product> 			<ProductID>1007574</ProductID> 			<HasFullText>true</HasFullText> 		</Product> 		<Product> 			<ProductID>1009130</ProductID> 			<HasFullText>true</HasFullText> 		</Product> 		<Product> 			<ProductID>10000001</ProductID> 			<HasFullText>true</HasFullText> 		</Product> 		<Product> 			<ProductID>10000297</ProductID> 			<HasFullText>true</HasFullText> 		</Product> 	</Products> 	<Terms> 		<FlexTerm> 			<FlexTermName>DerivedSubject</FlexTermName> 			<FlexTermValue>ENGLISH LITERATURE - History and Criticism - 19th Century</FlexTermValue> 		</FlexTerm> 		<FlexTerm> 			<FlexTermName>DerivedSubject</FlexTermName> 			<FlexTermValue>POLITCS AND GOVERNMENT 1837-1901</FlexTermValue> 		</FlexTerm> 	</Terms> 	 	<FullText>LEARNED SOCIETIES AND INSTITUTIONS. At the Royal Society, on Thursday (14th instant), a paper was read &amp;quot; On Magnetic Storms and Earth Currents,&amp;quot; by C. V. Walker, Esq., F.R.S. The object of this paper is to show that the disturbances of telegraph needles, arising from causes extraneous to the working of the telegraph, is due to magnetic storms. These appear, according to the observations that have been made on the South Eastern Railway, to take a direction from North East to South West; and Mr. Walker further finds that the one-minute currents are the most numerous, being eighty of the whole number observed, the next in number being pro-ressivelv 2, 3. 4, 41, and 5-minute currents. On Friday, the 15th February, the Anniversary Meeting of the Geological Society was held at Somerset House, when Leonard Horner, Esq., was reelected President. Mr. Homer was one of the original founders of the Society, of which he has previously, in 1840 and 1847, filled the chair, and from its first ettablishment, in 1808, has taken an active part and almost constantly been an office-bearer. After the usual business, and the reading of the report, in which the President&amp;apos;s labours in re-arranging the Museum were conspicuously mentioned, the Wollaston Gold Medal was awarded to Profssor Bronn, of Heidelber, in appreciation of his long and continuous paontogical labours, and especially of the &amp;quot;Index Paheontologicus,&amp;quot; and his last great work &amp;quot; On the Organic World,&amp;quot; in which he produced his Teripetal Law of Development, which supposed organic creation to have begun in the ocean and thence to have overspread the earth. The balance of the Wollaston Fund was then presented to M. Daubree, of *ttraburg, chief engineer of mines, as a contribution towards the further continuance of those admirable researches and synthetic experiments on the metainorphism of rocks, for which M. Daubree has made himself so eminent. The eulogium on deceased members was happily a short one, and confined chiefly to two distinguished members-the Rev. Baden Powell and Professor Hausmann. In the Annual Address the President commenced with a just and well-merited glorification of the accomplishments of the Government geological surveyors, and tile value of their contributions to the progress of geology as a science; the !abours of Huxley, Salter, Ramsay, Etheridge, Bristow, Smythe, Bauman, and Geikie, being specially noticed; as were also those of MI. Jukes and other Irish SUrveyorg. Darwin&amp;apos;s theory was then reviewed and applauded as the most compendimis tleatis o01 the doctriue of SpeCie that has over appeared. The President next dwelt long and minutely on the valuable investigatiom on the metawlurphisili of rocks, and the artificial production of minerals by MM. Daubrte and Delesoe; the co ibutio to our knowledge of the actions producing metamorphism by Berthier, Bischoff, Becqueril, Bunsen, Nauuann, and others; but we were worry not to Afd the ame of our own Sorby ingluded in the list of eminent investigators of those interesting exciting causes which have given a metamrphose highly crysali couditho to rock-strata, which weve prob y crguilly ouily ordinary limees, ay, and sadtones. Some remarks wre th made on central beat and tho dificulty of comprehending the condition under which the first sedimea- strata were deposited when the sea was possibty in a sate of ebullition. The last subject touched upon was the very remote period of the frst existence of man on the eth. The discoveries of M. toucherde Perthes; the subsequent researches and oonfirmations of Prestwicla, Falconer, ke.; the cuts and marks of rude implements on the bones of foinil aniiak; and the evidences from human relics and skeletons found in caves and other As associated with tho remains of extinct mammals were of course gone over, bX a ne topic was taen up in a direction little anticipated. There is a familti belief tat the Bible teachqs the existence of man as only dating back fit a period of about 4,OO years, nd this is as generally supposed to be a result of an acvurate estimation of the Mosai chronoloy. Mr. Horner pointed out that this iunpesn had arisen from a marginal note inseted in the u d edition of -the English version, about 170years ago, by Bishop Usher of Armagh, appwently of his own acnd, for Mr. Hrner &amp;apos;after minute inquiry, cannot find that note has over, either at that timer or sine, been in any way authorisd. The pessage firo Usher&amp;apos;s *ork, suppming up iS CalcutioDs, was quoted, and is absurdly minute in its deta. The chief proofs of the ntiquity of the elogical drift-deposits in which the flitimpemts have bee found, such as the alteration in the configuration of the north of France, wbich must have bean effected since the deposition of the gravel beds in which they armet with, concluded the address. At the meeting of the Royal Asiatic Sbqiety, on the 16th inst., the secretary gave a discore on the general architecural distribution of public baths in Turkey, the processes of bathing there use_, the comparatively moderate teniperatures mtied, and the constant presence of water in the hot apartment, whereby a moist atmosphere is permanently engendered, presenting a marked contrast to the system of the so-called - Turkish Baths &amp;quot; now coming so much into use in England. At the conclusion of the discourse, D. Urqubart, Esq., remarked in forcible terms on the extreme sanitary importance of the Turkish bath, and of obtaining a high temperature in the hot rooms. The joint meeting of the Archeologipal and Ethnological Societies, on Tuesday, was a decided success, and the rooads of the latter society in St. Martin&amp;apos;*place were crowded with the dlite of the London scientifi societies. Amongst the visitors present were Sir Roderick Murchison, Professor Owen, the President of the Geological Society, Mr. Leonard Hrnier; Admiral Fitzroy, Dr. Lee (the President of the Astronomical Society), the Countess of Falmouth, Mr. Eas, &amp;amp;c.; and on the table were laid the original collection of specimens presented to the Et gical Society by M. Boucher de Perthes in 1847, the year previous to the publication of the first volime of his &amp;quot;&amp;amp;ntiquit.s Celtiques;&amp;quot; the beautiful typical collection of Mr. Evans, of Hemel lempstead; collections by Mr. King, of Beox ; and -from varions othr ps by other ge l ; fossil and recent flake-knives and other flake-instruments of flint, obsidian, &amp;amp;c.; with examples of the trimmed cores or blocks from which flakes had been struck off; and, lastly, animmne collection of specimens of every class and variety of form colleced in Yorkshire by that indefatigable collector and dealer, Mr. Edward Tindall of Bridlington. Br. Botfield, MP., the President of the Arohological Society, took the chair, supported on his right by Mr. J. Crawfurd, president of the Ethnological Society, and in his opening address very appropriately alluded to the suooess of this first, attempt of a junction-meeting, and the capabilities afforded by such occasions of bringing to bear the varied stores of knowledge which devotees of each particular s-science possessed upon a common topic of discussion, and that much light was thus expected to be thrown upon the present and other subjects which required special elucidation. Mr. Thomas Wright, the well-known antiquary, then . opened the discussion by an oral description of the collections exhibited at the meeting. He said there were many gentlemen present who could better deal with the geologial part of the subjoct than himself, and he would therefore only make a. few remarks in an archological point of view. Of the most ancient or fossil-implements he had no doubt whatever now of their human manufacture, and that they were designed for special purposes oi&amp;apos; some kind or other, chiefly for domestic use, or the chase, while none eened fitted for warlike purposes. Great interest was of course attached to their remote age, but there was nothing generally in the form or make of flint or stone weapons which would indicate their date, the savages of all countries and ages making them on the same simple principles. The northern antiquaries have divided the ancient ages into stone, bronze, and iron periods; but there were no real limits to these periods, and stone and metal weapons were very commonly found mixed together in the sabme tumlus or grave. Stone weapons were often found ill England in Roman and in Saxon cemeteries of the 6th or 7th centuries; and as late as the 11th century stone was frequently used fbr such purposes. In our own time such weapons are always found&amp;apos;in ue amongst people of low civilization. Mr. Wright expressed the opinion that the stone implements had often been made in imitation of metel ones, and quoted as an example that some early voyagers to the Pacific having presented some of the islanders with metal tools, were surprised to find, on a subsequent visit, a short time aftr, that they had been ingeniously imitated in stone. He did not, however, contend for more tan that the use of implements of stone did not indicate there were not at the same period instruments of metal; and, undoubtedly, we might go back to a very remote period, when metal was unknown, and stone, bone, or wood were the only materiLl in use. In concluding, Mr. Wright referred to the forgeries of flint instruments, which had been carried on to such an extent that there wotr perhaps but few collections in the country which did not contain some examples. Mr. Evans described the condition of the strata at Abbeville, St. Acheul, aid Amiens, where the flint-implements had been found by M. Boucher de Perthes. In company with Messr. Prostwich, flower, Mfylne, and other geologists, he had visited those places, and had seen the implenments extracted from the gravels, under such circumstances as left no doubt whatever of their geolgical age, and of their being aoiat with the remains of fossil mananalia. In some of the gravels near Abbevile, the peculiar bivalve shellN occurred, of u Hpeces of Gyre&amp;apos;ia, which in typical of gravels of a high antiquity; and in these beds implements were found, in one cae associated with a nearly entire skaCton, of a rhinoceros. At Hozue, in Suflolk, such implements h lo been fond ill similar ossiferowu, deposit&amp;quot;, and ident i&amp;quot;l in form with those from Abbevilc. Various other localities wre ienutionced bolt in FraMe and &amp;quot; sgIand. He did noa dispute the position of&amp;apos; those who thougllt that tho tribes of those fio*sil nts&amp;quot;llualia, whos ruwaill.rc, auciaexd wih thc* lAnt rulio of our rawe, nmight g+ have lived dawn to the ae of man; but tbe undoubted ge of the gravels care bek the ge of our rwe to the geological ers, and PVe it a higber antiquity thn mere hirgtorians havr ever rentured to assign. There were three leading or typical Itris *f foxsil dinLtimppleamuts-iple flakes, such as kuires, arrowpo ts., &amp;amp;..; large spear-like forms, worked to a point, and usually having their braer &amp;amp;ad rounded ends left in their natural date, untouched; and smaller 04-8l ffints, with a sharply trimmed edge all round. :r R4.derick Murchiou offered afew words of congratulatioi. it was the first tiye 6eloRts had directly mnet the ArchAoits and Ethnologists, and much prwtical gtxs could not but result fiom such reunions. Entirely concurring with Mr. Evans&amp;apos; remarks on the Valley of the Somme, he was convinced also of the antiquity of the gravels there from the great changes in the physical conditin (iof the country which had interrened since their deposit; and whether there were indications of the tumultuous action of water, or their deposition txc place tinder comparatively tranquil conditions, tho superior intellect of man would in the former cae have caus him to fly to the hlls for escape, and in the other it would havo only been by fortuitous circumstanes his remains would have been commingled with those of the lower grades of animals; hence, in either cae, ther am good grounds for the general absence of his bones from those deposits in which his weapons are found. That some of the animals of that remote age could have lived down tA, the period of man we know, for in the forests of l~ithuania upwards of a thousand bead of cattle are still preserved,-a remnait directly defmnded fron, and identical with, the great fossil bison of the old drift period, during which its speeies was associated with the Siberian mammoth and thn tichorine rhinoceros. Sir Roderick then exhibited two large spear-shaped flint iuiplenjeuts from Reculver and Ileme Bay, on the sea-coat of th6 mouth of the Thames, which had been formed of the rolled flints of the tertiar shinghed (if that district. Mr. King, who had been engaged for two years in excavating at Home, mentioned the rarity in the deposits there of flints, while the few found were generally worked into shape as iniplements. He also stated, in ill tr tion of the great age of the gravel there, that the Goldbrook, a tributary of the WVavetny, had cut a channel through it to the depth of 30 feet, amd that the flints of which the implements had been formed had commonly been extracted from the upper boulder-clay, as dcnoted by their porcelanic appearance. In the ottomn of the Waveney valley, too, bones of carnivorous animals have been fotind, whose reouins must have been deposited since the excavation of the valley. 3Ir. Pcngelly observed that there were rea6ons, before the convlusive cvi(lenco obtained from the Brixhiam Cavern in 1858, for concluding that the relics of man were associated with those of the fossil mammals. Such had been tbe case in Kent&amp;apos;s Cavern, and, from circumstances which were met with there, it was argued that man was contemporaneous with those great beasts. One hitch, however, occurred in the bare possibility that the collocation was not original; but in 1857 a circumstanoe happened which has caused much light to Ie thrown on the question. In the November of thatyear some ground was purchased at Jrizham for the building of some houses, and in January, 1858, in c1laing it a hole was met with in a line of fracture large enough to admit ; man&amp;apos;s hand. On one occasion when the workmen returned from their meals, a crowbar which had been left&amp;apos;by one of them was missing, but in the course of a ftw days, as the excavations proceeded, the size of the hole referred to had increased to such dimensions as tv permit a small man to wriggle through. Seeing the crowbar on a ledge below, he descended and detected the existence of at cavern. This cave, closed to external access as it had been, was free from the objections of the probable introduction and commingling, at subsequent periods, oif human reliCs, which had been formerly urged against Kent&amp;apos;s and other simiiarly open caverns. When the cavern was furst entered it was evident there were two galleries, the one towards the north. being closed with stalactite. After this passage was forced, Mr. Pengelly entered and saw on the stalagmite of the floor t lie antlers of a rein-deer. As this appeared a virgin caver, it seemed exactly aId}&amp;lt;apted to afford the evidence required to substantiate the position Kent&amp;apos;s and tother similar caverns had, from their open state, failed to do. Accordingly, MIr. Pengelly induced the Geological and Royal Societies to purchase the cavern and supply funds for its excavation, and the layers of deposits were removed careflly onie by one. In the stalagmite their was found a fine bone of Ursits e .cauts Below tiis was the &amp;quot; bone-bed,&amp;quot; with eveIy bone placed with its longer axis regularly in the plane of the bedding except at one spot where the bones afnd stones were inclined in every direction, judt as they had fallen in from hbove. Bones of animals, with flint-flake implements of the perfection of manufacture, were thus found at a depth of fourteen inchesbelow the stalaguiitic floor. Mr. Pengelly kept, as the work proceeded, a minute journal of the exact position of every bone and implement in the cavern. The bones and Jiiplenaents &amp;amp;6 found were cleared carefully out with a knife; but, in one instance, within the bpa;ce of about two square feet, there appeared to be a great num. I wr of bones together, and the whole mass was removed to Mr. Pengelly&amp;apos;s house, and ou being there carefully cleaned in the presence of witnesses, proved to be the nearly entire skeleton of a cave-bear, in the astralagus of which there was a perriwinlcle-shell (Littorina), every circumstance tending to show the tranquil inclosure of the bones on the spot where they were fouud. There was a curious circamstance connected with some rolled and worn nodules of brown h&amp;amp;imatite iron mingled with the flints and bones. The cavern was 90 j f*et above the sea-level and 75 feet abve the valley, which is 300 yards wide, and Bnsham is situated in it. On the opposite side of the valley towards Torquay, on tle crest of a hill, is the stratum of brown hwmatite corresponding to that iii the cave; therefore, if the valley was, at the time of the deposit of these bones, flun.it-nplemtvnts, and boulders, as deep as it is now is, the harmatite nodules, frioni the direction in which they would have come being at right angles to the vatlksv, luust htave first pased down a slope of 20 degrees on the one side of it, inid tap) ai sinilar slope of 2Q degrees on the other, before they could have entered the caierm. Hence it appears certain that either the valley could not than huive etxited, or, if it (lid, was filled up with the gravel which had since 1xtn cleare out. In either cuse the bones and flint-implements would be of SUxh great antiquity wi is consistent with the bubsequent reduction by natua I c Wse.i Of the valley to its present lhivciial configuration. 31r. T. W. Atkinson, tle famnous traveller in Northern Asia, in answer to a (1uestul&amp;apos; as to the geographical range of carnivorous animals, stated that he had to i 11 th12- Beig-7 tiger preying on the rein-deer in its native habitat. Admiral F}itzro made some remarks on the care rquired to be taken in affixing Si4 to fliut or otder stone impleient.ts, for the reason that they were now, and * had been, in use bi&amp;apos; the lowest and most unciv ilized race of men. These *!iby the sane simple man, and actuated by the ame wants, had producdl &amp;quot;&amp;apos;vert&amp;apos;i whole isurfae of the earth tools and weapons of like make, and apted wr timnihar uaws. lie referred also to the inriable pretice of the Fuegians, I&amp;apos;AZgol&amp;quot;k1nl&amp;gt;, A others, of carrying with them in their small bags, or pouches, as wol as in ebir L=Ane,-, pieces of tfit or pyritee, for the puqroe of vbtaWing lire -an almost idiswenable necessity to the ravage. One fact he mentioned hs an important bearing on th quesaou of the probable uses of the fossil flit. implement&amp;amp;. The Guanaco (the wild Llama), which attains a large size in its haunts in the south of Patagonia, often swims acros the east end of the Straita of Magellan, on to the eastern part of Terra del Fuego. In the winter time, when the snow las fllen heavily, the long-legged Guanaco gets entangled in the snowdrift, sad becomes una to proceed. Surrounded, then, by the wild Fuegians, it is knocked at head by one of them, with a heavy pointed stone, fixed in the eft end of a split sik, and bound in firmly with cords of sinews, thus fotrming a stone weapon almost identical in form and purpose with the iron poleaxe of our butchers. Mr. Bagg, in noticing the finding of small flake arrow-heads in Battersea. fields, said he had often reflected on the probability of that region having been in primitive times under water, and therefore not an ancient place of habitation for man. This led him to think that the lake there might have been traversed by the aboriginal inhabitants in their canoes, from which, or from the shore, arrows and sling-stones might have been launched at birds and otherobjects of thechse, and have faln into the water, and thus have become embedded in the brick. earth or bottom mud. The meeting was then terminated by a reply from Mr. Wright, and some pertinent remarks from Mr. Botfield on the value of the inlato adduced, and the little true religion had to apprehend from the most extended investigations on this or any other subject. At the Geological Society, on Wednesday evening, two important papers were read. The first, by Sir Roderick Murchison and Mr. Geikie, who having ex. anined the tract of country in the Scottish Highlands described some years since by the late Mr. Daniel Sharpe, pointed out in this paper that what had been considered as foliation by Mr. Sharpe and former geologists was actually the natural stratification of the beds, and due to the bending over in vast arches of the great rock-masses of that region. Professor Hlarkness&amp;apos;s paper was an application of Sir Roderick Murchison&amp;apos;s recent systematic order of arrangement of the Gneissic and Lower Silurian metamorphosed rocks of the Scottish Highlands to similar rockmasses of like age in Ireland. At the Royal Society of Literature, the same night, Sir ewenq Rawlinson read a very valuable and interesting paper, entitled &amp;quot;Illustrations from Egyptian History and Chronology, from the cuneiform inscriptions.&amp;quot; The paper entered largely into the intercourse of the Assyrians and Egyptians, and stated that there was no allusion to the existence of, Assyria prior to 1150 B.C. lie then read a number of translations of the cuneiform inscptions, tending to throw much light on Biblical history and chronology. These were nqwr views, developed by Sir Henry for the first time in this paper. In the discussion which followed, Mr. Birch thought there was nothing to disprove the existence of Assyria at a much earlier date than that supposed by Sir HI. Rawlinson. Mr. Poole and Mr. Vaux took part in an interesting discussion as to the origin of the elephant on the Assyrian monuments. Sir H. Rawlinson announced his intention of reading another paper at an early opportunity, on the &amp;quot; Early Geography of Syria.&amp;quot; Ait the Society of Antiquaries on Thursday, the following papers were read:by George Scharf; Esq., F.S.A., Secretary to the National Portrait Gallery, &amp;quot; Remarks on some pictures from Windsor Castle, Hampton Court, and Wilton House, exhibited by the gracious permission of Her Majesty and of the Lord Herbert of Lea.&amp;quot; By John Bruce, Esq., Vice-President, &amp;quot; Biographical Notes on Lord Chief Justice Heath (temp. Charles I.), with transcripts of two of his letters at the State Paper Office: the whole in illustration of a Portrait exhibited by W. Taylor, Esq., F.S.A.&amp;quot; Thomas Close, Esq., F.S.A., exhibited sixteen celts and other bronze implements, found at Nottingham.</FullText> </Record>