<?xml version="1.0" encoding="UTF-8"?>
<Record> 	<Version>Record_v1.0.xsd</Version> 	<RecordID>4354119</RecordID> 	<DateTimeStamp>20180928135325</DateTimeStamp> 	<ActionCode>change</ActionCode> 	<RecordTitle>REPORT OF THE EDUCATION COMMISSIONERS.</RecordTitle> 	<Publication> 		<PublicationID>2984</PublicationID> 		<Title>The London review and weekly journal of politics, literature, art, and society, July 7, 1860-June 29, 1861</Title> 		<Qualifier>London</Qualifier> 	</Publication> 	<Publisher>William Little; Isaac Seaman</Publisher> 	<Volume>3</Volume> 	<Issue>60</Issue> 	<AlphaPubDate>Aug 24, 1861</AlphaPubDate> 	<NumericPubDate>18610824</NumericPubDate> 	<SourceType>Historical Periodicals</SourceType> 	<ObjectType>Feature</ObjectType> 	<ObjectType>Article</ObjectType> 	<Contributor> 		<ContribRole>Editor</ContribRole> 		<LastName>Mackay</LastName> 		<FirstName>Charles</FirstName> 		<PersonName>Charles Mackay</PersonName> 		<OriginalForm>Mackay, Charles, 1814-1889</OriginalForm> 	</Contributor> 	<LanguageCode>ENG</LanguageCode> 	<ISSN>2043-4162</ISSN> 	<ISSN>2043-4154</ISSN> 	<StartPage>229</StartPage> 	<EndPage>230</EndPage> 	<Pagination>229-230</Pagination> 	<URLDocView>http://search.proquest.com/docview/4354119/</URLDocView> 	<Products> 		<Product> 			<ProductID>1007574</ProductID> 			<HasFullText>true</HasFullText> 		</Product> 		<Product> 			<ProductID>1009130</ProductID> 			<HasFullText>true</HasFullText> 		</Product> 		<Product> 			<ProductID>10000001</ProductID> 			<HasFullText>true</HasFullText> 		</Product> 		<Product> 			<ProductID>10000297</ProductID> 			<HasFullText>true</HasFullText> 		</Product> 	</Products> 	<Terms> 		<FlexTerm> 			<FlexTermName>DerivedSubject</FlexTermName> 			<FlexTermValue>ENGLISH LITERATURE - History and Criticism - 19th Century</FlexTermValue> 		</FlexTerm> 		<FlexTerm> 			<FlexTermName>DerivedSubject</FlexTermName> 			<FlexTermValue>POLITCS AND GOVERNMENT 1837-1901</FlexTermValue> 		</FlexTerm> 	</Terms> 	 	<FullText>REPORT OF THE EDUCATION COMMISSIONERS. THE report of the Commissioners appointed to inq uire into the state of Popular Education in England was awaited with much of that anxiety and impatience with which men regard the tardy appearance of an expected comet. The well-known ability and reputation of the seven gentlemen who composed what may be called the nucleus of the commission, gave assurances, which were amiply verified, that the body of the report would be unusually valuable. They had, moreover, shortly after commencing their course, attracted to themselves a long train in the shape of ten assistant commissioners, who would, it was understood, diffuse themselves throughout the country collecting matter wherewith to feed the central body. Considerable changes in the educational atmosphere, the precise nature of which no one ventured to predict, were expected to be effected by this unusual visitant. Many prophesied that it would shatter to atoms the whole fabric of Government education, while others firmly believed that even if it touched t pon the existing order of things, it would pass harnmlessly by, affecting only a few minor and less important conditions of the system. The report eventuallj appeared, and has now run its course of public and private criticism, 7t was, perhaps, the most readable blue-book ever presented to both Houses of Parliament by comman(l of her Majesty. It contained a sufficient amount of statistics and tabulated evidence to satisfy the most greedy theorist upon education; while at the same time it grappled with administrative difficlilties in a practical manner. The importance of existing claims was fully admitted, while the necessity for change was not denied. The Commissioners, by refusing to upset or modify the present denominational system, allayed the jealousy or fears of the Church party in the country; while, by the prominence they gave to the British and Foreign Association and its training institutions, as well as by their demand for assistance to private schools, they showed that their sympathies were not sectarian. They had to suggest remedies for two very great evils. The first was the daily increasing difficulty of managin, a central office which directed from a distance so many and such complicated details, and which, in the words of the Secretary to the Committee of Council, given in evidence, differs from every other department of Government in three leading points: first, in the minute details which the plan of appropriating grants to special objects necessitates; secondly, in the care and consideration required for conducting business between an office and six or seven thousand independent bodies of school man~agrers; and, thirdly, in the danger of deleglating this work to subordinates, and the necessity that the greater part of it should pass under the eyes of the Secretary himself. The other main (lifficulty arose fromi a general feeling that a very partial effect was produced on the country by a yearly increasing expenditure, which now stands at about ?724,0(0, and of which nearly ?70,0(K) are spent ill the means of applying the remainder of the grant, that is, on its administration by inspectors and clerks. Men could not but see that the adoptiomi of the Government system was by no meals universal in the country. There was a suspicion, too, that large towns, which ought to be better able to help themselves, received the lion&amp;apos;s share of the spoil, while the smaller and poorer parishes were debarred by their poverty from participation in an aid which could not be permitted to (le enerate into an auns. To those that had was given, while those that had not the means to meet Government requirements were not less clamorous. What a storm would have been raised by any great tightening of the pursestrings, by the immediate abolition of any particular grant, or by the adoption of severer regulations in the Educational Minutes, is well known to those who are conversant with school managers, and may be judged from the fury of the supporters of ragged schools, unrestrainedhly expres-sed in Exeter Hall, and reiterated through the samne mouthpiece, though with more decent langruage, in the House of Lords. If the Commissioners, in order to escape this barking Scylla, expanded their sails to the popular breeze, and coninitted themselves to the swelling current of increased expenditure, their Helenus, the Secretiary to the C(ommittee of council on Education, warnrd them of a terrible rock directly ahead. They would have to deal with a House of Commons already dissatisfied with the educational estinmates., which would soon, he believed, reach a total intolerable to our financiers. Add to these difficulties that the resuilts of education are necesstrily of slow growth, and of a negative nature. AXrmy and navy estimates are galling, btit they have as their qluid rro quo an une(lalled field-piece, or the lainching, of a Wfani%0r. These are tangible equivalents. But what becomes of the money spent on certificated schlolmasters anid ulpIil-teachers I There is n.) [)rol)rtionate sLvinD in our criminal expe-nditure. Builder.s are .still fomiiid to conmbine, agatinst their masters, demianding, in de(fiance of Main Sin&amp;apos;ith, ttll hours&amp;apos; wages for nine hours&amp;apos; work. P&amp;apos;auperirsm remains as perxmanent an institution as the Nationml Debt. Where are the qimi&amp;apos;k returns which were promLsed u.s when the seed of knowledge shoild once have been sowJi broadcast throughout the land? The Commissioners showed firine(-ss and moderation in dlealing with these difficulties, and though their reconimitendatimi of a grant from the county rate may be found uwsuited to the taktes of English taxpayers or the actual . xignCie of the can .be no (jtqu tiOn buit that aranta will relt ;11 the cowe (of (.1tti, &amp;quot; froim the mnAnner in which they have performed tbeir t.*k. It um.ii1. , 1 eex n . liO1 i fi nitortune to the country if, t1klialstedI by the Crit1rFl .&amp;apos; rv 4&amp;apos; iditiC&amp;apos; (Of tifferenit witnesfws, (or UmifIiotu- of the crt;dit of re r.J)A 1rio&amp;apos; ItAl h a.l t this jmiwtrtire MC(,il6fll.(Ied a diIsCcontinutflancf&amp;apos;, how&amp;apos;v r -r.alilsl, f the jllliu grants. Very great eff.rts, reail sacritiesi, have 1 II 114.1 fit 1&amp;apos;&amp;apos; sub(,&amp;apos;l mitfnal,(rS, and C.Ix*ciaIly by the 1ergy of the E~ta1 .,.liv ( &amp;apos;lurrch, 4q 1 tlh falit .,f a coi1tilinualce* of the(. gmrlats. Schbwl buili&amp;apos;;&amp;apos;. al.I~tt4 t414, a N-e-rv (-&amp;apos;IImplt4e systeii of tvaching by ineafwl of a lir-e . tafl efiaIa-t&amp;apos; rv :nl# l J&amp;apos;izj1il-te.It hI(&amp;apos;r% with all the imlprov.emleinltS reecomiuew--l liy 1.! .l i ( Xl wrk4l, hi.tv- )1v .ell (-,11II1iellt&amp;apos;n4 in lity lparishi-s where, but for 4; VI1IflI( w ilad and tIll(&amp;apos; - urag~ mlit it itfor-ls to lo(al effort, the vhildlrti ..vI]4j vtill l. mwA.6tin tlheir 4i ,rt jperirI of .chiool existenlce in tihe kitchenll (of t, bl cripljoj. StE- ., inl th.- mareh (if civili/iititji are n.t to bie retrac-el NVS1 Ii.6.1t ti i. -t 41(111- .rahli7ilig eff*C t1s (1 tih retrn)-ris-iiwli.4ts. The last stitv 4. a :. i-I moier. ll :1 L!4)4Id livhol has. k&amp;apos;en started ail lias fatilid for wmiIt of f i.3 - mioni. tki~t tlf. first. N er 1. ed I ie ti}ip .rtr&amp;apos; .f t hl 1)ri-.(-t systeini re--t up. .n t I.- ar rurniltit t it i 1 an a *eoimlish,4h fact. PIo;lr .edieatirm.n was alimvist emitirtly l1.. &amp;apos;1tc uinitil dlw. lreso11t 4C ritury. A Nioleit re.acti&amp;apos;Th thun set ill, frouI Ahich - e le stil&amp;apos; 11PuriliA I zut t ,iat &amp;apos; a ; rt sloAWlv aiol survel recoverinfiom the (-Xt S. (of that rmatiI&amp;apos;, alld are atttiliilit a htealtliy condition, iS i&amp;apos;t&amp;apos;ved&amp;apos; i thtO iMcrAt;aL(I iSefiili14Ss&amp;apos; 4 f trlill,(l diiidt4?I, thi&amp;amp; dtceaC,&amp;amp;~l Cidd ttimnd(lS , I I, . 1-iiisjct 41r fur all kjnds oif fan~v wmk, aIndl the conse&amp;apos;qit ent declill ( f&amp;apos;rAiLj I, ;it~d IAv the trro i!Ig C4In;ictioln that the three essenttials otf Si t alltr ilnst t uctiol fur the hIIaI.8s&amp;apos; are readluig, writillr g .and11 arithmetic that tIsl&amp;gt;e&amp;apos; 1wa1y 1, ;11,4a hiav.&amp;apos; 14 1 ljithcrt 4 beitt w&amp;apos;ll tullitlt )V schoI4)4JhlIlitc ;tti tLIt MItE i .1 VI . lfl.st. rt 4, this tri.adl lie has), in the present l.woi k-writillg :a e, rc( &amp;amp;ive tle t -1. t, F all thte vordlds wisdolml. The ,ystem 6i , no doubt, stili t1itle tr1 .;l. l:t, l04 kiiig to the p.,st atidI Ipres&amp;amp;-iit iitory of )Ol)ilal .lu(ti-,t . .lie (o1Ittrv needi not rtgrct thle annioiooCilWlit of the Vice-&amp;apos;rc.sidenit of thle ( &amp;apos;ml.si il, firolli hs I.lke ill Parlianlmnt, that Go4&amp;apos;vvrnment considers the exv.-rinl lit s, *So ta, srtat.i tvatory . nd initeuds to persevere.</FullText> </Record>