<?xml version="1.0" encoding="UTF-8"?>
<Record> 	<Version>Record_v1.0.xsd</Version> 	<RecordID>4354918</RecordID> 	<DateTimeStamp>20180928135238</DateTimeStamp> 	<ActionCode>change</ActionCode> 	<RecordTitle>LIST OF NEW BOOKS AND NEW EDITIONS.</RecordTitle> 	<Publication> 		<PublicationID>2984</PublicationID> 		<Title>The London review and weekly journal of politics, literature, art, and society, July 7, 1860-June 29, 1861</Title> 		<Qualifier>London</Qualifier> 	</Publication> 	<Publisher>William Little; Isaac Seaman</Publisher> 	<Volume>2</Volume> 	<Issue>47</Issue> 	<AlphaPubDate>May 25, 1861</AlphaPubDate> 	<NumericPubDate>18610525</NumericPubDate> 	<SourceType>Historical Periodicals</SourceType> 	<ObjectType>General Information</ObjectType> 	<Contributor> 		<ContribRole>Editor</ContribRole> 		<LastName>Mackay</LastName> 		<FirstName>Charles</FirstName> 		<PersonName>Charles Mackay</PersonName> 		<OriginalForm>Mackay, Charles, 1814-1889</OriginalForm> 	</Contributor> 	<LanguageCode>ENG</LanguageCode> 	<ISSN>2043-4162</ISSN> 	<ISSN>2043-4154</ISSN> 	<StartPage>612</StartPage> 	<EndPage>612</EndPage> 	<Pagination>612-612</Pagination> 	<URLDocView>http://search.proquest.com/docview/4354918/</URLDocView> 	<Products> 		<Product> 			<ProductID>1007574</ProductID> 			<HasFullText>true</HasFullText> 		</Product> 		<Product> 			<ProductID>1009130</ProductID> 			<HasFullText>true</HasFullText> 		</Product> 		<Product> 			<ProductID>10000001</ProductID> 			<HasFullText>true</HasFullText> 		</Product> 		<Product> 			<ProductID>10000297</ProductID> 			<HasFullText>true</HasFullText> 		</Product> 	</Products> 	<Terms> 		<FlexTerm> 			<FlexTermName>DerivedSubject</FlexTermName> 			<FlexTermValue>ENGLISH LITERATURE - History and Criticism - 19th Century</FlexTermValue> 		</FlexTerm> 		<FlexTerm> 			<FlexTermName>DerivedSubject</FlexTermName> 			<FlexTermValue>POLITCS AND GOVERNMENT 1837-1901</FlexTermValue> 		</FlexTerm> 	</Terms> 	<FullText>LIST OF iX ,.OOkS Antes 1 XDItOL; ho. KAt 17,, !@ Z )2tu. Alfhe ] BY4y. P&amp;apos;osB8j t#1., Atk e. . .J. Britih Birds, Eggs, &amp;apos;md !fssN . 13.0. .bk. 30. 6d. Routorq Why&amp;apos; and the Wherefore Hogg sons. BsuIWXW). T kfngaud Actiig: t oe. ?*&amp;apos;ols.-posi~ro. loth. tl. is. Hrst , eMiet (W. L.). The P&amp;quot; of the Pentlald; -and other Poems. Seond Edition. Fcp. 8wo. eloth. 3s. Simplin. Burn (Jobh). Hiaotryofenley-Upon-Thames. Ovo. cloth. 12.. Loonern. Chtzri (Rev. . B.) Mfd Inhuence of the Septuagint Version of the Old Tesament upon the Progress of Chrstianity. Crown 8vo. elolbh 30. Od. Xaailal. Clarke (Rev. J.). A Happy World; or, The Powre of Thflence. 12mo. cloth. 2s. d. Wertheim Dickens (Clares). Martin Chuzzlewit. Vol. L 8vo. cloth. 7s. 6d. Chapp= &amp;amp; hail. Doeg~ Princi les of English Grammar. Twn * Ediio 18mo. boud, - S&amp;quot;_electios for Recitation&amp;amp; Sepend Editimm limo. dt s l6e. S ; PAyOly (A. J. D4.) The -Stud of the EnaiAi . DudgS. 8vo. cloth. .s. 64 B A Ebs (J.). The Uandybook ofdie LO of * Ln.Caps. J~. otia. 3s.- Stevensc-. Falton (G.). Johnson&amp;apos;s bictiona.- :1Sm6. bosts. is. 4. Simpkin. I Fowler Frank Adrift; or, The Rodckin the. South Atlantic&amp;apos; 10s; 6d. Saunders &amp;amp; Ot&amp;amp;1dy, Reath (C.). Minior urgery and Bandaging. Fep. cloth. 5s. Churchill. Ireton (Uii) The Brokan Troth. A Tale of ViUlh Lifn Tus my. 2 vols. Fop. Svo. cloth. 1^. Macillan. I uriqe fREFL.. v Prayer. Jm Sermonsl prea iD .Chpel of fIn cobs Um. Fowrti oiition. Fep. fvo. ,ltb . U. M. Macmill&amp;apos;an Vtin (E. G.). Allopathy, Homopthy, Hy. d~aby.- Remons for thir iSre 8To. - oo^ -b.8Zr- { - p. Reeolbofiona of a bter, S8crubto. co46 Dg0tibf g~.Law of EVidence in Criinina1 Cses: By D. Power. Fifth edition. No , cl t, ?1. BIs. 8. *ens and on 8hask &amp;apos; PucO s4 hisPOtWl l*o. 2OsL l2kno. CIOth ?1. Us. Bell. mith (J. 1.). A ludi^mentar treatise (a the Acoustocs Of Public Buildings. 12ur. cloth.. (Weale&amp;apos;p q 1 6 Lock. vood.. Smyth (Mew. (4) &amp;quot;h louams of Di;o =7 voL&amp;quot;. post STO.-,Cliot 140. Hog Sta-nfby (1..&amp;apos; The Dridal Sonvenir. Now edition. 4to. -1. I.&amp;quot; Griffith &amp;amp; Frr. Bymon&amp;amp;ds (3 ). Th; Ptop sisters. 2 Vl.. -Potr v. 6oth. ?1.-s0. sooth. The Cottage nd its Visitor. NeW editon. 12ms..4c , 3a. 6. elo. TeLeoIs on 6bectm. ew edition. lao. cwth- ,.. &amp;quot;.r~il The lliOOtt Bt Lu es Beoon 141 &amp;lt; tion.- *Yn. - tsb.4df &amp;apos;?e. The&amp;apos;aO&amp;amp;dO otw. -loyal Svo. So. 6&amp;amp;. TUppy; ow, the Autidgn*lay bf a ^Dmnkey. SbooaM Edtion. supet-roi1 l1o. eiLO 2. 6dk Odiflt &amp;amp; FPran. Vaughan (C. J.). Epiphany &amp;amp;C. setud IAi;on.~ Crown Svo. Iofh. 1(b. 64. Nwmills- ,- 8i. &amp;apos; Webb (A.). tRles for Otion ix Surgery. Ilo 8swo. cloth Bad 1 . tion. 10.6 Churechili. Whatelf&amp;apos;s Xius- - -oit Lectures. so. Path</FullText> </Record>