<?xml version="1.0" encoding="UTF-8"?>
<Record> 	<Version>Record_v1.0.xsd</Version> 	<RecordID>4355194</RecordID> 	<DateTimeStamp>20180928135447</DateTimeStamp> 	<ActionCode>change</ActionCode> 	<RecordTitle>SYNOPSIS OF THIRD ESSAY--"ON THE STUDY OF THE EVIDENCES OF CHRISTIANITY."</RecordTitle> 	<Publication> 		<PublicationID>2984</PublicationID> 		<Title>The London review and weekly journal of politics, literature, art, and society, July 7, 1860-June 29, 1861</Title> 		<Qualifier>London</Qualifier> 	</Publication> 	<Publisher>William Little; Isaac Seaman</Publisher> 	<Volume>2</Volume> 	<Issue>41</Issue> 	<AlphaPubDate>Apr 13, 1861</AlphaPubDate> 	<NumericPubDate>18610413</NumericPubDate> 	<SourceType>Historical Periodicals</SourceType> 	<ObjectType>Feature</ObjectType> 	<ObjectType>Article</ObjectType> 	<Contributor> 		<ContribRole>Editor</ContribRole> 		<LastName>Mackay</LastName> 		<FirstName>Charles</FirstName> 		<PersonName>Charles Mackay</PersonName> 		<OriginalForm>Mackay, Charles, 1814-1889</OriginalForm> 	</Contributor> 	<LanguageCode>ENG</LanguageCode> 	<ISSN>2043-4162</ISSN> 	<ISSN>2043-4154</ISSN> 	<StartPage>425</StartPage> 	<EndPage>425</EndPage> 	<Pagination>425-425</Pagination> 	<URLDocView>http://search.proquest.com/docview/4355194/</URLDocView> 	<Products> 		<Product> 			<ProductID>1007574</ProductID> 			<HasFullText>true</HasFullText> 		</Product> 		<Product> 			<ProductID>1009130</ProductID> 			<HasFullText>true</HasFullText> 		</Product> 		<Product> 			<ProductID>10000001</ProductID> 			<HasFullText>true</HasFullText> 		</Product> 		<Product> 			<ProductID>10000297</ProductID> 			<HasFullText>true</HasFullText> 		</Product> 	</Products> 	<Terms> 		<FlexTerm> 			<FlexTermName>DerivedSubject</FlexTermName> 			<FlexTermValue>ENGLISH LITERATURE - History and Criticism - 19th Century</FlexTermValue> 		</FlexTerm> 		<FlexTerm> 			<FlexTermName>DerivedSubject</FlexTermName> 			<FlexTermValue>POLITCS AND GOVERNMENT 1837-1901</FlexTermValue> 		</FlexTerm> 	</Terms> 	<FullText>SyNOPSIS OF THIRD ESSAY-&amp;quot; ON THE STUDY OF THE EVIDENCES OF CHRISTIANITY.&amp;quot;| The third essay is entitled &amp;quot; On the Study of the Evidences of Christianity,&amp;quot; by the late Baden Powell, Savilian Professor of Geometry in the University of oxford. This essay is a review of the present condition of the Evidences of Christianity, their strength and weakness-advance and security-and how far weak in relation to the progress of modern enlightenment. The writer begins by estimating the temper in which the subject should be discussed. He holds that the person who handles this subject should be &amp;quot; the judge&amp;quot; not &amp;quot; the advocate.&amp;quot; He blames the &amp;quot;advocates of an external revelation&amp;quot; for making appeals to conscience and decrying the exercise of reason. He excludes conscience from the inquiry, and inists on the sole supremacy of reason. He urges his own discussion as purely &amp;quot;contemplative and not controversial.&amp;quot; lIe traces the history of the defences of an external religion from the days of the Fathers, who were purely defendants. He thinks Jackson, Stillingfleet, Leslie, Watson, and Campbell onght to be now superseded. He enters into an elaborate discussion on miracles and the weight to be attached to them, and proceeds to show that miracles depend for their reception on the information of the age, and that what were regarded as miracles long ago, are now received as ordinary phe. nomena, and that what was evidential to the apostles is not so to us. &amp;quot;4The force of miracles must ever be essentially dependent on the preconceptions of the parties addressed.&amp;quot; &amp;quot; Paley took too exclusive a view,&amp;quot; and as some think &amp;quot; external evidences are altogether inappropriate and worthless.&amp;quot; The doctrine, he thinks, &amp;quot;tests the miracle, and our moral judgment tests the doctrine.&amp;quot; Professor Powell&amp;apos;s reasoning is substantially this-miracles may not be miracles at all-if they be so, they could be evidence to the generation that saw them, and they do not prove the origin of a doctrine, and are far inferior to the inner individual light. &amp;quot; Astronomical discoveries are palpable contradictions to the letter of, Scriptire.&amp;quot; &amp;quot;Recently the antiquity of the human race, and the development of species, and the rejection of the idea of creation, have caused new advances in the same direction.&amp;quot; The repetitions of the same idea by the learned professor amount to tautology. It might be inferred from his reasoning, that there is no need of supposing the existence of a Creator, that the subordination of all things to physical law and order is the solution of every problem. &amp;quot;Testimony is second-hand assurance,&amp;quot; and avails Clothing against reason. In short, &amp;quot;In nature and from nature, by science and by reason, we neither have nor can possibly have any evidence of a Deity working miracles.&amp;quot; A miracle can be accepted on religious grounds only, and appeals entirely to faith. In the popular acceptation of miracles, miracles are always objects not evidences of faith. The learned professor concludes by leaving to each individual to believe in Christianity, or to reject it in such way and for such reasons as to his inner mind may appear conclusive-that all outside of the individual is confusion and contrariety.</FullText> </Record>