<?xml version="1.0" encoding="UTF-8"?>
<Record> 	<Version>Record_v1.0.xsd</Version> 	<RecordID>4358478</RecordID> 	<DateTimeStamp>20180928135325</DateTimeStamp> 	<ActionCode>change</ActionCode> 	<RecordTitle>THE MAGAZINES.</RecordTitle> 	<Publication> 		<PublicationID>2984</PublicationID> 		<Title>The London review and weekly journal of politics, literature, art, and society, July 7, 1860-June 29, 1861</Title> 		<Qualifier>London</Qualifier> 	</Publication> 	<Publisher>William Little; Isaac Seaman</Publisher> 	<Volume>3</Volume> 	<Issue>75</Issue> 	<AlphaPubDate>Dec 7, 1861</AlphaPubDate> 	<NumericPubDate>18611207</NumericPubDate> 	<SourceType>Historical Periodicals</SourceType> 	<ObjectType>Review</ObjectType> 	<Contributor> 		<ContribRole>Editor</ContribRole> 		<LastName>Mackay</LastName> 		<FirstName>Charles</FirstName> 		<PersonName>Charles Mackay</PersonName> 		<OriginalForm>Mackay, Charles, 1814-1889</OriginalForm> 	</Contributor> 	<LanguageCode>ENG</LanguageCode> 	<ISSN>2043-4162</ISSN> 	<ISSN>2043-4154</ISSN> 	<StartPage>716</StartPage> 	<EndPage>717</EndPage> 	<Pagination>716-717</Pagination> 	<URLDocView>http://search.proquest.com/docview/4358478/</URLDocView> 	<Products> 		<Product> 			<ProductID>1007574</ProductID> 			<HasFullText>true</HasFullText> 		</Product> 		<Product> 			<ProductID>1009130</ProductID> 			<HasFullText>true</HasFullText> 		</Product> 		<Product> 			<ProductID>10000001</ProductID> 			<HasFullText>true</HasFullText> 		</Product> 		<Product> 			<ProductID>10000297</ProductID> 			<HasFullText>true</HasFullText> 		</Product> 	</Products> 	<Terms> 		<FlexTerm> 			<FlexTermName>DerivedSubject</FlexTermName> 			<FlexTermValue>ENGLISH LITERATURE - History and Criticism - 19th Century</FlexTermValue> 		</FlexTerm> 		<FlexTerm> 			<FlexTermName>DerivedSubject</FlexTermName> 			<FlexTermValue>POLITCS AND GOVERNMENT 1837-1901</FlexTermValue> 		</FlexTerm> 	</Terms> 	<FullText>T1lE &amp;apos;MAG(AZINE-Z. l];I~ia s, -ti&amp;apos;; i.(,I lis %vai . thr1oulrigh the world,&amp;quot; in (&amp;apos;ur/till, and so Ilauchl d cl&amp;amp;&amp;apos;;as&amp;apos;.i i&amp;apos; *:1 d {&amp;apos; el ta -111k a .i t.il (it&amp;apos; his Fitferiu&amp;gt;, and so much gratification atrlrdih . lv YII- JI 11alt jul liuu. ai lu:i4n: tah.t sultishl readers will, we fear, be dis. jaa:.ad. t. ;r;a!y hI y insay ilever c tua tutl al d -- thiat IIis state of bachielordnm and I .I praja ,t~ maavxc&amp;apos;&amp;apos; I 1 the carull tot i&amp;apos; t (P Iia,&amp;quot; and Lis true love never be- rewarded 1JX .1j Ii..bl.. IllYj.&amp;apos;; *&amp;quot;, nd-a tile fanilyv of children. Poor &amp;quot; Philip&amp;quot; is (Ia a&amp;apos;.,Itaa : a t a very ; lii Semralle (Ch ristmas - his intended father and iother-inilaw I! :ve &amp;apos;l at 4.1aI I UtMiAed til-Ir a:lieks upon hinl, but turned hinm out of the house - i- . 11111 riui il Tlwd fiolti r, whbo Las emigT1rated to Amnerica, is miot only getting mae; r i&amp;apos; , lt also dtlras i 1 hillts oX hin, and at the same time has it in. !ilumluatt ci tIIat II!- dtm Ilif&amp;quot;lll iS the (direct C(D.S&amp;apos;eillaefce of Philip&amp;apos;s fully and extravagazne&amp;apos; T&amp;apos;I nlialalletr ill i bitih this last picee of villany on the part of Dr. Fir:: ina i- d1i - e-1- is L a priit .sjaein. nl of &amp;quot; the stylo&amp;quot; of someC of the worst &amp;amp;&amp;quot;ampa&amp;apos;s (colIt(t4i ti liti &amp;apos; rite.-- nianiliv, &amp;quot;Ollie of tihe genuine Yankee riewspae*r corrtspton-lrlit-, *Vi ;ar&amp;apos; t, Le foundl in a few of the great capitals of E u, I -. &amp;apos;I las&amp;apos; (ap!llinig JaiLlii;,ia, read,1 :1i it&amp;apos; it. were cut out of a New York joura&amp;apos;la. - lt&amp;apos;rtr it iS - &amp;quot; Il JPINItuII%&amp;amp; w t tlt- 11cW ca ahltl did ii, at disgrlvi&amp;apos; the old at the British Emlaas-vh&amp;apos;all aIlI ( Vl it ..is lairtli-i la. (l al ijel Z. B. Io gmns&amp;apos;s lady, of Albany, brth hi ljaha J. Pilis - wnynnh aln&amp;apos;i lt?( rit- laflt of * ilahs, f &amp;apos;r^e-a v-ninth-street, in vour city, were the oh*erv.d of all observers for sIplenalaaur. f ar eleg.nce, fur refined native man tv e lvt. 1atik:kes daneed with liadtva a l2e, and at the attention of ,ne it&amp;apos; thte IarIllit to the lo-avel 31iss 1)ihhas, I observed his RIoyal Duchess lm tkcd&amp;apos; a th;&amp;apos;k- ;:v thlaluder. &amp;apos;Stlppw&amp;apos;r handstaiie. back I&amp;apos;lnlmonicos to beat it. ii the St. .J 1 .&amp;quot;. there amrc ste% cal -w1 ml papers this mionth, amongst which may Iae s.a tat jkintedl as (dczs r% ilJi of (&amp;apos;speial notice, Mrs. Hall&amp;apos;s tale, &amp;quot;Can Wrong be Ja&amp;apos;tlave ?&amp;apos;&amp;apos; &amp;quot;* X;sailors Hornes,&amp;quot; and &amp;quot; Nelly&amp;apos;s Christmas Day,&amp;quot; by Fnawc..- lrem. J roderip.-In (&amp;apos; ili&amp;apos;- &amp;apos;ii there are, three particularly interesting (Ca&amp;apos;. rtii ,I&amp;apos; Te French in Australasia and Polynesia,&amp;quot; &amp;quot;The Shadow of Atlhiv alvat, arid &amp;quot;A Anlot,&amp;quot; by &amp;quot; Sir Nathaniel.&amp;quot;lThe gem of leiitley for the preqent month is &amp;apos;Mr. Dudley Costello&amp;apos;s amusing story, &amp;quot;bThe Adventures of Lorn Loriot&amp;quot;-a story, we are happy to perceive, that does not terminate with the close o-f the year; and that will fitly hold a place by a new tale from the pen of the versatile and industrious 11arrison Ainsworth. The promised tale begins with the January numner of 1antt , and is entitled, &amp;quot; The Lord Mayor of Lon. (don; or, City Life in the Last Century.&amp;quot; In the present number of there is a mnost valuable article on &amp;quot; The Discount Rate of the Bank of France,&amp;quot; which is well calculated to excite the attention, if not provoke the alarm, of all &amp;gt;ersonls who have comnmercial tlealiiots with Frenchnmen. The article exhibit8 profound knowledg-e of the subject on which it treats. A short extract fron it will show how vast is the diffirence between the position in their relations to the State and the public, between the Bank of&amp;apos; Fractce and the Bank of England. Referring to the former the author says:&amp;quot; The porivileze.s of the Ba1nk are, first, the ionopoly of the issue of notes witlvaut auiv limnit (of amount, and without any reference to the stock of bullion&amp;apos; and se-condly (since .S37), the exclusive righlt to fix its discount as it pleases while the rate (Jutsi(le is; maintained at the leg-al maximum of six per cent. These privileges exist tlhrouglhout France, in all the departments, as in Paris. The side restrlictioll iuhposedi ()n the Bank is that it cannot discount paper which bears l than tllhree :-igiatturts, (!t&amp;apos; which hias more than ninety days to run. To obviate the former difficulty for l)ersolls who have no banker, the C(oinptoir d&amp;apos;fEs(conlptv was fblutnded in 18 18, expressly to provide the third signature, bv it&amp;amp; intervention bewtween the Bantk and the pulblic.&amp;quot; Mr. Sala has brouglht lii.i tale &amp;quot;The Seven Sons of Maninion &amp;quot; to a conclusion il the D)ecember nunmber of T.iylb Boe. This is undoubtedly the best of his comn. positions. The interest of the story has never flagged for an instant, and some of the characters are perfeet in their (evelopCiIent from the first scene to the last. The broken merchant, the down-fallen, trodden-upon, on0c golden idol, in his prostration is exquisitely true to nature. Some of the observations scattered through1 the work reflect credit upon thie writer, both as a man of thought, and of sound, hearty-, genuine Eng-lish feeling. Take, for example, the followillg&amp;quot; The false is ever mixed with the true; there is always the golden as well ag the silver side to the shield; there are always people ready to come into court, and make oath that they saw the chameleon of a bright sky-blue colour, and others who persist in swearing tllat lie was pink; and the ba;lance will not be struck, and the needle will not be eliminated from the bundle of hay, and the pearl picked from the dunghill, until humian lying and human blundering are of no more account than tobacco-ashes-until the fools who wrote &amp;apos; Essavs and Reviews&amp;apos; are confounded at their own impudent ignorance, and the mud in the wine-glass becomes c!earer tihan crystal, and a towering tree spring-s from the grain of mustar(l-seed, and all our tiny cock-boats of fancied learning, and fancied reason, and fancied logic, are swallowed up in the great dazzling Ocean of God&amp;apos;s Truth.&amp;quot; In Blfak it&amp;quot; uc there are three very good articles, &amp;quot;A Word from a new Dictionary -Flunkeyisin,&amp;quot; &amp;quot; Fechter in Ilamlet and Othello,&amp;quot; and &amp;quot; A Month with the Rebels.&amp;quot; In the first the writer struggles for what he conceives should be the truly &amp;quot; independent &amp;quot; position of authors, alid, it may be added, he sustains his argunments with great skill and ability. In the second we find the opinions of our own dramatic reviewers respecting 1N1. Feclhter confirmed by the writer in B&amp;apos;lthkt&amp;apos;:o,)o, who says:&amp;quot;I think his IHa l&amp;apos;t one of the very best, and his Oth ellv one of the verT worst 1 have ever seen; and I have seen all the good actors, and many of the bad actors, from Kean downwards.&amp;quot; &amp;quot; A Month with the Rebels &amp;quot; is a description, by an eye-witness, of the Southerr States of America since thel war broke out. It contains a vast amount of valuable information that will be found perfectly &amp;quot;new&amp;quot; to English readers. The following is an amluing, account of the celebrated battle of &amp;quot;Bull&amp;apos;s Run,&amp;quot; given byan Irishman who foug1ht &amp;quot; on the other side,&amp;quot; and who was, with some wounded soldiers, walking over &amp;quot; the ,round &amp;quot; on the day the writer visited the scene of conflict:One of them, an Irishman, belonged to that gallant band of 800 who bore the whole brunt of the enemy&amp;apos;s left for the first two hours in the worning. He toldl us that this force consisted of two companies from New Orleans, called respect ively &amp;apos;Tigers&amp;apos; and &amp;apos;Wlild Cats,&amp;apos;---thie 41th Alabama, and some companies of the 6th and 7th Georgian regiments. He said lie himself was &amp;apos; bate up wid foitin,&amp;apos; and when &amp;apos; Gineral Bewiregard kern up wid rayinforcementts in the afternoon and tould the &amp;quot;W Wild Cats&amp;quot; they had done enough-Bedad, they wint to the rear and got a few glasses of whisky, and kem, back to the &amp;quot; foit &amp;quot; as fresh as the flowers of May! &amp;apos; On our remarking that we had heard that the 69th Irish New York reginient had fought very bravely on the side of the Northl, lie replied, &amp;apos; Indeed they did, sir; divil a bitter. Troth, the Irish did the best part of the foiting a both sides, and no mistake!!&amp;apos;&amp;quot; &amp;quot;Between the Cataracts, without a Dragoman,&amp;quot; is the title of a clever and amusing paper in F,--.,, b)y &amp;apos;Mr. J. C. Caley. The same number brings to a onclusion the best tale ever written by Mr. 3Melville-Whyte, of a somewhat diffierent cilaracter from the works on which his reputation has hitherto been flunded. -Mfbfeill&amp;apos;oi this month devotes itself to the instruction of its readers -not in science- not in literature --not in the fine arts- but in ~,1,r12p1l7 71f &amp;apos;I! There are three games which it is very desirous its readers shonNl learn and practise, so as to make themselves agreeable to all &amp;quot; friends&amp;quot; and &amp;quot; visitors&amp;quot; during the coming Christmas holidays. These gamea are entitled &amp;quot; qua(lrille &amp;quot;-a game for four persons; &amp;quot; piquet,&amp;quot; which is described as &amp;quot;1by far the best game of cards, for two persons, that exists ;&amp;quot; and lastl. &amp;quot;bazique,&amp;quot; which is &amp;quot; played with two piquet lpacks of cards.&amp;quot; Minute directions are given as to thiese different games, and the whole is concluded with that grand axiom in manners, morals, and amusement-&amp;quot; Keep your temper!&amp;quot; &amp;quot; The Autobiography of a Navvy &amp;quot; is stated to be not a work Of fiction, but a 1 r,, statement made by a poor man-facts and scntiments which are, it is said, all his own, as they cante from the narrator&amp;apos;s liPs* We implicitly believe this statement; for the narrative is nearly as dry as Patmore&amp;apos;s &amp;quot;poetry,&amp;quot; almost as dull as &amp;quot; Brown, Jones, and Robinson,&amp;quot; .n the Corr h&amp;apos;i&amp;apos;, but not altogether so wearying as that interminable drivel, &amp;quot; Agnes 0; Srnto,&amp;quot; by Mrs. Beecher Stowe, nor by anyv IieaUs so repulsive as thle tnawkish nSense that has found its Way into tliet ul U nir.itq, and is entitled &amp;quot;The fouse by the Churehlyard.&amp;quot;-ln the Dux&amp;apos;ember number of the D)uTblin Ut ii t 4rtq tbere is however a truly valuable pajwr, entitled a &amp;quot; Remonstrance agailist Strikes.&amp;quot; The author looints (;anloll-st other places) to Irelanid, where &amp;quot; strikes&amp;apos;&amp;quot; have been most successful, and hie shows the consequences of them -- the annijilation of &amp;quot;the trade&amp;quot; in which &amp;quot; tho n. t e&amp;quot; won &amp;quot;g-rand victories&amp;quot; over their &amp;quot;Iniasters.&amp;quot; An extract from the useful and practical article to whi e refer cannot fail to be read with interest: &amp;apos;&amp;quot; Ireland has been especially famous for successful strikes, and where now are the trades among which they happened ? &amp;apos; Tre shipwrights and sawyers,&amp;apos; says Mr. Smiles, &amp;apos; carried every point with their masters; and in the course of a few years there was not &amp;apos; single master shipwright in Dublin.&amp;apos; Tia manufacturers of flannel, silk, lace, and gloves, have decayed from a like cause. The blanket trade of Kilkenny, andl the iron trade of Dublin, lhave been wholly or nearly destroyed by the tyranny that workuien wielded over their masters. Many a cspitalist and numbers ot- able workmen have wen driven, from time to time, to seek elsewhere the fair opening refused them in Ireland.&amp;quot; The Art Joursil, always remarkable for the beauty of its illustrations, arid the talent of its literary contributors, presents its readers this month with HSA Fire at Sea,&amp;quot; emmg;aved by J. Cousen, from the picture I)y Turner, in thle .National Collection; &amp;quot; The Two Grandmiothers,&amp;quot; engraved by C. 1I. Jeens, from the picture by Marie Weigmaim, in the royal collection at Osborne; and &amp;quot; Plenty, the Princess Louisa,&amp;quot; engraved by W. Roffe, from the statue by Mr. Thornycroft, in the possession of the Queen. We have but space to acknowledge the receipt of Good W}ords, the 1iptist .lt .-Lzhin&amp;quot;, ChanCer, Csdsel&amp;apos;s 1&amp;apos;uput&amp;apos;r Ntittrl(i H1istory, the Si&amp;quot;peniay 3.1M&amp;apos;azbie, and the F&amp;apos;awily Trcasitty.</FullText> </Record>