<?xml version="1.0" encoding="UTF-8"?>
<Record> 	<Version>Record_v1.0.xsd</Version> 	<RecordID>4358713</RecordID> 	<DateTimeStamp>20180928135325</DateTimeStamp> 	<ActionCode>change</ActionCode> 	<RecordTitle>THE HOUSE OF HESSE.</RecordTitle> 	<Publication> 		<PublicationID>2984</PublicationID> 		<Title>The London review and weekly journal of politics, literature, art, and society, July 7, 1860-June 29, 1861</Title> 		<Qualifier>London</Qualifier> 	</Publication> 	<Publisher>William Little; Isaac Seaman</Publisher> 	<Volume>4</Volume> 	<Issue>100</Issue> 	<AlphaPubDate>May 31, 1862</AlphaPubDate> 	<NumericPubDate>18620531</NumericPubDate> 	<SourceType>Historical Periodicals</SourceType> 	<ObjectType>Feature</ObjectType> 	<ObjectType>Article</ObjectType> 	<Contributor> 		<ContribRole>Editor</ContribRole> 		<LastName>Mackay</LastName> 		<FirstName>Charles</FirstName> 		<PersonName>Charles Mackay</PersonName> 		<OriginalForm>Mackay, Charles, 1814-1889</OriginalForm> 	</Contributor> 	<LanguageCode>ENG</LanguageCode> 	<ISSN>2043-4162</ISSN> 	<ISSN>2043-4154</ISSN> 	<StartPage>495</StartPage> 	<EndPage>496</EndPage> 	<Pagination>495-496</Pagination> 	<URLDocView>http://search.proquest.com/docview/4358713/</URLDocView> 	<Products> 		<Product> 			<ProductID>1007574</ProductID> 			<HasFullText>true</HasFullText> 		</Product> 		<Product> 			<ProductID>1009130</ProductID> 			<HasFullText>true</HasFullText> 		</Product> 		<Product> 			<ProductID>10000001</ProductID> 			<HasFullText>true</HasFullText> 		</Product> 		<Product> 			<ProductID>10000297</ProductID> 			<HasFullText>true</HasFullText> 		</Product> 	</Products> 	<Terms> 		<FlexTerm> 			<FlexTermName>DerivedSubject</FlexTermName> 			<FlexTermValue>ENGLISH LITERATURE - History and Criticism - 19th Century</FlexTermValue> 		</FlexTerm> 		<FlexTerm> 			<FlexTermName>DerivedSubject</FlexTermName> 			<FlexTermValue>POLITCS AND GOVERNMENT 1837-1901</FlexTermValue> 		</FlexTerm> 	</Terms> 	 	<FullText>THE HOUSE OF HESSE. N evil destiny has, now for a lone time, brooded over the line of |--Hese. Neither half of it finds favour with the world, nor oceeds in conciliating the goodwill of its subjects. The (rand ucal branch, which comprehends Darmstadt and Homburg, has not, deed, incurredl quite so much odium as the Electoral one, but few *ng houses are more unpopular than that of the Graid Duke of rShadt; and the standing scandal of the gaming-ta-bles of 1tOInbI)r15 uces the sovereign of that little territory to a not very exaltetd tion in the European dekni-monwde. The Electoral brnch made itself notorious, Jast century, by traflickin the blood of its subjects, selling them to the English Governe~t wbich used Hessian blood and nmitscle with considerable e Oect. e Napxleor;- wairs swept away the little court, anid sent the Elector dhis fimily into exile. Like other and greater rulers they learned e by their adversity, and William 1., on hi.i returi, wUs w$ h-going in his re-action as the King of Sar(dinia hiniself; who, fling for a pre-revolittionary number of the aliuanack called the lltarde reconstituted his whole court according to that timeUred modeL So too ini little Cawssl all old things came back, excepting the pigatail, that sacred symbol. of retrograde politias, e in the north and in the south, whether it aJq&amp;apos;@ars as the Coda y or as the Z67)f of Germany. riou follies diversified the later years of the pince whom the tof Lieration had restored to the affection of hix suljects, but his uersO&amp;quot; Cam was to augment his enornows private lortune. lie -lm 1821, and his son, the Elector William II., reigned in his There Ws some tlk of reforms, but they did not come to bad the unpopulariy of the palace was increasd by the flagrant immorality of the life of the Elector, who, deserting his wi a Prussian pricess, lived with a mistres, whom he ried to the rank of Countess of Lwoniti4 and loaded with gpt, n.^.4&amp;apos;h e if scandal speaks true, well understood how to increase by all the. &amp;apos;IS which are familiar to the favourites of powerful and unmcrupulow men. The population took part with the injured Electrm, and the course of government was further perplexed by this additional caus of dissension. In September 1830 a revolution took place which ended by the grant of a Constitution, by the retirement of the Elector William II. from the capital, and by the assumption of the Regency by his so. In the end of the year 1831, another attempted disturbance connected with the private life of the Regent, which was not much more decorous than that of his pre~decesr, was put down by force, and after a stormy interval, the too celebrated Hassenpflug, a mian whom character rendered him a very proper instrument in the bands of the rulers of Cassel, became prime minister. His first period of power continued to 1837, when he was set aside, but no material alterations were made in the system of government. In 1847 William II. died, and his son reigned on in his own right as the Elector, Frederick William. It was intended to utilize the change of his title for the p)urlose of introducing some alterations in the government, which the population by no means considered as reforms; but the storm of 1848 broke over Germany before they were fully carried into effect, and concession once more became the order of the dav. By 18;50 the tide had turned. The Hesians were put down by au invasion of the victorious reactionists, who had become allpowerful at Frankfort, and Prussia failed, as usual, in the hour of need the patty which had trusted to her for assistance or protection. Up to this date the country has itot recovered from the exactions of the &amp;quot; friendly &amp;quot; force which entered it in the interests of order. Hassenpflutg was now once more the ruling spirit of the Elector&amp;apos;s councils, and continued in that position for some years. e fe one mor i 18a55; but in 1860, when reaction had ceased in nost other placs a new Constitution less liberal than that of 1831 was imposed upon the prostrate Electorate. From that time to this, there has been a long struggle between the governors and the governed, the former insisting on the new Constitution, the latter adopting as their watchword &amp;quot;the Constitution of 1831 and the electoral law of 1849.&amp;quot; There have been repeated dissolutions. By the last of them the Elector somewhat increased his party; that is to say, having had two adherents in the old Chamber, he contrived to bave three in the new. At last, some six weeks ago, he issued a l)roclamation, by which he refused the right of voting to all who did not swear to the new Constittition. This has brought on the dead-lock which we nowsee-has inspired the contradlictory wills of the Bund with a desire for joint action, and has led to the inission of General Willisen, on the part of the King of Prussia. The insult otfired to that officer by the Elector has causZel the recal of the Prussian Minister, so that the ruler of Casmel has three very pretty (juarrels on his haiids,-the first with his people, the sccondl with the Buntd, a.nd the third witli Prussia. The Elector is not original iii the course which lie is lll11llilg. It is, vatta6t8 mutandts, a repetition of thle Coln(luct of the Duke of Brunswvick thirty years ago. However it eiids, whether by the exlpulsio:L of the offtding Sovereign, or by his retiirit to reason, the unlfortun*te lyeolle of Ilesse CMssel vil, we thilnk, ultimately profit by the l)resent crisis. Wvhat has ocCtirre(l i, lwerhaps, most interestin,, in its beatingoil lolarger (juetstiolns-on the internal politics of Prusl~i;.sia, on the relatioiils of that kingdoiti with Au.stria, and o thle I)ositioll of tlhe smaller prinices of (Gernllmny. With regard to the first of thieS(, there w&amp;amp;I.S eertailily so1me huinoolir in the remark which1 is attrilbted tA) the Elector thlat tilt Kimg of Prussia, who wam So .sca(lalize(l by the Hessiani c(Ylqp) (ie&amp;apos;tt of lh.t April, might have to emiIl.loy the samlle sharlp remedy hiihnself WVe may hope that the action which lie hats beei coilplled to take in this crisis will make evell So illogical a piersoiage&amp;apos; as tlhe King of I&amp;apos;its&amp;apos;sia thiltik twice efr,re hie oversteps thle liiiits; (if the Constitutio&amp;apos;n. 1n1deed, by the last ilews frolliI Berlinl, it would see l that he i llhearkeiiing to wimer C01IISlS thalll thtise. Whwi lc d ](. to thle r.ecenlt di.ssolutioll. Thle speech at thle comi-meniceciitit ot the s..s;si&amp;apos;iI was reasona;blby io(derate, and lie has beell. holdimig famifiar winll&amp;apos; With at leart one well-known Liberal, holt fr.ollm an (lectionll whjich lie liht&amp;apos; successfully asserted pril&amp;apos;ciple&amp;apos;s vhliChlj ar e not tf t aVcelte.l by the I lI0helenl rs iMind. The good midier-tantding hCtweeij Austiia and l rlLsmiiz iii the divertis8e&amp;apos;,nut of IHesse may he onily illuisory. The two powers may plirj)ose &amp;quot; to alet t(gether with their accustomed loyalty,&amp;quot; or, in other word.4s, thley mllay inteld to lhianjir each other&amp;apos;s action by every device in their Ip)wer. If; however, they (lo rally mu-imel to go to work in g(%)d tiit l, what is tlhe ilotive Is it nierely thle natural (lesire of neighbours to abate a iUisanlef&amp;apos;, or is there soel .ecret understanding thiat IPrussia, ill rettirnl, for imtantllce IlnoW, shall supolrt Ansti ia on, the occulrrlen (o ertaili evelvts in Italy C TIhis last exjilanatioi smsu to conmlilend itself to the minds of sonie writers, but we mstust decline, till we hear further evidence, to believe that Prumia will tie herwdf by stipulations which may drag her into a great war, for the ake of Austrian co-operatiou, in so insignificant a 8cuffle. Intervention Q IAem could only be an important step on the part of Prussia if she intervened in the name of the Liberal party, and there is nothing, it would appesr, much further from Count Bernstorffs intention. That, indeed, might be a very grave enterprise, opening another phase in the German question, and precipitating events which are not improbably reserved for the gazette of our grandchildren; but in the meantime nothing is more amusing than the way in which everybody takes it for granted that Prussia will write reams of diplomatic notes, and allow the time for action to go by. The folly of the Elector is perhaps most worthy of serious consideration, in so far as it affects the interests of the minor princes of Germany. Rightly or wrongly these potentates are not at present in favour with those whose fathers obeyed their fathers with a tolerably good grace. The King of Hanover is twice as unpopular as the deeply-Imted Duke of Cumberland himself. The sire was brutal and absolute, but he kept his word. The son is quite as absolutist, say his faithful Hanoverians, and they have not the slightest confidence in his promiss Mecklenburg grumbles under the yoke of institutions resembling, in some respects, those of Prussia before the reforms of Stein,-reforins which, although they are now fifty years old, did not take place an hour too soon. In Nassau there is an editor, who having made use of some expressions which were considered irreligious, was brought up for judgment in irons, and condemned to imprisonment. Almost everywhere there is dissattisfactiom, and a longing for change. The question as to the respective merits of a great centralized Germany and a Confederation of States, is sufficiently grave in itself to make it highly undesirable that it should be complicated by a series of petty quarrels. The proceedings of the Elector of Hesse Caussel are annoying enough to us who look on as mere spectators, but what must they be to sensible German Conservatives, who miust feel that nothing could better meet the views of those who wish to mediatize all the smaller princes, than conduct which throws discredit upon them, and weakens the hands of those who defend their cause ? Already we believe that some of those foreign friends who have most right to speak words of advice to the Royal House of England, have pointed out the inexpediency of allying itself too closely with princes whose independent character is so likely to be compromised by the cow-se of events in Germlany. It is very doubtful whether any amount of merit upon the part of the minor -overeigns will assure their thrones for many years to come; but if they are to remain, it must be by following the methods of government which are in vogue in Weimar and in Oldenburgr, and not by those which are approved by the wise man of Wilhelmshdhe.</FullText> </Record>