<?xml version="1.0" encoding="UTF-8"?>
<Record> 	<Version>Record_v1.0.xsd</Version> 	<RecordID>4360115</RecordID> 	<DateTimeStamp>20180928135447</DateTimeStamp> 	<ActionCode>change</ActionCode> 	<RecordTitle>SCOTLAND UNDER HER EARLY KINGS.</RecordTitle> 	<Publication> 		<PublicationID>2984</PublicationID> 		<Title>The London review of politics, society, literature, art, and science</Title> 		<Qualifier>London</Qualifier> 	</Publication> 	<Publisher>William Little; Isaac Seaman</Publisher> 	<Volume>6</Volume> 	<Issue>133</Issue> 	<AlphaPubDate>Jan 17, 1863</AlphaPubDate> 	<NumericPubDate>18630117</NumericPubDate> 	<SourceType>Historical Periodicals</SourceType> 	<ObjectType>Review</ObjectType> 	<Contributor> 		<ContribRole>Editor</ContribRole> 		<LastName>Mackay</LastName> 		<FirstName>Charles</FirstName> 		<PersonName>Charles Mackay</PersonName> 		<OriginalForm>Mackay, Charles, 1814-1889</OriginalForm> 	</Contributor> 	<LanguageCode>ENG</LanguageCode> 	<ISSN>2043-4162</ISSN> 	<StartPage>73</StartPage> 	<EndPage>74</EndPage> 	<Pagination>73-74</Pagination> 	<URLDocView>http://search.proquest.com/docview/4360115/</URLDocView> 	<Products> 		<Product> 			<ProductID>1007574</ProductID> 			<HasFullText>true</HasFullText> 		</Product> 		<Product> 			<ProductID>1009130</ProductID> 			<HasFullText>true</HasFullText> 		</Product> 		<Product> 			<ProductID>10000001</ProductID> 			<HasFullText>true</HasFullText> 		</Product> 		<Product> 			<ProductID>10000297</ProductID> 			<HasFullText>true</HasFullText> 		</Product> 	</Products> 	<Terms> 		<FlexTerm> 			<FlexTermName>DerivedSubject</FlexTermName> 			<FlexTermValue>ENGLISH LITERATURE - History and Criticism - 19th Century</FlexTermValue> 		</FlexTerm> 		<FlexTerm> 			<FlexTermName>DerivedSubject</FlexTermName> 			<FlexTermValue>POLITCS AND GOVERNMENT 1837-1901</FlexTermValue> 		</FlexTerm> 	</Terms> 	<FullText>SCOTLAND UNDER HER EARLY KINGS.* MR. TYTLER begins his History of Scotland with the reign of Alexander III., giving as his reason for this his conviction, that only after the date of that prince does the history of Scotland become interesting or instructive. He might have added, that only after the same date does the history of Scotland become authentic. Undoubtedly, as its authenticity grows beyond the possibility of dispute, its power to command interest and impart instruction increases in proportion. Than the war of independence, no nobler war was ever waged for freedom; in the memorable words of the Scots&amp;apos; Parliament to the Pope, &amp;quot; Not for glory, riches, or honours, did we fight, but for liberty alone, which no good man abandons but with his life.&amp;quot; Than the subsequent troubles of Scotlandmore especially her ecclesiastical difficulties-few more useful subjects of study could engage the attention of the statesman. But before the war of independence all is vague and doubtful, and most is ignoble. Milton has recorded his opinion that the transactions and battles of the Heptarchy are not more deserving of a particular record than the quarrels of tribes of crows. The observation applies with tenfold force to the transactions aln battles of obscure northern magnates, of whom we cannot certainly say that they ever existed. The historical part of Mr. Robertson&amp;apos;s work begins about the year 842, and ends about 1280 ; that is, it ends precisely where the interest of Scotch history begins. We cannot but think this a sad waste of labour-the more to be regretted because the labour has evidently been honest and arduous. Not even the most enthusiastic Scotchman, we should imagine, could patiently struggle through page after page in the following style: &amp;quot; Boedhe, the death of whose son has been already noticed, left a daughter, Gruoch, who by her marriage with Gilcomgain, the son of Malbride Macltory, carried the claims of the line of Duff, after the death of her brother, into the family of the Moray Mormaors. Finlay MacRory, the antagonist of Sigurd Lodverson, lost his life in a feud with his nephews Malcolm and Gilcomgain, to the former of whom the earldom reverted according to the Gaelic rule of succession, until his death in 1029, when it fell into the possession of his youngw brother Giloomgain. Three years later the Mormaor was surprised and burnt in his Rath or fortres, with fifty of his immediate foEbweg, leaving an infant son, Lulach, who, after the death of Boedhe&amp;apos;s on in the following year, became the solo remaining representative of the * &amp;amp;.otAd under her Emry Kings: a EHitor of th.Kingdfx to th( *lz of X Thirtheth Century. By B. Wilim Robertson. III &amp;quot; olU. BdiMburgh: oa. St= DOOuS. &amp;amp;m. line of Kenneth Macduff. Gruoch, the widow of Gilcomgain, was married eventually to Macbeth Mac Finlay, who had succeeded her late husband and his own cousin in the Mormaorshlip of Moray, when, as the husband of Gruoch and the guiardian of the infant Lulach, MNacbeth became the representative during the minority of the latter of his claiins upon the crown of Scotland. &amp;quot; Bethoc, or Beatrice, the eldest of the late king&amp;apos;s daughters, carried her claims to the race of Atholl by her marriage with Crinan, Abbot of Dunkeld, who was also the headl of the Atholl family. Their soil was Duncan, the heir and successor of his grandfather, who before his accession to the throne of Scotland, had been placed by Malcolm over the dependent province of Strath Clyde.&amp;apos; One namlle alone here interests us. But few readers will -reatly care to learn that the strife between the Thane and the Killg, was really a striirtle between rival dynasties ; that the latter, when lie met his death, was not &amp;quot; the uleek and hoary Duncan,&amp;quot; but a 1 prince yet in the morning of life and that the fortunate competitor for the crown was- a great and good kilmr, whose iuenilory waslong celebrated in tradLition as that of one w~ose rei_,n was a happy time of prosperity and peace. Those, however, who are unwihliw. to glive up their early prepossessions may rest undisturbed for the fact is, that this whitewashed character of IMaebeth is hardtl more authentic than that which Shakspeare gthfliered froml th&amp;apos;e pages of Holinshied. WVinton, indeed, can be qlUote l coi 111s behalf c&amp;quot; All his time was great plenty, Abounding both on land and sea; He was in justice right lawful, And til his lie-es all, awful.&amp;quot; Mlost of the old chronicles agree in his praise. But, after all, the matter is mainly one of tradition. ANow the great fault of MIr. Robertson&amp;apos;s book is, that throughout he deals with tradition as if he was narrating undoubted history. He uakes no attempt to reconstruct, like Niebuhr; still less does lie give us the myths themselves for what they are worth, like Grote ; but lie sets forth the most remote and fabulous le( gends as gravely and prosaically as the best-known facts ill history. It is this which makes a great part of his book wearisome on the one hand and valueless on the other. We have neither stories to amuse nor informationwhich might enrich our minds. The truth is, that Mr. Robertson wants the historical faculty. To narrate everything which any authority, good or bad, sets down as an event which once occurred, is not to write history. Yet this is precisely what Mir. Robertson has done. Of discriinination he is utterly destitute. He seems to think that all authorities are equallly reliable, and that all recorded events are equally true. His style of reasoning often reminds us, not to be irreverent, of Mir. Justice Stareleigh: &amp;quot;How could I have it in my notes, sir, if you hadn&amp;apos;t said so ?&amp;quot; The result of this style of writing, we fear, must be that at least one of Mr. Robertson&amp;apos;s volumes will be read by very few, and will be remembered by none. Of the early kingrs of Scotland we really learn quite enough, and that in the most appropriate way, in the &amp;quot;Tales of a Grandfather,&amp;quot; with, perhaps, one exception. No one can hold it doubtful that Kimg David I. was a great and benevolent prince. His title to famne is established by evidence far beyond tradition. He enriched the Church; lie regulated the baronage; he called the burghs into existence. It is not too much to say that he created Southern Scotland. He was the Justinian of Scotland in a far higher sense than Edward I. was the Justinian of England; for he was not only the founder of law, he modelled institutions and framed the structure of society. It was long before reformers, clamorous against wrong, ceased to invoke the laws of the good King David, or legislators eagrer to recommend their measures forgot to claim for them the sanction of that high authority. Far beyond any in the list of Scottish kings, he possessed that surest mark of greatness-the power of leaving the impress of his character on the ages which have succeeded him. He has been compared by Scottish writers to Charlemagne and Alfred, and he was inferior to them in this only, that they were fortunate in a wider field. He was their equal in power and breadth of view; while the following traits, preserved by his friend and biographer Alred, remind us of St. Louis himself, as sketched by the pen of Joinville. &amp;quot;I have seen him,&amp;quot; says the abbot, &amp;quot; with his foot in the stimrp, going to hunt, at the prayer of a poor petitioner leave his horse, return into the ball, give up his purpose for the day, and kindly and patiently hear the cause. He often used to sit at the door of the palace, hear the causes of the poor and old, who were warned upon certain days as he came into each district.&amp;quot; But to this theme Mr. Robertson is unequal. He is too diffuse, too deficient in imagination, and too abounding in learning to bring before us a simple and life-like picture of the great Scottish prince. A far more vivid, and, though a shorter, yet a more complete portraiture, is given by Mr. Cosmo Innes in his volume called &amp;quot; Scotland in the Middle Aces.&amp;quot; Mr. Innes is not an especially lively or picturesque writer, but he is a Froissart compared with Mr. Robertson. The greater part of Mr. Robertson&amp;apos;s second volume consists of appendices-- all of them the result of great research, some of them conveying information of considerable value. In his preface he apologizes for the number of them, but the apology was unnecessary. They treat of matters far more important than the exploits of apocryphal kings, and are worth all the rest of the book put together. The dissertations on the &amp;quot;Celt and the Tenton,&amp;quot; on &amp;quot;Tenures,&amp;quot; and on &amp;quot; the Kin,&amp;quot; will repay careful study. Yet here, too we find the same fault which marred the purely historical part of VIr. Robertson&amp;apos;s work. There is no discrimination. Matters with regard to which certain information is unattainable are exI I I I I I I I I I i 1 1 1 plained with the sa-me diecision as matters which conic before us in the full light of historical knowledge. We have no discussion from &amp;apos;Mr. Robertson. lie does not argue out, his theories ; he merely asserts that so and so was the case ; and he (does this e(&amp;apos;(jilaly -is to iiiatters with which we are familiar and as to matters which we know nothingr tt all albout. His sun shines alike on the true and the untrue. He will tell us the nature of the office of the (ten-Cinnieth and the Toshaeh as unhesitatingly as if lhe was telling us the natuire of the modern sheriff. This ftault is oue which detracts fromi the value of historical disquisition not less seriously than from the value of historical narrative. (reat latbour ilevldves upon the rnader who has to separate the tares and tile wheat thus (rrowin- up together. And with retard to matters so ol)bsctuir&amp;apos;e as those with which Mr. Robertson&amp;apos;s Appendices are concermi l, no labour will enable ordinary readers to eflect this separation. lheu must b)e content to rely on the author, who thus gives them sto nes tor bread. Iin filet, Mr. Robertson&amp;apos;s learntincg is too nmutch for hinin- it overpowers him ,as the armour of Saul did the stripling David ; he cannot wwild it. He puts it all forth with a profuseness which suggests the i(lea that its acquisition has been the result of imtediate &amp;quot; cram.&amp;quot; Long famnliliarity with his subljects has not tauiltht hib the lmlost important of all lessons-what to keep back. What a contrast between his elaborate knowledge and basty conclusions, and the cautious discussions and di(nified reticence of a writer like Hallam ! And when we find anmong these conclusio ns assertions so startling as that free socage was not a Saxon tenure, and that &amp;apos;William the Conqueror did not introduce any new -systeili of tenures into England, we cannot resist a fear that the haste with which they have been arrived at has been more remnarkable than the carefilness of the investigations on which they wore b:sed. &amp;apos;Worse than all this, Mr. Robertson seems to us to hiave neglected reliable sources of knowledge in his zeal for fanciful research. Not only does he appear to want that historical insight which distin(gishes, as if instinctively, between truth and falsehood, but lie seenl.3 possessed of an unhappy preference for the false. &amp;apos;Wre strongly suspect that the origin of civil institutionls, even in Scotland, is attributable to the influence of Rome and.tt we are q-uite sure that the best authorities for the early history of Scotland aire the Lives of the Saints. In MIr. Robertson&amp;apos;s book we halve nothing at all about Rome, anti not nearly enough abouit the early Scotch Church as illustrative of Scotch history. Reeves&amp;apos;s &amp;quot;i 1istory of St. Columba,&amp;quot; though professedly an ecclesiastical work, throws far more light on secular affairs. We have already said that Mr. Robertson&amp;apos;s work must have been arduous ; had it been more discriminating, it might have been ait once less arduous and more useful. As it is, we doubt not that his book will be often consulted by th se who read in order to write, but we fear it will never be a favourite with those who reati for the sake of reading only.</FullText> </Record>