<?xml version="1.0" encoding="UTF-8"?>
<Record> 	<Version>Record_v1.0.xsd</Version> 	<RecordID>4361069</RecordID> 	<DateTimeStamp>20180928135501</DateTimeStamp> 	<ActionCode>change</ActionCode> 	<RecordTitle>DEVONSHIRE CREAM.</RecordTitle> 	<Publication> 		<PublicationID>2984</PublicationID> 		<Title>The London review of politics, society, literature, art, and science</Title> 		<Qualifier>London</Qualifier> 	</Publication> 	<Publisher>William Little; Isaac Seaman</Publisher> 	<Volume>6</Volume> 	<Issue>132</Issue> 	<AlphaPubDate>Jan 10, 1863</AlphaPubDate> 	<NumericPubDate>18630110</NumericPubDate> 	<SourceType>Historical Periodicals</SourceType> 	<ObjectType>Feature</ObjectType> 	<ObjectType>Article</ObjectType> 	<Contributor> 		<ContribRole>Editor</ContribRole> 		<LastName>Mackay</LastName> 		<FirstName>Charles</FirstName> 		<PersonName>Charles Mackay</PersonName> 		<OriginalForm>Mackay, Charles, 1814-1889</OriginalForm> 	</Contributor> 	<LanguageCode>ENG</LanguageCode> 	<ISSN>2043-4162</ISSN> 	<StartPage>27</StartPage> 	<EndPage>28</EndPage> 	<Pagination>27-28</Pagination> 	<URLDocView>http://search.proquest.com/docview/4361069/</URLDocView> 	<Products> 		<Product> 			<ProductID>1007574</ProductID> 			<HasFullText>true</HasFullText> 		</Product> 		<Product> 			<ProductID>1009130</ProductID> 			<HasFullText>true</HasFullText> 		</Product> 		<Product> 			<ProductID>10000001</ProductID> 			<HasFullText>true</HasFullText> 		</Product> 		<Product> 			<ProductID>10000297</ProductID> 			<HasFullText>true</HasFullText> 		</Product> 	</Products> 	<Terms> 		<FlexTerm> 			<FlexTermName>DerivedSubject</FlexTermName> 			<FlexTermValue>ENGLISH LITERATURE - History and Criticism - 19th Century</FlexTermValue> 		</FlexTerm> 		<FlexTerm> 			<FlexTermName>DerivedSubject</FlexTermName> 			<FlexTermValue>POLITCS AND GOVERNMENT 1837-1901</FlexTermValue> 		</FlexTerm> 	</Terms> 	 	<FullText>DEVONSHIRE CREAM. A S we are told with such pertinacity of repetition that a Conservative reaction has set in, it is not unnatural that we should be somewhat curious to know what the said &amp;quot; reaction&amp;quot; is about, and what it proposes to do with us. We have examined therefore, with much interest, the records of a banquet at which was gathered together the cremez de la criep of Devonshire Toryism. Three wise men of the W est, Northcote, Palk, and Kekewiclh, on that occasion revealed as much as they thought fit of the mysteries with which the future is big. We had always understood that the peculiar characteristic of the Conservative reaction was the singular harmony and unanimity of its opinions. In this respect no doubt Conservatism has some advantage over Liberalism. It is not very difficult for any number of people to agree to do nothing, and a party prudent in negation ought, to find no embarrassments in its nonentity. The real difficulties arise when it is necessary or desirable to do something, for then it is by no means equally easy to secure the concurrence of many minds. We are therefore surprised to find that the Devonshire pundits seemed so little in one story. Of course, they all agreed as to the magnitude, virtue, grandeur of the great Conservative party, and the terrible reality of the Conservative reaction. But what the great Conservative party was going to do, or when the great Conservative reaction was about to act, was a point which did not seem by any means settled. Nothing is more amusing than the diverse views of their situation taken by the different speakers, according to their various temperaments. They all agree that the Conservative l)arty is the greatest, the wisest, and the best party that ever existed. MWy then are the wise and good not directing the destinies of the nation? This is a troublesome and impertinent question which will intrude itself upon inquiring minds even in thie remotest Vorner3 of Devonshire. Now each of our three political luminaries has a separate and completely satisfactory theory on this subject, none of which three theories, however, by the way, square one with the other. Sir L Palk, who seems to be a specimen of the real old crusted Tory bin, is compelled very much against the grain to admit the melancholy fact, but growls at it in the real old fashion. The great Conservative party, quoth Sir Lawrence, &amp;quot; permitted a Government wvithout A majority in the House of Commons, and without the confidence of the country at large, to meddle with the finances of the country and to pass laws of questionable utility.&amp;quot; But why, we should like to know, does the great Conservative party so far neglect its duty as to permit the Liberal Government to do anything so highly improper ? The Palkian theory of this strange anomaly is at once amusing and instructive. I-le says, &amp;quot;1 They did this because they felt that the time had not come when the Conservative party could rise from that mass of obloquy which had been showered upon it by a venal press-a press supported by the Government which they wrote into power.&amp;quot; What, the great Conservative reaction unable vet to rise from obloquy ? Heartbreaking reflection ! And then the cause too. A venal press has clone it all! We cannot help thinking Sir Lawrence is a little hard upon the virtuous section of the press which devotes its disinterested services to the Conservative reaction. How comes it that the noble Conservative press has not been able to raise the great Conservative party from the obloquy which has been showered upon it by the venality of the Liberal press ? How is it that the gratuitous and brilliant efforts of Tory journalism have not yet written Sir Lawrence and his friends into power ? Kekewiclh of the euphonious name - we wonder whether he is on sufficiently good terms with his Lord Lieutenant to obtain leave to chance it - regards this gloomy topic from an easier point of view. His prospects of the future are not sanguine, it is true. &amp;quot;He had last year said, it was then impossible to fight a battle. Perhaps the next session might be the same. He thought there were many reasons to prevent its being a stormy session. He did not say there would not be some smashing and perhaps some growling.&amp;quot; Could lhe possibly be referring to Sir L. Palk? &amp;quot; Very likely there might be, and there might be some skirmishing.&amp;quot; Nevertheless Kekewichl thinks it will all come to nothing. His reasons are somewhat different from the Palkian hypothesis. He does not say anything about a venal press; hut be thinks the Queen ought not to be disturbed, the Prince of Wales is going to be married, and he ought to have at least a year&amp;apos;s honeymoon; then the state of things in America makes it undesirable to disturb the Government, especially as Mr. Kekewich agrees that Lord Palmerston has done quite right not to interfere-wherein he seems widely to differ from the sagacious Pakington-and, lastly, the distress in Lancashire makes it expedient that the advent of the Conservative reaction should be postponed for another twelvemonth at least. Though why, from the Kekewiclhian point of view, should the inauguration of the great Conservative party in power aggravate the sorrows of the Queen, cloud the honeymoon of the Prince of Wales, entangle our relations with America, and add a pang to the Lancashire cotton famine - We should have thought that, &amp;quot;Disraeli duce et autpioe Disraeli,&amp;quot; the wilderness would bave blossomed like the row, and under the influence of a triumphant Conservative partr every heart would have been filled with joy and every tongue with praise. Next came the arithmetical and flaxen head of Northoote. Heis not altogether disposed so patientlyasKekewich to pOs poine the period at wlhic Northcote sball walk acro the floor of the House of Commons, and take his seat on the right instead of the left hand of the Speaker&amp;apos;s chair. His theory is that the great Conservative party are not in power because they get their work done for them by other peoplo. He is too cautious to admit that Palmerston is as ,ood a Conservative as Northeote, lest the clotted Devonshire cream should &amp;amp;ay, &amp;quot; Well then, had you not better leave hini alwne?&amp;quot; This would never do, so Sir Stafford gently intimates that, though the cat&amp;apos;s paw man- be a convenient test, yet, after all, the monkey is really the superior animal, and that it Would be better if he were allowed to pull out his own chestnuts. The Northcotian doctrine is not that the great Conservative party is unable to rise above the obloquy of a vernal press, but on the contrary, that it has for thle lst twenty years accm plished ever^ything good and great that has lhappened. Now Sir Stafford has written a book, and a very good book. on the yearlyfinancial historyof the country. He has drawn a picture of a national pros)erity increasiim, in a ratio )erfectly miraculous. But has the author fauiled to renmark- that the growth of the financial prosperity of England is ineither more nor less than a continuous march of Liberal triumphs and Conservative defeats? The policy of free-trade was inaugurated by the man whom the great Conservative party designated as Iscariot and the political organization, of which Lord Derbv and Mr. Disraeli are the chief, was formed on the basis of opposition to the measure which it is now admitted has been the salvation of the country. The great Conservative party, which overthrewv Sir Robert Peel, was formed for the express purpose of resistin, the repeal of the corn laws. In this object they were happily defeated. They resisted the repeai of the navigation laws-again they were defeated. They resisted the equalization of the sngar duties, but always with the same success. They fonglgt in vain against the succession duty with the same result. They proposed financial schemes of their own which wvere contemptuously neglected. Their last campaign was against the commercial treaty with France, and they were happily worsted in their opposition to a measure which has given us the only profitable compensation for the diminution of our American trade. Such have been the feats and such the glorv of the great Conservative party. Ve observe that in his enumeration of Conservative triumphs, Sir Stafford Northeote carefully avoids all allusion to the most striking incident of last session, in which his party did make a desperate and futile attempt to supplant the ministers whom he boasts that they control. It was thought more discreet to keep out of the view of the Devonshire squires the celebrated speech of Mr. Disraeli on &amp;quot;bloated armaments,&amp;apos; and the indictment from which Air. Walpole ran away. On the whole we are disposed to believe in the Kekewichian prophecy: &amp;apos;- there will be some smashing and perhap3 some growling ;&amp;quot; there may be some skirmishing, but the great Conservative party, however big they may talk, don&amp;apos;t mean fighting. They know that the country does not trust the men whom they would have to Iplace at the head of affairs, and what is still more to the purpose, do not trust them themselves. The great Conservative party are shrewd enough to suspect that it is a safer occupation to talk nonsense in Devonshire than to get into scrapes in Downing Street.</FullText> </Record>