<?xml version="1.0" encoding="UTF-8"?>
<Record> 	<Version>Record_v1.0.xsd</Version> 	<RecordID>4364915</RecordID> 	<DateTimeStamp>20180928135447</DateTimeStamp> 	<ActionCode>change</ActionCode> 	<RecordTitle>MR. GLADSTONE AND THE INSURANCE OFFICES</RecordTitle> 	<Publication> 		<PublicationID>2984</PublicationID> 		<Title>The London review of politics, society, literature, art, and science</Title> 		<Qualifier>London</Qualifier> 	</Publication> 	<Publisher>William Little; Isaac Seaman</Publisher> 	<Volume>8</Volume> 	<Issue>193</Issue> 	<AlphaPubDate>Mar 12, 1864</AlphaPubDate> 	<NumericPubDate>18640312</NumericPubDate> 	<SourceType>Historical Periodicals</SourceType> 	<ObjectType>Feature</ObjectType> 	<ObjectType>Article</ObjectType> 	<Contributor> 		<ContribRole>Editor</ContribRole> 		<LastName>Mackay</LastName> 		<FirstName>Charles</FirstName> 		<PersonName>Charles Mackay</PersonName> 		<OriginalForm>Mackay, Charles, 1814-1889</OriginalForm> 	</Contributor> 	<LanguageCode>ENG</LanguageCode> 	<ISSN>2043-4162</ISSN> 	<StartPage>272</StartPage> 	<EndPage>273</EndPage> 	<Pagination>272-273</Pagination> 	<URLDocView>http://search.proquest.com/docview/4364915/</URLDocView> 	<Products> 		<Product> 			<ProductID>1007574</ProductID> 			<HasFullText>true</HasFullText> 		</Product> 		<Product> 			<ProductID>1009130</ProductID> 			<HasFullText>true</HasFullText> 		</Product> 		<Product> 			<ProductID>10000001</ProductID> 			<HasFullText>true</HasFullText> 		</Product> 		<Product> 			<ProductID>10000297</ProductID> 			<HasFullText>true</HasFullText> 		</Product> 	</Products> 	<Terms> 		<FlexTerm> 			<FlexTermName>DerivedSubject</FlexTermName> 			<FlexTermValue>ENGLISH LITERATURE - History and Criticism - 19th Century</FlexTermValue> 		</FlexTerm> 		<FlexTerm> 			<FlexTermName>DerivedSubject</FlexTermName> 			<FlexTermValue>POLITCS AND GOVERNMENT 1837-1901</FlexTermValue> 		</FlexTerm> 	</Terms> 	 	<FullText>MR. GLADSTONE AND THE INSURANCE OFFICES WIIEN, on the 11th of February, the Government Annuities Bill was introduced into the House of Commons, the imnagination of man could not conceive that in that modest little measure, entitling the Government to grant insurances for sums not exceeding, ?100, lay a force that was to explode in the tremendous broadside which astonished the House on Monday last. Awkward disclosures had, indeed, from time to time, mad ^ it known that agents were at work in the manipulation of ins jrance offices, which contemplated any interests but tho e of the policy holders; and we were by similar means informed thlat there was something rotten in the state of too many friendlv societies-sometimes traceable to mismanagement, sometimes to fraud. We ourselves had endeavoured to open the eves of the world to that particular form of chicanery which is known under the name of amalgamation, and in some articles we devoted to the subject several months ago, we showed liow, when two or three &amp;quot;promoters&amp;quot; are gathered together, the Gushing Benevolence Office merges into the Friend of Atan Society, for no other object than to enable the latter to keep) its head some few years longer above water, and to enrich the promoters with a very handsome share of the spoil. But it was reserved for Mr. Gladstone&amp;apos;s master-hand to present upon one canvas a picture of the insecurity of a system which has won the confidence of immense number of the community, which is yearly enlarging the operations of established offices and calling new ones into existence, with, the certainty that at least very many of these institutions will come to an end in the Court of Chancery. Whliat a storyistold in tfle brief statement, that between 1844 and 1862t, inclusive ,6 c&amp;quot;)oupanies ihave boen p)rojeeted1, 276 founded, 2}` ceased to ex-ist. 12 amnalglamanated while 161 have transterred their businjeS4 and ,7 been woundl up in Chancery! What a story of atused con fidlencef plundlerz]ed savtingstot nupo v erishedl old age, liWs beneath these ti-nres! What are we to think of the honesty of those interneditiate agrnts who go between two offices, saving,&amp;quot; Oh you bad Lletter ainalgamaite,&amp;quot; when wve find tle (&amp;apos;l1ancellor of the E&amp;apos;xclt (pier speak,-ing of inany of these analganimatio-ns as worse than wholesale r)bl)berv, and of the men whio transact them as more fitted to stand ill the inside of a dock or in gaol than the rogue who. porhapR, has been a dozen tines convictei. Nor is thiis language injust or exaggrerated. Men intimate with the working of the ins-urance systeili know that the &amp;quot;intermediate agecnts&amp;quot; buy shares in offices for the express purpose of effecting, their am-alrainatiut i with some other ; potkeiting a hiaudsonme ee, iiot o(&amp;apos; hundreds, but thousanllls otfp4)indlS as the reward of their dishonest serviceis. Amalgamation is the trade on which they fatten, as it is the means b)y which a hope-less office props itself up for a time, but only for a time. It i,4 a common b)elief; encouraged by the touters for insurance offices, that a poli.y is always safe, lecause, if the office tbat grants it fails, another will tak-e it. So it will, and gladly. No office will refuse an accessmon of business, which is an imnmediate accession of wealth. liut read the result in the figures we have quoted : in the 259 offices which have ceased to exist, in the 161 which have transferred their policies. and in the 5;7 which have been wound up in Chancery, a.ll within the space of nineteen years. But when we have gone through Mr. Glaxdstone s lucid exposure of the insurance system, from the large and safe offices to the minor and unsafe: when we have weighed all the arguments with which he supports the Government Annuities Bill, and have admitted that there are evils at work which cannot be allowed to have their fling any longer, we feel that his case agfainst the insurance system is in vast disproportion to the remedy lie proposes. It is certain that some insurance offices are not soumd--are, iu fact, in a state of progress towards dissolution. It is equally certain th-at their policyHolders, whose )remiums maintain them, have no power to control their managremeut, or to resist the nefarious practice of amalgamiation. Neither can it be doubted that the accounts furnished by the societies-and the older offices are exempt from the obligation of publishing any-are a totally inadequate guide as to their soundness or unsoundness. We find, again, with regard to the minor offices, an army of agents employed throughout the country,, who go from house to honse explain ing the benefits of insurance, and the pre-eminent claims of their own office-men selected for their powers of perUonthe who receive for the reward of their labours 25 per cet. on te premiums paid; and we are not surprised, with this indication before us, to learn that, in many cases, the working expenses far exceed the assets of the society, and that the latter are often less than the annual income. The one fact at least partly explains the other. Of course, in the early years of these 1 societies, all is wvell. Insurance business, unlike ordinary business, begins not with outlay but with profits. Te liabilities lie in the fauture; and so far in the future that the premiums are in excess of the death claims for a perod of thirty-seven years. Except in cases of gross mismanagmenet that period mnst elapse before the soundnes3 of the society Ca be tested. Here is a wide field for improvident Magemeat and for swindling amalgamations. For years the man8 ae practically irresponsible. Funds are yearly, quarter8 Orl o weekly flowing in upon them; and if a policy-holder, wno contrived to get a glimpse behind the scenes, is distoe . an them to account, he is told that he has no claim &amp;quot;until he dies -which is true. Then there is the gross injustice, for it 1 nothing less, in some of the societies which address the ?.rkig classes, that disputed claims are to be settled by arbitraetiosIn London, and that policies will be forfeited if the paiet&amp;apos;&amp;apos; are not kept up. We grant the iniquity of these rzles. We caP easily guess the working of the first, when we reflct how impossible and profitless it must be for the widow or O~rpb8Z of a Liverpool artisan to support the expense of a Joue tOe London and the litigation before an arbitrator. We 8ee tag working of the second rule in the fact that in the Friend&amp;quot;&amp;quot;&amp;apos; Need Society out of 86,000 policies made in five YPOt g, lapsed-that is, were forfeited-through an interifsihf01&amp;apos; meats for a few weeks; while in the Royal Liver Sodity 7O,0) lapsed out of 535,000. If, then, we regard the iusiS&amp;quot;e 0Ot&amp;quot;&amp;apos; fiom the highest to the lowest offioes-frof tAdd&amp;apos; lished ones which are not bound to make any pi W&amp;amp; be of their accounts, to those whose statements M Of DO wlhatever; if fromn these we turn to those friendly societies whose rules are so incompatible with justice that men who have subscribed fl f;r ten, twenty, thirty years may lose the Ijeletit of all they have paid by a few weeks&amp;apos; intermission of their payiiicents,- we have before us a general insecurity of the whuole syste, tor which Mr. Gladstone s remedy is utterly inadequate. It oflr SIrelief only to holders of lolicies not exceeding,, ?1uu. All who insure above that anmouut he leaves to the meres of nianagers, touters, and the &amp;quot; intermediate agents &amp;quot; of ainal-.anations. lie has proved too much. His own argument overwhelms him. .But his adni&amp;gt;ssioiis are equally fatal. &amp;quot;I am exceedingly anxiou&amp;lt;&amp;apos; he says, &amp;quot; to have it understood that I am. not maklingc a gene&amp;apos;llral assauilt on friendly societies. Nothing is more satisfactory or niore congenial; nothing more harmonious with the best Engsish ideas than to see men of the labouring class associating together with the view of self-government for the purp ose Of providing against the contingencies of old age and sickness; and on societies of such a sacred character I would not lay a finger.&amp;quot; If this means anything, it means that there are friendly societies which fairly, honestly, and effectively work out their object and confer the benefits they promise. How can we reconcile this with the statement he made towards the close of his speech:-&amp;quot; I am aware of no manner in which the compulsory regulation of these societies can be undertaken by Parliament.&amp;quot; Is it impossible to examine the method on which the societies in which he places confidence conduct their business,and to mnake that method compulsory upon all? Let us consider how deeply theme societies heave left their marli in our so~cial system. They number amongst their members a million and a half of the people, besides several hundred thousands attached to other similar societies. Mr. Gladstone eloquently expresses the good effect they have had in combining the working classes in the noblest duties of citizenship-selfgovernment and mutual belp. le proposes to destroy all this; to break up these great associations, and to teach their members the worst of all lessons-dependence on the Government. But his case strikes at the root of the whole insurance system. From first to last, he tells us, it is bad; not that there are not sound offices in which the middle and higher classes can insure with lperfect confidence, but that this security proceeds from the individual office, and is wholly beyond the supervision and control of the public. Be it so. No doubt it is so. But why display this nonister evil before our eyes without offering us a remedy? Will he pretend that, with respect to amalgamations, it is impossible for the Legislature to defeat the dishonesty of those &amp;quot; intermediate agents,&amp;quot; whose acts, he assures us, far more entitle them to stand in the felon&amp;apos;s dock than many a man who has been a dozen times convicted? If offices which have been established for years are in a state of certain progress to insolvency, will any one who can make out a balance-sheet believe that it is beyond the power of legislative wisdom to applyto them such a test as shall reveal theirposition? Mr. Gladstone cannot have contemplated such a retort upon his arguments. The &amp;quot;s mild measure of gradual operation &amp;quot; which he has considerately prepared, lest a sudden alarm should be spread throughout the members of the friendly societies, has been explained in a speech which has sent alarm into every home which looks to the insurance of its head for support in the hour of bereavement. But Mr. Gladstone, who feels that the Government cannot, with regard to the working clsses, take the Te8Ponsibility of saying, &amp;quot; we will look on but will do nothing,&amp;quot; 8 quite prepared to take that responsibility with regard to all the rest of the community, though nothing can be easier than to compel every insurae-office to provide periodically accounts in such a shape as any experienced actuary-and none can be More competent than the Government actuary, Mr. Finlam5Ofn--could prescribe, with the certainty of disclosing its true position. We do not write in a spirit of hostiity to the Government ill- WVe believe it to be a mistake, and that all the good it PrOpoSes can be better acoomoplished by existning institutions, Without disturbing the moral and xocil advantages they have on0ferred on the working classes, and, through them, on the Stat, and without involving the evil which this bill woud reate, of teaching the people to lok to the Government 1flstead of to themselves for relief in their difficulties. But it 3 a grea~t gain -a gaiuf nestable value-that the pro. )Oal of this measure hm drawn from Mr. Gladtone the earching exposure he has made of the helplessnes of policy Olders, and the frauds and msmanagement of too many &amp;apos;8uran companies. With t}a expowure he cannot AoP hO Ia~e he has Snde ouh r uo hielf It oWs` that e Exlecutive and the Legisltare have a duty to perform UI Which they must not &amp;amp;hrink. The policyholde is power- less to control the funds wvhich have come out of hixg pocket, and to vhich hie looks for paynient of the sumi he has bargained for. le is pQoweless to Iprevent dishonest amnalgamatioIs. They mnust give him power. They are at least bound to exact from insurance companies periodically such an intelligil)le statenient of accounts as will gnide hin to the doors of those offices which are sound, and warn hiim away fiom those which are rotten.</FullText> </Record>