<?xml version="1.0" encoding="UTF-8"?>
<Record> 	<Version>Record_v1.0.xsd</Version> 	<RecordID>4368995</RecordID> 	<DateTimeStamp>20180928135447</DateTimeStamp> 	<ActionCode>change</ActionCode> 	<RecordTitle>Back matter</RecordTitle> 	<Publication> 		<PublicationID>2984</PublicationID> 		<Title>The London review of politics, society, literature, art, and science</Title> 		<Qualifier>London</Qualifier> 	</Publication> 	<Publisher>William Little; Isaac Seaman</Publisher> 	<Volume>9</Volume> 	<Issue>233</Issue> 	<AlphaPubDate>Dec 17, 1864</AlphaPubDate> 	<NumericPubDate>18641217</NumericPubDate> 	<SourceType>Historical Periodicals</SourceType> 	<ObjectType>Back Matter</ObjectType> 	<Contributor> 		<ContribRole>Editor</ContribRole> 		<LastName>Mackay</LastName> 		<FirstName>Charles</FirstName> 		<PersonName>Charles Mackay</PersonName> 		<OriginalForm>Mackay, Charles, 1814-1889</OriginalForm> 	</Contributor> 	<LanguageCode>ENG</LanguageCode> 	<ISSN>2043-4162</ISSN> 	<StartPage>6</StartPage> 	<EndPage>6</EndPage> 	<Pagination>6-6</Pagination> 	<URLDocView>http://search.proquest.com/docview/4368995/</URLDocView> 	<Products> 		<Product> 			<ProductID>1007574</ProductID> 			<HasFullText>true</HasFullText> 		</Product> 		<Product> 			<ProductID>1009130</ProductID> 			<HasFullText>true</HasFullText> 		</Product> 		<Product> 			<ProductID>10000001</ProductID> 			<HasFullText>true</HasFullText> 		</Product> 		<Product> 			<ProductID>10000297</ProductID> 			<HasFullText>true</HasFullText> 		</Product> 	</Products> 	<Terms> 		<FlexTerm> 			<FlexTermName>DerivedSubject</FlexTermName> 			<FlexTermValue>ENGLISH LITERATURE - History and Criticism - 19th Century</FlexTermValue> 		</FlexTerm> 		<FlexTerm> 			<FlexTermName>DerivedSubject</FlexTermName> 			<FlexTermValue>POLITCS AND GOVERNMENT 1837-1901</FlexTermValue> 		</FlexTerm> 	</Terms> 	<FullText>LonDOn: Printed by CHARLES WYMAN. at the Printing Office of Cox &amp;amp; Wvman, 74 &amp;amp; 73, Great Queen-street, Lincoln&amp;apos;s-inn-lields, in the County of Nlidd:c&amp;apos;01, wLd published, for the Proprietors, by Is.Ac SEAMAN, at No. 11, Southanlptou-btrect, Strand, in the same County.-bATURDAY, UE1 CMUME 14, REV..</FullText> </Record>