<?xml version="1.0" encoding="UTF-8"?>
<Record> 	<Version>Record_v1.0.xsd</Version> 	<RecordID>4369998</RecordID> 	<DateTimeStamp>20180928135325</DateTimeStamp> 	<ActionCode>change</ActionCode> 	<RecordTitle>THE CONSITUTION FOR CANADA.</RecordTitle> 	<Publication> 		<PublicationID>2984</PublicationID> 		<Title>The London review of politics, society, literature, art, and science</Title> 		<Qualifier>London</Qualifier> 	</Publication> 	<Publisher>William Little; Isaac Seaman</Publisher> 	<Volume>9</Volume> 	<Issue>230</Issue> 	<AlphaPubDate>Nov 26, 1864</AlphaPubDate> 	<NumericPubDate>18641126</NumericPubDate> 	<SourceType>Historical Periodicals</SourceType> 	<ObjectType>General Information</ObjectType> 	<Contributor> 		<ContribRole>Editor</ContribRole> 		<LastName>Mackay</LastName> 		<FirstName>Charles</FirstName> 		<PersonName>Charles Mackay</PersonName> 		<OriginalForm>Mackay, Charles, 1814-1889</OriginalForm> 	</Contributor> 	<LanguageCode>ENG</LanguageCode> 	<ISSN>2043-4162</ISSN> 	<StartPage>583</StartPage> 	<EndPage>584</EndPage> 	<Pagination>583-584</Pagination> 	<URLDocView>http://search.proquest.com/docview/4369998/</URLDocView> 	<Products> 		<Product> 			<ProductID>1007574</ProductID> 			<HasFullText>true</HasFullText> 		</Product> 		<Product> 			<ProductID>1009130</ProductID> 			<HasFullText>true</HasFullText> 		</Product> 		<Product> 			<ProductID>10000001</ProductID> 			<HasFullText>true</HasFullText> 		</Product> 		<Product> 			<ProductID>10000297</ProductID> 			<HasFullText>true</HasFullText> 		</Product> 	</Products> 	<Terms> 		<FlexTerm> 			<FlexTermName>DerivedSubject</FlexTermName> 			<FlexTermValue>ENGLISH LITERATURE - History and Criticism - 19th Century</FlexTermValue> 		</FlexTerm> 		<FlexTerm> 			<FlexTermName>DerivedSubject</FlexTermName> 			<FlexTermValue>POLITCS AND GOVERNMENT 1837-1901</FlexTermValue> 		</FlexTerm> 	</Terms> 	<FullText>Tite CON--i rrriox FOk Cro x\ IA.- -Thle drafa of the cols itation pro- posed for the Federation of British North America was publishedin Qaebec before the (leparture of the Hibc; ian. It is a lengthy document, and contains 69 clauses. The Federal government and parliainent are to be formed, as far as circumstances may permit, on the model of the British constitution. The general parliament is to consist of a Legislative Council and a House of Commons. The councillors are to be named for life by the Crown, under the great seal of the general government. The representation in the Ihouse of Commons will have for its basis the population, determined bv the official census t&amp;apos;mken every ten years. The number at present to be for Upper Canada, 82; Lower Canada, 63; Nova Scotia, 19t; N-ew Brunswick, 15; Newfoundiand, 8; Prince Edward&amp;apos;s Island, 5. The duration of the parliamentary session is to be five years, unless previously dissolved by the Governor-general. There is never to be a greater lapse than one year between the end of one Federal session and another. The general government is to assume all the debts aAd obligations of the different provinces. The general government is to cause to b13 completed, -without delay, the interelaonial railwav between River du Lomip and Truro, in Nova Scotia, making it pass throiigh New Brunswick. The government is also to do its best towards opening communication with the great West and the sea as soon as the state of the finances will permit. Lou!) Loons.-We have reason to believe that Lord Icyons, her Majesty&amp;apos;s Minister at Washington, has sent over his resi-.-ation. IlI health, occasioned by unwearied exertion in the performance of his onerous duties, has led, as we are informed, to this determination on the part of his lordship, whose services, under peculiarly difficult circumstances, can scarcely be appreciated in their full extent. We think we are justified in saying that the pacific relations stiAl existing between Glreat Britain and the so-called( United States of America are due, in the first degree, to the tact and temper displayed by Lord Lyons in his intercourse with the Government of Washington.Morniny PCs!. &amp;quot;t 1IFT AND V I.&amp;apos;1N TH UL.&amp;quot;-At Aldcrfly E&amp;apos;arl .11 Iussell pli- inted a Spanishi (!est ent to commemorate his soII&amp;apos;s Imarrige. Tilrolul-oUt the festi&amp;apos;,.i_4 Lhe was thOe nerriest of the inerrv. At the dance in the ev&amp;apos;eiir-g tl, I&amp;apos; fainily and guests joined very lhe.itiy. Even Earl Russell, obliviouis of the cares of state, led a buxoni Clheshire lass down. a long o(iuntry dance, and on arriving at thle bottom of the room evinced &amp;amp;gns of exhaustion, whlen one of his cien(ls went up to the noble loord, and, tal)pin- himii on his shoulder, advised his lordship &amp;apos;&amp;apos; to re~st and be thankful.&amp;quot; The venerable peer enjoyed thle welltimed joke, and joined in the laugh it excited.-?.h1 !i&amp;apos;;, 1.i 1.1 ! , V i s Ir (&amp;apos;i (, Fit Ai, To-At THUNBI. AND FA&amp;gt;MIL.Y TO TlHE PRNCF AND PRIN CtS Ot&amp;apos; W.%i,. ?s.-On Wednesday evening, shortly before slven o&amp;apos;clock, eteiernl TForn Thumb, his wife, and .iss Minile Warren (her sister), visited t&amp;apos;he Prince and P&amp;apos;rincess of Wales, by appointment, at Marlborou-h-h)oueev. The reception took place in the library, and, besides the Prince and Princess of Wales, t he Duke of Cambrid-e and Prince Arhiar were present. The Prince of Wales and the Cem rmanderin-Cilief cI`t e ri% into flamiliar conversation with the general, wille tLe Princess Ns alhaosL exclusively occupied with Mrs. Stratton and her baby. Tlie interview lasted about a quarter of an hour, when their royal higrhnesses retired, highly delighted with the visit, while the general and family were no less delighted with the lhonour paid them. It is understood that (eneral Tom Thumb, who is a distinguished Freemason, will shortly attend a grand lodge to be held by the grrand naster. The private reception held yesterday at Cataldi&amp;apos;s Hfotel, Dover-st.mret, wvas very fully attended..lri . ,</FullText> </Record>