<?xml version="1.0" encoding="UTF-8"?>
<Record> 	<Version>Record_v1.0.xsd</Version> 	<RecordID>4375478</RecordID> 	<DateTimeStamp>20180928135238</DateTimeStamp> 	<ActionCode>change</ActionCode> 	<RecordTitle>Book review</RecordTitle> 	<Publication> 		<PublicationID>2984</PublicationID> 		<Title>The London review of politics, society, literature, art, and science</Title> 		<Qualifier>London</Qualifier> 	</Publication> 	<Publisher>William Little; Isaac Seaman</Publisher> 	<Volume>13</Volume> 	<Issue>336</Issue> 	<AlphaPubDate>Dec 8, 1866</AlphaPubDate> 	<NumericPubDate>18661208</NumericPubDate> 	<SourceType>Historical Periodicals</SourceType> 	<ObjectType>Review</ObjectType> 	<Contributor> 		<ContribRole>Editor</ContribRole> 		<LastName>Mackay</LastName> 		<FirstName>Charles</FirstName> 		<PersonName>Charles Mackay</PersonName> 		<OriginalForm>Mackay, Charles, 1814-1889</OriginalForm> 	</Contributor> 	<LanguageCode>ENG</LanguageCode> 	<ISSN>2043-4162</ISSN> 	<StartPage>642</StartPage> 	<EndPage>642</EndPage> 	<Pagination>642-642</Pagination> 	<URLDocView>http://search.proquest.com/docview/4375478/</URLDocView> 	<Products> 		<Product> 			<ProductID>1007574</ProductID> 			<HasFullText>true</HasFullText> 		</Product> 		<Product> 			<ProductID>1009130</ProductID> 			<HasFullText>true</HasFullText> 		</Product> 		<Product> 			<ProductID>10000001</ProductID> 			<HasFullText>true</HasFullText> 		</Product> 		<Product> 			<ProductID>10000297</ProductID> 			<HasFullText>true</HasFullText> 		</Product> 	</Products> 	<Terms> 		<FlexTerm> 			<FlexTermName>DerivedSubject</FlexTermName> 			<FlexTermValue>ENGLISH LITERATURE - History and Criticism - 19th Century</FlexTermValue> 		</FlexTerm> 		<FlexTerm> 			<FlexTermName>DerivedSubject</FlexTermName> 			<FlexTermValue>POLITCS AND GOVERNMENT 1837-1901</FlexTermValue> 		</FlexTerm> 	</Terms> 	<FullText>Tha, Eclectic for Decembsr. (Jackson, Walford. &amp;amp;- Hodder.)- Among the theological and miacellaneons articles in this nnunber, is a paper on the writings of Mr. Swinburne, in which justice is done to the extraordinary powers of that writer, while he is strongly con,demned for the leading tendencies of his poetry.</FullText> </Record>