<?xml version="1.0" encoding="UTF-8"?>
<Record> 	<Version>Record_v1.0.xsd</Version> 	<RecordID>4379078</RecordID> 	<DateTimeStamp>20180928135238</DateTimeStamp> 	<ActionCode>change</ActionCode> 	<RecordTitle>MR. MILL ON EDUCATION.</RecordTitle> 	<Publication> 		<PublicationID>2984</PublicationID> 		<Title>The London review of politics, society, literature, art, and science</Title> 		<Qualifier>London</Qualifier> 	</Publication> 	<Publisher>William Little; Isaac Seaman</Publisher> 	<Volume>14</Volume> 	<Issue>345</Issue> 	<AlphaPubDate>Feb 9, 1867</AlphaPubDate> 	<NumericPubDate>18670209</NumericPubDate> 	<SourceType>Historical Periodicals</SourceType> 	<ObjectType>Feature</ObjectType> 	<ObjectType>Article</ObjectType> 	<Contributor> 		<ContribRole>Editor</ContribRole> 		<LastName>Mackay</LastName> 		<FirstName>Charles</FirstName> 		<PersonName>Charles Mackay</PersonName> 		<OriginalForm>Mackay, Charles, 1814-1889</OriginalForm> 	</Contributor> 	<LanguageCode>ENG</LanguageCode> 	<ISSN>2043-4162</ISSN> 	<StartPage>163</StartPage> 	<EndPage>164</EndPage> 	<Pagination>163-164</Pagination> 	<URLDocView>http://search.proquest.com/docview/4379078/</URLDocView> 	<Products> 		<Product> 			<ProductID>1007574</ProductID> 			<HasFullText>true</HasFullText> 		</Product> 		<Product> 			<ProductID>1009130</ProductID> 			<HasFullText>true</HasFullText> 		</Product> 		<Product> 			<ProductID>10000001</ProductID> 			<HasFullText>true</HasFullText> 		</Product> 		<Product> 			<ProductID>10000297</ProductID> 			<HasFullText>true</HasFullText> 		</Product> 	</Products> 	<Terms> 		<FlexTerm> 			<FlexTermName>DerivedSubject</FlexTermName> 			<FlexTermValue>ENGLISH LITERATURE - History and Criticism - 19th Century</FlexTermValue> 		</FlexTerm> 		<FlexTerm> 			<FlexTermName>DerivedSubject</FlexTermName> 			<FlexTermValue>POLITCS AND GOVERNMENT 1837-1901</FlexTermValue> 		</FlexTerm> 	</Terms> 	 	<FullText>MR. MILT ON EDUCATION. MR. MILi&amp;apos;s Inaugural Address at St. Andrews will remind most people, if only by its contrast, of Carlyle&amp;apos;s address on a similar occasion, about a year since, to the University of Edin. burgh. No two speeches could be more different. Carlyle&amp;apos;s was, like his writings, full of vague, windy generalities, Mill&amp;apos;s is closely reasoned, and stamped with weighty thought. In short, the speeches are characteristic of their authors. Carlyle appeals to our emotions, Mill to our intellects and our feelings. -With Carlyle, words become a mere cloud, which darkens his meaning; with Mill, light. And as is their style, so is th - matter. Carlyle is always stirring us up with a vague desre of doing something, but Mill tells us what to do. We should be very sorry to speak with contempt of Mr. Carlyle, but it is a duty, when summing up the merits of the leaders of two opposite schools, to speak with truth. But the value of their doctrines may be best seen by the fruits which they have borne. Mill has raised up a school of philosophy, the soundness of which may be best seen in the vain attpts made to overthrow it, whilnt the results of Carlyles doctres may be tested by the recent speeches and writings of his followers, Profesor Kingsley and Mr. Buskin, the fbrmdt of whom has lately promulgated the transcendentl dogf that we are to &amp;quot; take things upon trust,&amp;quot; and the latter th ideal gospel of political economy, that war will cease by our wives and daughters putting on crape. Carlyle&amp;apos;s is, in faet, the philosophy of sentimentality, Mills that of reason. Mill&amp;apos;s crowning glory lies in the fact that he has subordinated the love of order to the love of action, whilt Carlyle and his followers have degraded the latter into the mere worship of brute strength. Further even, on Mr. Carlyle&amp;apos;s chosen ground of the feelings, Mill is the wiser teacher. His essay upon Poetry and its Varieties, and that upon Alfred de Vigny, go deepr into the criticism of asthetic science than all the trn. cendentalism that Carlie and Ruskin have ever written. And it is prsely this wide range of knowledg that gives such valueto terttMing BatMll says Inhi ownuo he has cred out th wise proverb, &amp;quot;to know ethingi everyhing, but ethingof&amp;apos;som i.&amp;quot;- Henoa hi add at St. Andrw, we such a lar corot whih will, paiaI, grate upon smaller minds e d of mreas education will find no ally in E ad e of as ntic cOur, a vbrtuu Hi i4 make a cueanod not 0 thres.&amp;apos;ed -forM, ?it)i cau he so. pdwells upontme Xa&amp;quot; n of subject as e.to. It &amp;quot; be ieswh Wh tws do AfW oJ*,&amp;apos; r .o. fr &amp;apos; -Ad &amp;apos; indirect effects produced by physical facts, over which we have no control, as climate and soil. In short, education means nothing less than the study of human nature, and the laws of the universe. It deals not merely with facts, but with causes; not merely with human acts, but with human impulses. We have plenty of works and treatises upon education, but most of them support some crotchet, and never deal with it as a system. More than thirty years have passed since Mill asked the question-&amp;quot; For what end above all others do endowed universities exist, or ought to exist ? &amp;quot; and gave for his answer -&amp;quot; To keep alive philosophy.&amp;quot; And his speech at St. Andrews last week is the true commentary upon that answer. But before we proceed to dwell upon the general merits of the speech, for into details it is impossible to go, let us notice what appear to us certain errors, slight indeed, and not at all affecting the main argument, but still calculated to convey false impressions. The comparison between English and Scotch Universities appears to us one-sided. Thus Mr. Mill says-, Youths come to the Scottish Universities ignorant, and are there taught. The majority of those who come to the English Universities come still more ignorant, and ignorant they go away.&amp;quot; Certainly this is not a true description of the character of the generality of freshmen who come up to Oxford. The matriculation examination at the best colleges is a safeguard against any very gross ignorance. Nor, again, is it fair to select Westminster and Eton as the representative types of English schools. The great merits of Shrewsbury, Cheltenham, and especially Marlborough, should not have been passed over in silence. Further, it is most unjust to say, as in the case of the Universities, that the Scotch schools teach Latin and Greek better than English. We can only point to the fruits produced by the respective schools and Universities in England, to the lexicons, such as Gaisford and Liddell and Scott, to the great editions of the classics, and to names like Bentley and Porson, against all which Scotland can show but a scanty list. At this very moment is being published the &amp;quot;Bibliotheca Classica,&amp;quot; edited by Oxford and Cambridge men, to which the Scotch Universities can show no parallel. Further, in religion the English Universities, for good or for evil, have of late been the centres of all action and reaction. Oxford gave us the Puseyitc movement. The Colenso criticism and that of the author of &amp;quot; Ecce Homo &amp;quot; spring from Cambridge. The school of Essayists and Reviewers arose at Oxford. Far different has it been at the Scotch Universities. The movement which split the Scotch Church in two was national, and owed none of its true force to the Universities. Of Biblical criticism, in the real meaning of the word criticism, there is none, for very obvious reasons, in Scotland. But if any one wishes to contrast the results of the two systems, let him compare the series of Oxford and Cambridge essays with the only volume which Edinburgh University was able to produce. The culture and the criticism in the t&amp;apos;wo first will, we think, be apparent to every one, in contrast to the mere emotional element and absolute rawness of thought displayed in the latter. Besides these small matters we have one or two more objections to make. Has M1r. Mill ever tried the system which he advocates for learning Latin or GreekP We must say that we should like to know the results of some experiments before we pronounced so decidedly in favour of the scheme as he does. No one would welcome any scheme that would save the fearful waste of time in our short, uncertain life more than we should. This uncertainty lames action, and this shortness dwarfs our aims, It is still as true as ever:Could a man be secure That his days would endure As of old, for a thousand years, Wbat things &amp;amp;ight he know, What deeds might he do, And all without hurry or care.&amp;quot; And therefore should- we gladly welcome any method that would save time; but, unfortunately, experience teaches us that what is learnt quickly is too often as quickly forgotten. Again, we must take exception to some of Mr- Mal, -1- --, - - -~Ljj5 riiis s n h classics, lIt may be thought- he&amp;quot;&amp;apos;t&amp;apos;i- ciiimso . my ~ethught hypercritical- bu whn1rnMi yprcrlibut when Mr. Mill speaks we weigh every word-but we must object to classing Latin and Greek authors together. The purity and grace of style, the weight of thought, of the two nations, will not bear to be mentioned in the same sentence. But our principal objection is to the comparison of English literature with that of Greece and Rome. Our literature has not yet reached its meridian, and therefore the comparison is not quite fair. We are entering even now into a flew literary era, and we may hope that our treatment of philosophy will be as superior to their&amp;apos;s 4a Mr. Mil allows modern Poetry to be deeper than any the Greeks and Romans ever dreamt. And as to style, we ane paving Mr. Mill no barren compliment, but simply a tribute of just praise, when we say that ancient philosophers might in many instances have with profit studied him. For the rest of the address we have nothing but praise. Here and there, as in the question of science, we think that Mr. Mill has scareely brought out certain points strongly enough, and are more in. dined to go with Mr. Herbert Spencer in the eloquent con. elusion to his first chapter in his work on &amp;quot; Education.&amp;quot; Further we wish that Mr. Mill had spoken plainer, more especially when addressing the most priest-ridden country in Europe after Spain, upon the duty of all those who having been once admitted into the ranks of the Church, find its formula incompatible with other teachings. As the pa stands it is, perhaps, open to the charge of casuistry. WB will now add a few words about the general character of the address. So thoroughly are we impressed with the neessi of education-in Mr. Mill&amp;apos;s wide sense of the term-that we would say that the source of all evil is ignorance, or as Shakespeare writes, &amp;quot; Ignorance is God&amp;apos;s curse.&amp;quot; HIEuma ignorance and human misery are nearly synonymous. And when we remember that history is a progressive chain of causes and effects, we see further the absolute necessity of that education, which shall vitalise human actions. And this is precisely what the common education does not do. &amp;quot;S avoir par cwutr n&amp;apos;est pas sravoir.&amp;quot; Yet this is the ordinary teaching. With Mr. Mill on the other hand, the end of all education is really to free men from the yoke of authority. With him the studies of mathematics, of modern or dead languages, are only instruments to give us the habitj of analysis and abstraction -to prepare us for a highs culture; in short, to make us think for ourselves, which, as it is the highest duty, is the hardest task in t6e world. We cannot possibly follow Mr. Mill in all his illustra tions. The difficulty that we foresee is qui8 doceit doctores ? But time here comes to our aid. In the meanwhile it will be the duty of all those who have at heart the interests of real education to propagate Mr. Mill&amp;apos;s opinions. We have already made some comments on Mr. Mill&amp;apos;s method of learning the dead languages, I-et us therefore add how thoroughly we agree in his condemnation of the present system of teaching boys to write Latin and Greek verses. Even if the boy possesses the natua ability-which not one in twenty does-the fault in our eyes is that verse-making sets manner above matter, and style above ideas. Admirable, too, are his remarks upon politics, whino when considered in their largest sense, are the world&amp;apos;s ethi&amp;amp; And here the value of education, in Mr. Mill&amp;apos;s wide sense Of the term, may be tested; for, as he says, &amp;quot; what we reqwr to be taught on politics is to be our own teachers; &amp;quot; and in We conclusion he comes back to the saying of Plato-that the punishment of good men for not cultivating politics is to be governed by the bad. Equally pregnant are his remarks on religion. Finally, many readers will be surprised to find with what enthusiasm and with what poetry he describes the educe. tion of the feelings, and the cultivation of the beautiful. Thou. however, who most know his writings will feel the least 1r prise. They will remember passages in which his love for poetry, and passion for scenery-for the &amp;quot; divini gloria ruans&amp;quot;break forth. In this way he goes through the whole range of the materials and training which a university and school O0U to supply. We have, from sheer want of space, but alluded to one or two Points. Aud now we must conclude by adding his own words, that the end from which our studies lWM take their chief value, is &amp;quot; to make us more effective combat&amp;amp;* in the great fight which never ceases to rage between good and evil.&amp;quot;</FullText> </Record>