<?xml version="1.0" encoding="UTF-8"?>
<Record> 	<Version>Record_v1.0.xsd</Version> 	<RecordID>4381708</RecordID> 	<DateTimeStamp>20180928135501</DateTimeStamp> 	<ActionCode>change</ActionCode> 	<RecordTitle>MAN'S ORIGIN AND DESTINY.</RecordTitle> 	<Publication> 		<PublicationID>2984</PublicationID> 		<Title>The London review of politics, society, literature, art, and science</Title> 		<Qualifier>London</Qualifier> 	</Publication> 	<Publisher>William Little; Isaac Seaman</Publisher> 	<Volume>16</Volume> 	<Issue>417</Issue> 	<AlphaPubDate>Jun 27, 1868</AlphaPubDate> 	<NumericPubDate>18680627</NumericPubDate> 	<SourceType>Historical Periodicals</SourceType> 	<ObjectType>Review</ObjectType> 	<Contributor> 		<ContribRole>Editor</ContribRole> 		<LastName>Mackay</LastName> 		<FirstName>Charles</FirstName> 		<PersonName>Charles Mackay</PersonName> 		<OriginalForm>Mackay, Charles, 1814-1889</OriginalForm> 	</Contributor> 	<LanguageCode>ENG</LanguageCode> 	<ISSN>2043-4162</ISSN> 	<StartPage>643</StartPage> 	<EndPage>644</EndPage> 	<Pagination>643-644</Pagination> 	<URLDocView>http://search.proquest.com/docview/4381708/</URLDocView> 	<Products> 		<Product> 			<ProductID>1007574</ProductID> 			<HasFullText>true</HasFullText> 		</Product> 		<Product> 			<ProductID>1009130</ProductID> 			<HasFullText>true</HasFullText> 		</Product> 		<Product> 			<ProductID>10000001</ProductID> 			<HasFullText>true</HasFullText> 		</Product> 		<Product> 			<ProductID>10000297</ProductID> 			<HasFullText>true</HasFullText> 		</Product> 	</Products> 	<Terms> 		<FlexTerm> 			<FlexTermName>DerivedSubject</FlexTermName> 			<FlexTermValue>ENGLISH LITERATURE - History and Criticism - 19th Century</FlexTermValue> 		</FlexTerm> 		<FlexTerm> 			<FlexTermName>DerivedSubject</FlexTermName> 			<FlexTermValue>POLITCS AND GOVERNMENT 1837-1901</FlexTermValue> 		</FlexTerm> 	</Terms> 	<FullText>MAN&amp;apos;S ORIGIN AND DESTINY.* Ir is surely something to say of a book that its subject is the noblest which can engage our attention; and when we further say that its author is a man of erudition, of wide information, and of clear expression,-a man who has travelled mu(IL and studied much before venturing to publish the result of his researches,-we have established his claim to a patient and respectful hearing. Unfortunately, the material of this bool was originally compiled in the form of lectures; and there stilllinger about it traces of the lecturer&amp;apos;s ad captandum style. Passages occur which seem as if they had been cut out of Daily Te~egraph leading articles. Errors of impulse and the tricl of hasty allusion abound. Why, for instance, should he speak of the glacial period as the &amp;quot;Robin Hood and Robinson Cruoe days of mankind &amp;quot;-a description as incorrect as it is absurd. Elsewhere he says, suddenly, &amp;quot;I should rather be ChalLes Reade, and have written &amp;apos; The Cloister and the Hearth,&amp;apos; thanhave been Gibbon, and have written &amp;apos; The Rise and Fall of tle Roman Empire.&amp;quot;&amp;apos; Any man may possess such a preferenee; but, if he wishes to impress people with a notion of his sKnity, he ought not to utter it in words; and least of all should he obtrude it into a discussion of the origin and destiny of man. &amp;quot;The greatest of fools, Boswell, wrote the most delightful of biographies,&amp;quot; he remarks. Either Mr. Lesley has never seen any of Boswell&amp;apos;s writings, nor read, otherwise than with a vague prejudice, the shrewd, clever, and oftentimes origital reflections which Boswell has scattered up and down his &amp;quot;Iltife of Johnson,&amp;quot; or else he sacrificed his honest impressions of Boswell as a man and a writer in order to form an antitletical sentence. If this book were an insignificant essay, and iAs author a nincompoop, we should not think it worth while to point out the blunder of indulging, in a scientific treative, in such hasty and ill-considered assertions. In a work of this kind we do not look for rhetorical lights and shadowswe expect rather the gravity and caution of a scientific observer; and M1r. Lesley has so much to say that we are desirots he should say it well. To trace the history of humanity through the most recent results arrived at by the various sciences has been Mr. Lesley&amp;apos;s aim; end he has at least succeeded in producing a sketch which, if sometimes vague, is highly creditable to him. Only a man of ver] extensive learning and information could have attempted such a work with any chance of success; and the mere fact that tle present volume is very readable and interesting shows that its author&amp;apos;s powers of compilation, comparison, and arrangement are very considerable. We confess to liking Mr. Lesleyleast where he- is most philological. Philology is, perhaps, the most fascinating of all the sciences; but its results, when cpplied to the questions discussed in this work, have hitherb only rendered confusion worse confounded. The * Man&amp;apos;i Origin and Destiny, sketched from the Platform of the Sciencse. By J. P. Ytuley, Secretary of the American Philosophical Society. London: Traibner t Co. authorities differ so much, and the material is so Plastic, that a tyro can elaborate the most impossible theories out of the similarities of language. Of the Arkite symbolism of Mr. Lesley we shall speak hereafter; it is only fair to him to say that he has almost wholly confined his philological speculations to one chapter, thereby leaving the important subject of this volume to be investigated by those sciences on the result of which we can place reliance. His first two chapters are devoted to a classification of the sciences and an essay on the genius of the physical sciences, ancient and modern. Then he plunges boldly into his scheme of reconstructing the past by an inquiry into the geological antiquity of man. Here, whatever opinion the reader may have about the Mosaic record of creation, he cannot but admire the author&amp;apos;s frankness in explaining his position. There is no cowardice more reprehensible than that which suffers falsehood to be perpetuated through a fear of giving offence; and on whichever side truth lies, there can be nothing but harm done by such culpable reticence. &amp;quot; Let us start fair this evening,&amp;quot; says Mr. Lesley (addressing a Boston audience, be it remarked), &amp;quot; with the discussion of the first of the three problems which I have mentioned, viz., the geological antiquity of man. To do this we must make up our minds to part company with the Schoolmen. There is no possible alliance between Jewish Theology and Modern Science. They are irreconcilable enemies. Geology in its present advancement cannot be brought more easily into harmony Fwith the Mosaic cosmogony than with the Gnostic, the Vedic, or the Scandinavian. It has escaped fully and finally from its subjection to the Creed. Sindbad has made the little red man of the sea, who sat so long on his shoulder, tipsy with new wine, tossed him to the ground, and crushed his wicked old head with a stone. Sindbad is free. Geologists have won the right to be Christians without first becoming Jews.&amp;quot; He then proceeds to collate the remarkable discoveries of fossil human remains, which have attracted so much attention and discussion of late years. Of the authenticity of these discoveries, we presume, no one has now any doubt; the only resource for a man who is anxious to preserve his preconceived theories is simply to stay at home and refuse to admit geological evidence which has not been brought before his own eyes. In his next division, &amp;quot; On the Dignity of Mankind,&amp;quot; Mr. Lesley discusses the position of man among the animals. In doing so, it appears to us that be misrepresents Mr. Darwin on one point. He assumes that if there has been a gradual development of animal life, that continual progress has advanced according to the four lines of Cuvier&amp;apos;s classification. &amp;quot; It becomes Mr. Darwin&amp;apos;s business,&amp;quot; he says, &amp;quot; not only to suggest some plausibly rational mode by which one species could gradually or suddenly pass the short interval which separates it from one another; his explanation must Euffice to bridge the awfal chasms which have always kept these four great plans of structure separate, along the lines of their development. He must show us how an animal of radial growth could be developed into one of linear growth. Nay, he must fill up the immense interval between the plant and the animal,&amp;quot; &amp;amp;c. Now surely this challenge misconceives the theory of Transmutation. Neither Mr. Darwin nor any other naturalist holds that animal life, having advanced to the most perfect of the radiate forms, suddenly leapt into an articulate form; that the most advanced of the articulata became a mollusc; and that the most perfect mollusc, having suddenly become a vertebrate, began the series of creatures ending in man. We are aware that this view of the Darwinian theory is quite common, and that people are accustomed to demolish the theory by triumphantly asking how a whale ever became a monkey. Lamarck, the father of the Transmutationists, held that the progress of organic life has been along an incalculable number of lines-Nature elaborating higher forms out of her primary monads, and these again gradually developing themselves (the intermediate forms dropping out) into the plants and animals we see around us. And as to the &amp;quot; immense interval between the plant and the animal,&amp;quot; are not zoologists and botanists continually at this day fighting for the possession of innumerable organisms which the former call animals and the latter plants? Cuvier&amp;apos;s great divisions are sufficiently useful approximations; but they are not hard and fast lines-still less are they the equivalent of natural, objective realities-with which any and every theory of life-development must be squared. - &amp;amp; In his treatise on &amp;quot;The Unity of Mankind,&amp;quot; Mr. Lesley again displays the extent of his information and his intimate acquaintance with recent theories. The subject, however, is one of little more than esoteric interest, and the ordinary reader will be more disposed to turn to the next chapter, on the early social life of mankind. The discovery of the lake-dwellings has recalled this topic from the realm of pare conjecture, the mis- fortune being that we cannot more accurately fix the date of those lake-dwellers. They seem to have existed in the earliest periods of the world&amp;apos;s history of which we know anything, and they were also living in the time of Ilerodotus; but chronology fails to give us any more precise data. &amp;quot; The best scale of years we have,&amp;quot; says Mr. Lesley, &amp;quot;tis got from Rutimeyer&amp;apos;s list of the animals on which these ancients fed, and especially by the marked change from wild to domestic flesh.&amp;quot; The succeeding subjects in the volume are-&amp;quot; Language as a Test of Race,&amp;quot; &amp;quot; The Origin of Architecture,&amp;quot; &amp;quot; The Growth of the Alphabet,&amp;quot; &amp;quot; The Four Types of Religious AVorshilp,&amp;quot; and &amp;quot; Arkite Symbolism.&amp;quot; The last of these seems to us a inonument of wasted labour. It is full of ingenuity, and certainly shows some surprising coincidences in proof of its theory; but that theory we cannot help regarding as altogether fanciful, and the results of it as sometimes absurd. According to Mr. Lesley, all ancient symbolism represented the legend of Noah and the Ark. Armed with this theory, he even ventures to attack the Sphinx. The head of the woman represents the ark; the body, the mountain; the tail, the sea. The spinning of a boy&amp;apos;s top is the unconscious perpetuation of this symbolism. The cord is the sea; the top, the mountain. The philological proofs of Mr. Lesley&amp;apos;s theory are more satisfactory, for the man must be an idiot who cannot prove anything he desires to prove out of this science. If the reader skips the philology, he will find this book extremely interesting and suggestive. We should add that Mr. Lesley&amp;apos;s printer has taken some liberties with several well-known names; e. g., &amp;quot; Conte,&amp;quot; &amp;quot; Buckel,&amp;quot; &amp;quot; Spenser,&amp;quot; &amp;quot; Philips,&amp;quot; and &amp;quot; Read.&amp;quot;</FullText> </Record>