<?xml version="1.0" encoding="UTF-8"?>
<Record> 	<Version>Record_v1.0.xsd</Version> 	<RecordID>4382473</RecordID> 	<DateTimeStamp>20180928135325</DateTimeStamp> 	<ActionCode>change</ActionCode> 	<RecordTitle>LIST OF NEW PUBLICATIONS FOR THE WEEK.</RecordTitle> 	<Publication> 		<PublicationID>2984</PublicationID> 		<Title>The London review of politics, society, literature, art, and science</Title> 		<Qualifier>London</Qualifier> 	</Publication> 	<Publisher>William Little; Isaac Seaman</Publisher> 	<Volume>17</Volume> 	<Issue>436</Issue> 	<AlphaPubDate>Nov 7, 1868</AlphaPubDate> 	<NumericPubDate>18681107</NumericPubDate> 	<SourceType>Historical Periodicals</SourceType> 	<ObjectType>General Information</ObjectType> 	<Contributor> 		<ContribRole>Editor</ContribRole> 		<LastName>Mackay</LastName> 		<FirstName>Charles</FirstName> 		<PersonName>Charles Mackay</PersonName> 		<OriginalForm>Mackay, Charles, 1814-1889</OriginalForm> 	</Contributor> 	<LanguageCode>ENG</LanguageCode> 	<ISSN>2043-4162</ISSN> 	<StartPage>531</StartPage> 	<EndPage>531</EndPage> 	<Pagination>531-531</Pagination> 	<URLDocView>http://search.proquest.com/docview/4382473/</URLDocView> 	<Products> 		<Product> 			<ProductID>1007574</ProductID> 			<HasFullText>true</HasFullText> 		</Product> 		<Product> 			<ProductID>1009130</ProductID> 			<HasFullText>true</HasFullText> 		</Product> 		<Product> 			<ProductID>10000001</ProductID> 			<HasFullText>true</HasFullText> 		</Product> 		<Product> 			<ProductID>10000297</ProductID> 			<HasFullText>true</HasFullText> 		</Product> 	</Products> 	<Terms> 		<FlexTerm> 			<FlexTermName>DerivedSubject</FlexTermName> 			<FlexTermValue>ENGLISH LITERATURE - History and Criticism - 19th Century</FlexTermValue> 		</FlexTerm> 		<FlexTerm> 			<FlexTermName>DerivedSubject</FlexTermName> 			<FlexTermValue>POLITCS AND GOVERNMENT 1837-1901</FlexTermValue> 		</FlexTerm> 	</Terms> 	<FullText>LIST OF NEW PUBLICATIONS FOR THE WEEK. Alice and Beatr.ce. Imp. 16mo. 23. 6d. plain; 3%. 6d. coloured. Adams (Rtev. C. H.), Falconhurst; or, Birthday Tales. Royal 16mo., 2s. A&amp;apos;:sop&amp;apos;s Fables iu Words of One Syllable. By M. Godolphio. Royal 16mo., 3s. 6d. Armstage (G.), Tbe Horseowner aud Stableman&amp;apos;s Compauion. Foap., 1s. Andubon (J. J.), Life and Adventures of. By B. Buchanab. Bro.,15s. Aunt Louisa&amp;apos;s London Toy Books.l-Hector, the Dog, and Pussy&amp;apos;s London Life. 4to., Is. each. Aunt Louisa&amp;apos;s Birthday Gift. 4to., 59. Bemrose (W.), Manual of Wood Carving. New edit. Cr. 4to., 5s. Beeton&amp;apos;s Christmas Annual, 1868.-&amp;quot; Money Lent.&amp;quot; 8vo., Is. Belgravi% Annual (The), 186f3. 8vo., is. Bible Story Book (The). 16mo., l. 6d. Bonar (Rev. H.), Light and Truth: Bible Thoughts. Cr. 8vo., 5s. Brctt (W. H.), The In:dian Tribes of Guiana. 8vo., 181. Bradshav&amp;apos;s Through Route Overland Guide to India, 1869. Royal lmto., 58. Carey Glynn. BY W. Leask. Fcap., Is. Casseli&amp;apos;s Shilling Toy Books.-Cock Sparrow, and Queer Characters. 4to., Is. each. Charlesworth (Miss), England&amp;apos;s Yeomen. New enit. Cr. Svo., 26. Gd. Christian Hatherley&amp;apos;s Childhood. lfmo., 2s. Md. Christmas Numbers (The) of &amp;quot; All the Year Round.&amp;quot; Royal 8vo., Us. Ccmplete Private Account Book, 1869. 4to., Is. Cobb (Rev. G. F.), The Kias of Peace. New edit. Fcap., 7s. 6d. , ditto Sequel to. Feap., 5s. 6d. Cooke (M. C.), One Thoueand Objects for the Microscope. Feap., la Culross (J.), Emmanuel; or, The Father Revealed in Jesus. Fcap., 2s. 6d. Daewzer (W.), Alice Gray, in German. 12mo., 3s. De Foe&amp;apos;s Robinson Crusoe. hew edit. 32mo., is. De Witt (Madame), a French Country Family. New edit. Fcap., 6s. Dickens (C.), Works of, (Charles Dickens&amp;apos; Edition). 18 vole. Or. 8vo., ?2. l8s. Drayton (Captain A. W.), Adventures of Hans Sherk, the South Africaf Hunter. Fecap., 5s. Economic Housekeeping Book, 1869. Cr. 8vo., ]A. Edinburgh (Duke of), The Cruise of H.M.S. Galateca. 8To,, 16. Eadie (J.), Dictionary of the Holy Bible. New edit. Foap., 2.. fd. Engliah Reprints. Edited by E. Arber. Vol. I. Fcap., 29. Ditto. Vols. II. and 1II. Fcap., 2s. 6d. each. Fownes (G.), Manual of Elementary Chemistry. 10th edit. leap., 14s. Fresh Leaves in the Old Testament. By L. N. R. Royal 8vo, 4.. d., Gascoyne (Rev. R.), Redemption Unfolded. Fcap., 29. Gd. Galt (John), Sir Andrew Wylie. New edit. Hcap., 2s. Gordon (MIrs. A.), Double Acrostic Enigmas. 2nd series. Cr. 8m., 35. Gd Grigor (J.), Arboriculture. 8vo., 10s. 6d. Goubaud (Madame), Tatting Book. Fcap.,1. Goldsmith&amp;apos;s (O.) Works. By Prefessor sOD, Globe edit. Cr. BTo., go. 6P Goulburn (Dean), Family Prayers. New edit. Cr. 8vo., 3s. 6d. - - Ditto. Cheap edit: 32mo., is. Grombridge&amp;apos;s Shilling Diary, 1869. 8vo., is. Hamerton (P. G ), Painting in France. 4to., 21s. Hanna (Rev. W.), The Ministry in Galilee. Fcap., 5s. Hardy (Capt.), Castaway in the Cold: an Old an&amp;apos;s Story. Cr. 4to., 6. Helps (A.), Life of Columbus. Cr. 8vo., 6s. Hoods&amp;apos; (Thomas) Works. Edited by his Son. New edit. 7 vols. Cr. 8Svo., ?1. 16 House (A) of Cards: a Novel. 3 rol. Cr. Svo., ?1. 11s. 6d. How (Rev. W. W.), Sermons on Psalm LI. New edit. Feap., Is. Holy Communion. Cr. Svo., 1s. Humbert (Rev. L. M.), Memorials of the Hospital of 8t. Cros. to., 1i5. Hunter (W. W.), Comparative Dictionary of the Languages of India and Hig Asia. Smal folio. 4to.,2s. Increase (The) of Faith. New edit. Cr. 8vo., 4. Isocrates. Edited by J. E. Sandys. Cr. 8vo., 4s. Gd. Jameson (Mrs.), Memoirs of Celebrated Female Sovereigns. 4th edit. Fcap., gs. Keble (Rev. J.), Village Sermons on the Baptismal Service. 87O., 5s Kingsley (C.), The Heroes: Greek Fairy Tales. Now edit. Feap., 4.. 6. Landseer (Sir E.), Early Works of. 16 Photos. 4to., ?1. 11.. 64 Law (Rev. H.), Family Devotions. Fcap., 3a. 6d. Leland (C. G.), Hans Brectmaun&amp;apos;s Party. 16imo., Is. Little Rosy&amp;apos;s Voyage Round the World. 4to., 6s. Gd. lacnamara (C.), ~anual of the Diseases cf the Eye. Dsp,, 12.. d.L Malan (Rev. L. C), The Holy Sacrament of the Lord&amp;apos;s Supper. eap., 3. Martineau (J.), A Word for Scientific Theology. Svo., is. Maundeville (Sir J.), Voyage and Travaile of. Edited by J. 0. Haliwell NeW edit. 8vo., 10.. 6d. Mayne (R. G.), Medical Vocabul&amp;amp;ry. New edit. Fp., F G. Monkhouse (W. C.), Maswerpietees of English Art. 38 Photo.. 41., AL U Morris SW.), The Life and Death of Jason. New edit. Cr. GOiG. 74s .L Mountain Adventurei, from Celebrated Travelers. Cr. 8o., So. Muller (5jax), Chips from a German Workshop. Now edit. 2 vols. STo., 24.. My Pet&amp;apos;s Picture Book. Imp. 16mo., 3a. 6d. On the Way. By A. L. 0. E. Cr. 8vo., 3s. 6d. Osborne (F.), Corner Cottage and its Inmates. Flep., 2.. 6C. Palgrave (F. T.), The Five Days&amp;apos; Entertainment at entworth Grane Cr. eto. 98. Photographic Scrap Album. Roval 4to., U2s. Gd. Piddington (H.), Sailor&amp;apos;s Horn Book for the Law of boLe, 5t edit. Svo., 10s. 6d. Plumptre (Rev. E. H.), Calmness in Times of Troubles: A Sermon. 8So., 6d. Pusey (Dr.), Lectnrea on Daniel. New edit. Svo., 10.. 6d. Quiggin&amp;apos;s Isle or Kan Almanac. 1869. 12mo., is. Rhymes for the Little Ones. 3tmo., Gd. Rogers (Rev. C.). The Golden Sheaf: Poems. New edit. Cr. 8vo., 3s. 6d. Routledge&amp;apos;s Toy Books: Pictures of English History. 1st and 2nd Series. 40o., ls. each. Ruxton (G. F.), Life in the Far West. New edit. Fcw, ls. Gd. Scott&amp;apos;s (6ir W.) Poetical Works. Roxburgh edition. Vol IL F&amp;quot;, 3. Gd. Sketches from Nature: Pictures of Animal and Vegetable Lif. Folio, PM 0 Solicitor&amp;apos;s Diary (The), 1869. 8vo., 26. 6d., 4.., and 5. Something like a Nugget: a Christmas Story. Royal evo., 64. Song (A) for the Time. By Fidei Defeusor. Cr. Svo., Is. Sterne (Laurenco), Works of. New edit. Cr. Svo,, 39. Od. Story (W. W.), Graffiti d&amp;apos;Italia. Cr. 8vo., 78. 6 Sunbeam: a Fairy Tale. By Mrs. Neitzker. Feap., So. @4. Tait (G. P.), Thermo iynamics. STo., Gs. Tales of Heroes, taken from English History. Cr. 8vo., 3s. 04. Taylor (Jeremy), Holy Living. New edit. 18o., S3. Od. Trollope (A.), Britiah Sporta and Pastimep, 186. Cr. S..., . d U~nder the Lue-treee. By the Autbor of&amp;apos;&amp;quot; Aunt Aa &amp;apos;s 8to&amp;quot;- Cr. SO., Ward (Mrs.), W,&amp;apos;res on the Ocean of Life. Cr. 8to., gs. Winning Words. 4th Series. Fcap., is. Gd. wilkisoep (H. F.), Modern Athletics. Feap., Is. Women of the Old T-stament. Photo. 111s. Cr. to., lb. 9 Wylie (ReN. W.), The Rood to Rome. Cr. 80., ES. Ya&amp;quot; (B.), Black Sheep. tNew edit. Fcap. 2*. YoDge (mies), The Lances of Lynwood. Sna F. F &amp;quot; sd</FullText> </Record>