<?xml version="1.0" encoding="UTF-8"?>
<Record> 	<Version>Record_v1.0.xsd</Version> 	<RecordID>4383799</RecordID> 	<DateTimeStamp>20180928135325</DateTimeStamp> 	<ActionCode>change</ActionCode> 	<RecordTitle>LEADING ARTICLES:--</RecordTitle> 	<Publication> 		<PublicationID>2984</PublicationID> 		<Title>The London review of politics, society, literature, art, and science</Title> 		<Qualifier>London</Qualifier> 	</Publication> 	<Publisher>William Little; Isaac Seaman</Publisher> 	<Volume>17</Volume> 	<Issue>439</Issue> 	<AlphaPubDate>Nov 28, 1868</AlphaPubDate> 	<NumericPubDate>18681128</NumericPubDate> 	<SourceType>Historical Periodicals</SourceType> 	<ObjectType>General Information</ObjectType> 	<Contributor> 		<ContribRole>Editor</ContribRole> 		<LastName>Mackay</LastName> 		<FirstName>Charles</FirstName> 		<PersonName>Charles Mackay</PersonName> 		<OriginalForm>Mackay, Charles, 1814-1889</OriginalForm> 	</Contributor> 	<LanguageCode>ENG</LanguageCode> 	<ISSN>2043-4162</ISSN> 	<StartPage>585</StartPage> 	<EndPage>585</EndPage> 	<Pagination>585-585</Pagination> 	<URLDocView>http://search.proquest.com/docview/4383799/</URLDocView> 	<Products> 		<Product> 			<ProductID>1007574</ProductID> 			<HasFullText>true</HasFullText> 		</Product> 		<Product> 			<ProductID>1009130</ProductID> 			<HasFullText>true</HasFullText> 		</Product> 		<Product> 			<ProductID>10000001</ProductID> 			<HasFullText>true</HasFullText> 		</Product> 		<Product> 			<ProductID>10000297</ProductID> 			<HasFullText>true</HasFullText> 		</Product> 	</Products> 	<Terms> 		<FlexTerm> 			<FlexTermName>DerivedSubject</FlexTermName> 			<FlexTermValue>ENGLISH LITERATURE - History and Criticism - 19th Century</FlexTermValue> 		</FlexTerm> 		<FlexTerm> 			<FlexTermName>DerivedSubject</FlexTermName> 			<FlexTermValue>POLITCS AND GOVERNMENT 1837-1901</FlexTermValue> 		</FlexTerm> 	</Terms> 	<FullText>LBADING ARTICLES:- The Battle in the Counties. Odd Men Out. The Continental Dead-lock. Among the Prophet. Fairy Tales and Nursery Traditions. The Flirtin- Farmer. CowBBsroNmx2rcB:The Oddities of Eloctionsering. NoTxs o0 THz WRBK. MXXORUADA. Reews or BOOK :Nathaniel Hawthorne&amp;apos;s Private DiaT. Greater Britain. Vousehold Decoration. A House of Cards. From the Levant. Blondel Parva. 8Ho1r NOTICES:The Log of my Leisure Hours. Gray&amp;apos;s Elegy, with Illustrations. The Language of Flowers. Longfellow&amp;apos;s Poems. Gutch&amp;apos;s Almanack for 1869. List of NOw PubliCtions for the Week.</FullText> </Record>