<?xml version="1.0" encoding="UTF-8"?>
<Record> 	<Version>Record_v1.0.xsd</Version> 	<RecordID>4383675</RecordID> 	<DateTimeStamp>20180928135447</DateTimeStamp> 	<ActionCode>change</ActionCode> 	<RecordTitle>GRANT'S CAPTURE OF RICHMOND.</RecordTitle> 	<Publication> 		<PublicationID>2984</PublicationID> 		<Title>The London review of politics, society, literature, art, and science</Title> 		<Qualifier>London</Qualifier> 	</Publication> 	<Publisher>William Little; Isaac Seaman</Publisher> 	<Volume>18</Volume> 	<Issue>455</Issue> 	<AlphaPubDate>Mar 20, 1869</AlphaPubDate> 	<NumericPubDate>18690320</NumericPubDate> 	<SourceType>Historical Periodicals</SourceType> 	<ObjectType>Review</ObjectType> 	<Contributor> 		<ContribRole>Editor</ContribRole> 		<LastName>Mackay</LastName> 		<FirstName>Charles</FirstName> 		<PersonName>Charles Mackay</PersonName> 		<OriginalForm>Mackay, Charles, 1814-1889</OriginalForm> 	</Contributor> 	<LanguageCode>ENG</LanguageCode> 	<ISSN>2043-4162</ISSN> 	<StartPage>275</StartPage> 	<EndPage>276</EndPage> 	<Pagination>275-276</Pagination> 	<URLDocView>http://search.proquest.com/docview/4383675/</URLDocView> 	<Products> 		<Product> 			<ProductID>1007574</ProductID> 			<HasFullText>true</HasFullText> 		</Product> 		<Product> 			<ProductID>1009130</ProductID> 			<HasFullText>true</HasFullText> 		</Product> 		<Product> 			<ProductID>10000001</ProductID> 			<HasFullText>true</HasFullText> 		</Product> 		<Product> 			<ProductID>10000297</ProductID> 			<HasFullText>true</HasFullText> 		</Product> 	</Products> 	<Terms> 		<FlexTerm> 			<FlexTermName>DerivedSubject</FlexTermName> 			<FlexTermValue>ENGLISH LITERATURE - History and Criticism - 19th Century</FlexTermValue> 		</FlexTerm> 		<FlexTerm> 			<FlexTermName>DerivedSubject</FlexTermName> 			<FlexTermValue>POLITCS AND GOVERNMENT 1837-1901</FlexTermValue> 		</FlexTerm> 	</Terms> 	<FullText>REVIEWS OF BOOKS. GRANT&amp;apos;S CAPTURE OF RICHIIMON.XI).* Tins book of battles by John Cannon is a most attractiwn z and exciting one. It is fairly arranged, and fairly written; and although it is by no means the final work onl tihe subject, it is an honest contribution towards a completer and greater history of the great struggle. While professedly dealing ouild with the last year of the war, the campaign organized and commanded by General Grant for the capture of Itichmond, the writer introduces his description of the events of that final effort, with a sharp, rapid review of the battles of the three preceding years, which forms a stirring and stern prelude to the story of that Federal host whose hugely-extended and terrific operations culminated ill the destruction of the Southern Confederacy. Although Mr. Cannon never attempts to be brilliant, but writes only a clear, business-like style, the nature of his theme is so picturesque, and carries in itself such a weight of grandeur, that the narrative reads like an Iliad, holding the student transfixed while the stream of events plunge fiercely and redly on to the tragic yet triumphant end. The war is so recent an event, the story of it has been so frcquently told, and most readers are so well acquainted with its great features, that it would be superfluous to recount them here. Each year of the war has its special points of absorbing interest. The blunders of Bull Thin distinguished the first; the second was corrugated and torn by &amp;quot; half a dozen battles of huge slaughter,&amp;quot; and signalized by the first trial in fight of ironclad vessels, and the issuing of the Emancipation Proclamation; the third exhibited the thrilling spectachl of Jackson&amp;apos;s death at Chancellorsville, the all-important battle of Gettysburg, and the reduction of Viclksburg, and the course of the Mississippi ; while &amp;quot;the fourth unfolds events which, after all, seem to be of supreme grandeur-Spottsylvania, (tlh(e greatest battle of the war), Sherman&amp;apos;s march (the greatest wai operation), the captnre of Richmond, the close of all resistance by the South.&amp;quot; Thus the years pass before us through MAr. Cannon&amp;apos;s simple narrative in a succession of scenes, paclied full with heroic deeds, frightful suffering, and imnmeasurable deathi, -each year towering above the other in bewilderin- heights of slaughter, until at length the utmost peak of intensity is reached with the unutterably sad sacrifice of the gaunt and quaint, but noble and good, old man, who had ruled the nation during its period of vast agony. We shall yet have many narratives and histories of this great civil war; but we doubt whether justice can be done to the surpassingly grand Iliad of its woes until the Homer of America is born to give it the form and utterance of immortal verse. But, till the poetic hour and man have come, we must content ourselves with the good offices of plain prose; and no doubt we shall have one or two great histories on the subject before the destined poet makes his appearance. But when lie does come, what a striking array of lieroes lhe will have with whom to star and make eloquent his song! It may be said, with unusual force and truth, that in the American civil war, as indeed in all patriotic wars, deeds alone made or unmade the men. Stonewall Jackson-true and trusty and tender, impetnous and irresistible-was born and died a hero. M&amp;apos;Clellan, Young Napoleon as lIe was thought to be, let procrastination steal his chances, so that he won no Austerlitz, and so acted that his whole career was a species of Waterloo, thins winning only the most dubious renown. Among numerous able commanders on the Southern side, Captain Semmes, the stormy petrel of the Confederacy, obtained an unenviable renown in his dashing cruise in the Alabnma. Undoubtedly, however, General Robert Lee was by far the noblest and most commanding genius who fought in support of the Rebellion; and upon him and General Grant was at length concentrated the whole interest of the mighty duel. They were heroes worthy of each other&amp;apos;s steel. Lee, come of the best blood of Virginia, was wholly unselfish and whohly&amp;apos;sstained. Noble and commanding in person, he was chivalrous in spirit and heroic in conduct. Jefferson Davis was truly the instigator of tile Rebellion; but the figure he made throughout the war was poor, unattractive, and unlovable, while blis disappearance in the catastrophe was undignified in the extreme. On the contrary, General Lee, who entered the field with reluctance, was, if we except Stonewall Jackson, the only man in the Southern ranks who elicited from all quarters the most unalloyed admiration. We like to look at the figuro and fame of Lee:I History of Grant&amp;apos;s Campaign for the Cotmro of R;chmn 1. (.4si-15.) With&amp;apos;i an O6tline of t e Previous Covr-e of the Americin Civil War. By Johi Cannon. L.. ndon: I ongmans, (Gr en, &amp;amp; Co. `- I:z p-r2on Gncri rl Lee is, by all accounts, represented as in 9P.&amp;quot;irtLree and bodily energy a magnifi*ent tpecimen of at IAI. Fot, j.three suuLn-ers hud, in 1S61, silvered his Lair; and his nr( fuse bt).d, whiektrs, and moustache endowed him with the veruiab!e al;eaza..ce of ae; bu&amp;apos; the stff and upriglit benriw, of his ttWi w&amp;apos;d. ttalvrart furru ai.d the eagle glance of his bright browni eys at et-de th.t in stret gth amud int ellect he was in the very prinme of in mnly p )wer. He was about six feet two it.ches in lheight, mud is s.si I o lint%,e wei hed ov.r two hunldred p ;unds, with no &amp;apos; mupetflaous fl ^rh.&amp;apos; Il!P face, wull cut, ait once plh:tszing at.d mTjstic, lhid in it at tiew-.z a j %iAl louk, which wben ev(k1, sceme3 exw.&amp;apos;Iy suitcd to it, but in genmral his w.amtners wore grave afnd reticent. All who visited 1i;ui were impressed by the aLt.quu courtesy of his bearivg, combined w ith an unaft&amp;apos;cted childlike cordiality, utterly distinct, fi&amp;apos;mu the assunaled conmplaisance of town-residing men. Camiping in tMe field, Ger~vral L-e&amp;apos;s head.qnatters were not surrounded by atiy of the iusignia of rank and official paraphernalia which wo:lld in.vest moti Eurol)p an generals of his grade; yet no one approachul his presence withCrl&amp;apos;t a respect to the full as visible, and pet haps more gemUito, than haR b1 en shown to many princes. General Lee had three sonis who spot tily entered the Confederate army. Two were cavalry Lffiiers, the third - it is said by General Lee&amp;apos;s express desire-served for some timr as a private soldier. The comparison had already begun to be instituted of General Lee with Washington. Ilis manners as the oommandt r of an army, and in all official reepect, do indeed show much reerni. h&amp;apos;r.nce to the &amp;apos; Father of his Country.&amp;apos; General Lee never gave Vctllt t . such expressions of hatred to, or disuat at the Northerneors, ni very many of his &amp;apos; fire.eating&amp;apos; bubordinates ii~dulg d in. lIe u,(- v r caled them &amp;apos;the Yankees,&amp;apos; but generally simply &amp;apos;the enemy.&amp;apos; a:i onit occasion he passed by his son serving as a Private during an en rigement, who gave an afftectionate shout. &amp;apos;T That&amp;apos;s right, my -on,&amp;apos; sai I the general; &amp;apos; keep those people back.&amp;quot;&amp;apos; W\e have said that Lee entered the field %with reluctance, we may add that lie resig-ned his position in the army oif the Utited States with something more than reluctance-with grief and regret. Witness the two following letters, which are worth reproduction, the first atltlresseil to ( ;vneral Scott, and the second to his sister residin-O in the Nourth: &amp;quot; Arlingtou, Virginia, April 20, 1StI. &amp;quot;CGIN-F.RAT.,-Sinco my interview with vou on the 18th instant I have felt that I ought not longer to retrin my Oammission in the army. I therefore tender my reeignation, which 1 rcqviest you will ree-mmend for acceptance. It would have been presented at once but for the struggle it has coot me to separate myself from a service to which I have devoted all the best years of my life and all the ability I poasessed. &amp;quot;1l)uring the whole of that tima, more than a quarter of a century, I have exp&amp;apos;rienced nothing but kindness fiom my superiors arid tbha mo5t cordial friendship from my comrades. To no ono, General, havo I been as much indebted as to yourdelf, fur uniform kidncess and consideration, and it has always been my ardent desire to merit your approbation. I shall carry to the grave tlie most grateful reoullec. tions of your kind corisideration, and your name atnd fame will ever b.t dear to me. 0 &amp;quot; Save in defence of my native State I never again desire to drnr; my sword. Be pleased to accept my most earneit wishes for tbe c ntinuauce of your happiness and prosperity, and beliova me, moft truly yourt, &amp;quot;It. E. L:E. &amp;quot; Lieutenant-General Winfield ScAt, CommandiDg United S3.ats Army.&amp;quot; &amp;quot; Arlingt in, Virginia, April 20, 1861. &amp;quot;My DEAR SISTER,-I am grieved at my inability to see you. ... I bave been waiting &amp;apos; for a more c-nveuient season,&amp;apos; which has brought to many before me deep and lasting regret. Now we are in a state of war which will yield to nothitng. The whole South is in a i-ate of revolution, into which Virginia, after a long struggle, has been drawn; and though I recognise Lo necessity for this state of things, and would have forborne and pleadid to the end fir redress of grievances, real or supposed, yet in my own person I had to meet the question whether I should take part against my nativo State. With ull my devotion to the Union, and the feeling of loyalty and duty of an American citizen, I have not been able to nmake up my mind to raiee my hand against my relatives, my children, my homo. I have therefore resigned my commission in the army, and, save in defence of my native State, with the sincere hope that my p--or services may never be needed, I hope 1 may never be called on to draw my sword. &amp;quot; I know you will blame me, but you must think as kindly of me as you can, and believe that I have endeavoured to do what I thought right. To show you the feeling and strnggle it has co.t me, I send a c py of my letter to General Soo)t t, which tac)m pavnied my letter of r.eFignation. I have no Jime for more ... . blay (G d guard and protect yonu rnd yours, a .d shower upon you every blessing, is the prayer of your devoted brother, 1. E. L.1c.&amp;quot; Of the generals intrusted with the command of the Union forces during the first three years of the struggle, all were brave, many were able and brave, but not one ioseseged in Lhimslf the skill to cope permanently with I Ce, while some of them were rash, some foolish, and one or two vain and vulgar. Every Northernl defeat dislplayed the inefficiency o(f some general to hold snpreme command. M&amp;apos;Clellan, Hloolker, lutrnside, went down like lay-figures. They were good Reconds, but bad firsts. Meade, the hero of Gettysburg, alone exhibited something like the genins of a first-rate general. At length, however, the unimjqtaklalle proof4 of a really great general slowly revealed thmemselres in the person of Ulympes Sitnpson Grunt, wlho was destined to give a glorious termination to the rebellion. The family to which he belongs, &amp;quot; is of Scotch extraction, but has long been settled in the United States, dating as American from the early part of the eighteenth century.&amp;quot; He was born in 1822, was trained to the military profession at West Point, and had some active service in Mexico. In the piping times of peace, however, he seems to have fallen into the soldier&amp;apos;s vice of drinking, which occasioned his leaving the army. Characteristically enough, Grant became a total abstainer though he has remained an inveterate smoker, sticking to his pledge and his cigar with the tenacity of a great general. Of course, when the war broke out, he soon found congenial employment, getting at first, however, only the command of volunteers. Having won his spurs at Fort Donelson, Vicksburg, and Chattanooga, hli was then acknowledged as the foremost soldier of the Union army, in proof of which President Lincoln appointed him to the supreme command-Lieutenarit.Getieral U. S. Grant, under which title he took command of the Army of the Potomac, fought with Lee a series of the most gigantic battles, overcame at length his chivalrous opponent, and so was the means of crushing the rebellion and restoring the Union, over which he now rules as President, a well-won and well-deserved honour, and what we are sure will turn out to be an ably and honourably used responsibility. Grant is noted as only a middle-sizid man, but with well-defined features, and especially as possessing a square-set jaw, indicative of power and invincible determination. Having the inestimable secret of silence, he is consequently a great economist in the use of words. He is a splendid keeper of his own counsel; seldom talks, and oply when ho must. After narrating the great series of operations which resulted in the capture of Vicksburg, Mr. Cannon says; &amp;quot; During the six months whose events we have been rarrating, the oitizens of the Union had watched with unceasiDg interest, chequered by anxiety or satisfaction at each reverse or success, the movements of the army of the South-west; and as the siege drew to a close, Grantes reputation grew higher and higher, and the inquiry as to the history, talents, and principles of the suocessful general, grew more and more urgent. While he lay before Vicksburg he was waited upcn by a deputation of politicians from Illinois, who were desirous to learn Grant&amp;apos;es opinion upon public afftirs, there being at that time much dis. cussion and agitation rife in the States respecting the conduct of thM war, and the alleged arbitrary measures of the Government. The wary Ulysses, who listened composedly to their address, while puffing away as usual at his incessant cigar, briefly declined conversation with them, on the ground that he knew nothing of politics. &amp;apos; There is one subject,&amp;apos; he added, &amp;apos; with which I am perfectly acquainted, and if vou like to talk ab-rnt that, I anm ymr mrtn.&amp;apos; &amp;apos; What is thlt., General?&amp;apos; asked one of the citizens. &amp;apos; Tanidit g loather,&amp;apos; replied Grant.&amp;quot; &amp;quot;Again, refirring to the timue when Grant was getting into the thick of the battles of the Wilderne.ss, the historian relates:SC Moist of the time he was with Meade, on a k.z&amp;gt;l: covered with pines, a little way to the rear of Warren&amp;apos;s corps. Occasionally be would mount his hos6e and gallop off to the point where he saw urgent need of his presence; things adjasted there, lie would return with equal speed to his p)iit of supervision. As to his personal bearing, the reader may be anoiwed, if not edified, by the observations of one of the newspaper correspondents with the Army of the Potomac. &amp;apos; I was near General Grant during that terrible Friday in the Wilderness,&amp;apos; says tho reporter of the New York Times. &amp;apos;To all outward appearance he was cool, calm, anud unoccupied. The skin ix so drawn over his forehead that wrinkles there don&amp;apos;t show when he is perplexed, and his beard so hides his mouth that no nervousness betrays there his thoughts. S.o he sat arid whittled, cutting away at bis stick with leisurely, measured, meditative strokes, much of the time, but turning his knife and cutting kt the end nearest himself whenever word came ofany important clunge in the chances of the battle. Thus he fought the great contest with knife and stick; and: adds the writer, giving the reins to his furacy &amp;apos;when the stick was gone the enemy was beaten.&amp;quot;&amp;apos; Then followed the battle of giants, when blood was poured out like water and life wvas flung away as a thins which only became of worth in sacrifice. Sherman executed his great march from Chattanooga to Atlanta, and thence through Georgia to the sea; Sheridan conquered the Shenandoah Valley; Thomas broke Hood to pieces in the West; and then Grant, clasping more and more tightly the Southern host in Petersburg, it broke and fled, and with it the Confederacy was -I I _ ! .L . - - - shaKen into its original clements by persistently good generalship and by slicer force of crushing. The end having come, Lee and Grant met to settle the terms of tho surrender. We give a few bits:&amp;quot;1 The Federal officers had become imbued with a deep feeling of respect and sympathy for the liou.like fie whom they had at last bauted down. Sitting round the camp fire a night or two before, Grant himself had intiniated to his staffofiioers the easy terms and courteous treatment he proposed to Rive to all surrendering rebels, men and chief,. &amp;apos;Though rebel-, tbey were Amerians, and his object -was to restore them t the Union, not to degrade them.&amp;apos; &amp;quot; When GraLt went in, General Lee was sitting in the parlour-a square room, carpeted, furmished with a sofa and centre table. Le was &amp;apos; got up,&amp;apos; as usual, with scraploks nicety, in a new Confederate uniform, with high riding boots, and with a beautiful presentatkc sword by his side. It was only on State occasions that he mendsa habit of wearing a sword. General Grant presented somewhat of a contrast to Lee. He wore a &amp;apos; sugar-loaf&amp;apos; hat, almost peculiar to him. self, a plain blue frock, unbuttoned and splashed with mud, but bear. ing the three silver stars on his shoulders, the insignia of his rank of lieutenant-general; dark blue pantaloons tucked into his boots, and no sword. &amp;quot;Saluting cordially, the two generals were not long in proceeding to businees. General Grant first apologized for not wearing his sword. In the hurry of the morning work he had left it in th rear with his baggage.&amp;quot; The liberal terms granted to Lee were then formally drawn out and signed:&amp;quot;D During the whole interview General Lee appeared calm and contemplative, to a degree bordering on taciturnity, yet without the leaat air of reserve or mort firaf*ion. After signing hits letter, he re. niarkeci to Graat, ii a suggestive tone, &amp;apos;Most of my cavalry men own their horses.&amp;apos; &amp;quot;&amp;apos;I think that the horses must be tanmed over to the United States,&amp;apos; eaid Grant. I coincide in that opinion&amp;apos; was Lee&amp;apos;s rejoinder. &amp;quot;&amp;apos;But,&amp;apos; said General Grant, &amp;apos; I will instruct the officers who are appointed to carry out the capitulation to allow those who own horses to take them home. They will need them to do their spring ploughing, and to till their farms.&amp;apos; &amp;quot;&amp;apos;Allow me to express my thanks for such consideration and generosity on your part,&amp;apos; eaid General Lee, with emotion. &amp;apos;It cannot fail of having a good effect.&amp;apos; &amp;quot; The two generals then ranged that each soldier of Lee&amp;apos;s army should be given a certificate of parole, to prevent any inconvenience happening to them, from Federal or Confederate authorities, as they travelled towards their homes. &amp;quot; Finally, as he was about to take Ieave of Grant, General Lee remarked, &amp;apos; My army is short of rations, and I have a few huudred prisoners of yours.&amp;apos; &amp;quot; General S3beridan spoke up: &amp;apos;I have rations for 25,000 hen;&amp;apos; and General Grant immediately gave an order to supply Lee&amp;apos;s whole army with such a meal as the men had not bad for days. &amp;quot;Thus terminatod this remarkable interview-a bright page in American history, and botiourable in the extreme to General Grant. &amp;quot;G General Lee passed out of the house first, and from the verandah (where the expectant Federal officers were waiting) signalled to his orderly to bridla his horse. &amp;apos; Whilst this was being done,&amp;apos; says the staff-c fficer with Sheridan, who has furnished us with his very inte. resting experience, &amp;apos;whilst this was boing done, he stood on the lowest step of the piazza (we bad all risen respectfully as lie passed down), and, looking over into the valley towards his army, emote his bands together several times in an absent sort of way, utterly unconscious of the people about him, and seeming to see nothing till his horse was led in front of him. Ae he stood there he appeared to be about sixty years of age, a tall, soldierly figure of a man, with a full grey beard, a new suit oi grey clothes, a high felt bat with a cord, long buckskin gauntlets, high riding-boots, and a beautiful sword. lIe was all that our fancy had painted him, and he had the sympathy of us all as he rode away.&amp;apos; General Grant came out a few minutes a-ter General Lee, just in time to exchange a second parting salute. This singular conqueror exhibited no change of countenance or lanner; not a muscle of his face seemed relaxed, and no one could have guessed by observing him that an event of extraordinarily joy ful character had just been accomplished. &amp;quot; Wben General Lee returned to his own lines, his men crowded round him with frantio domonstrations of sympathy and affection. &amp;apos; Men,&amp;apos; lie said, &amp;apos; we have fought through the war together. I have done the best I could for you. &amp;quot; In his report, made about a hundred days after the surrender of Len, General Grant thus alludes to the supreme results obtained by it:&amp;quot;&amp;apos; General Lee&amp;apos;s great influence througbout the whole South caused his example to be followed, and to-day the result is that the armies lately under his leadership are at their homes, desiring peace aLd quiet, and their arms are in the hands of our ordnance oflioers.&amp;quot;o In an epilogue Mr. Cannon relates tha manner of the assassination of President Lincoln. We might add to that somethin- about the somewhat inglorious figure made by Andrew Johnson as Lincoln&amp;apos;s successor; but we prefer saying in conclusion that, in electing Grant as President, the United States have made the greatest and most honourable choice ia their power.</FullText> </Record>