<?xml version="1.0" encoding="UTF-8"?>
<Record> 	<Version>Record_v1.0.xsd</Version> 	<RecordID>4383439</RecordID> 	<DateTimeStamp>20180928135325</DateTimeStamp> 	<ActionCode>change</ActionCode> 	<RecordTitle>ITALY AND ROME.</RecordTitle> 	<Publication> 		<PublicationID>2984</PublicationID> 		<Title>The London review of politics, society, literature, art, and science</Title> 		<Qualifier>London</Qualifier> 	</Publication> 	<Publisher>William Little; Isaac Seaman</Publisher> 	<Volume>17</Volume> 	<Issue>440</Issue> 	<AlphaPubDate>Dec 5, 1868</AlphaPubDate> 	<NumericPubDate>18681205</NumericPubDate> 	<SourceType>Historical Periodicals</SourceType> 	<ObjectType>General Information</ObjectType> 	<Contributor> 		<ContribRole>Editor</ContribRole> 		<LastName>Mackay</LastName> 		<FirstName>Charles</FirstName> 		<PersonName>Charles Mackay</PersonName> 		<OriginalForm>Mackay, Charles, 1814-1889</OriginalForm> 	</Contributor> 	<LanguageCode>ENG</LanguageCode> 	<ISSN>2043-4162</ISSN> 	<StartPage>611</StartPage> 	<EndPage>612</EndPage> 	<Pagination>611-612</Pagination> 	<URLDocView>http://search.proquest.com/docview/4383439/</URLDocView> 	<Products> 		<Product> 			<ProductID>1007574</ProductID> 			<HasFullText>true</HasFullText> 		</Product> 		<Product> 			<ProductID>1009130</ProductID> 			<HasFullText>true</HasFullText> 		</Product> 		<Product> 			<ProductID>10000001</ProductID> 			<HasFullText>true</HasFullText> 		</Product> 		<Product> 			<ProductID>10000297</ProductID> 			<HasFullText>true</HasFullText> 		</Product> 	</Products> 	<Terms> 		<FlexTerm> 			<FlexTermName>DerivedSubject</FlexTermName> 			<FlexTermValue>ENGLISH LITERATURE - History and Criticism - 19th Century</FlexTermValue> 		</FlexTerm> 		<FlexTerm> 			<FlexTermName>DerivedSubject</FlexTermName> 			<FlexTermValue>POLITCS AND GOVERNMENT 1837-1901</FlexTermValue> 		</FlexTerm> 	</Terms> 	<FullText>ITALY AND ROME. AFTER a somewhat lengthened period of quiet and A inaction, Italy is beginning to stir once more, and to demand the attention of foreign politicians. The subject of this reawakening is of course Rome. The execution (to be followed, it is said, by others) of the Garibaldians Monti and Tognetti, for blowing up some barracks in the Eternal City on the occasion of the rising last autumn, has created a great deal of excitement at Florence and elsewhere in the Peninsula, and has revived and intensified the popular hatred of the Papal Government. This is nothing more Man mignt have been expected, and yet it is not strictly reasonable. As we remarked last week, every Government has the right of self-protection, and the particular act of which Monti and Tognetti were found guilty bad a treacherous and cruel character, which takes it out of the category of political offences, and blunts our sympathy for the persons committing it. We are forced to place it in the same class with the Fenian murder of the policeman Brett at Manchester, or the blowing down of the wall of Clerkenwell House of Detention a year ago. To the latter crime, indeed, it bears a considerable resemblance; and we canne be surprised that the Pope should consider himself bound to protect his protectors against such attempts, by making an example of the wrong-doer ID our just repugnance to priestly misgovernment, we npst not Confound two matters that are radicaly distinct. The Pope as a t&amp;quot;pora sa vereign is in a false position towards Italy, towards Europe, towrll-ds c&amp;apos;Iiitianity, alA toW.ards the p)reseInt agt. He is an anlaCilhoiPiHzl, cx: l sjeratinlg and thwarting for a time the progress whijc h e Allot in the end prevent, alienating the respect of all It.;alitis ,who desire a future for their cauntry, and bringing religion itself into hatred and contempt by associating it with the follies and oppressions of dead and buried tiles. But his sovereignty being a fact, be is justified in asserting it in a plain matter of police and civil rule. On the other hand, it is not difficult to identify oneself with tile feeling pervading the breasts of all patriotic Italians as they real of the fate of Monti and Tognetti. In their eyes, those unfortunate men are two more added to the lone list of martvrs to the cause of Italy. Besides, the Papal Government seemns to have played with the lives of its enemies, in a way which suggests the long-drawn cruelty of a cat dallying with a miouse. The men have been kept awaiting their fate for mnore than a year. Various rumours with respect to them have gone abroad-that both had been pardoned, that one had been pardoned, that the sentence had been commuted, and so forth. The Papal Government in fact seems to have hesitated a long while as to what it should do; and hesitation, when it ends in rigour, always has the aspect of brutality. We cannot be surprised, therefore, that the political circles at Florence should have been greatly agitated at tlihe event, and that it should have led to some excited discussion in the Chambers and the press. General Bixio, in the Lower House, spoke very strongly on the subject, and, together with other members, proposed an order of the day expressing the reprobation of the Chamber, which was adopted in preference to another of a milder character. Thiough a Garibaldian general, Bixio was opposed to the rising of last year, which he foresaw could only end in disaster; yet he used no measured laDguage in denouncing the late act of the Pontifical Government. It may be questioned, however, whether his words were reasonable or prudent. He demanded &amp;quot;a vigorous and decided policy, to restrain the Papacy, and to compel France to cease from imposing her dominion at Rome.&amp;quot; Translated from declamation into plain language, what does this mean? or does it mean anything at all ? General Bixio must surely be aware that Italy has no power to restrain the Papacy, or to compel France. If; indeed, the decision of the matter lay simply between tle Italian people and the petticoated Government at Romle, there could be very little doubt as to the issue. The rule of the cardinals would not last a day. It would take to ignominious flight in 1868 as it did in 1848, and we should see the Pope once more seeking safety tinder cover of a footmnan&amp;apos;s livery, as the gods of antiquity found refuse in shapes of beast and bird at the rising of the Titans. But the Papal States are, practically speaking, a province of France, and is Italy prepared to enter the arena against such a foe? If not, is it dignified to talk of compelling where the only choice is to obey? To shake your fist in the face of a man whom you dare not or cannot strike, and who simply regards your actions with contemptuous indifference, is not the way to procure the respect of the on-lookers. It is a pity that the Italian Chamber did not feel this, and discourage the superfluous energy of those who are &amp;quot; willing to wound, and yet afraid to strike.&amp;quot; General Menabrea adopted a cautious tone in speaking on this delicate subject ; but even he characterized the execution of Monti and Tognetti as &amp;quot; unjustifiable,&amp;quot; and attributed to it a &amp;quot;political s gnificance.&amp;quot; Both phrases were ill-chosen. The act was not unjusitifiable, according to the accepted code in such matters, and it has no greater political significance than the general fact, wlich continues from day to day, of the Pope setting Italy at defiance, and raging at every modern idea whichi renders humanity greater, nobler, and happier than of old. It is under these painful and perplexing circumstances that the Government of General Menabrea has-if report speak truly-once more undertaken the task of coming to some species of arrangemwent with France and the Papacy. A renewal of the Conlvention of September, 1864, is talked of, and it i8 said that the French Government has consented to withdraw its troops after the general electicni in France, which will come on in 1S-Gi. The Pope, on his part, is to abolish passports and Customs dues on the frontiers of Victor Emmanuel&amp;apos;s dominions, and to permit, up to a certain distance of Rome, the entry of Italian troops into the States of the Church, in pursuit of brigands; while, as compensation for the loss of Custonms dues, Italy is to band over to the Pope the sum of -l(JO,OOO English. If these reported details be true, and if the sclienui be carried out, sw:ii approachl will leave been made towt~rds a finial settleiieiitV although, it must be admitted, only a very slight approach. The questions are, w;hetlher anything more is possible at present, and whether it is nIot better to miake a begiliilni, however slight, than to stand apart ill sullen and fruitle.1.s isolation. &amp;apos;liTe union of Eome with It.ly, by a revolationar-y pro css being impossible under existing cit cmimstaiicesitn1)ossible, not fromn any adverse feeling in Italy itself, nor from any inherent strength in the P&amp;apos;apacy, but front the expressed determination of France not to permit such a fact-a compromise is the only course left open to the Italian Government, unless they simply fold their hauds, and await the chapter of accidents, which is hardly the policy of statesmen. It is true that such has been the policy of the Menabrea Cabinet until the opening of the negotiations which are now said to leave taken place; but what was justifiable, and even necessary, on the morrow of Mentana, would be simple incompetence if prolonged after the restoration of the normal state of things. The mno4b,&amp;apos;. riven di, of which so much was said a year ago, is the only method open to the Italian Government and p)cople. It is vexatious; it is disappointing; it is eminently unsatisfactory to the sanguine and enthusiastic, who think that everything is to be done by a florid proclamation and a rush of undisciplined levies, and who imagine tbat the troo)s A F&amp;apos;rance may be as safely defied as those of the ex-King of Naples. licit it is the sole proceeding possible under the peculiar difficulties of the case. Poor Alazzini, if his sickness should vet leave him strength, may be expected to denounce it as the contrivance of traitors and imbeciles; and Garibaldi will thunder indignant protests from Caprera. But calmer and cooler politicians will see that it presents an opening to Rome, which, narrow though it be, may become wider with time. It is idle to hope for the final settlement of the Roman question during the lives of the two men most distiuctly pledged to the maintenance of the temporal powerviz., the Pope himself, and the Emperor Napoleon. Neither will recede-perhaps neither can recede. With new men, new measures may be possible; to the present rulers of France and Rome, change is debarred by repeated and solemn declarations, and by the consistent action of many years. Meanwhile, is Italy to stand still, and to let it be supposed that she has given up all hope, or even desire, of obtainitng-, Rome? In that case, one of two results, equally nmischievous, would ensue. Either the party of action would acquire a dangerous prominence, as being the sole representative of the national wishes, and would perhaps involve the country in revolution and war; or a tone of indifference towards Rome would be fostered, of which the enemies of Italian unity would not fail to take advantage. The runioured Convention keeps the question from stagnating, and offers a chance of conciliation. Such, at least, appears to us the aspect of the MAtter, as far as we can judge from the very general details that have been published. It is of course possible that there may be features in the Convention of a highly objectionable character. If the Italian Government have given, or propose to give, any guarantee binding them to a perpetual renunciation of Rome as the capital of the kingdom, they have acted in direct opposition to the national wishes, and against the solemn declaration of the Parliament that Rome is a part of Italy. But we have no reason to suppose that any such undertaking is in contemplation and, assumina the agreement to imly nothing in derogatioxl of the future rights of Italy, the proposed step may possibly be but the beginning of the end. To get the French once more out of Italy is surely a desirable result ; to establish some sort of friendly understanding with the Papal Government is not less so. Mlere standing aside and sulking can do no good: the only hope of the future is in movement. Movement of any kind, short, of retrogression, is sure to be more to the advantage of the Italian nation than of the Pope; for the former lives by progress, and the latter exists only by inaction.&amp;apos;</FullText> </Record>