<?xml version="1.0" encoding="UTF-8"?>
<Record> 	<Version>Record_v1.0.xsd</Version> 	<RecordID>4386433</RecordID> 	<DateTimeStamp>20180928135325</DateTimeStamp> 	<ActionCode>change</ActionCode> 	<RecordTitle>INTELLIGENCE IN LITERATURE AND THE ARTS AND SCIENCES.</RecordTitle> 	<Publication> 		<PublicationID>3084</PublicationID> 		<Title>The New monthly magazine and universal register, Feb. 1814-Dec. 1820</Title> 		<Qualifier>London</Qualifier> 	</Publication> 	<Publisher>E.W.Allen; Chapman and Hall; Henry Colburn; Henry Colburn and Richard Bentley; Adams and Francis.</Publisher> 	<Volume>5</Volume> 	<Issue>26</Issue> 	<AlphaPubDate>Mar 1816</AlphaPubDate> 	<NumericPubDate>18160301</NumericPubDate> 	<SourceType>Historical Periodicals</SourceType> 	<ObjectType>Feature</ObjectType> 	<ObjectType>Article</ObjectType> 	<Contributor> 		<ContribRole>Editor</ContribRole> 		<PersonTitle>Dr</PersonTitle> 		<LastName>Watkins</LastName> 		<FirstName>John</FirstName> 		<PersonName>Dr John Watkins</PersonName> 		<OriginalForm>Watkins, Dr John</OriginalForm> 	</Contributor> 	<Contributor> 		<ContribRole>Editor</ContribRole> 		<LastName>Shoberl</LastName> 		<FirstName>Frederic</FirstName> 		<PersonName>Frederic Shoberl</PersonName> 		<OriginalForm>Shoberl, Frederic</OriginalForm> 	</Contributor> 	<LanguageCode>ENG</LanguageCode> 	<ISSN>2043-5193</ISSN> 	<ISSN>2043-5150</ISSN> 	<StartPage>138</StartPage> 	<EndPage>145</EndPage> 	<Pagination>138-145</Pagination> 	<URLDocView>http://search.proquest.com/docview/4386433/</URLDocView> 	<Products> 		<Product> 			<ProductID>1007574</ProductID> 			<HasFullText>true</HasFullText> 		</Product> 		<Product> 			<ProductID>1009130</ProductID> 			<HasFullText>true</HasFullText> 		</Product> 		<Product> 			<ProductID>10000001</ProductID> 			<HasFullText>true</HasFullText> 		</Product> 		<Product> 			<ProductID>10000297</ProductID> 			<HasFullText>true</HasFullText> 		</Product> 	</Products> 	<Terms> 		<FlexTerm> 			<FlexTermName>DerivedSubject</FlexTermName> 			<FlexTermValue>ENGLISH LITERATURE - 19th Century</FlexTermValue> 		</FlexTerm> 		<FlexTerm> 			<FlexTermName>DerivedSubject</FlexTermName> 			<FlexTermValue>POLITCS AND GOVERNMENT 1800-1837</FlexTermValue> 		</FlexTerm> 		<FlexTerm> 			<FlexTermName>DerivedSubject</FlexTermName> 			<FlexTermValue>POLITICS AND GOVERNMENT 1837-1900</FlexTermValue> 		</FlexTerm> 	</Terms> 	 	<FullText>INTELLIGMN&amp;apos;CE IN 1LTEARATIJE AND) TTIlE-I ARTS ANI) SCIENCES. IP{OCIEEDINCS 01 VN I VERIlSITI&amp;apos;HES. CAm .vT r. 1 i; i. - 1 a. 20&amp;apos;(., bcing la cht lor of Aits Commtenceinectt, 1 .?&amp;quot; genItlncti( &amp;apos;here aidmnitted to that (degree. &amp;apos;Ile Wollowimg obtained academical hoInuors on tha~t 6&amp;apos;Cusi(Il :- 1ra It nfz es- iIlessrs. .Jacod), tCiniIs; W&amp;apos;hlewe~lX l&amp;apos;ritl; fliin-anx Tr&amp;apos;lio.; (Jr lalsim Char.; Cape,} T&amp;apos;rIn.^ 111)(len, C{itis; &amp;apos;Tattershall, (Qu.; Twupeuy, Joh. - Hamilton, &amp;apos;Trin. ; Sleepshaniis, &amp;apos;Trin. ; Taslker, 1&amp;apos;embls.; Snurkle, Jvoh.; J.&amp;gt;e, Jul.; &amp;apos;Turidbuill, (itiuS ; Blunt, Jol.; .tS&amp;apos;tlevellsol Tr&amp;apos;1ill.; Kicr, T rM.; P0 &amp;apos;t ll, JtC.; MINimi , lrin. Senior Opt ines-&amp;apos;Messrs. Wecller, &amp;apos;17Entio.; Hardly, Pemb. ; Allay, Jol.; Il&amp;apos;lifitt, Trin .; Stodd(Iart, Clare ; Jeaffresou, Pemb.; Paynter, Trin.; H hudson, Pet.; *Ellis) Ilet.: Bmraully, &amp;apos;rrin.,; Wvollas-. (ItareC; Dustb)y, Job.; &amp;apos;lTorriano, (Alare. Junior O)ltin/cS-7t&amp;apos;Sssrs. Starr, &amp;apos;I&amp;apos;rin.: Palt ey, Al ag.; Pennly, Fm in.; Pinider. (Cains ; J&amp;apos;dwinrds, (~&amp;apos;hr.; Sun, l&amp;apos;cmh.. AilYers, Jes. ; NVilson, Chr.; (Ilavtcm, ol.f#1. -,Haile,( Sidl.; Limlenoore, Joll&amp;quot;.&amp;apos; J:till2 f):lemb.; Wayne 18(o.01.; 1TvasTrinl. 1Th suhj(cts t&amp;amp;fr tlh I mberS Prides for tisi, year artSENIOR BTAC(HELOR:S. Ilicr - ivlyhi(&amp;apos;Ovt&amp;apos;mu OrigU (ft Natzl&amp;apos;(. I~J )I)L TI &amp;apos;C K IL.ORS, lTtru (&amp;apos;f&amp;apos;itatti p){aS Itilitatas an iW contmodi a/Ierant f kgecs, qu e&amp;apos; privtdI(or&amp;apos;Ur&amp;apos;. Iami~inu 1 11 sumphlo)tLIIUS inodii in un)Of u ut. I)r.S.&amp;apos;%m n&amp;apos;&amp;apos;s aiiniual prizes ot 251. eacb, to the twn best proficients in MAtlaceijitics ui( N.aturul Plhilosophy amongDOst tL4 (W1o1u1Cii1g BTachelors of Arts, are flis year 4adjudoitd to M11. EDW. JACOB, Of aiausi, and Mr. \WM. % WIE\ FL(I, ofTriutry (College, thle fiast and second Wranty le rs. ac 1h. 9,-At a cong~reration held this (lay, :ant address was tlilnilOUnn sly voted to ii I~. ll. the Prince Regeit on thje rc-sLabliSl&amp;quot;lWcIt 1 t peace. The 1i1ol. &amp;quot;Ant RCev. FRANCIS lIEN flY IcGElRTrO IS Iff III t ir at 1-is a1 ne ediItion of tihe ILit ot his atiCcStOr&amp;apos; tde&amp;apos; Lord }litfli (Chjaiciellor LGnroNt, which was written by him11, and publiused inl thle fitis *oluine of the lBiag UpTli(l Britannica ; tilte adnlior *%NIlt SU)bJOIn a Life of JoHn1.(1,rll ON, Blishiop (t I )tIrI1awll), and 1htP. A N - Ci^, Ite D)tIkC Oft BRIDG It)A(VATEA&amp;apos;. A f&amp;apos;iilvwliose nianic Is So ilitililwtely in1terwovm-e11 withi our doinestic lii!otory, (dvt in., i.,h&amp;apos;l a a1 it i&amp;apos;is beent iti the anItials t&amp;apos; tlhe l:1.., tilt&amp;apos; Chinl&amp;apos;CII, alld(1 of mill&amp;apos; ii it crn;I C &amp;apos;II:1VICi(&amp;apos;tal )ro&amp;apos;lspe1tvCitr&amp;apos;, eitaitil V dL&amp;apos;ut&amp;apos;WVe suclch a loi0lttimenIt, ill vlii&amp;amp;2i a-t S illi it{iwe 1criodtl a niche WiIl (IOUlIAtl(&amp;apos;SS he ;&amp;apos;otted to ttle *wortlyv succesSor by Wkol?t it ifs tlaie(l. ThiIs %wolk, wilich :il (uxteIl(i to at least two 4to. volumlies ,, o M) p0t0eS eachi, \zjil ct COMpI&amp;apos;ise at-oLt &amp;apos;.2)OO mzanuscr ipt pi?c&amp;apos;s, imIzpoortallt stateJi)Wel &amp;apos;S, a1 i! oftfic-&amp;apos; authetlltic (loctlielnts. It trm;ts of a great iiumber ot points of :ZW.V, c(PI&amp;apos;tit, 41111d d~iviniltv--ivil, 111ifitally,t PInl c(&amp;apos;ci&amp;lt;Sial&amp;apos;tical h1ist(iY-finatince andll i;, i t;ll} I I t L y .itzlirs--literatire, and tile K&amp;quot;vIATit&amp;apos;es Ifcent ly lltade ill the arti and C:tI1CeS (uringr the period( vviiie it enar~t&amp;amp;s-- as ;lso of the state of society, ..t~iul&amp;apos;1, a1d cha-tracter Of&amp;apos; thc Fnlish ;. &amp;apos;iI, tat thle tilme Wblic thlc bases of our i ii :11and refigious libeity bcgran to be fil111. it is n1ot 1i11teni&amp;apos;ded f4or sale. hI It niiere ly for tbe p&amp;apos;ratifiCatioln Ot the nutInn&amp;apos;s friends; onl the ot her Idlid, \ we con&amp;lt;rrattulate tlhe p)blic 0i1o the ite icce(s ?twt()%ed(I l)y this gel)trenleaf to VlI aSt Su )IIQC 1rt it i:11erCiptS. (11 tltis bulpjt we cannot do hebter than (It1()tJ, Ins own ex pressiois relative to his iUI1t1itic&amp;quot;It ilitelntiolns, as stated in tle PI leC catratio&amp;apos;e of tle pieces belfong1i&amp;quot; to d}ie pr&amp;apos;iod comprised in the aboveI&amp;apos;leU)mtiil work.-U&amp;apos;uindv&amp;apos;, thle head of lt 1(&amp;apos;u8l, he comuinnicates thle followincy litt i. ?c-clce, which ecvery lover of literature will know h- ^ tt appreciate : &amp;quot; 1lhave had 2: - .o state as one (f th-e curious an&amp;quot; :.ac Urticles with which my callecti-n l abounds, that, amongst try manuscripts, leticeforth denronxinated -.r P - R lnG EC .CTlON: MSS.FRANCISHZNRY rd R TO N 3&amp;apos; there exist, at letter T.iV, XXxivd, I 30 original autograph letteis of the Mareschal k &amp;apos;luren nie, and also two other picees which p:irticularly relate to the history of His litc. &amp;quot; In waving every objection, I have had ;n view a lavourite object, which is, to shew publicly, and to make knowin generally, my aI1xious desire that my collection of mans scripts may bc rendered as universally useful as posiible in the real service of historical, diplomatic, political, litcrarv, or judicial researches. With this view, 1 have directed tlhat, during my life, copies of any of my mantiscripts shall be given indiscriminately, and without any cxpense whatever, to every one who asks for them; and after my death, I have founded a librarianship at Ashridge, with very special and most particular directions to the librarian for the timc being, to give or allow to be taken, gratis and indiscriminately, copies and fAc-similCs of the manuscripts of my collection for the purposes al)ove-mentioned, but never for those of gratityint mnere idle, capricious, unmeaning curiosity, equa.lLy without reasonable end as wiltiout adequate and le-itimate motive. Ity my lasr will I have given, granted, bequeathed, and(l (cvisetd, a perpetual, continued, t arly, and evcry ycar salary, half to be paid every six months, of two hundred polulds sterling, for ever, to found, establish, and enrdow a librarianship, for a librarian at the library of the house at Ashridge; there to take very special and particular charge and care of my collection of manuscripts, for ever, henceforth to be knlown by, and called by, the style, title, denomination, or ad!ition of &amp;quot; ASH RIDCE COLLECTION: MSS. II1HANCIS HENRY EGERTON ;&amp;quot; and there to shew, and make use of, and copy, and give, or allow to be taken, copies or fac-similes of all or any of my manuscripts, for ever, without talking any fee, or receiving any benefici;:l advantage in return, or any emolument whatsoever; such librarian is to resi(le at Ashridge, or in the immediate neighbourhood of Ashridge, where, within the library, he is directed to be in personal waiting and in personal attendance from nine in the morning till two in the aftern)on, every day in. the week, Thursdays and Sundays excepted; unless he shall be hindered by indisp)osition, or by sonic real, true, and legitimate cauqe or reason: and he is allowed leave of absence thrce &amp;apos;.; ;ecutive months in every year. I have mail ure aie. zertain provision for the nomki-., i the first librarian, and for the regular, * .1ued, un. interrupted, consecutive, appointment of every subscquent and successive librarian, upon every vacancy, for ever. Moreover, I have directed that nothing whatever of my collection shall he taken out of the aforesaic. library of Ashridge upon any pretext, pre tsnce, promise, or order, whatso&amp;apos;-&amp;apos; a iarther, I have had the precautior. :.ir what shall be done in ease of &amp;lt;.re; tZ !wt, and in what mnanner sh4U be provided the expenses whfich may be incurred on the happening of such an accident. It will n(,t be supposed that this list contains a catalogue of all my manuscripts; of such as I possess upon the continent of Europe alone, therc are already sixteen vo - lu4Mes in folio, of names, in which are statcl by whohi and all and every one of the vat ious avid several pieces are written or signed, to whom they are addressed, with an accuate notice of the seals and marks affixed to cach moreover, there are thirteen oekunles of my manuscripts now kept in the Archive-rooom at Ashridge ; and my collection still augmentt dailv.&amp;quot; Our readers inust recollect the part we have had iln brintring tairlv before the public the interestingt question respecting the colluctions ot thle late lamented Mr. 1TWEDDF r4L, htkotoll the person whose character is chliefly implicated (lid tiot condescetid to notice the charges preftrred ag.ainst him by our correspoiidents. A. every thingt relative to tilis cofltro, iesy miust be interestin&amp;apos;y to tile lovurs of fiteratuare nnd of justice, we s1h;ll place tne tollowing document uPon1 record in our palges. It was produced hv a pIararaph which appeared in thli -A t(: 4i {(.. tr0P1i42le (f tle 10tl0 of Jan. to this etfect &amp;apos;&amp;quot;IThc literary world will be rejoiccd to lhari that the Earl of ELG1io hag discovered a chest, that had not been opened for several years, in which he has found the missing drawings and MSS. UIe has written a lette to Mr. H UNM I LTON, the Under Secretary Of State, comnhunicating the fact to him, uand saying tlhat lie has addressed the box to hlis care, that it may be forwarded to Mr. rTwDDELL&amp;apos;S family.&amp;quot; &amp;apos;T&amp;apos;hi~ statemiemtt pl1o(luced the following, fl-ter:No. g, Portugal street, Jai. 16, 1816. Sir,-As I observe my name is mentioned in the article which appears in The Afortinqg Chrmicle, entitled &amp;quot;* Tweddell&amp;apos;s Drawings and NISS,&amp;quot; I have to rcquest you &amp;apos;ill (o ic the fdvour to givc instr-toun to the tollowing observations: Thc statement of Lord Elgin having disco~ered a chest that had not heeni opened foT several ~&amp;apos;ears, in which he has tound the ruissing Drawings and MISS. of the late M~r. &amp;apos;I&amp;apos;wcddell, is not true. Thle statement of the Earl of Elgin&amp;apos;s hav&amp;apos;ing sent to me such box, that it might be forwarded to Mr. Tweddell&amp;apos;s family, is not true. In the year isoi, the Earl of Elgin, then Ambassador at Constantinople, intrustvi to his father-in law, Mr. Nisbet, and the late proessor, Mr. Carlyle, a portfolio of Mr. T &amp;apos;ddeli&amp;apos;s, containing costumes, in order that they might be foxwardud to his family. For some weasen, hitherto not explaine4 i these costumes were not so forwarded, bQ were, during Lord Elgin&amp;apos;s imprisonment in FrTance, deposited amongst his effects ir Londton, without the Noble Lord&amp;apos;s know. ledge: and no intimation of this circun). stanec having been made to his Lordship at the timic, or at any subsequent period, he remained totally unconscious of it until the 28th of last month, when these facts wer first explained to him by a letter from the survivor of the gentlemen to whose care the costumes had been entrusted. Lord Elgin immediately tesolved to collect and send up to London al I the drawings of the Costamies in his possession, in order that they might bc examined by some persons on the part of Mr. Tweddell&amp;apos;s family; and that whatever, if any, shall appear to havc belonged to the deceased Mr. Tweddell, they might be re. turned to the family, in pursuance of the original intention of the Noble Lord fifteen years ago. Lowl Elgin having requested me to be thc depository of the sealed parcels contaiti iM;, the drawings so collected, until ttey shall be examined, I have thought it right to trou. ble you with this cxplanation. I am, sir, your most obedient hunblbe servant, W I1,1 LI A*, HAIM1, O.10, The Travels of C(o,. KEATINGF, in) F Urope and Africa, are newrIy retady for publicationl. The tratislation of : iew HIistorical Novel, by Mv Aad. DE GEN LIS, entit!cd Jeanne of France, will appear in a tviv The Atuthor of the Philosophy of Na. ture will speedily publislx Amusellielt in Retiremnent. Our frequent correspondent, MIr. THos, TAYILOR, IIHS lsSue(l proposals &amp;apos;for publeshing ly subscriptiOni, in 2 vols. royal quarto, a Translation of the Six Books of P1oclus oai the Theology of Plato; to whiclh a Seventh Book will be ndded, in order to supply the deficiency of aiotdier book on this subject, which was writtev b)y Proclus, but since lost ; also a &amp;apos;ranslation of Proclus&amp;apos; Elements of rTeology. Iii these voluimes will also be includid, by tile same, a Trtanslation of the Trea. Use of Proclus on Providence and Fate; a rranslation of Extracts fronm hisTrea tise, entitled Ten Doubts concerning Providence; and a Translation of FI tracts from his Treatise on the Subsist ence of Evil: vs preserved in the Biblsv theca Gr. of Fabricius.-,250 copies ON w ill he printed. Stibscribers Names are received b)yv Mr. Valpy, Tooke&amp;apos;s-court, Chancery-lane. Yrhc Rev. JOSEPH FLETCHER hIs in thec press, in one thick volume, 8vo. Lec tres oil thle Principles rind Institutiolis uftlie Roman C&amp;apos;thlolic Religiono. Capt. P. ( DOn is printing a Narrative ot lis Imprisonment in France, and an Escape through the French Territory. T&amp;apos;fle profits of this work will he devoted EU thle Patrioitic Fund.s1 I itg)teeu Sernions selected from the O)maiiul MS.S. of tle Rev. PHILIP IIEN Rn, .M1. includilngr tile hlit sernion lie pxreaclied ; a Funeral Sewron for Mr. Henry, by the Ituv. P. Talents, A. ML.; atid the Substance of a Seron bhv Alattezw Henry, from hiis Father&amp;apos;s dying wvurds, are at press iii one voiu me, 8%&amp;apos;O. Mr. C. lARNsn,1w hats in the press, in roval 1t6iiic an Abridlument otf Walher&amp;apos;s Protiomicing Dictintary: with Additions, Aljter ations, Cotarections, and tuiric.il Itenmarks. &amp;apos;Ihis work will be wore conmprehensive than any PBket Dictiontiri yet piblished ; and will be otitid neairly equal in utility to an octlavo one. The explanatory part, its pineiwipal fe, tuire, will he copious with,)ut re(dunldalicy aII(i the Pronunciation, intei)(led to b-) only subserTVient, will be bimple, and obvious almost at It glauce. I)1. GEO. 1DW. MALE, PIaYS;cial1 to the Krilwillrhil~la Hospital, 1h&amp;apos;as nearly Ijtauly 1oj ptdIication), in 3Vo. An Epim)lle of Juicilal or Forensic IN~dicine, containing the Tests and Anitidotes of Poisons; witlh Observations on HI;tngint, Drown intr, Lunacy, Child-in u rder, Abortiov, &amp;amp;c.&amp;amp;c.; ai work which haIs long been greatly wvanted ii the English Language. I)r. S1EWA nT, Lecturer on AMidwiiery in London, has in the press, in 8vo. Observations on Uterine Hlenmorrhage. A new edition of Jrni;My TAYLO R&amp;apos;S Prayers, differently arranged by the Rev. Mr. CIAPHA M, is in the press. Mr. 1I. WVALTER, of Ilolvport, near Maiienhead, has issued proposals for pulilishlillng by subscription a Alap of Windsior Forest,. embracing the couintry botinded by tle Thaines, the Loddon, Blackwater River, and the great Bath and WVesterni Roads, to be engrtved upon1 two sheets on a scale of 21 inches to a mile. The Life of the late Tnos. HorCnor-T, Wvritten by himself, and announced for publicatijn soon after his death, has been for somie reason not assigned hither. to withheld. It is however now about tO be laid before tle public, %with a continu1ation to the timne of his death, by olue literatry members of his family. Mrs. OPIE has completed a new novel Under the title of Valentine&amp;apos;s Eve. i1)C managcrs of the fYAL IN . T u - TION have given notice, tlhat on tle 3 I st of March will be published, under their nuspices, the first Number of at Quarterlv Journal of Scieawce nnd thle Arts, wtiCec is to be reelarly contmtucd on tile LIS; days of Mat-cl, June, September, anid December. It will vmhmce--()r&amp;apos;i Comnimunicatioils onl subijc-ts cotinected with Science ;and the Arts, atid wilt Philosophic-al I.itt&amp;apos;rautre iII generallNotices of Scientific Discoveries andl Inventiollsq, mld of ELxperimemts carried on it, tile Ilnstitution.-Re iews arld -N.tices of Sc cilet ific W urks-Abstr;Icts from the Transactions of Ivarned Soci4eties, and Iromn Domestic nemd Furei_Publications- Accounts of the Procee(lings of the IRoyal [nIntiutioio, and *t the l&amp;apos;ublic and other Cour;eb it&amp;apos; L.ectures. Mlr. W. &amp;apos;1&amp;apos;. BRtN1FN. witl %pecdlll pOblish, ai Descriptive Catnalogle of th&amp;apos;e Br - tish Specimenes deposited in the (;eolog&amp;gt; cal Collectioti of the R))yal itStitlit ion. Dr.GRANVI I li frns in the press a r;mnslation of that wat t ofOrfilal&amp;apos;s(;eneral Toxicologry wlhiCh more pnrticularly rehites t( Ioisons derived firomu the Acminial amd Vcgetable Kingdoms. Thi-is stehject leaving formed a very iiuportaitt tart (f Dr. raniville&amp;apos;s scientific studi s, lie has heme e(1abled to accomipany heis traislatioU with Copious notes and additioL0s. Mr. JOHN WIL SON, autbor of the Isle of Palms,will speedily publish a dramatic poem, entitled, The City of the Plhgue. Dr. 01INTRUS (GRLEGORY is printing Elements of Planie and Sphericeal Trigo nonictry, intended for the ume of chathemlatiti.al seminaries anid young students itt thle uliversity. The third volume of thle Rev. Mf. DiBDIIB&amp;apos;S improved editim on Am&amp;apos; .4 .ot Typography will Le ready for delivery itx a few days. Mr. BELSIXIAM is preparing a Jetter tm tihe Uunitariaces of South NVales, contailing a Reply to the Bishop of St. David&amp;apos;s. TIle [teV. X. JOHNSTONE is printhig Results and1 Experience in tlhe Art (4t Tuition, forming the basis of tile systemu adopted by hiim, ;-t his seminary, Blackhe~ath lll. hlie IeV. SAMUEL PARTRIDGF,, Vicar of Boston, is engaged in forming a collectioin of Ancient Lincoltishire Words chiefly used aming the lower classes, and not contailned in Johnssm&amp;apos;s DiCtionary. lle is promised the assistance of severtal literary characters in various parts of the county towards the execvtion of thlis plant, which was suggested lir a vocabulary of ancient words at presewt uscd in the mountaineus district of tle West l&amp;apos;iling of Yorksh;re, given in the 17th v ilunme otthe Archt .los:1ia41. Mr. .Jo Svws SAMS, of l)arlili.rtyI, has ui his ims9iessimi an or~igal, a icienot, nnd COT Alt&amp;apos;tc M;nilcr !bt ot the P&amp;apos;ritanteuch, *t&amp;apos; lWichi t 11 fotllow ju hlistory iY viv e n. During tllv late wars oil the contillcrit V eweish fillily (1ty t &amp;apos;opulcuce, to hA-dc1 thtere is ruasOli to 1htel(it&amp;apos; it to linve bel(mll-cdt(I s bove Ol{) yvai s, beint&amp;apos;g reduced to latter rniii amil compelled to emlirate, caumie to 11,n1id ; wbere :as their latst resource thX v ere obhuied to pledfe tills IenVet (1 fd ml)ailliscript of their Ilav. As it was not redeemmd by hlic appointed time it vtvs sold bY I lie per&amp;quot;Oll -withl whomii it a%;I( dclmsited, atid rrcentlv br uiglht to lII&amp;apos;III.1iid. It is h eive(d to be from I t to 1501) v&amp;apos;ears 01(1 ; it ik of lenther, firmI wg) iV&amp;apos;1utllcs albout thi() fteet WI(JC 61 d &amp;apos;a It 1Iurth. l.;ch slivet is divided WO) ,.11 11, SO inc iiesics in width, the letters Ielil VC&amp;apos;&amp;apos;V l:tlarte :ndl excellelntlv Written. It I, t imwiiilt to 1&amp;apos;c 811 1C nl uique, ns well ns I he 1uo)t iciclat COpy ot tle five books of 5 N)4ws ill emistetlre&amp;apos;. M1r. J. W. Foy is ellmllraviw iH rquint ::&amp;apos;t:t, :a 5t&amp;apos;1it o tI)eions for Shop Val m)t ., 1~.0 ratict s to (ott w.l VilamlS &amp;amp;C. frml flie lDhsigIIs ot .11 . W. D)A\ J!.N, tiruLitect, itt Whose loiile In hlamlb&amp;apos;s (&amp;apos;41.ot1&amp;apos;r-strcct , Spccimenis mlay be inisptci ed. Mr. C&amp;apos;ifri&amp;apos;E will speedily publish a Treatise Mtt th: (Criminal L ;aw of&amp;apos; Emg-):I 1(1, \V it I1 a (op1i1llS (oltcliolcc Of Precc(Itt$5. ill &amp;apos; , 1&amp;apos;as4l IWo. Mr11. I~oo to, ot Broad--strcet, is preparill fnll Xtetllsive. (&amp;apos;ataolwlle oft (,erinn ; uiicallt&amp;apos;)i S 1lccent ic v lim port bv hc V uit&amp;apos;v ;i1ld intetrlvt. It \vill be d t&amp;apos;,m&amp;apos; (l0litc ii a; t fe twv d. ai S. Mz. 1, .1..1~ Ii Ni his iivrlyl re&amp;apos;aidy for p udCxtill Thte Stm rv *,t l: ini, : poeml. A Narratie oft a .louriwi tti Lmd(1o0 ii 1814, or ;I a&amp;apos;ralIlIel (f th)e; I*&amp;apos;1; II dan I 1 I.&amp;apos;ll, prectd(led by S{ie ( )so Oserv;tt fls 0&amp;apos;) tlhe L mdlolt I losptalds, by 1PilI I I lu&amp;apos;n.r JwZ1 P11 tI&amp;apos; fx. PI.()I, s&amp;apos;or of&amp;apos; Sunrlry l nid A&amp;apos;n I:ot &amp;apos;:l;v nt PIaris, \&amp;quot;ill aj&amp;apos;ptaar ill at I&amp;apos;mi ;&amp;apos;! ^ ill 4 1leb tii o. vX licl). &amp;apos;1&amp;apos;le Ut-v. D)r. 111.vvi1 v las nearly cmupie,(de; sIlis valmah;|let ( mimentarsttly mi; the Old mInd NCev lt&amp;apos;ctalallulttz \%itj tlc Text ;at r : e. I &amp;apos;Hit 37 is tist pu l i1d((, ;adti t!!e \\)rk \i-Ill Ilot niik-c more thi in 10 I&amp;apos;.t&amp;apos;4. A ne&amp;apos;ition ,t.a sm ;ll1cr S ?It&amp;quot; ithi&amp;apos;l- t t le &amp;quot;h t , I.- is O ; l 1 1 1,ilt;&amp;gt;l d :at a I Lr iv I ;ntv IlljcC. In tllB IwaiUI&amp;apos;&amp;apos;llit&amp;apos; ot I)1. Dr i K tf0NsF a1 7. P1 a s t&amp;apos; Phlftl k;, a correspondent calls the attention of tle plillic to the present negkctctl state of tie Mathiemnt. tiC;il Scicices iM Great lBitahi). In jiroot ot the little attention pai(d to SIICh pursuits, lie relates that 400 copies of Taylor&amp;apos;s Logurithiiic Ilables cotistracted und~fer the (lirectioll o thie Board of Lon. gitudc, am)(l a great imnuber of the Sex,,. ges&amp;apos;iuuul Tables of the saeil Ca*thor are l10V (lepusite(l tou stowaere in .1n old &amp;apos;wil(Jlill (mt thie Iord(CrS (f *)llt ot tile lak es ink estmtorchidt, zvlwith~t!r they were lately reimet(l toy tlhe author&amp;apos;s nepihew, -is there was 1ot :1 sufticient deandiid for theiri to pay for warehotise-roomn awl ill. sur ance *while in l .mriidon. Dr. MlrF, l MANt., PIIs- tlYSiciaI).Accouichcur to the Mlid(dlesex Hlospital, anill (C&amp;apos;ounlitq ilng PhIysicitin-Ac&amp;apos;couchic.ir to the West. mninster (General l)ispensary, is dcliver. incr it (COUr&amp;apos;sta ot&amp;apos; etires (lil Mli(lwviery nt tile l &amp;apos;rnwr 1iISt &amp;apos;tUltiOI. Mr. CLAI i L; will coininence his next Course of L( cttires oil o Midlwsifery anid the I)iseases tf W miei a;id Cbhikl ren, Ut tLe Lctui l romll, Savilleromw, oil M1on. (Jay, Marilrch 18th. The Lectures are r ead every inkoarinug tfroti a quarter past tell to) a qu;&amp;apos; rtel past eleven, tib: tile con. ,1nieence of students attetnding tde hos. j)itfl!S. Sirl I)s tYl)1v lIt 1? )posccited hiis iuse uftl lahours ti~r thle benefit of nmi. ers, as (letaulc(d il otur la!t, .uld t.trther Oe~crilients have e iaalb(l h)im to iol. prove ti ioi0 thle inlvention tlhere describcd. Tbeir results were slibillitte(l bv their (1litinvuislhu(l Author to the IRovyll ai el V ill two p1apYrs read oii thre lith ,[11111 Q} , 1 of I;lnuarly&amp;quot; S iucC tlhC&amp;apos; p;ipc and the Append(ix have heen printed,&amp;quot; says lie, &amp;quot; the con~sidteration of the priucip)le has lcdl nie to a dfiscovcry Which .-appears the most important in the whulc progress ot thes;e resc.-rches. &amp;quot; When I foud(t that explosive mixtures akdmitted througih narrow metallic cainals brought inl contact with flamne, burnt only at the surface where. they issuc(l, I had hopes of keeping up a constant flame from exp!&amp;gt;o sive mixtures issuing from tubes or canals; hut on trying this, e vei in atmosplhcrical air, it failed. &amp;quot; Concciving that the failure was owill&amp;apos;g to the great coolillZ powers of tile mlictallhc SidCs of the canal, it occurred to we to tly the metallic wzur.c-/llame sieves, and with these I had perfect sucCess. I inclosed a ucrv siltu.l lamp ill a cylin. ier made of wire gLu7z having 64100 aer tlures in the square inch. I closed all aper tres except those of the -auzc, a( l iitfO? duced the lamp burning brightly within the cylin(der into a large jar contatining several quar.t of the &amp;quot;lost explosive nmixturc of gas trum the ditillation of coal and air ; tile flll cf the wick immediatel) disappearcd, or rat hcr iv tS lost, for the whole of the intetior of tll% cylinider became fille(l w&amp;apos; ith a feeble bLut steOYy tfiU1lc, of ai grecli colour, wvhich burnt for some nilnutes, till it had etirely (estroye(d the eCx)lOsive p)ower of th?e attlno&amp;lt; phere. &amp;apos;F This result, so satisf:icttry, immc!iately ledl to a number (Jf experiments which gave result-, if po-ssible, still more satisfactory. 4, I introduced the lamp inclosed( in the cylinder, at ditkrrent times, into) large quantitici of various explosive mixtuies, sonme cuntainiilg only one volume of coal-gas to four of air, anl others containing none of coal-omis to thirteen of air. In all cases the flAme Nvw confined to the cylinder, and in all of theni it continued till the mixture ccIsCLI to be explosive. &amp;quot; In mixtures of thirteen, twelve, and clkven, parts of air to otic of coal-gas, the arnie of tihe taper did not disappear ; it becamc p)aler, however, an(l hieidd Willi the flame of the explo!;ivc mixture fillin- the tylind(er. As the quantity of the inflantimable air lirminished, the flame became limited to the wick, anl was gradually extinguished. When there was as much as one of coal-gas to seven or eight of air, the flame of the tfar wis lost at first in the flameI of the explo ivc mixture, which was very bright ; but it appeared as the mixture became less explosive. &amp;quot; When the coal-gas was one to four or Eve, the flame of the wick never appeared in any part of the experiment ; and the li lit of the flane from the mixture was weaker that in thl otther experiments. &amp;quot;In taking the wire cylinder and its lamp out of the exp)losive mixture, the flame of the lamp) continued to burn in the atmos) erec. In all the experiments the flame of the e.x1)lOsie mixtufe in the. cylinder had more Cr less of a greenish cast, which is probably tebe attributed to the elhects of the brass I re. &amp;quot; one inlstance, in which a very large wik was; burnt in a very small cylinder, the 2- uze became red lhot opposite to the k i* at the first moment of the introduction (1 the cy lindcr into ani atmosphere consisting ot about one of coal-gas and eleven of aire; but it S(Mn lo.t this temperature: and in OtMer expcrimnents nmade with smaller wicks in a dark room, I have seldom seen the wire dull red : but as no e xplosion ever took Place in an atnmosphere made explosive by coa-gas, the Cilcumstance, will hold good with much more certainty of the firc-daw). &amp;quot;I ow l, expected an. explosion in the s~tace whctn I saw the wire gauze rcd hot ; LUt tlhe Rasl of heatod matter uas probably &amp;amp; V .---d too small to heat con-siderably the portiol of gai In conltact with it, tiid the coxl air must hltve entered priucipallly at thlu. prt of the VWire-. gauze Cy&amp;apos; lilliter, arid mnust speclly )lave reducel the Lcniperature. an(i I h ,&amp;amp;&amp;apos;e since fbunid that a red hot wife *f Iss thati thle one-thirtieth of an inch oe~t nlot cxpsloc mixtutcs of coal-gas an(d air. &amp;quot; When I took the wiregauzc ;Illlmp olt of thle most explosive mixture befoict had consumcl much of tile iaffl;amIlmA)le gns, tle mixture usually Was cPpl&amp;apos;sive by the flatnc of the taper ; lut tile CCXpli(ve &amp;gt;M)wef of a mixture of twd ve or thirtcen partr of air to one ot gas was very soon (lestrovetl bV tile combilstion ir. tile cylinder lamp ; anid even1 when it Was withdrawn aMlit&amp;gt;st imnicdiatcly, the taper burnt in the mixture merely with an enlarged flamie. &amp;quot; It ir nee(less to dwell uptin the practical applicatiolls of these facts ; ,ally ot them will lbe immediately perceived. W.%ire gauze may be substituted tfr horn or glass in the safe-lanterns or safe-lanmps to J)e use(l in the collieries, and no air-tcedcrs bclow the flame %vill be necessary. T&amp;apos;he wire gauze admits a free circulation of air, and it c&amp;apos;mits coinsi(erably more light than common horn. 1 have had small cylindrical capS ot wire gauze nla(lc to fit small lanips by a screw, which are almost as portable as a Common candle without a candle-stick ; and( wihich are trimmed and supplied with oil through safe apertures without tile necssitv of takir&amp;apos; off the cap. A similar cap nmay he us. wilth the common candles of the cclhi rs troduccdl l)y an ;aperture made 6ihc I moist pipe-clay. ( &amp;quot; Brass wire gauze of the proper Ove fineness is manufactured for the use ot andl for sieves. I found gauze whichL ton taine(l 360o apertures in a square inch sufl.i cieintly filue to prevent explosion used as a cylinder; but it did not bear the proof of a concentered explosion frorn a close glass vessel. Gauze of 5000 apeitures to the squaie incll stood, however, this severe test. I havc generally used gauze of 6400 apertures; and I have seen plate(d wire gauze, which, I am told, is sold at Edinburgh, so fine that the square inch contains 13 ,20o apertures. &amp;quot; I have tried cylinders of the size necessary for the colliers, in explosive atmospheres containcd( in large glass vessels; the light given by a clinder of seven inches h-gh and two inches in diameter in the fire-damp mixed with twelve of air, is nearly as bright as that of the lamp in common air, and evea the least brilliant flame would enable the miner to find his w-ay, and, I think, would be sufficient for him to work by when he was very near it. &amp;apos;I&amp;apos;he light is much increased by hanging within, from the top of the cylinder, a small cage of platina, or iron wire; this becomes ignited by the am*, and &amp;amp;ives a stcady red lioht in thc midst of it; and I have never had. an explosion in emplcyizg it. &amp;quot;&amp;apos;I he chcap)ces of thc wire gauze safe !;wnp or gutrits for candks, wsi&amp;apos;i be an addirional reason for brineing them into common wse; for the dearest of tflf m can hardly cost more than one sh&amp;apos;iin. t They have the aivantage (f guarding the light from loose materi:&amp;amp;ll falling trom the foot of the minc ; t&amp;apos; crc is no daiuger of their being broken ; and to )re:vent them froni being bcint thly may be covcred with a frame without, constructe(l ot a few pieces of thick wire. &amp;apos;Ihe gauze should be mwide into the form of cylinders by double joiniti- sewn together through the doublk pait by it wire of small diameter; any aperture lar er than that of the gauze wiwe should be itiost carefullv guarded 11 gainst, and the cylinders shoufld be tried ini a vessel filled with an) expIo3ie nmixture before they are uscd1 in the mine. A coating of oxile is soon fornmed w;pon the l)bta:s ; but in my limited explerience this has appeared to detend the interior t!n4ti the actioni (.f air, and to rendtii the wire durable ; if, however, it should be tol-Il that this (ot&amp;lt;S hot 101(1 govd in thle mines, thickecr ol plated whie may be adopted, or double cyl&amp;apos;nders, or, at all evctnts, as the top of the cylinder is pritncipally cxposed to hcait, this may) be double. &amp;quot; With the wile tafe lamp or guarded Cad(llc the miller n.oly explore all parts of he tnine where explosive nixt~res exist, Ad the state of the flame will zhewv him the debree ot contamination of the air. As the fireidamp mixes with the air the flarne will eilarse. When the fire-damp has reached its elklosive point his cylinder will be filled with &amp;amp;me ; but the flame of his wick will appear within the flame of the fire-daamp. As the inflammable gas incteases in quantiiy the flame of the lamp will disappear, and the flame in his cylinder will become &amp;apos;paler; and this ought to be a signal to him to lcaui that part of the woikings. For when the flame of the fire-damp is extinsuished, though the air may be sufficiently respirable for him to make good his way, vet it cannot be brcathed sately for any tlnic. I&amp;apos; I found that sparks from steel and flint fell red, and without scintillation. in a mi*ure of coal-gas in which a &amp;apos;cylinder lamp bad burnt out; and they appeared equally dull and red in a mixture of three parts of air and one part of coal-gas ; so that the I&amp;apos; ht of a stcel mill would not be sufficient to work by in an atmosphere in which the cylindcr lamp wa% extingutished, and it could only be employed to guide the miner out of an atmosphere which it would be fatal to breathe for a continuance. &amp;quot;To conclude: there appears every rea%n to expect that the sate light, in this state of improvement, with proper attention, will enable the miner to work with perfect security in parts of the mines most liable to fire-damp, anrd that it will not only presenre him from, but enable him to combat and subdue, his most dangerous enemy. Con. fined in the wire-gauze safe-lamp, the flame of the fire-damp will be divested of all its terrors, and made to expend cnergics for. merly so destructive, in producing an uhtful light. &amp;quot; A considerable (legree of heat is aYiOa7p produced by the combustion of the explhsise fi&amp;apos;e-damp in the wire-gauze cylinders; there. fore a candle soon melts away in the lantern, when the fire-darnp is burning in it ; and if candles are used with the wilegauze safe. guard, the flame of the fire-damp should be exting~ruished by putting a woolen or linen extinguisher over the cylinder, t6 prevcnt the candle from dropping out, or the c:tndle should be secured in the bottom of the lantern, by a safety screw : where the fire. danp is known to exist, it will, however, always be better to wtork with small lamps, which may be fed with tallow; and where the object is to destioy the fire-clamp speedily, a large cylinder lamp with double wiregauze may be used. &amp;quot;The joinings in the lamps should be made rather v ith hard than soft solder, and there should always be a handle at the but. torn, or a ring at the top, to prevent the hand from being burrit. &amp;quot; the flame of the tire-ldamp in the cylin. ders may be easily extinguished by a cover lalde of coarse paper, or by a woullki cap. If any part of the wire is found to become strongly red hot, water may be thrown upon it, or the communication may be intMrrupted by plates of metal. &amp;quot; Many devices may be contrived for giving light by the fire-damp ; lamps may be made partly of glassO and partly of we* gauze: and by making a chimney partly of metal, the fire-damp may be burnt only at certain surfaces. &amp;quot; When the cylinder lamp is first initr duced into an explosive atmosphere, a musical sound is produced, like that producte by hydrogen burning in narrow tubes. &amp;quot;1 have since found that the size of the apertures may be carried to goo in a squa&amp;amp;C inch, and that the wire may be 2-loth of an inch in thickness, and these probably are not the limits. The larger the apertures of the wire-gauze the greater the heat produccd, and the more brilliant the flame, so tha with very coarse wire gauze it will be prOpef to interrupt too free a circulation of air by using a tin plate cylinder which will act as an extinguisher, either for a part or the whole of the flame; and for security, it may oc proper to adopt double wire cYlin&amp;apos; dets; perhaps iron wire will be better thOn brass. It will be easy by various means to keep the tin plate ryliniler below the red heat, though probably the temperature will neuer approach this. The friends ot hlumnanity will rejoice to War&amp;apos; that Sir IHumnphry&amp;apos;s invention has been introduced in the Walls-cnd and IHepburni coal-inines with complete success; ind there is every reasAon to believe that it wvill be generally adopted wiftfout delay.</FullText> </Record>