<?xml version="1.0" encoding="UTF-8"?>
<Record> 	<Version>Record_v1.0.xsd</Version> 	<RecordID>4386713</RecordID> 	<DateTimeStamp>20180928135325</DateTimeStamp> 	<ActionCode>change</ActionCode> 	<RecordTitle>Letter</RecordTitle> 	<Publication> 		<PublicationID>3084</PublicationID> 		<Title>The New monthly magazine and universal register, Feb. 1814-Dec. 1820</Title> 		<Qualifier>London</Qualifier> 	</Publication> 	<Publisher>E.W.Allen; Chapman and Hall; Henry Colburn; Henry Colburn and Richard Bentley; Adams and Francis.</Publisher> 	<Volume>5</Volume> 	<Issue>30</Issue> 	<AlphaPubDate>Jul 1816</AlphaPubDate> 	<NumericPubDate>18160701</NumericPubDate> 	<SourceType>Historical Periodicals</SourceType> 	<ObjectType>Correspondence</ObjectType> 	<Contributor> 		<ContribRole>Author</ContribRole> 		<LastName>Farmer</LastName> 		<FirstName>A</FirstName> 		<PersonName>A Farmer</PersonName> 		<OriginalForm>A FARMER</OriginalForm> 	</Contributor> 	<Contributor> 		<ContribRole>Editor</ContribRole> 		<PersonTitle>Dr</PersonTitle> 		<LastName>Watkins</LastName> 		<FirstName>John</FirstName> 		<PersonName>Dr John Watkins</PersonName> 		<OriginalForm>Watkins, Dr John</OriginalForm> 	</Contributor> 	<Contributor> 		<ContribRole>Editor</ContribRole> 		<LastName>Shoberl</LastName> 		<FirstName>Frederic</FirstName> 		<PersonName>Frederic Shoberl</PersonName> 		<OriginalForm>Shoberl, Frederic</OriginalForm> 	</Contributor> 	<LanguageCode>ENG</LanguageCode> 	<ISSN>2043-5193</ISSN> 	<ISSN>2043-5150</ISSN> 	<StartPage>498</StartPage> 	<EndPage>500</EndPage> 	<Pagination>498-500</Pagination> 	<URLDocView>http://search.proquest.com/docview/4386713/</URLDocView> 	<Products> 		<Product> 			<ProductID>1007574</ProductID> 			<HasFullText>true</HasFullText> 		</Product> 		<Product> 			<ProductID>1009130</ProductID> 			<HasFullText>true</HasFullText> 		</Product> 		<Product> 			<ProductID>10000001</ProductID> 			<HasFullText>true</HasFullText> 		</Product> 		<Product> 			<ProductID>10000297</ProductID> 			<HasFullText>true</HasFullText> 		</Product> 	</Products> 	<Terms> 		<FlexTerm> 			<FlexTermName>DerivedSubject</FlexTermName> 			<FlexTermValue>ENGLISH LITERATURE - 19th Century</FlexTermValue> 		</FlexTerm> 		<FlexTerm> 			<FlexTermName>DerivedSubject</FlexTermName> 			<FlexTermValue>POLITCS AND GOVERNMENT 1800-1837</FlexTermValue> 		</FlexTerm> 		<FlexTerm> 			<FlexTermName>DerivedSubject</FlexTermName> 			<FlexTermValue>POLITICS AND GOVERNMENT 1837-1900</FlexTermValue> 		</FlexTerm> 	</Terms> 	<FullText>MDR. aEDI O R0, HAVING from my infancy bees tauglht to consider freedom as the greatest of b)lessings; and havilig very often observed in the Game Laws a1 spirit of a tendency directly opposite, I have been induced to offer my hlumble sentimrents on those laws to the public eye, through the medium of your&amp;apos; valuable miscellany. They appear to me teeming with all tl)e evidences of the most despotic tyranny; creating in every village a tyrant with the most absolute sway; and at a tine when th)e agriculturist is bard pressed with the indispensable burden of sup porting, to the ver7 utmost otf his efforts, the expenditure ot the nation, rendered enormous bv the expense of crushing a lbreign tyrant, hie is galled still more feelingly by one at his very door, a tyrant !3upported bhlaw, and, to add mnockery to li&amp;apos;s affliction, that law is termed. juctice ! The landlord whose estate is oppressed vith g;pine, mnkes no allowace when he lets :a frmin, for the injury %fliichl ithc tenant w%,ill ssustain froin s deva!statioiS; a1lthough where it abounds it is un(ioubtedly far miore prejudicial to tie firmer tham the whole tribe otf vermli, jIlil the rich have not yet thought proper to preserve by severe laws for their own exclusive aniusement. How great must be the vexation of that man K h o, having expended his money and industriously exerte(l himself in every ineasure to the utmnnst of his ability to render his land productive, beholds covies of&amp;apos; pheasants and partri&amp;apos;dges picking up his grain as soon as he hias deposited it in the earth ; flocks of hares eating off every blade of&amp;apos; hiis wheat and grass, destroying whole fiel(ds of turnips, and rendering his well cultivated and fruitful land a barren %waste ! Yet that nian must not tire a gUll during the whole shooting season, flt which Period lie sustains the greatest iWjury; lhe must not onl any account keep a dog, however small, lest by his barking hie should frighten the hares when active in destroying the fruits of his master&amp;apos;s industry. Many farmers are uot even allowed to emuplov a boy to drivc away the rooks from their corn; fearful of likewise (iriving away the precious game, which may inadvertently settle oti the estate of some other person), who, enjoyingr independence, is able and willing to protect his own property, and therefore shoots themn. Fromn the Gamie Laws very fiequently arise lifferences, which for years disturb the quiet of a number of people; occasion the ruin of tenants and dependents; andI generally terminate in the most deterrninied animosity between the parties. A man possessing forty sillings a year may vote for a representative who is to sit ii the most illustrious assembly in the world, to legislate, and to dispose of thc property, nay even of the persons of his constituents; yet, for a man to be qualified to shoot the bird called the partri(dge, the beauty, size, or even flavor ot which have never yet been the sub. ject of eulogium, he-must b3ossessed -of one hundred pounds per annumi. Surely the liberty lheld forth bv the British constitution, our glory 4n&amp;apos;d our protection, never authorised such slavery ! The morality of the coumtry is likewise exceedizgly shaken by the laws for the preservation of game; for as no one can honestly sell it but such as are possessed of large e states, and as they on the contrary monopolize and preserve it by every means in their power, some other expedient niust be found for supplyina the tables of the rich and voltiptiious who have nof estates on *which they can raise it. This can only be dotie by liayIn, recourse to P&amp;apos;)achers, who, at the hazard of their lives and liberty, fearlessly ezIture to rob the owner of his gaine, and the farmer of his industry which has supported it, and wIho must not hiuseli touch it. Vhen a mant has once found the pleasure of living without labour, he never wishes to return to it; the poacher twe&amp;apos;lt&amp;apos;tore bccomt-s uuwiilhig to work, ai)d whenever his usual muethud of obtaiinug Ca subsistence ftails, he comnmences a carter of pluider, and i the end ar. rives either at the gallows, or is t~n9 purted, by which the country loses a inan sable to labour, and the imrish to %which i e belungs hias the ndditioial expense of supporting his family. Gentlemen who hdave estates abounding with game, very frequently when in London purchase that article of the poulterers. A moment&amp;apos;s reflection might convince thein that such game id stolen, and that cunsequently they are encou. raging the very evil they wish to annihilate. If any one could intform mne of a single benefit which is (lerived from the Game Laws, I should esteem myself much obliged; for the revenue gains nothing, as the game duty would be much more than compensated by the tax on the number of dogs which would be kept more than at present, it there were no such laws in existence. The game may, indeed, sonmetimes induce the man who possesses en estate, to leave the smoky atmosphere of London for a short time, to breathe the fine air of the country; but lie comes not fronm motives of bene. volence, to dispelnse consolation to the afflicted, or to succour the distressed; on the coutuary, he spreads desolation and distrust, the former by the rigour with which le enforces the Game Laws, and the latter awong all his tenants and the whole vicinity, each fearing&amp;apos; a mali. cious information; and perlapb for of. tences committed without the intention of injury; and shewing not the least up* pearance of a crime. Palpv, in his Philosophy, when treating of civil 1htherty, savs &amp;quot; that a law be&amp;apos;n found to produce no sensible good ef facts, is a sufficient rteason lor repealing it, as adverse and lujuriou!5 r(, the rights of a free citizen; W*ithou delmanditg specific evidence otf its bmid effects ;&amp;quot; and he particularly rixetitimis the gmtinte laws as (lbjecbts tor advanit.si!emiis revision. But it&amp;apos; these lawvs tire uuet aitogether re pealed, I coticeive mnaty ot tue 1hi e~fftcw of this h:.dge ot&amp;apos; vass ia&amp;apos;e &amp;apos; n:Pl. h wrbe1ho ated, lIr: mAking galle the r te property of the porson who .! &amp;apos;-s thle land, and wh1o ind J t I it, respect 1)t~t~t . 1 !: L. and poultry. !Ic ought likewise to have an equally free markit for tihe sale of it; by these inceas poachil) ws ould lie annilzihated ; tor the t&amp;quot;trmter could Honestly supply tlho e hOin wvated it, aind tcor his OWit interest I c&amp;apos;&amp;amp;oul(d not stitfer it to be altogcthlr (ltdstroyed, bLuL woull allow as nuch as possible, conIsistenltlV wsitht the rrefervation of the more v.-&amp;apos;Jlible pro- ducions I lt&amp;apos;lis land. A F&amp;apos;ArsMER. ApsriI 5, 1816.</FullText> </Record>