<?xml version="1.0" encoding="UTF-8"?>
<Record> 	<Version>Record_v1.0.xsd</Version> 	<RecordID>4389679</RecordID> 	<DateTimeStamp>20180928135242</DateTimeStamp> 	<ActionCode>change</ActionCode> 	<RecordTitle>Letter</RecordTitle> 	<Publication> 		<PublicationID>3084</PublicationID> 		<Title>The New monthly magazine and universal register, Feb. 1814-Dec. 1820</Title> 		<Qualifier>London</Qualifier> 	</Publication> 	<Publisher>E.W.Allen; Chapman and Hall; Henry Colburn; Henry Colburn and Richard Bentley; Adams and Francis.</Publisher> 	<Volume>7</Volume> 	<Issue>40</Issue> 	<AlphaPubDate>May 1817</AlphaPubDate> 	<NumericPubDate>18170501</NumericPubDate> 	<SourceType>Historical Periodicals</SourceType> 	<ObjectType>Correspondence</ObjectType> 	<Contributor> 		<ContribRole>Author</ContribRole> 		<OriginalForm>PHILACRIBOS</OriginalForm> 	</Contributor> 	<Contributor> 		<ContribRole>Editor</ContribRole> 		<PersonTitle>Dr</PersonTitle> 		<LastName>Watkins</LastName> 		<FirstName>John</FirstName> 		<PersonName>Dr John Watkins</PersonName> 		<OriginalForm>Watkins, Dr John</OriginalForm> 	</Contributor> 	<Contributor> 		<ContribRole>Editor</ContribRole> 		<LastName>Shoberl</LastName> 		<FirstName>Frederic</FirstName> 		<PersonName>Frederic Shoberl</PersonName> 		<OriginalForm>Shoberl, Frederic</OriginalForm> 	</Contributor> 	<LanguageCode>ENG</LanguageCode> 	<ISSN>2043-5193</ISSN> 	<ISSN>2043-5150</ISSN> 	<StartPage>319</StartPage> 	<EndPage>322</EndPage> 	<Pagination>319-322</Pagination> 	<URLDocView>http://search.proquest.com/docview/4389679/</URLDocView> 	<Products> 		<Product> 			<ProductID>1007574</ProductID> 			<HasFullText>true</HasFullText> 		</Product> 		<Product> 			<ProductID>1009130</ProductID> 			<HasFullText>true</HasFullText> 		</Product> 		<Product> 			<ProductID>10000001</ProductID> 			<HasFullText>true</HasFullText> 		</Product> 		<Product> 			<ProductID>10000297</ProductID> 			<HasFullText>true</HasFullText> 		</Product> 	</Products> 	<Terms> 		<FlexTerm> 			<FlexTermName>DerivedSubject</FlexTermName> 			<FlexTermValue>ENGLISH LITERATURE - 19th Century</FlexTermValue> 		</FlexTerm> 		<FlexTerm> 			<FlexTermName>DerivedSubject</FlexTermName> 			<FlexTermValue>POLITCS AND GOVERNMENT 1800-1837</FlexTermValue> 		</FlexTerm> 		<FlexTerm> 			<FlexTermName>DerivedSubject</FlexTermName> 			<FlexTermValue>POLITICS AND GOVERNMENT 1837-1900</FlexTermValue> 		</FlexTerm> 	</Terms> 	<FullText>&amp;quot;Preterea sanctum nihil est, et ab inguine tutum : Non matrona laris, non filia virgo, neque ipse SPonsus levis adhuc, non filius ante pudis CUS.&amp;quot; JU V ENAL. &amp;quot;Cui dabit partes scelus expiandi Jupie:?&amp;quot; HoRACSE. MR. EDTTO,1t TIFE de(pr-tvity of the morals of In rge city, and its accumulated vices, ha ve aflorled a nlever-ceasing fililn of anI)imnad version anid rtproac&amp;apos;h to the uticqutatinilitttd &amp;apos; viIla~t,. h31t iin more modern times the prev&amp;apos;altce of iice antd corruptiull is so grcat, that Hot o)lly cities are i&amp;quot;fested, but tbhe pestilenice p&amp;apos;erva(les the whole countr&amp;apos;\. To rectify .anld restore t he hunan chlaracier to its proper state, and lppui~esI, Ia rational pIractic:t1, mm -il, and lu hi ions e(lucatio) under the lgjslature, tiffor(led the only probabilitv. That system )tf natinal ilnstl&amp;apos;ruCtion has be&amp;amp;ei discovered: bt, like ecvery other inventioni, it has met with opposition, ttd imputation, anid enn-mitv. Before it las l)Ceii tried, the etFects it is so admirably calculated to prevent are tin ltltshingly attril ute(d to it. How mucli of the gran;-de ur, stability, and happiness of the country depends on tle Virtuous cotditdct of its loorer menibers needs no explanation. But when p.atrents ar&amp;apos;C (escribed( ais liv in-P in the practice of the most shaiaefil vices, and when the metanis taklen to preServe the r ising generation troin ftllowilng thosc practices are btaffled .and opposed lyv ill1beral-minded ciiic-, the cause of virtue -and religi-.n il.Al need ofsome protection amid defence. It vices ai&amp;apos;e imputed to the mneans %hicij are used to correct themi, let the tfact be proved; and with the Cvi(ienCe ot (demonstration: and after all, &amp;quot;&amp;apos;here the result is so intiinatcly CoIlected(i with the temporal welfare and ettrnal salvation of so many, we miust receive the particular s with caution, and examine the good that has been effccted with the evilk that have arisen ; a-nd observe &amp;quot;&amp;apos;ihether those evils have been prodiuced fronm the nature of the means, or from incident, or fronm perversion. Vhen n men begiii to check the arni of benevolence in exteiding the blessiiigs of a rcliaiolzs education, scepticisrn generallv lurks. behind, and like the Pharisees of oldi, locks the gate of Ilcavenl, leither go&amp;apos;in1g: ill, nor permitting othirs to enter. These rtflcctions have been called forth by a paper in one of your late :ium r)beis,* in m.hinch your correspondent &amp;quot;&amp;apos;ho signs himself A IF&amp;apos;Ar.ER, in the first place, seenis to intima.-te, that the reading of the Bible is ot little use; that children SOOt! forget it; and prefer a ballad or obscene novel, or some repository of the law; that the % next proceed to argue on the ril hts of nilal, &amp;amp;c. (Clildren are admniaed into the schools * On the State of the Mllorals nf hMe Lower Classes.-N Ew M. M., Feb. 1817, p. 20. ut the iatiomial syitemi tI lie eahlledled to e1.ld aRI unlderstnid, s ) thait thl can :l),)ulv that si&amp;apos;itruacthiiI to the lNWblt&amp;apos;bhe #,))Ln i *icei ad tleir du ivs as mewiucfs ot societyV art explained, amd tfi-um whichI their hropes a(id expectaLti)is |as Ceristi.ms are dtrivvtd. % huile the mind is twndcr atnd wiiLiLi t.) rect ive inimprssion0s, the truths of divine revelation aime inculcated, and the purity ot its n4 irahltv recomineatdud. BMt it is urged that children furget those trutlhs when they leave schlol, and prefer lies, impurity, and dc-ceit. And to what is this chamge attributed ? Forsouth, to their school ! Now I call upon this mat, who has so intpudently and blasphemously connected tihe reading of the Bible with his abominable nitert nce, to produce auty onie instance ofat child&amp;apos;s transgressing tht laws of virtue and morality, because lie had been taught to read the Bible. It cannot be so. lie comes to school to attain the knowledge of his duty: but should lho ont leaving school, from the negligence of parcnts or mnasters, froin temptations and allurements, from the iubtigations of corrtupte(l companions, attach himself to the cause of vice, whetier are the principles and precepts lie lkarut at school to be blained, or the neglect of titose whose blusintess it was t1) entorce the practice of theem out of school? I ami glad your correspoadent has the candour to allow, that the boy forgets the sacred book after he has left school. But why should the reading of that sacred book appear as if it was the necessary prologue to the obscene novel? Hlow is it p9ssible either that children should entertain predilections for certain books, of which they must be entirely ignorant witiiout previous information fromt older persons, or improper books laid li their way, and the readinig of them connived at or encouruged? If boys when they leave school nre under thee care of parents, thiy mould and superintend their future character; if they are tpprenticed, the master takes that office. The schlcl is free from iumputations. All that is taught in the National Scbools is taken from the Bible. Can your correspondent prove that the Bible Contaias niqy thing, the knowledge of which would tend to demoralize the mind of youtth? &amp;apos;That there are passages which the refinemeuts of the present agc may think too naturally exprebseId, and which min&amp;apos;ft be advav tageously or safely polislied, I am readly to grant. But these are easaly suppressed; and iy your cor*jrClncdent can findl no hbette ;r nrgulbeits (!) &amp;quot;&amp;apos;ich to rest 1 Isn(ltictionl. I be. lf hi-is lhe revgardn, f i n llVICli arater, 11i5 OUII integrity, his o()X piety, ti) leiel ratle thian re- jifluct t1ae Wounds -t &amp;apos;tillainil nild ii Lindly omniui serat&amp;apos;oti ot its J,; it&amp;apos; &amp;apos; piay to the Ainhightlty that lie IlltiY lb( 6e as the publ;canlls and sinners around hill); widl i that they may repvnt and it, con. verte(. But it&amp;apos; religion he necessaty to render the character of mil&amp;apos; perfect, and the Bible caiumot inculcate it, piray %vihere wvill your correspondecIlt find a scheme of piety more capal.le ? 1f ruligiou he not uecessary, butit a certain co(de of inolal precepts, where will lie finl such . c(ni. prehensive or consummate system of it1l tegrity, purity. anlld hutmanity? If pre. cepts of m orali ty are tiot necessary, wlere will hie find parentts or imibters who cati, &amp;apos;viii, and do, free froin every prejudice and iMperfectioll, exact without precepts of religion and virtue, the practice ot every duty? And if so little has bee!I effected in the reformation of the cor. ru ption of men&amp;apos;s manners by the unitedi efforts of excellency of precept, and i&amp;apos;ni tation of good example, for the s:1kC of perishing thou.lxids, I beseech urin to reveal that institution which call rescue thein fromn their present degeneracy, aind establish anl upright conduct ! Or cal he tell me, if education does not, hiat in. fluences the paassions and affections of men, and divert-s them from their prope.r object? On what basis will hie fix their character? WVhence did lhe derive his own prejudices? D)Id the Scripture teaci him, that children would not ab~ide in the way in which they had bee n trained &amp;apos; Did it teach himn that religion wlls of no use in infhncy ? Did it not incUilcatedid it not command youth to reiumr their Creator in the days oftheir *u, Did it not say, that the fear of tfie Lid is the beginning of wisdom ? [low, then can the reading of the Bible incline clhidren to break the laws of God and imnai? Alas ! how the corner-stone-t!e foundation of all virtue, is become the stuin* bling block of the universe ! How can l e prove that education does not form the character? Let him examine the savages of other climes; there hie may see igno rance and incivilization producing their natural offtpring. There shot from the bow of revenge the poisonous arrow iS winged by unrelenting cruelty; thiere in yelling glee the arm of man is bared to mmninolate a tellow-creature: there the lovely wife aud faithful slave seal their affection with their blood: therc the lhelpless infant welteTs in its gore from tile stroke inflicted by a mnaternal hand: there, toO, filial piety bears its anpd fjther to thle t&amp;apos;orests, and leaves I to) tervillatte his existence by thle blessitig o&amp;amp; gtarvartim) ; regarding a prorrstI i iatcd itje ill t1h infirmities otV ears more illkolerableT than a solitary enduraince of the fl)ierles of mornality. On the othtfer hands education improves and il hti1la ittS thi utderstanidiiig, points out to uts the comtorts of&amp;apos; civilization, the advatiarhes of scicnce, tile hlessitigs of piety it 11t LIu.ites all oir thotights, and directs ai mir actipTS. It the FARMSER iniptutei tlie jnf&amp;apos;isiit ot w&amp;apos; ckcd priniciples to the careVlt is11ie&amp;apos;ts iad pc.: version ot schlolasti(&amp;apos; niistrnctioL, surely he %vili be so just As to allo%% thdat oo(d lprincipl(i C&amp;amp;ll be incdlcated to thle same (xtelit A ld I I1lUSE COllteSS, tihe sciool WbI)icI, 1iuutes the advantages of pudlic CtUC;ictirl with thle hlessiwrts of part-ual governitient, :,jipears - nw) most calcu lated to cfTfet the gon!i we Wish. It parc t would (it, thieir dutv at biouie, nund nor (dependi so Imiuch on the prerep ts which their child ren m11ay or mnay vlit receive at school, aId(l lwuin with thenm tronm their tenderebt intlancy, thev wmloul find how materially they were advaticirng and securing hoth their own Fand their childreu&amp;apos;s happiness. Trat there sWtuld be a regular svstematic plan am onwst the igeneralitv of children comImencinIg thieves and p1underers and villains as soon as they leave school, and tdat they go to school to attali) knowledge which they can .tfterwards apply to the vilest purposes, I cannot admit. Nor do I see how infancy or hovlood could have ability and opportunity to obtain books (on the laws, and particularly how, by procurng9 thiem, they are the better enahkc-d to piltfr, and escape the punishment of justice. How is it possible, that a pour charity boy should discriminate ap)d apply thle flaws or defects of the laws of this cotrintrv, and baftle the exertions of thle Judges? Besides, suppose a nian sholttli stud(v Olie laws of his country, it is no() miir than his right and his duty. And whlatever a mean does, whicl is not to01bidden in the laws of God or his own government,, call e justified. I should like to know what right, what claimn, what pretelnsion, what charter from lraTen &amp;apos;your corresponoleiit has got, which eiiables hilm so sparingly to distribite the blessings of eduicatiOn, of reason, of Christ1t1jvy, to others, and center all in Himself;, or where he finds the examples represetntid in his assertions. Poor &amp;quot;LItute Chiildren ! throiugh what dreary Wlds wiuld this friend of humanity i F kI - AI, . - - JeAd vou ! &amp;quot;&amp;apos;hat vices would hc give vou! with wh11t juStice WoUld he tre-at vou Agr ijll, by ihat rcas)nirng c(in, he( prove that children are tvitipht scdit ion and rebell:onl &amp;quot;it th&amp;apos;ose sCho)o!s? I (1&amp;apos;al1Ilre 1him11 to P1r11duce onlC !;invi solitarv itstance &amp;apos;either * %%hre &amp;apos;-uch pitliOtI Mle eneomtir r:, iI tl, IalcloainUl scim&amp;quot; ,!. ,,, exciml iictiei It, th(e&amp;apos; ondiirrt *,f one of its pupiki. W heirt e fas exmamivel the lI&amp;apos;ss (&amp;gt;Con16t1,1ti0lt, and at rutniemefnt of the tIvW \v; intem, perhaps lie iwtly wcti tvy is ooti:lus ot thiir todedrinc to pro)IPotte? it)sulrdmtlioniffl. IBut I % oUld tbsK hITmn, ;npos,* child recn slhowld kIinow that ineit w&amp;quot;;&amp;apos;C :ull (&amp;apos;dt anl liV flatire, how callr he impute to thI:it koliO Iedtve the effects hle :as slesriCbc d ? Or lty what aroumnents Cgln i;e jprovc th;kt melnil are n(ot , (lal? WNNiat ! docs le suppose that the benevolent who e&amp;apos;rect schools t()r inctalvt&amp;apos;uT those princ iple s %hwich are calculated to advance the happiness ot the children, the extension ottrne relwuion, an(l consequently tile security of the stato, would encourage those scntimneits w hich wv ould engender ruin, (devastation, and dcstructio.I to both church anInd state and human happiness ? Arnd must all this revolutionl and bloodshed he perpetrated bv striplings ? If he means to say that tie mcni -the wild infatuated distirbers of our la%%s-who buzz and flutter round our trvnscendent constitution-dei-ive their principles from the- new schools, I deny it positively. And as in other instantces, so iI this, I call for his proof, or his S-g1nificarint silevnc. I repcar, meni are by nature equal: but whn lei o ciety was cultiated, reason improved, st:ates furmed, there was found a necessity for uinequqni partitions of property to sustain the good of all. But if, from buavoidahk: circtunstances, tromn misfort unes. fro i casualty, a part of the community are destitute of wealth, and by living in F;Cenes df Avretchcrl poverty arid uneconomirn&amp;apos;tw., *ant, a - Xend~resl cforfupted and viciots ; rathter let the hand of Religion, and Virtue, andA Chiharity, be stretchidd Out to resctje) them from that depkorable swtuation, than stiffer thle iLnonllinivous taunts of prided integrity to villiwyithout qualitication thore minq r&amp;apos;alde wrretches, heap reproncheis &amp;quot;pon them and their tinxious belefaactors nd pois-orty their distgusting .avcntitdan descriptions h6s* who are still umicontauimnatcd! Rather let those niodern Pharisees, devouiring the widow and the orphan, msften their heaven.-regtraitting -earts, anid not ex*uide fromn the doors of immortalitv thotn-to liom c)Our Blessed Saviour cai &amp;apos;e&amp;apos; T to prcacti the good tidings. vIl are ctildreni not suffered to coaie litot() GO ? ( lensware ot the curse that falittli upon evt ry one wile offei~ldt:atll ly oft these lal It, ottes ! I&amp;apos;ll IiACILtI BUS. BLAN, Mafurch 1, 1817.</FullText> </Record>