<?xml version="1.0" encoding="UTF-8"?>
<Record> 	<Version>Record_v1.0.xsd</Version> 	<RecordID>4391675</RecordID> 	<DateTimeStamp>20180928135447</DateTimeStamp> 	<ActionCode>change</ActionCode> 	<RecordTitle>AGRICULTURAL REPORT.</RecordTitle> 	<Publication> 		<PublicationID>3084</PublicationID> 		<Title>The New monthly magazine and universal register, Feb. 1814-Dec. 1820</Title> 		<Qualifier>London</Qualifier> 	</Publication> 	<Publisher>E.W.Allen; Chapman and Hall; Henry Colburn; Henry Colburn and Richard Bentley; Adams and Francis.</Publisher> 	<Volume>11</Volume> 	<Issue>65</Issue> 	<AlphaPubDate>Jun 1819</AlphaPubDate> 	<NumericPubDate>18190601</NumericPubDate> 	<SourceType>Historical Periodicals</SourceType> 	<ObjectType>Feature</ObjectType> 	<ObjectType>Article</ObjectType> 	<Contributor> 		<ContribRole>Editor</ContribRole> 		<LastName>Watts</LastName> 		<MiddleName>A</MiddleName> 		<FirstName>A</FirstName> 		<PersonName>A A Watts</PersonName> 		<OriginalForm>Watts, A.A.</OriginalForm> 	</Contributor> 	<LanguageCode>ENG</LanguageCode> 	<ISSN>2043-5193</ISSN> 	<ISSN>2043-5150</ISSN> 	<StartPage>461</StartPage> 	<EndPage>461</EndPage> 	<Pagination>461-461</Pagination> 	<URLDocView>http://search.proquest.com/docview/4391675/</URLDocView> 	<Products> 		<Product> 			<ProductID>1007574</ProductID> 			<HasFullText>true</HasFullText> 		</Product> 		<Product> 			<ProductID>1009130</ProductID> 			<HasFullText>true</HasFullText> 		</Product> 		<Product> 			<ProductID>10000001</ProductID> 			<HasFullText>true</HasFullText> 		</Product> 		<Product> 			<ProductID>10000297</ProductID> 			<HasFullText>true</HasFullText> 		</Product> 	</Products> 	<Terms> 		<FlexTerm> 			<FlexTermName>DerivedSubject</FlexTermName> 			<FlexTermValue>ENGLISH LITERATURE - 19th Century</FlexTermValue> 		</FlexTerm> 		<FlexTerm> 			<FlexTermName>DerivedSubject</FlexTermName> 			<FlexTermValue>POLITCS AND GOVERNMENT 1800-1837</FlexTermValue> 		</FlexTerm> 		<FlexTerm> 			<FlexTermName>DerivedSubject</FlexTermName> 			<FlexTermValue>POLITICS AND GOVERNMENT 1837-1900</FlexTermValue> 		</FlexTerm> 	</Terms> 	<FullText>AGRICUILTURAL REPORT. THE weather has continued equally favoutable, as in our last Report, for the operations ofhusbandry; and the spring sowing may now be said to he Generally completed, upon as due a tilth as has ever been witnessed. The early sown spring crops, including seeds, are very forward, and have a very healthy appearance. The turnips lasted beyond expectaXoi; and so great a proportion of stock remnained abroarl throughout the winter, that little dno detriment has been experienced from the short qimntitv of fodder. The pastures WIll be open for stock earlier than has been known and there is a promise for a vast crop Vgrasa; hay is, in consequence, considerably reduced in price, although there are apo Wtks on hand, and, in a few parts of the counlry, the article is scarce. The mneadows lave been free from floods, sheep have been freely trusted upon them,and have remained ealthy. The lambing season has proved most Iortunate, and a more than usual number 41doubles have been obtained. Potatoe planting wili soon be finished, and the scale will be large. The blosssom for fruit most flourishing and universal. The ho-s tull offine, 10n8g and forward shoots; in short, the indications of fruitfuIness and plenty are univerEIL Wool, at length, considerably reduced in price; and the demand ceased in consetce of the present stagnation in manufacturing concerns. Cattle still hear a high ,and sheep are very dear. Milch cows dearer. Saddle and coach horses of figure mand almost any price; but middling and ordinary kinds are lower. The wheats adpce rapidly, and there will be ears early in May. Five hundred thousad quarters of are said to be warehoused in the metropolis.</FullText> </Record>