<?xml version="1.0" encoding="UTF-8"?>
<Record> 	<Version>Record_v1.0.xsd</Version> 	<RecordID>4392435</RecordID> 	<DateTimeStamp>20180928135447</DateTimeStamp> 	<ActionCode>change</ActionCode> 	<RecordTitle>ON THE LIMITS OF THE SPAN IN BRIDGE BUILDING.</RecordTitle> 	<Publication> 		<PublicationID>3084</PublicationID> 		<Title>The New monthly magazine and universal register, Feb. 1814-Dec. 1820</Title> 		<Qualifier>London</Qualifier> 	</Publication> 	<Publisher>E.W.Allen; Chapman and Hall; Henry Colburn; Henry Colburn and Richard Bentley; Adams and Francis.</Publisher> 	<Volume>10</Volume> 	<Issue>60</Issue> 	<AlphaPubDate>Jan 1819</AlphaPubDate> 	<NumericPubDate>18190101</NumericPubDate> 	<SourceType>Historical Periodicals</SourceType> 	<ObjectType>Correspondence</ObjectType> 	<Contributor> 		<ContribRole>Author</ContribRole> 		<LastName>Tredgold</LastName> 		<FirstName>Thomas</FirstName> 		<PersonName>Thomas Tredgold</PersonName> 		<OriginalForm>TREDGOLD, THOMAS</OriginalForm> 	</Contributor> 	<Contributor> 		<ContribRole>Editor</ContribRole> 		<LastName>Watts</LastName> 		<MiddleName>A</MiddleName> 		<FirstName>A</FirstName> 		<PersonName>A A Watts</PersonName> 		<OriginalForm>Watts, A.A.</OriginalForm> 	</Contributor> 	<LanguageCode>ENG</LanguageCode> 	<ISSN>2043-5193</ISSN> 	<ISSN>2043-5150</ISSN> 	<StartPage>492</StartPage> 	<EndPage>494</EndPage> 	<Pagination>492-494</Pagination> 	<URLDocView>http://search.proquest.com/docview/4392435/</URLDocView> 	<Products> 		<Product> 			<ProductID>1007574</ProductID> 			<HasFullText>true</HasFullText> 		</Product> 		<Product> 			<ProductID>1009130</ProductID> 			<HasFullText>true</HasFullText> 		</Product> 		<Product> 			<ProductID>10000001</ProductID> 			<HasFullText>true</HasFullText> 		</Product> 		<Product> 			<ProductID>10000297</ProductID> 			<HasFullText>true</HasFullText> 		</Product> 	</Products> 	<Terms> 		<FlexTerm> 			<FlexTermName>DerivedSubject</FlexTermName> 			<FlexTermValue>ENGLISH LITERATURE - 19th Century</FlexTermValue> 		</FlexTerm> 		<FlexTerm> 			<FlexTermName>DerivedSubject</FlexTermName> 			<FlexTermValue>POLITCS AND GOVERNMENT 1800-1837</FlexTermValue> 		</FlexTerm> 		<FlexTerm> 			<FlexTermName>DerivedSubject</FlexTermName> 			<FlexTermValue>POLITICS AND GOVERNMENT 1837-1900</FlexTermValue> 		</FlexTerm> 	</Terms> 	<FullText>ON THE LIMITS OF THE SPAN IN BRIDGE BUILDING. MR. EDITOR, IT may seem a bold attempt to point out the limits which cannot be gone beyond with safety in the span of a bridge; but in reality the question is not a difficult one; at least it is not difficult to arrive at an approximate result which is near enough the truth for any practical purpose. When a bridge is constructed in the best manner possible, that is, when there is a maximum of strength with a minimum of mnaterials, it is obvious the span that can. be accomplished will be the the greatest possible. Let us suppose, then, that the art of bridge building has arrived at this degree of perfection, and that the greatest load that can be trusted with safety on the material is known. It only remains to show, by the principles of mechanics, the extent to which a perfect structure mayt be carried; which may either give confidence to the supporters of bold schemes, or caution them what to avoid. Bridges inay be divided into two kinds; viz. those designs wvbich employ the force with which materials resist compression; and those which depend on the resistance to tension: and the construction is more or less perfect in proportion as it reduces all strains to the one, of these, (Jr introduces parts where both the extending and compressing forces are employed. Now it is found by experimnent, that the resistance of materials to either compression or extension is nearly as the area of the surface compressed or extended; but the weight is as the cubic content of the material: and whatever way be the area of the surface compressed, there is a certain height of the same material that would crush it; and also, if a prism of any material were suspended by its end, and its length was greater than a certain length, it would be pulled asunder by its own weight. Let h be the height of aIn equable column that could just be supported by its base, y = half the span of the arch, and .r = the rise. Then the weight of the roadway, and framing of a bridge of iron, being nearly uniforinlv diffused, the curve of equilibrium which should pass through the middle of the depth of the supporting framing should be a parabola; and, from the nature of the curve, the pressure propagated through the framing will be every where as Y. and consequently, greatest at the abutments. And when this pressure becomes equal to the resisting force of the material,theframingwill only just support its own wveight. In this ease it will be, h =-2, which is wholly independent of the dimensions of the material employed. But, in a parabola, k is equal to the 2x radius of curvature at the vertex; and as the rise of a bridge cannot be great, the curvature will be sensibly uniform : Consequently, 1h== =the radius of curvature. Let the ratio of the weight of the framing, to the weight of the roadway, be as 1: ii. Then hl=(n+I)r, or r n+ And from this simple formula the least rise that can be given to an arch may be found when the span is known. This formula applies equally to both kinds of construction; onlyin the one case, h must he a measure of the cohesive strength of the material, and in the other, of the resistance to crushing. Wrought, or Malleable Iron Bridges, on the principle of Suspension. In stating the cohesive force of a material we ouglht not to take its utmo&amp;quot;;t force; and, according to mv own opinion, it should not be stated at a higher degree than tuat which produces a perUlanent alteration in the structure of the material. Assuming this opinion to I be corrects the load upon a square inch of malleable iron should not exceed 14,000lbs. I am not aware that any experiments have been made directly on this subject, that is, to ascertain the pressure or tension that produces a permanent change in the structure of the material. But an experiment, given in Mr. Barlow&amp;apos;s Essay on the strength of materials, indicates that the value above a sumed is somewhat higher than it ought to be taken at. According to this experiment, a cylindrical bar of iron, 2 inches in diameter, loaded with 45 tons, stretched l-lOth of an inch in 12 inches, and when the machine was relieved] only recovered 1-40th of an inch).1 Now it is evident that a permanent chiange had been produced by the action of this weight, and it also would appear, fromn observations that have been made on ductile bodies, that the weight that would produce the extension of 1-40th of an inch is as much as malleable iron will bear without alteration. Accordingly, the strain on a square inch should not exceed 8,O&amp;apos;0lbs. But taking 14,OOibs. as the value of the strain that should not be exceeded, and the specific gravity 7-6, we have ha4,242 feet; also taking the value of n= 1I5, which will not be too low a value for large spans. Then __4242 n+I- 2-5 =1697 feet = r, the radius of curvature. Consequently, in a bridge of 1,090 feet span, the points of suspension should be about 74 feet above the lowest point of the curve. The equation h=Lq shows that the 2a, strain is greatest at the abutment, or suspending point; and from the nature of the curve h= , a being the angle sin, a which the tangent of the curve forms with the horizon at the abutment. Hence, sin. a=-Y. and tan. aoy =X. h, 2 Consequently, when a=45$, h=y, and 2 Also, when the span is 1,000 feet, and n=2.5, sin. a=2 -- =295, and Y tan. a =7-72 feet, nearly the same as before. * Essay on the Streflgth of Timber, &amp;amp;c. p. 230. In a cast iron bridge, on the principle of suspension, ;ussumfing the value of h, so that the strain initv be equ-al to onefourth of its cohesive force, we hlave hy the experiments of Mr. G. Rteinnie 4$i4Ib.s. for the strainx upon a square inch,? and h is ne;irlv = 1,457 feet. And an arch of 1,%IK feet span should be suspended from points 214 feet above the lowest point of the curve. Bridge on the principle of Compression. According to Mr. Rennie&amp;apos;s experiments, it required 9,773fbs. to crush a cube of cast iron, the side of which was * of an iunchl.-t And on the suupposition that it is exposed to 1-4th of this pressure in the construction of a bridIcre then wve have h = 12,216 feet nearlv. Therefore, in an arch of 1,00 feet apan, a 26 feet rise would be sufficient. IFromn some experiments made by Ilondelet on the strength of wrought iron to resist cruslhing, the strength of a stqiare inch is 37,1iOWI-. ;* and the value of /, equivalent to 14th of this pressurre, is 2,0)3 feet. Antd an arch of 1,000 feet span should rise nearly 11 2 feet. Now having calculated the rise for the saine spant, for cast and malleable iron brid(ges, designed on different principles, it affords us the means of com. parinr thke fitness of these materials for dliflerenit species of construction - which the followving arrangement exhibits at one view : Material, Kind of conistruction that Versed sine to chord enmploys the force of of 1,000 teet. Cast Iron Compression 26 feet. Malleable Iron . Tension . . . . . 74 feet. Malleable Iron . Compression . . . 1 12 feet. Cast Iron . . . Extension . . . 214 feet. THOMAs TREDGOLD. 20, BentSiick strect, Nov. 30, 1818.</FullText> </Record>