<?xml version="1.0" encoding="UTF-8"?>
<Record> 	<Version>Record_v1.0.xsd</Version> 	<RecordID>4396278</RecordID> 	<DateTimeStamp>20180928135238</DateTimeStamp> 	<ActionCode>change</ActionCode> 	<RecordTitle>AGRICULTURAL REPORT.</RecordTitle> 	<Publication> 		<PublicationID>3084</PublicationID> 		<Title>The New monthly magazine and literary journal, Jan. 1821-Dec. 1836</Title> 		<Qualifier>London</Qualifier> 	</Publication> 	<Publisher>E.W.Allen; Chapman and Hall; Henry Colburn; Henry Colburn and Richard Bentley; Adams and Francis.</Publisher> 	<Volume>6</Volume> 	<Issue>14</Issue> 	<AlphaPubDate>Feb 1822</AlphaPubDate> 	<NumericPubDate>18220201</NumericPubDate> 	<SourceType>Historical Periodicals</SourceType> 	<ObjectType>General Information</ObjectType> 	<Contributor> 		<ContribRole>Editor</ContribRole> 		<LastName>Campbell</LastName> 		<FirstName>Thomas</FirstName> 		<PersonName>Thomas Campbell</PersonName> 		<OriginalForm>Campbell, Thomas</OriginalForm> 	</Contributor> 	<LanguageCode>ENG</LanguageCode> 	<ISSN>2043-5193</ISSN> 	<ISSN>2043-5169</ISSN> 	<StartPage>79</StartPage> 	<EndPage>80</EndPage> 	<Pagination>79-80</Pagination> 	<URLDocView>http://search.proquest.com/docview/4396278/</URLDocView> 	<Products> 		<Product> 			<ProductID>1007574</ProductID> 			<HasFullText>true</HasFullText> 		</Product> 		<Product> 			<ProductID>1009130</ProductID> 			<HasFullText>true</HasFullText> 		</Product> 		<Product> 			<ProductID>10000001</ProductID> 			<HasFullText>true</HasFullText> 		</Product> 		<Product> 			<ProductID>10000297</ProductID> 			<HasFullText>true</HasFullText> 		</Product> 	</Products> 	<Terms> 		<FlexTerm> 			<FlexTermName>DerivedSubject</FlexTermName> 			<FlexTermValue>ENGLISH LITERATURE - 19th Century</FlexTermValue> 		</FlexTerm> 		<FlexTerm> 			<FlexTermName>DerivedSubject</FlexTermName> 			<FlexTermValue>POLITCS AND GOVERNMENT 1800-1837</FlexTermValue> 		</FlexTerm> 		<FlexTerm> 			<FlexTermName>DerivedSubject</FlexTermName> 			<FlexTermValue>POLITICS AND GOVERNMENT 1837-1900</FlexTermValue> 		</FlexTerm> 	</Terms> 	<FullText>AGRICULTURAL REPORT. Titis season of the year rarely affords much novelty in agricultural concerns, and the uniformity of the present winter contracts even the few remarks we have to offer to little more than a repetition of our last report. We are happy to state that the growing crops have sustained no material injury from the late heavy rains, which, although accumulated to floods in swampy situations, subsided rapidly, and with a few exceptions, were unattended with any serious disadvantages. An excess of moisture, however, in the winter months is not esteemed beneficial to the farmer, or conducive to the improvement of grazing stock, either as regards their health or the quality of theirfood, and the effects have been severely felt by flockmasters in the dropping of their sheep. Meetings have taken place in the several counties to elicit the cause of the present agricultural distress, which seems to resolve itself into three heads-unlimited importation; cash payments, and unequal taxation. With regard to the former, it appears certain that no very material alteration will be made in the corn laws, nor do we believe it necessary except perhaps in one Instance, unless at were confined to the prohibiting importation entirely whenever K given quantity of foreign grain (say 500,000 qrs.) is warehoused under the king&amp;apos;s locks. W*th reference to the second evil, it seems to be admitted on all hands that however impolitic the passing of what is usually denominated Mr. Peel&amp;apos;s Bill, was deemed to have been in the first instance, its repeal now is neither to be expected nor desired; consequently the last position, combined with ai reduction of rent and tithes, is the dernier resort; and the burden of the many petitions which will in all probability be presented to Parliament in the ensuing session, will have for their object a remission of a portion of the ditty on malt. Now it is evident that the abatement of a few pounds sterling annually, which farmers would individually obtain by a remission of the inalt-duty, is not in itself a matter of much moment; but it would lead to the only natural and efective remedy which the exigencies of the present period require, namely an increased consumption. All clauses would partake more largely of that wholesome beverage home-brewed beer ; and the farmer himself would, it is hoped, return to the ancient and salutary practice of giving beer to his labourer., a practice he was induced to discontinue from the disparity in the relative prices of malt and barley. We are the more urgent on this head, from a conviction of the benefit that must result from it. Dr. Colquboun estimated the agricultural population at 5,500,000 persons, and it is probable that thme number is since considerably increased; now, admitting that each person consumed (as was formerly the cae) four bushels of malt per annum, it would amount to 2,750,000 qrs. whereas we ap- Prehend that the consumption by the ngricultturnl population sloes not ntow rvich 500,000 qvitirters annually, leaving n deficiency in that d(eprtmei;t alone of 2,250,000 qrs. or more than double the arcrage excess of imnp)ortatitm (grain of ev&amp;apos;cry description included) tor ten years previons to 181:i, which was 1,025,517 quarters.</FullText> </Record>