<?xml version="1.0" encoding="UTF-8"?>
<Record> 	<Version>Record_v1.0.xsd</Version> 	<RecordID>4402438</RecordID> 	<DateTimeStamp>20180928135238</DateTimeStamp> 	<ActionCode>change</ActionCode> 	<RecordTitle>THE LAUREL BRANCH.</RecordTitle> 	<Publication> 		<PublicationID>3084</PublicationID> 		<Title>The New monthly magazine and literary journal, Jan. 1821-Dec. 1836</Title> 		<Qualifier>London</Qualifier> 	</Publication> 	<Publisher>E.W.Allen; Chapman and Hall; Henry Colburn; Henry Colburn and Richard Bentley; Adams and Francis.</Publisher> 	<Volume>26</Volume> 	<Issue>103</Issue> 	<AlphaPubDate>Jul 1829</AlphaPubDate> 	<NumericPubDate>18290701</NumericPubDate> 	<SourceType>Historical Periodicals</SourceType> 	<ObjectType>Poem</ObjectType> 	<Contributor> 		<ContribRole>Author</ContribRole> 		<OriginalForm>M A</OriginalForm> 	</Contributor> 	<Contributor> 		<ContribRole>Editor</ContribRole> 		<LastName>Campbell</LastName> 		<FirstName>Thomas</FirstName> 		<PersonName>Thomas Campbell</PersonName> 		<OriginalForm>Campbell, Thomas</OriginalForm> 	</Contributor> 	<LanguageCode>ENG</LanguageCode> 	<ISSN>2043-5193</ISSN> 	<ISSN>2043-5169</ISSN> 	<StartPage>106</StartPage> 	<EndPage>106</EndPage> 	<Pagination>106-106</Pagination> 	<URLDocView>http://search.proquest.com/docview/4402438/</URLDocView> 	<Products> 		<Product> 			<ProductID>1007574</ProductID> 			<HasFullText>true</HasFullText> 		</Product> 		<Product> 			<ProductID>1009130</ProductID> 			<HasFullText>true</HasFullText> 		</Product> 		<Product> 			<ProductID>10000001</ProductID> 			<HasFullText>true</HasFullText> 		</Product> 		<Product> 			<ProductID>10000297</ProductID> 			<HasFullText>true</HasFullText> 		</Product> 	</Products> 	<Terms> 		<FlexTerm> 			<FlexTermName>DerivedSubject</FlexTermName> 			<FlexTermValue>ENGLISH LITERATURE - 19th Century</FlexTermValue> 		</FlexTerm> 		<FlexTerm> 			<FlexTermName>DerivedSubject</FlexTermName> 			<FlexTermValue>POLITCS AND GOVERNMENT 1800-1837</FlexTermValue> 		</FlexTerm> 		<FlexTerm> 			<FlexTermName>DerivedSubject</FlexTermName> 			<FlexTermValue>POLITICS AND GOVERNMENT 1837-1900</FlexTermValue> 		</FlexTerm> 	</Terms> 	<FullText>Till,,&amp;apos;$ AUREL BR A N (&amp;apos;II. IA IK K this branch of the laurel tree, Vell may its leaves thy portion be; l)oes not their emerald b&amp;apos;rightniess tell Of the dazzlinig Scenes thon low&amp;apos;st so well ? I )ost thou not think of the taper&amp;apos;s blaze, And the vaultedl (lome, anid the voice of praise? D)earest, the gift thou mav&amp;apos;st l)roudly claim, &amp;quot;l&amp;apos;is the Ieled of talent, the crown of fame. )eem me not vain, if I also see In this fadeless laurel a type of me; Like it, my love has through storm and ill Smiled on in its lonely verdure still. Short is the reign of the summer flowers, Frail are the friendships of prosperous hours; But wintry tempests, and worldly grief, (Can change not love, or the laurel leaf. M A.</FullText> </Record>