<?xml version="1.0" encoding="UTF-8"?>
<Record> 	<Version>Record_v1.0.xsd</Version> 	<RecordID>4402479</RecordID> 	<DateTimeStamp>20180928135242</DateTimeStamp> 	<ActionCode>change</ActionCode> 	<RecordTitle>COMMERCIAL AND MONEY-MARKET REPORT.</RecordTitle> 	<Publication> 		<PublicationID>3084</PublicationID> 		<Title>The New monthly magazine and literary journal, Jan. 1821-Dec. 1836</Title> 		<Qualifier>London</Qualifier> 	</Publication> 	<Publisher>E.W.Allen; Chapman and Hall; Henry Colburn; Henry Colburn and Richard Bentley; Adams and Francis.</Publisher> 	<Volume>27</Volume> 	<Issue>101</Issue> 	<AlphaPubDate>May 1829</AlphaPubDate> 	<NumericPubDate>18290501</NumericPubDate> 	<SourceType>Historical Periodicals</SourceType> 	<ObjectType>General Information</ObjectType> 	<Contributor> 		<ContribRole>Editor</ContribRole> 		<LastName>Campbell</LastName> 		<FirstName>Thomas</FirstName> 		<PersonName>Thomas Campbell</PersonName> 		<OriginalForm>Campbell, Thomas</OriginalForm> 	</Contributor> 	<LanguageCode>ENG</LanguageCode> 	<ISSN>2043-5193</ISSN> 	<ISSN>2043-5169</ISSN> 	<StartPage>230</StartPage> 	<EndPage>232</EndPage> 	<Pagination>230-232</Pagination> 	<URLDocView>http://search.proquest.com/docview/4402479/</URLDocView> 	<Products> 		<Product> 			<ProductID>1007574</ProductID> 			<HasFullText>true</HasFullText> 		</Product> 		<Product> 			<ProductID>1009130</ProductID> 			<HasFullText>true</HasFullText> 		</Product> 		<Product> 			<ProductID>10000001</ProductID> 			<HasFullText>true</HasFullText> 		</Product> 		<Product> 			<ProductID>10000297</ProductID> 			<HasFullText>true</HasFullText> 		</Product> 	</Products> 	<Terms> 		<FlexTerm> 			<FlexTermName>DerivedSubject</FlexTermName> 			<FlexTermValue>ENGLISH LITERATURE - 19th Century</FlexTermValue> 		</FlexTerm> 		<FlexTerm> 			<FlexTermName>DerivedSubject</FlexTermName> 			<FlexTermValue>POLITCS AND GOVERNMENT 1800-1837</FlexTermValue> 		</FlexTerm> 		<FlexTerm> 			<FlexTermName>DerivedSubject</FlexTermName> 			<FlexTermValue>POLITICS AND GOVERNMENT 1837-1900</FlexTermValue> 		</FlexTerm> 	</Terms> 	<FullText>N )M M ERC&amp;apos; I ANI) O( )NEYlAItRKE&amp;amp;T REPORTI. Aet no the&amp;apos; il Aitll&amp;apos;i 01 1i.e imctti ,i14i1tit i splwartm- ii icl l II III , i It!, i amid~r~ inaitm ac .^1 ,lii ccc~Ii|i&amp;apos;l wb .c the .ctIeir ba.&amp;apos;vLe. j au i I Sirll *II ,Ir I , l t .J4114 \ 18 III.0 Ow 116Z81 T*1 I Di)iet, ec .tl,.ccei - ,t, cilk .miicll 44 qetlct %%4-.tt 1% ;11ia Kl-Il ci t * I t. t&amp;apos;- to it&amp;apos; 1111i4lll l ia . ll izl L t&amp;apos; t t%441t :Irne e eg t, .*tll It .cll tit l &amp;quot;&amp;quot;&amp;quot;&amp;quot;!&amp;quot;&amp;quot;% lilt lit &amp;apos;4iilt . i OkiI&amp;apos; %li I1 lel, AlI&amp;apos; tlht 11g. 011l Solit4ell C Of flit t&amp;apos; II j Abli i hat c&amp;apos; 1ijic41 l&amp;apos;41 i &amp;apos; l c ct&amp;apos;c i *&amp;gt;tt etiti imIilL; pIII i .leal li l. It it IIIic ecitlt t t1cl i.&amp;apos;t tim l1ee rcm; i t&amp;apos;tl&amp;apos;tt! lcd tIhcte. r&amp;apos; 11c it l~I&amp;apos;t&amp;apos;&amp;quot;- tlt, cu114 c4lcimtbltwe tit&amp;apos; lt l% i t &amp;quot;t C011 s&amp;apos; j 11.4 &amp;quot;II &amp;quot;llch h. 1% Ar-11% br it ;,, ItAltI --, If$ 14t1 Will,&amp;apos; %tIL . d im t l iii, it&amp;apos;,1, 4416ac ll,.Zce cii tillc 1.hii, cta 4 . 11 1 t114 1 C li tut i it&amp;apos;, i &amp;apos; litts itle; ;1 &amp;apos; Ictwtabillla.ScIc lt.1 healt ill it&amp;apos;Iltylit tlit* lilt c81 l &amp;apos; (it 1.er1t)t e c, % t I pro I- 1 11m4 itt c Il t q &amp;apos;&amp;apos; III et111 IvI etce&amp;apos;lur, ji. ith hin ha.&amp;apos; li~cl icc** gtlt&amp;apos;lit 1&amp;apos;c~kc&amp;apos; cttilc Iccl lii eec&amp;apos;t &amp;quot; ut&amp;apos;li 1art ulte c&amp;apos;-lo 4&amp;apos;401 Tlt&amp;apos;ict, c.;141 a e4&amp;apos;1111114e4t&amp;apos; thtei .itI ll, 1lt int4 . a ,,,. as lit% mick l t,&amp;apos;c it&amp;apos;1 flit- l atre&amp;quot;n ; cr a a latePh itWutIlrl aic&amp;apos; ttitleiccirc it 11an, 4 lai, ccl 1 ,It ah it&amp;apos; IiIIIIII it , , I lto Ice c mhiI a&amp;apos;rtm m; t tsel . It&amp;apos;a% 1% .c- i licIt mi. II *t&amp;apos;it- i * t tilt mcho-, it tr1 e tIct u till&amp;apos;et lte An&amp;apos;, t81&amp;apos;tctclcr ilit &amp;apos;eit&amp;apos;ci, 11t,1 I &amp;apos; lcm&amp;apos;tem.9 sil h *l itfl laillit t ic ii&amp;apos; l tel 1tlie&amp;apos;1 1 emlit&amp;apos; 4-1a&amp;apos;&amp;apos; It ice! J11tule&amp;apos; wiim&amp;apos;tt re ilii&amp;apos;Cltl iltatei helt&amp;apos; 1&amp;apos;.t&amp;apos; pi. *laIrtWlil t&amp;apos; fillct&amp;apos;ll c thii&amp;apos;ile h t4it , i4 l it &amp;apos; &amp;apos;t&amp;apos; i t et M11*errul ,m i ieuir lmt&amp;apos;i diw c-Immii ht ul Im tc cllt ;1.&amp;apos;a 41I Of I lit&amp;apos;; lit i ll. lit W0ccl 11t4- i it 5J l h &amp;apos;&amp;apos; :11 1ll th illiz&amp;apos; 4ra &amp;apos; . 11miits ie 1e i t&amp;apos;i&amp;apos;li I t is&amp;apos;e rett1l1 c&amp;apos;I i tel 4,1 an (i t 1 h) Z Ix -llz alld --, i I 4 |1 !Aalla ; I&amp;quot; l il tr&amp;apos;edr, mvii mi lit, irul c cto itlrin t cec*.4pItA i!r, ,lt i&amp;apos;tij chmkol&amp;apos; h. el4s %iii am- c Ipmilli *t1e lil&amp;quot;t&amp;apos; ! Alu &amp;apos; f it&amp;apos;e jw&amp;apos;NIh-it tel&amp;apos; jwrscctial. nTih iitt&amp;apos;nji ilia kin (lIlt *t c *i cil11., flit&amp;apos;, li1, ill 1.41 tljr11c&amp;apos; tt mi otl U li 1a nthato t, la.&amp;apos; iI 4indtrou c icl ttq tt&amp;apos; l 41te e t A4,4iiticli li h-ar !i tct&amp;apos; lllt i aI It Itt IIIit&amp;apos; u. A * t I I latr (lit*t v vltv 4 o;u|mi^ r;timi ilt In thvm poxil-. I&amp;quot; rootl! s ml11&amp;apos;11 llt,% Ic%%(.II 4t111 t&amp;apos; *&amp;apos;at. Iua rl,(t-ci tot&amp;apos;zll tl&amp;apos; 11 &amp;apos; It1 t r tit&amp;apos;he&amp;apos; til n jl jsb 11114g&amp;apos;s 1ci hii ii atlijc&amp;apos;l Ill41tr IlIP;1 1 .n11l a hIAlt lx l * c nl. 1111ttW1Z -S. ;In141 lilt, it !has4 aircsari.11IIXlmas, tooined. %% lll&amp;apos; ! art .E&amp;apos;11&amp;quot; &amp;apos;Il&amp;apos; In th&amp;apos;;I Ib~cnclcen.M uuaakrt ;til11Inicttn p(rtcular? hInt cururr- tiriiicsi ib. nacamtoh Kito iil.thrtipl or Itipt&amp;apos; 14i Ak at lth. &amp;apos;ii iiimir equtdo, for aflrwrc orch&amp;apos;im) c. bout- n th ni I t l evl&amp;apos;rs 111a time&amp;apos; muc*er. aTh&amp;apos; cjilsicd tc&amp;apos; di;tvar, tr * l s ti ti Atltc c&amp;apos;alllv m i rthe oic tha&amp;apos;k that tint&amp;apos;litilk ituitiptriach vlasl ;t-st siaho, tmit ces t l i Isil 11ch heardl of I&amp;apos;Att*; alm1 41z1tlbile s. it furs., in no sm&amp;apos;Ill dIevi &amp;apos;t, itec.v .al the eiiuharras.iiiac lit` *fnes lir h. thr amid lull nhecircutlaaton re litle it has netresarilh *(wras;ione&amp;apos;. In tt e on the inrrk . csl&amp;apos; ni ghlltn, p rlicidia ur hi AboutS dlurineg aut tao&amp;apos;rcttl ti interrupt rtr icle xa t&amp;apos;4 nin t rccurtp cir tof busint lis. !&amp;apos;Ihi&amp;apos; ii wrnl rathurketk at thb n-irllning, heut andl rwi ri) irrvi;tlea. Ablt to keep p f w lste mtlhc&amp;apos;r. A ruelsupIotis )1. divprit, kimln tati lqnall1tivii orcot ha1 thc mal&amp;apos;.Irk .%nd im-I A 1h rrSx{1! xallv iti a s)iAll ad4oictl} *)f I w ;r . In Muitem mlotl i. ii jl} iIrlicil.-I4r. imiIh| bu11.1 twswsdnr mis I &amp;apos;tall 0b Mul ir X* Xrad til) obt tainod.4 *n last 3rriurl ti1taul ir tiks Ilse ml.arkv had ftll wnth f&amp;apos;r a iniriar than thltmiA1 Itee 1wrt lera, tirf &amp;quot;idot% am^ siwkK alequalt, to, llt 414,1II1lUd1 Abamt l_ Ubh1i. atll tivirces of 1l|{ articleX vtr of in The Vo?mer of the mo}llit. Th e mfilX4 m1al kt-1 has bee Senermll) h]a ,% awl by tlt~ mrll is abe to kep uP with ihr A&amp;quot;Tr.. r-lcion 4EU*11 pri &amp;quot; is tht qul~lit) ,.t gtomsl hAPF Itwtirll ill rach &amp;apos;* 11 ta$ li (.r succeig mrrkti%. Dir Cof. tot nmkrft That *th. nilxvs litl %hi,11, bvirti -t~r, I, ia &amp;gt;k , . bitint - I riving been almo&amp;apos;st %%Ifll% *- iitii t&amp;apos;l t, tl&amp;apos;llmvetimls for tflt&amp;apos; home&amp;apos; C&amp;apos;iilli, v thm. P&amp;apos;ict .,. witrv .&amp;apos;Xe r, &amp;apos;er&amp;apos; gtene&amp;apos;rall)y ell lmain Ijt IiII, ;iltl mtock ;11tliti;anit. III Iit&amp;apos; litlilgo Iarket ltr&amp;apos; It as soarv&amp;apos;t&amp;apos;ly ay thing dlone ii thle ti:rly Ilirt of tle iieoitlh, owill, to thle, expectation o,, tilt, l&amp;apos;t.t Intlit 1tolnlpliay&amp;apos;i male, %viit&amp;apos;l had beenfli xI 1e.t f&amp;apos;or tilte 11th. andl for %which thet&amp;apos; q~u;ntitl&amp;apos; uif lUM4p .ht-t1 0 of %arititis (Ildlltit&amp;apos;s hald beetI (tielterel. 1&amp;apos;he&amp;apos; At-i&amp;apos;, in filtl, took pXll&amp;apos;We; Rt tlhe C(Illilt&amp;apos;nce. lent it vas It V Iitiy Liid, and there was 1)[1m a sqanltv attendane&amp;apos;e of btuye&amp;apos;s. It %vent o)t lather i&amp;apos;.evailN un1til it &amp;apos;21st. tin1 thlt- morning of shi &amp;apos; it terill&amp;apos;iated. The -h1olh&amp;apos; of thit I104h1 clIe&amp;apos;Sts pa;set&amp;apos;e for s:,l, ,th ,o ls bt&amp;apos;iii- t&amp;apos;ed viry low. slioiit Ifit) ,-1,e&amp;apos;s, hiobte~ , I&amp;apos;ter&amp;apos; hieiut*.li iii ; gt.eii.r: liv 1iit m:i1, w tnt otl at a ltl lietition of folml 3d. to Ii. Ill TIe&amp;apos;;t&amp;quot; Ithe hi h| i i l little (loilig iii 111o15? lt&amp;apos;}|;|! 8t&amp;apos;t&amp;apos;l il}rl~lt 1&amp;apos;101.11-i .t Il r4 tl1 r - &amp;apos;Sts, 1|liligq% heim in o ,cat dii i( at at a rafft.er alva liceit llui&amp;apos;e. &amp;apos;&amp;apos;1. Emm.&amp;gt; Intal~ Compally&amp;gt;1) have~ ti\v1It til,, 1.s of&amp;apos; Junt&amp;apos; 1cr thir ili utt tea sale, otil w-hich oc*i&amp;apos;dioit thi&amp;apos; tfollt l will hei put ulp) Itolav 11, 250,00o lbs4. (&amp;apos;olIwoll, C&amp;apos;am poi, Solichong, a1,d Pekoe&amp;apos;, 5,&amp;apos;24W),00 lb-A. ; &amp;apos;l&amp;apos;Twatik;y aset II% son 1skili, 11,1f00A ) lhs. ; l son &amp;apos;250,0001hbs. The aNtle Comhi;ian have&amp;apos; likewvise given notice thmt their suilphut silt&amp;apos; mill take place on thi&amp;apos; 121f * of May next. IhOnll 400 t0IVs 1haVe hieul thins tar (leclare&amp;apos;d for A l;er ~ta ke fit Spiect&amp;apos; t took plave &amp;apos;e thll l3th. for tlit at&amp;apos;cotoiltft of lt&amp;apos; (Ct btl C.oternlnvill:; it tnt oft It i briskly titan tilt&amp;apos; to previous qiiaurtcly s.e1v. 1 There were 10010 bales, Auild 250 c&amp;apos;hests of&amp;apos; ciii ii:i on o&amp;apos; v:lriotl, (Itialiti es, VOW bags East 1In*iit viltig&amp;apos;l, aunt 70 bimat, black and white ptuppcr, .tq I 11 |a 41ttm paercls of nutme- andI sapgo. Fair ricvs &amp;apos;ert, obtaeiln for the wi hile. &amp;apos;t&amp;apos;hi&amp;apos;le&amp;apos; ha ; t&amp;apos;i&amp;apos;1i1 mior&amp;apos;e dIli&amp;apos;mandm tutua lu 1al in thil &amp;apos;omit&amp;apos; &amp;apos;&amp;apos;I tilt IlZilathi in Jamaica ruim for home t(&amp;apos;tllil lhtiolt, andI 4 misidlerable s.iakes, at rateitr high Ill iCv., h;a\ te Co11iM&amp;apos;uiTltit IN t 1t1 i olt-cted. Lattvdrh, cvt m er, the&amp;apos; Olittti it*t stocwk having hne t^llpI)lied, and ituthinui laving he&amp;apos;e&amp;apos;ti required for x Itprtatoin, the ltitcle 1tll agaill, and little&amp;apos; is dlo ing in it at priesilt. Blrandivsi have maintainted :zood price&amp;apos;s, but tlae&amp;apos; hlave not hvi&amp;apos;n in tery great mquiitistioin, and litltle&amp;apos; Na dlone. lia ItatI proiltice t1 vxtr&amp;apos;lolid l&amp;apos; sha.tre if buh sint&amp;apos;ss hi.es bvi&amp;apos;&amp;apos; dine, ;and paic&amp;apos;s were&amp;apos; generally tl, same. as ill tfi. pri&amp;apos;,Ce&amp;apos;ling mltnth. The de&amp;apos;livir *t fI&amp;apos;allow i&amp;apos; cton-,itre&amp;apos;d to) h.tve livte s1,a11, Anat ht&amp;apos; stock 1tti is, tilt refore, about 15,0oo casks. The price of tlais atticke has vi&amp;apos;rie&amp;apos;d front 38s. to 3S, . 3d1. uwr civt . The Cotton Nat kit was in a t try depre-ssed11 Ptate at the&amp;apos; htzilllillg of tile imiutlt ; no fall il iirite&amp;apos;es tlt)k place&amp;apos;, not witllstanfling the inactivity. t p tt flit&amp;apos; 1 *tf i April, tai&amp;apos;t e&amp;apos;liverits of cotton m rt&amp;apos;r&amp;apos; about i;,(O) halt&amp;apos;s 1&amp;apos;ss thein in thle corrvsPonlling three iontlias of thi Ieat year ; th&amp;apos; arritali abult 25,000 bait-s more&amp;apos; ; the stock renimined nearly the&amp;apos; sami. Tm.%tarnls tile litter part of the month moiw revival toozk place in this narkert, in Ciuiloe&amp;apos;quo&amp;apos;ice&amp;apos; of adilt ac i&amp;apos;&amp;apos;e&amp;apos;rted ft in &amp;lt;mine of the nmanufactuiling di stricts,n&amp;apos;pre&amp;apos;senting that improt ed state of nuinufrctur&amp;apos;s which the exigencies of&amp;apos; thl Spring trale are always sure to produce, hoeiver sitht in their nature. This Intelligence .id iiino. indeed, rais prices, but some purchases were mitde on it; these were Ialmost.1 illliniltdi;ately ftill(Wedl N1&amp;gt; otders oft inuchl gie43r o&amp;apos;tJelquteliemee, ii;qde&amp;apos; &amp;apos;.1141)4&amp;apos; 44 111p)l4 lit.ll 41 1 44 &amp;apos; 4h i &amp;apos;s fi (i C litll % 14 .l f&amp;apos; II jI&amp;apos;I t1 . itl utlw av trill tilti- et IIIj ie l Oit ill. a r i i &amp;apos; ii tliet ,,arket-1 1i&amp;apos; iid j844&amp;apos;&amp;gt; lii, 1114&amp;apos;i&amp;apos; 4jlf .Iti&amp;apos; ii&amp;apos; w*11;t ,4l; ,,4. 1 it -itl,4&amp;apos;4 lt Itl i4 ii, 1 h&amp;apos; lit ii ;ll , &amp;apos;i lt IoI * j N&amp;apos; bt&amp;apos; tC i, i &amp;apos;lt &amp;apos; Ut hit&amp;apos; 41 lie ly 41 &amp;quot;t i i PI t.t&amp;apos;i. t a rri ls i ;t% &amp;apos;t 1)4&amp;apos;t&amp;apos;ii t 1) ic4 )1114.1&amp;apos; l t&amp;apos; iC 51 4)4 ll, 3 S ;lt i til &amp;apos;t&amp;apos; o ulsu m iIl% 14)11 1t ;t tii1. , oillt &amp;apos; s r 1 t1 ll1a 11ir ;11it imahit&amp;apos;s hoiw imericai 1c111ti West In. 4114&amp;apos;O st)1|l&amp;apos;&amp;apos; i 1;tt. Y &amp;apos;41.111114&amp;apos;1 &amp;quot; tll 14-t-t ! illcrv~ls tot the. 41,l110 4)11 vnl. Q~ .Il.l iii&amp;apos;! the C4)iii 4&amp;apos; tf ;th out ra l ii -i Th ha vi 4l s tot, &amp;apos; I tI ha ve 1 l t I I a Cm; iit&amp;apos;,4 II th 1 1 1Sbit jiiii &amp;apos; i41o1 3 2pIt~t4&amp;apos;i&amp;apos;s, (of1 MaraLis Li. ())0 &amp;apos;i&amp;apos;tll 4 y lo 1,11l4.11 11 i arkn4ivls 1rl) 11 t11t Some tillht&amp;apos;, l&amp;quot;lie t;Iie I 4t tt(&amp;apos; aA tilt&amp;apos; (&amp;apos;(111411111)ti~li tif tilfl &amp;apos;~i t s&amp;apos; gr stoitl hav ;t ail thine herle, io ste t1 .s lo t ;it&amp;apos; .1llj4)i, 4v) trjly i; preopo rtion as Ilet 4)5 I 11454 tilsti,iS Olill&amp;apos;*it 441f thaluiies of trlivehI itg VluI ll Zl t st ltthem* has hicreaz;se. Itl ti1(h v 4oh1&amp;apos;r 4 if tilt 14)11b1h g4lli&amp;apos; l |;si&amp;amp;;lver .,hc Ii4% gr:.ttoi i iii bt-l tof eibulieil t 4 tilti i jilt; ,1 blillill ltihE.&amp;apos; b elli made thi l lr t Ml 4iilt&amp;apos; lillht , &amp;apos;I&amp;apos;lle regusla ef4 Rot141 hillls 11(t thell ila 1li lt&amp;apos;1 Iirl 4 plhltbr &amp;apos;1l&amp;apos;, and Calais aft Powint ole flt &amp;quot;a tln bai-kation. 1.&amp;apos;1zb I II~ Ih;,( &amp;apos;t&amp;apos; &amp;apos;\ltlt iliolb4V l C S hvtri bn vin*leauie there r i hn bt 1 -isprt itu 1is Its la 1,4) I(} PI&amp;apos;: A ; ti1C t&amp;apos;XCe.^i4SVe Ofill 41 Il~t&amp;quot;44- llZ, f~litihorlt&amp;apos;s 4) the pDictaviue, 311 vi-ijiCICA54 oe~ 01141|15 11.&amp;apos; liii l1Xtisji a&amp;apos;liy. Irt flis a vtbhi 114) 314)*;rily rull~t.-n-de their arrivail ly severa;l holxli.s. gttl*,t&amp;apos; kiit~~ a ntityis &amp;quot;) bolil &amp;quot;0111 ;&amp;apos;tie silvtr hisai 1it Pl4)-&amp;apos;11 &amp;apos; St ri u&amp;apos;rhy &amp;apos;11)41 at Im &amp;apos;setlilItmyt the u tit, as t: i .t&amp;apos;r . litr l 11.11,1l th I Oltomn 1.1.1 pI~t&amp;apos;IIi~tle, I(utch duo111111&amp;apos;a&amp;apos;, 11X1t s h *11 Ithuell jIl arli-ll, iirl to) aI . t Iblia s :1 c t vlut, s Illillat al their coit aofthecount, W thbo gq lik allwys &amp;quot;tri svin in ollopotiomi 14)t th)elrlIl snjtc froin hllion of the Tur ftlui rIhfla ir fafiur an(1 Turke, t if iP it l, tl t eryt coreat, &amp;apos;lultis S(in ics afterwardstl nt ot lo) \ iolllof, throui * hene, thre is 1)iitc d bl1t it w illhl4 its %o&amp;apos;;, the tile btih-i j i .st f iIIhl Dtillul os (&amp;apos;wl ;t&amp;quot;.ij2ll 1Ill 1 o ill &amp;apos;41 ,i f ll&amp;quot; it, IIlilShia, $ r It itl ; ltgrl IIat alqtititr kniown ih legit )iat cfrtirolny , o if ill alk l ilhe Pr&amp;quot;Villees firmnrl y ;nzil at prVAC lst t r ib~iwry to Ihe StiltIS preclue, and l, &amp;amp;l e4, ingt&amp;apos;l 1) thf Iu&amp;apos;th4iz l Prviuct&amp;apos;s at111l4-h (1r11ub s hrevl , fMll b ilyirt ainnelnoial, ellnjof d a currnent vakild, Ti, g(tallyt A the c1in (of teild byuthry, thoueIl alwatsh rising in thelra Opening to tihewrbewe Ruillliisia anf tTirkirky iCf11 I)iaster. wtMih i s the nxoitrlioe os t11 o eetihn Hou, inante ial engagf tmeat Stll was the forsign colrn m1nt, iln f of,4)ur i Turkey, wer ea e it readi ves y grbar cin lantion ey transactio, wethXtiertien df 11lfl Ctioi, tile Driotch orct, wpichnslie b poreltc tlt! A-11`11&amp;apos; 1`101i1ial woarth ax thle Ve~llt&amp;apos;tiall se8/{llills P lmi zI&amp;apos;M c.u It&amp;apos;ll I)l ilt-} 1 1 tter ill file Otloill ill S.111-m , ui( tis t11111. jf4i(e tiabl~ly tile mozst coiwlellit llt 14o 11st, inl Walla,\;|1;chlia, N~ervia, itild Bulga~tria, at it time * tln th&amp;quot; It-Kitinlate ellrrency of f1lt Tvirkish Piaslter im parechl(le(l, NI4sen )twillZ 14) hle 11 ce l~lnl)whiilvezrli-ngs fhe future *1 sinhy *.f ti&amp;apos;PrbvillCes at present, be re pl3ccd1 by a cilz -tlz4i11g &amp;quot;Iedblimn of a permlanlit kind. 71ls silily 4un f r the sulplirs of Koldl tw frequelully *ij. rte&amp;quot;&amp;apos; ltel1 Holland1 by tbe hollse of ltoths hild snce the olpening of the war betwreen Russia anfl TIurkey, C(UPll&amp;apos; With which Is the notorloull fac~t of thalt Hou se -a financial engagements with the Russian (:0&amp;apos;&amp;quot;&amp;apos;rntnent, and of fIts never-ceasing reclineu# to rn~barkt in any money transctionls, whether tenziinR 14 praiseorth y or treprehensible poitical oh Jv&amp;apos;&amp;quot;t, hlaitdl ill tlt rtmonltelm le..&amp;apos;aree&amp;apos; .)1plW( (&amp;apos;apAtble .. virldiii. pr.ofil. i lic ildivtrvr %%Iq :ipplr4);dh the terin of the Ea&amp;apos;t it&amp;apos; I &amp;apos; 4 , I I I, Iin . IIIileae Z 1 &amp;apos;.4I 14ej 11 r1 1tle.&amp;apos;.b a f*,i~ll h oliZl,1 1lbro: 81tlollotq eod 1It B tl }.&amp;gt;11z O 3 &amp;quot; &amp;apos; tII I lI I,,, - I I ,,lj,, t a-, 1 .like itai l I lie t&amp;apos;r I- lal I I llm 41a &amp;apos; ii. &amp;apos;&amp;apos;l tou alii 1ldlicul U a* ! 1 1 . 1 I *lie &amp;quot; li ,,s &amp;apos;1 ll t }qIgl t ll, il I a.I 4 &amp;apos;aalal&amp;apos;,et&amp;apos;l ! tI4&amp;apos;t jHI. slat I&amp;apos;|i 4&amp;apos;1II ) I. li alt.X 1, 11il thle&amp;apos;ti mA.el0 1l -t11a&amp;apos;1t&amp;apos;1&amp;apos;er t4l&amp;apos;1 ,1aorig a pid ha. 1 .n &amp;apos; sai~ha cii&amp;apos; i le l avtl. ( &amp;apos;rote&amp;apos; tii licl&amp;apos;i&amp;apos;s I. &amp;apos;l i e &amp;apos;ir I lile) II I ll latato&amp;apos;Aht mitch li 41llplaaj a1 w.ll totitl, li&amp;apos; ,y. ay l or avtinr that I eIII j ias 1 . t 1 s.ko- VNI-1.&amp;apos;1 i 4i &amp;apos; iii ra , os chifve al Cit I i h, , Id (&amp;apos;antlll lil, &amp;apos;al taut A IM &amp;quot;a1rc0, ci kA j |-&amp;quot;l |f *1 v sill. 1 &amp;apos;ivt1 fit &amp;apos; 1il- Cr(l mn1.i A1&amp;quot; mo1 ng &amp;apos;a il*.i|1* lii .c1{ &amp;apos;ccii ;tja &amp;gt;1&amp;apos;hmei &amp;apos;1li gt ~4 iis 1&amp;apos;cj&amp;apos; 411 ls&amp;apos; the*1 all ca4 &amp;apos;,&amp;apos; i-l o hije llfls It&amp;apos; ml i pmil 1t11ia , rleat Cap&amp;apos; l. (it&amp;apos;t 1 4||, cmi itimrvi, v.oil S.iil.a .&amp;apos;&amp;apos;, w u1 Imay lie y I imern t1,-it i; * 1&amp;apos;ha Iahl h4&amp;apos;L Is 111;i reii ai I&amp;apos; li4i Ia inertIh %vtllthm , I mli. India, iCj-&amp;quot;i ai 441l olifil&amp;apos; iwrthal &amp;apos; il the of&amp;quot; slit- 4b prem- s*&amp;apos;1vm o muano. ,tll l l jiYii? v u1u.wh o lI &amp;apos; t&amp;apos;c &amp;apos; illot Iai oItillM fiti the 4 \ olls d&amp;apos;&amp;apos; &amp;quot;tm: ilzCati e rls , a mi rihi.| tomj on any ii&amp;apos;4&amp;apos;rt&amp;apos; h4al to&amp;apos; w j * ti I jllalt itoin pe tvi , rtari e t all lt&amp;apos;bi4 &amp;apos;i I II&amp;apos;;It-fs t (Isafl it&amp;apos; , that- a t&amp;apos;alm 4tr . le&amp;apos; 54% arch j~oi*t14)5Irevei, 4)1 t ih )iri t le 1,&amp;apos;heI t1 5llt Il diel nel 1l) l&amp;apos;u s-I itilh Ivici tfa h&amp;apos;iijptr fa livirtinit i I or a the&amp;apos; &amp;apos;tJ)(I&amp;apos;v !111t&amp;apos;i III il&amp;apos;&amp;apos;llv.|{&amp;apos;&amp;apos;, 11&amp;quot; &amp;quot;4( timt &amp;gt; bll ,ul-; tac.i air aaatj., l Ii- Cle5,l4si p &amp;apos; I1t &amp;apos; Itua vI III li i lla asid a sI :,lt&amp;apos;lr (&amp;apos;csv~. the I o&amp;apos;ire pler (&amp;apos;&amp;apos;&amp;apos;ilit. ofs I P42U 11Thr aua al ha 5t p1 4il &amp;apos;4 &amp;apos;i. (it lP4I *. atariwt Iwiaii An1 fllltje. c &amp;apos;lil iita Mli j aek illuliaikitlock in tau e III dtea&amp;apos;k&amp;quot; wte&amp;apos;reol piki&amp;apos; 1 .lt&amp;apos; 114m hiole anln. Ile&amp;apos; thisllm&amp;apos; a larktatt, I1- .&amp;apos;id -hi and ailmnera I I.,aa b4 s14 rI liii, .- In l1114&amp;apos;i Ili thll &amp;apos; se itn he(re wvrlabt fil (&amp;apos;os hiv%.titawkit j il h 1 st tak, ;tloek mill t;vv triwifvrs, .. oil he, Kill, 2, li al.- 4f%(t-i1 *,r lthe rhahra.e Wlhlicllt i tii&amp;apos; pelt&amp;apos; ICllblitr Isr i i- malnlep Itimn.&amp;apos; adt c1ae u Hialrk bt&amp;apos; &amp;apos;limhie il ; Onm.at im. onha the l(&amp;apos;sldiatenc Ammitits, lhih dsm&amp;apos;!rip-timm wa ili &amp;apos;llter alld1 a Hal1t&amp;apos; 14 r Cun1t. il 101 &amp;apos;wi lor IH &amp;apos; ( 1. of 1ti&amp;apos;W, Tharevasiifor a taeblie amr Cornt. he&amp;apos; tle, acenal n gw innie m. T1he di7 lide&amp;apos;izlh, ti thar.ik &amp;apos;e.*ijta.i d South Ni&amp;apos;a .titak wirte Alma phia. The&amp;apos; whle amount payahble ry, qualear ss;n. betwern rigeht riml iliac eillir,, irtelinelag. On elt a Il&amp;apos;, thin artIlng of alcice&amp;apos;ts ino C s&amp;apos;molsoth Froau that lkail t*e altnk 1xchanitge, when hel Ppvcis losrp for it P.al ecxproiens e fr onjifle rmaboe tliculut in thalfilling their el uarernts for tigher deliary Nf nk. &amp;apos;ic hTh.e con moislt (ce wuesn lucltultn wmme price was offebandimidro mmidqsyTheotheor Ialse Wsymcuritieswhichre Inaijned steady sivce viatlipaymet o tthrie-41iidend M I vats thr-im tht q sua s pie tr tI*o theIS cAu Efo thantg purpose? In the Fore ignIII Stuc Mairke-titl.?e^ Itm vocab;ukIIIry, a earJ mccotilnt. No def4vilters, ow beent clo, aneredcl selo thetrevey thing %rnt on snieatlo lmo Arnootnphly. r cm t ra~t &amp;amp;. m muudnfr* fromil tit-t Im.girlin,, of 11le mo&amp;lt;|lth, tlhe prive of Conmiils ham bern genzerally ittenly, t~t tfo&amp;gt;r Wh~sle 414yik mtimmtry. It nlever wen1t eituder 87 mic quarlebr, nofr hglielr lltan OK one frigbl. Its most frequsent fluctuationsl were twtweris oy osehal~f and lim. The olcher hoine st-curities havze remaitied slteady siuce the* paynilet oif the tsividends at the quotahozns previlims to thelr close for tbat pnirpfne. In the Fo reign Stock Market litde bee been dlour, and speculatrtsr tbere costisse is a CaSte of almost complete tliouratewt and I &amp;amp;*IJAVl4 -ll. IIIX (tlll4- ..I tilt&amp;apos; V -4 11i, III l lIttll4t II ; &amp;quot; &amp;apos; &amp;apos; &amp;apos;t i l e w l ? 1 s f1 .o, &amp;apos; , ,8r . l * , . &amp;apos; , |tII.&amp;apos;I~~~~~~~lII~o *. ., .11 1 .1 X1&amp;apos; Iil 1, l 1 e1.&amp;apos; II III-14 .be le. 1|1,4 .,,,,,t,,s, , 1, .I 1 ,,,,, 1i\1 ,.. 1,, 1,1111 ..1 1i I lit, 11..,. 1, x ,&amp;apos;1., k1. ,,, ,. t.\,,... ,. . &amp;apos;.. ,,, I , . 4 4...,,,. I ,,, I .1 ^.1.0 ., k l.,,, 1.1.~ ~ ~ -,. ,., ,1, . ,,t I Ist I t I . \4.4 u1 )I I lit .1 I Ii 1., .sil. I, ,.~ m t;,,11 %,l I &amp;apos;! 1&amp;apos;&amp;apos;&amp;apos;&amp;apos; &amp;apos;i&amp;quot;&amp;quot; &amp;apos;;I I i 1t1 t1&amp;amp;4b1 i- *III t&amp;apos;4 II&amp;apos;IIXt v l Ib WIu~ll, I1 11t UII . liZl I; it I I,4 I,&amp;apos;. w\,, I&amp;apos;lj,, 1% .. 4 if I1l &amp;apos; &amp;apos;&amp;apos; a&amp;apos; 1 &amp;apos; &amp;quot;te I Is~ ;1 , 1, s.LI ,,*</FullText> </Record>