<?xml version="1.0" encoding="UTF-8"?>
<Record> 	<Version>Record_v1.0.xsd</Version> 	<RecordID>4416598</RecordID> 	<DateTimeStamp>20180928135238</DateTimeStamp> 	<ActionCode>change</ActionCode> 	<RecordTitle>WIT AND HUMOUR.</RecordTitle> 	<Publication> 		<PublicationID>3084</PublicationID> 		<Title>New monthly magazine and humorist, Jan. 1837-Dec. 1852</Title> 		<Qualifier>London</Qualifier> 	</Publication> 	<Publisher>E.W.Allen; Chapman and Hall; Henry Colburn; Henry Colburn and Richard Bentley; Adams and Francis.</Publisher> 	<Volume>78</Volume> 	<Issue>311</Issue> 	<AlphaPubDate>Nov 1846</AlphaPubDate> 	<NumericPubDate>18461101</NumericPubDate> 	<SourceType>Historical Periodicals</SourceType> 	<ObjectType>Review</ObjectType> 	<Contributor> 		<ContribRole>Editor</ContribRole> 		<LastName>Ainsworth</LastName> 		<MiddleName>Harrison</MiddleName> 		<FirstName>William</FirstName> 		<PersonName>William Harrison Ainsworth</PersonName> 		<OriginalForm>Ainsworth, William Harrison</OriginalForm> 	</Contributor> 	<LanguageCode>ENG</LanguageCode> 	<ISSN>2043-5193</ISSN> 	<ISSN>2043-5177</ISSN> 	<StartPage>376</StartPage> 	<EndPage>377</EndPage> 	<Pagination>376-377</Pagination> 	<URLDocView>http://search.proquest.com/docview/4416598/</URLDocView> 	<Products> 		<Product> 			<ProductID>1007574</ProductID> 			<HasFullText>true</HasFullText> 		</Product> 		<Product> 			<ProductID>1009130</ProductID> 			<HasFullText>true</HasFullText> 		</Product> 		<Product> 			<ProductID>10000001</ProductID> 			<HasFullText>true</HasFullText> 		</Product> 		<Product> 			<ProductID>10000297</ProductID> 			<HasFullText>true</HasFullText> 		</Product> 	</Products> 	<Terms> 		<FlexTerm> 			<FlexTermName>DerivedSubject</FlexTermName> 			<FlexTermValue>ENGLISH LITERATURE - 19th Century</FlexTermValue> 		</FlexTerm> 		<FlexTerm> 			<FlexTermName>DerivedSubject</FlexTermName> 			<FlexTermValue>POLITCS AND GOVERNMENT 1800-1837</FlexTermValue> 		</FlexTerm> 		<FlexTerm> 			<FlexTermName>DerivedSubject</FlexTermName> 			<FlexTermValue>POLITICS AND GOVERNMENT 1837-1900</FlexTermValue> 		</FlexTerm> 	</Terms> 	<FullText>WIT AND IIUMOUR.* Timxs is a most charnihig 1iwrforniance in continuation of a plan previ ouslv traced, of giving volunmes of selections from the English poets, one of ;hich should Iave reference to illustrations of Imagination and FaUYP another to Wit and Humour, and a third to Action and Pasion. Tho &amp;apos; Wit and Humour, selected from the English poets: with an illustrative e46Y and Critical comments By Leigh Hunt. Nmith, Elder, and Co adbmirable critic and the careful compiler, remarks with infinite modesty, that the necessity of thus pointing out particular passages for admiration in th.e writings of men of gelnius is rapidly decreasing, especially in regard to) wit and humour; &amp;quot;faculties of which, as well as of knowledge in gene* ral, of scholarship, deep thinking, andti the most proved abilities tor national guitd:ime, mIioro evidences are 1)oured forth every (lay in the newspaper press, than the wit of Queen A.nne&amp;apos;s time, great ai they were, dreamed of comnpassing in a month.&amp;quot; Thus our readlers will full well know how to t4Lke it at its just value. It will not prevent them pinpwinig a due estimate upon a selection that is mande by Mr. Hunt of all that is witty and ulilorous in Chaucer, Shakspeare, Ben Jloiison, Beaumont and Fletcher, Miravel, Butler, Pope, Swift, and other of the giaints of literature, and to quickly mnake themselves masters of one of the miiost choice and readalble books of the Season, anzd of all seasons.</FullText> </Record>