<?xml version="1.0" encoding="UTF-8"?>
<Record> 	<Version>Record_v1.0.xsd</Version> 	<RecordID>4417354</RecordID> 	<DateTimeStamp>20180928135447</DateTimeStamp> 	<ActionCode>change</ActionCode> 	<RecordTitle>SIR WIGOLAIS OF THE WHEEL.</RecordTitle> 	<Publication> 		<PublicationID>3084</PublicationID> 		<Title>New monthly magazine and humorist, Jan. 1837-Dec. 1852</Title> 		<Qualifier>London</Qualifier> 	</Publication> 	<Publisher>E.W.Allen; Chapman and Hall; Henry Colburn; Henry Colburn and Richard Bentley; Adams and Francis.</Publisher> 	<Volume>85</Volume> 	<Issue>339</Issue> 	<AlphaPubDate>Mar 1849</AlphaPubDate> 	<NumericPubDate>18490301</NumericPubDate> 	<SourceType>Historical Periodicals</SourceType> 	<ObjectType>Fiction</ObjectType> 	<Contributor> 		<ContribRole>Author</ContribRole> 		<LastName>Oxenford</LastName> 		<FirstName>John</FirstName> 		<NameSuffix>Esq</NameSuffix> 		<PersonName>John Oxenford Esq</PersonName> 		<OriginalForm>OXENFORD, JOHN, ESQ</OriginalForm> 	</Contributor> 	<Contributor> 		<ContribRole>WellesleyAttribution</ContribRole> 		<LastName>Oxenford</LastName> 		<FirstName>John</FirstName> 		<PersonName>John Oxenford</PersonName> 		<OriginalForm>Oxenford, John</OriginalForm> 	</Contributor> 	<Contributor> 		<ContribRole>Editor</ContribRole> 		<LastName>Ainsworth</LastName> 		<MiddleName>Harrison</MiddleName> 		<FirstName>William</FirstName> 		<PersonName>William Harrison Ainsworth</PersonName> 		<OriginalForm>Ainsworth, William Harrison</OriginalForm> 	</Contributor> 	<LanguageCode>ENG</LanguageCode> 	<ISSN>2043-5193</ISSN> 	<ISSN>2043-5177</ISSN> 	<StartPage>315</StartPage> 	<EndPage>324</EndPage> 	<Pagination>315-324</Pagination> 	<URLDocView>http://search.proquest.com/docview/4417354/</URLDocView> 	<Products> 		<Product> 			<ProductID>1007574</ProductID> 			<HasFullText>true</HasFullText> 		</Product> 		<Product> 			<ProductID>1009130</ProductID> 			<HasFullText>true</HasFullText> 		</Product> 		<Product> 			<ProductID>10000001</ProductID> 			<HasFullText>true</HasFullText> 		</Product> 		<Product> 			<ProductID>10000297</ProductID> 			<HasFullText>true</HasFullText> 		</Product> 	</Products> 	<Terms> 		<FlexTerm> 			<FlexTermName>DerivedSubject</FlexTermName> 			<FlexTermValue>ENGLISH LITERATURE - 19th Century</FlexTermValue> 		</FlexTerm> 		<FlexTerm> 			<FlexTermName>DerivedSubject</FlexTermName> 			<FlexTermValue>POLITCS AND GOVERNMENT 1800-1837</FlexTermValue> 		</FlexTerm> 		<FlexTerm> 			<FlexTermName>DerivedSubject</FlexTermName> 			<FlexTermValue>POLITICS AND GOVERNMENT 1837-1900</FlexTermValue> 		</FlexTerm> 	</Terms> 	<FullText>SIR WIGOLAIS OF THE WHEEL.* Br JOHN OXENFORD, E8Q. CHAPTER I. .goW 81 WIGOLAIS SET OUT FOR COROTIN, ACCOMPANIED BY A SULKY DAMSEL. NOTHING could be more dismal than the commencement of Sir Wi - Iss&amp;apos; journey to Corotin. By his side rode a damsel on a palfreyrncly tired, and behind her stood a dwarf, who kept his positon on he hor by sting his had somewhat heavily on her fair shoulder. The young lWdy was deep in the sulks, and all attempts of the knight to draw her into conversation proved miserably abortive. His modest endeavours to . do the agreeable were met by a chilly silence, or by stil more chily monoyllable, though certainly no one could be more modest and unpretding than the youthful Sir Wigolais. The dwarf was manifestly * noyed at the very~ cool manner in which the poor young man wa treated, and whenever the horses were at a convenient distance from each other, he did not fail to whisper a good strong lecture into the damsel&amp;apos;s ar. However, people do not like lectures from their inferiors, and the ony effect of the dwarf&amp;apos;s wholesome admonitions was to make the lady pout and frown more than ever. Sir Wigolai feigned not to see her - humour, but it wasrs v0ery obvious, that he coul not persuade himself into cheerfiulness, and his spmirts sank at last under the ungenial influoce. To explain the cause of the damsel&amp;apos;s ill-humour, we must inform our readers, that she had been to the court of King Arthur, at Carlisle, requesting that some gallant knight of the Round Table might be allowed to goto Corotin, and deliver that place from great misery and inconvenience. She had anticipated that the great Sir Gawain would have been chosen, but as it turned out, a young man, named Wigolais, who had come nobdy know whence, and who had that very day been admitted as a member of the Round Table, supplicated King Arthur so hard for leave to undertake the adventure, that the good monarch could not find it in his heart to refuse him. Now Sir Wigolais was not only very young, but extremely young-looking; he had one of those baby-faces that obstinately refuse to look manly at any age, and a chin that seemed destined never to wear a beard. When the Corotinan damsel saw the champion who was to redress her country&amp;apos;s wng, she looked upon the caseas very desperate indeed; and her face, which had not naturally a very pleasing expression, lengthened and soured to that degree, that the good King Arthur winced while he gazed upon it. In vain was it represented to tie fair messenger, that Sir Wigolais had proved himself a most worthy knight in a recent tounament, that on that very account he had been admitted to the Round Table, and that he enoyed the special trong of Sir Gawain; the damsel looked at the &amp;apos;-face an mistru 0 Founded on a German VAoWl statement. In vain was she told that the moral charact of Sir Wigo. Idis had been noontestabl7 pwoved by the fact of his sitting on an en. ej~a3nt.e loa%, k.pt at Ombe as a sort of tote of virte, h many hts, whoe considered highly respectable, were unable to ap. ach it within ago a lem gh Me usook her head dubiously, as if she thogt maTily gour much more important than moral character, ahhou~ sh. did not venture to utter so free a sentiment. thes ci c the exition to Corotin commenced, as ,-we ha id&amp;quot;AA&amp;quot;&amp;quot; y. Tb. lespisg Sir Wigolais, anda the same ime being fored to accept kim as a companion, perfectly de. tested his society, and would not be consoled by the opiion of the dwa, who hsd 1._ im as a yo an Findng that his con. w.erof no a l, Y i did a smart thing or two oa tn ia4 i tbe hope of ,ome d eof our. A strcag _atle by the radside gave ham the first otunity of comilng out. This wa kept ba urdy old gentman, who made a point of fighting everybody tf eed for slter. If he v hed the traveller, he nuhospita ydiunissed him with a kick, but if the travler was victorious he ws ;ited into the caste, d feasted roSily. 6ir Wigolais compieA so well with the conditios f the eslshmet, that he not only ame off iotor, but left the old geteana corpse before his own gate. Even ts ft did not eit smile from the sulky youug lady, though the dwarf lpd his hands frow pure ejoyent. A couple of h g giants, who were treating a country-girl with t &amp;apos;-sci, gave Sir Wigolais the next opportunity for displaying ws pfOfor he killed one, and sent the oter off to Carlisle, together aeiden, on his making a solemn promise that he would put her under the Wi m of King Arthur, and tell that monarh who had sent him A little white dog, with one ear red and the other yellow, that ranao a field, was a third caue of adventure, for the sulky damsel took a fiaey to the animal, and Sir Wi ais at once dismounted, picked it up, 4ndp d itbefore her. She veried the gift with a thaales expsio o? coueane, and rode somewhat in advance, till shemet a ight, o reogni hed tedog, and asked her in a severe tone ho l had got it, at the same time p imng that he was the rightful ownr. his led to a squabble betwee the stager and Sir Wigolas which reulted in the deh of the former. The dwarf was beside himself with io , and shouted his applause into the ears of the sulky damsel, but she simply suggd her oulders, and rode on with the same pdieio formonoyllables as before. As fo W Jig who was the most kildbarted creature, he felt someihatetd this own unequivoal succe Every one of his exploits ha uldin death, however triling had been the cause of disput, and he ould not help feeling a sting of ience. CHAPTM II. NOW YHh SUEY DAKMS LOST SUU XuCxJ . Pr they saw at a little di from the road a damsel on heusbash, who z-nt the air with, hewai &amp;quot; Let me go A&amp;apos; &amp;apos;th oe o gief , eat, in form so fir ? sa Sir Wigoli, to hUs compaion, i _ g pod. irAYOU may So to the &amp;apos;-&amp;quot; began thbe sullen damsel, hatily; but _ly~ cheeking herself, she said, Go, or Sy, as you plee; I Lopursue my own path.&amp;quot; A reply which the awarf heard with infinite tlast Sir Wigolais obtained a more regular permission to add tes t A seping maiden, and riding up to her he accosed her, asking her the eof- -such excessive lamentation. 4&amp;apos;In me,&amp;quot; sad she of the streaming eyes, &amp;quot;you behold the most humiBated p n in the universe.&amp;quot; Sir Wigolais bowed for further information. 44Knw, oh courteous stranger,&amp;quot; she continued, &amp;quot;&amp;apos; that the king of a vwuutry, called Ireland, of which, perchance, you may have heard, sends q~y year to these parts a talking parrot and a magnificent paifrey, as a gift to the lady whom adequate judges shall decide to be the finest. iow, when the last horse and parrot came, it was generally supposed&amp;quot;4hre the maiden dropped her eyes-&amp;quot; it was generally supposed, I say, d*4y would have been awarded to me.&amp;quot; &amp;quot; Indeed !&amp;quot; exclaimed Sir Wigolais, with more surprise than was contvihent with politeness; but he saw his error at once, and added-&amp;quot;, Of tWurse-of course. &amp;quot; On the day preceding that on which the adjudication was to have bshen made, a strange knight with red hair came among us, with his mistress, and without asking any questions about the matter, put her in peeesion of the valuable horse and parrot, together with the gold cage m which the latter was confined, and which I forgot to mention.&amp;quot; &amp;quot;Proceed,&amp;quot; said Sir Wigolais. &amp;quot;Proceed !&amp;quot; exclaimed the maiden. &amp;quot;Have I not already told you the greatest wrong that ever lady endured on this earth ?&amp;quot; A somewhat awkward pause ensued, but Sir Wigolais at last said, with a great show of enthusiasm, &amp;quot;&amp;apos;Oh yes, certainly it was a most foul wrong, and the red-haired knight who perpetrated it must have been a-. Here his own affair with the white dog unpleasantly crossed his mind, and an uneasy notion that there was a similarity in the two cases, stopped -The shower of hard words he was about to bestow on the red-haired tkight, and produced another awkward pause. &amp;quot; a With the permission of yonder fair one with the serious countenance, I will gladly restore the horses and the parrot,&amp;quot; suddenly shouted Sir Wigolais; and the boldness with which he extricated himself from the conversational difficulty did him infinite credit. Permission being obtained from the sulky damsel, who gave it with the ftldiness of indifference rather than of kindness, the whole party proceeded to a plain, where tents were set up, belonging to every nation in the world. Here was the Emperor of Greece-there was the King of Mauritania-here floated the banners of the Marquis of the Illyrian Frontier-there stood the temporary residence of the Exarch of Ravenn&amp;amp;a Austrian dukes and Ethiopian counts were there by dozens. The Solden of Egypt, and the King of Babylon, vied with each other in magnificence. &amp;apos;There they all were, met together with that noble disregard of geography and chronology which thrives so well in a purely chivalric atmoshere. The feasting, the Iove-makig, the harp-playing, the sin thg, he piping, tat were going on in all these tents, gave so much life and cheeulne . thw bliant issue, that oven the Ae of the sulky damsel lost some o its C ity. And wenh lady who had been despoiled of the hos uad parret took her nw Fiends into the tent of her cousin, the Qum. of FePi., who dma with royal m ie the sullen Countenan Afe t lhd wfficenty refesd tmslves the injured lady too&amp;amp; ijgoas, welat shlky damsel and the dwarf, to the tent of Xw b&amp;amp;r knig, who asked a question so discourteous, that we bluh to o t &amp;quot; Wbat the d-- do you and your women want with me ?&amp;quot; Sir Wig who was the very pink of couty, sid blandly, &amp;quot; We ar here, sir knight, for th sake of your own honour,.-if you Mgbtly s tand he eTpresion his Persian pnce being manifest most-beau-tiful perpon in this august Amble -hem_&amp;quot; The voice of poor Sir Wigolais began to falter as it uttered this startling untruth. The eye of the red-haired knight met his own, with suca peculiar expression that, in spite of thewr present hostile position, it evdent they perfectl understood each other. &amp;quot;hno Prinoe. of Persia, &amp;apos; resum Sir Wigolis, &amp;quot;considering hersdf the most beautiful person m this august assembly-(&amp;apos; Stick to that,&amp;apos; muttered he of the red hair)is therefore entitled to the cock and bullph.l I- mean the parrot and the horse, of which you have so-so curioval deprived her. The leat you can do is to give them back.&amp;quot; The red-hared knight said that he wouldfirst see something happen to Sir olis whichwedo not wish to trueribee; and it was agreed tht on the following morning lists should be set up, and that the matter should be fairly fougt out. We shll not minutely describe the combat that took place; for if we . allowed ourselves to go Into details of fighting our tale would be longer than the Iliad. Of course spears wee shivered, swords drawn, and }s, elicited by heavy blows, flew from glittering helmets. The whole affair end with e red&amp;apos;haired knight falling senseless from his horse, while Sir Wigolais bowed gracefully to the throng of admiring Whn he of the red locks was in a condition to hear and to under. stand, Sir Wigolais told him, as he had previously told the giant, that he mu go to Carlisle, and inform King Arthur that he had bn van&amp;apos; quishd by the &amp;quot;Knbight of the Wheel&amp;quot; As he aid these words, he struck the wheel whic -we have omitted to state-was pictured on his shield. h&amp;quot; As your device is not remarkably ingenious, and there might easily be halfeado with the same beainge, you would perhaps add your name,&amp;quot; sued the red-haired knight. &amp;quot;You are evdently a world&amp;apos;s wodr, but I should not like the ceit of being worsted by some scurvy fellow, who might be a &amp;apos;knight of the whl&amp;apos;e without a fifth part of your mI X then, &amp;apos;Sir Wigolais of the Wheel,&amp;quot;&amp;apos; said the victor, not disthe Do given the horse and the parrot to the P~nimn F~inxsss, and w bout to set off, on his Way to Carlisle, he biof an i ing to Sir Wirolais, I tis fashion:antr k t, you ha id i. best of it, but, between ourselv Raemut admit, that as for the Princess of Persia being the he dnomuA }.e did not finish the sentence, but Sir Wigolais, squeDIng his hand, ~behd unutterable things; and again the two icights thoroughly underjood each other, and parted the best friends in the world. A day or two afterwards, the great assembly of nations which had met ...godn~s knows why-broke up, and the occupants of each tent set fotr their own proper homes. The Persian princess magnanimously pie the horse and the parrot to Sir Wigolais, whereupon he courteously Fmnted them to the sulky damsel, who certainly, as far as the question beauty rwas concerned, was more entitled to the King of Ireland&amp;apos;s Iftthanthe fair one of Persia. &amp;gt; Our three friends now continued their route to Corotin, taking with * lun the precious gifts; and whether it was that these gifts excessivly plased the damsel&amp;apos;s fancy, or that the mighty valour of Sir Wigolas S last made an impression, it is certain that the sulky exSpreion anished completely from her countenance, and that whenever she addrsed the knight she put on a most benignant smile. &amp;quot;Matters are clearing up,&amp;quot; thought the sagacious dwarf. CHAPTER II 1. BEING A MOST USEFUL CHAPTER FOR THE UNDERSTANDING OF THIS HISTORY. As they drew near the land of Corotin, the damsel began to look from time to time at Sir Wigolais with a most rueful countenance, and at last fell into a violent fit of weeping. &amp;quot; Oh, mirror of chivalry!-oh, pride of the Round Table !-oh, lure of Britain !-oh, flower of King Arthur&amp;apos;s court! too fesh and young to die!&amp;quot; Thus said the damsel, whereupon Sir Wigolais observed: &amp;quot; Your excdaations are highly flattering, fair lady, but I do not exactly see to what point they tend.&amp;quot; The damsel remained silent for a few moments, during which even the dwarf looked very mournful, and then spake as follows :&amp;quot;Oh, Sir Knight, whom I at first mistrusted on account of your youth, but whom I now admire beyond all mankind on account of your wondrous valour; oh, Sir Knight, to what an adventure have I brought you. I am taking you to aland of horrors never known to any one but the knights who have visited it already, and of those, none, alas, have reuned to tell the tale. Learn the cause of our national woes. My late sovereign was King of Corotin, and having the defect of being too y in his friendships, he protected-at his court the accursed Roas of Gloys; nay, even raised that individual to the highest honour.&amp;quot; &amp;quot;You don&amp;apos;t say so! &amp;quot; exclaimed Sir Wigolais, with courteous Surprise though he had not the remotest notion who the said Roas was, nor why he was called the &amp;quot;1 accursed.&amp;quot; &amp;quot;This vile wretch,&amp;quot; continued the damsel, &amp;quot;accompanied by certain comrades, second in wickedness to himself alone, crept one night into the cmber of the king, and foully murdered him, together with the best knihts of the court, who lay fast asleep. As the king was universally eloved by his faithfil subjects, the base Roas was naturally execrate&amp;amp; dtatha atruthde is a h os of, such mighty power thi no one able to lay a rupon him.&amp;apos; &amp;quot;o NOWI we X4 sai~y, d sai Sir Wigois, &amp;quot;w ich I confes I did &amp;quot;s the deth h X &amp;quot; resmed the damsel, &amp;quot; all Corotin seems t]ala iw iinder a heavy, ous. Not only don the base Roas live at Cautl .GOl M;&amp;amp;.awdator of evil, but eery sort of nuisance in the slape of d op, t, dwar, &amp;amp;c . has infested the land.&amp;quot; ofd perh--&amp;quot; suggested Sir Wigolais. 1 be sao aid the damsel. At all. events. every knight who has, nto adv enture has been destroyed, or imprisoned by something or other, for none have been heard of since. The, prime for him who reuses the fair land of Corotin from its present evils is the hand of the Piu L . da te of the murdered monarch, who was fortunately not with her fter, but in the impenetrable Castle Raymund, when the great slaughter occurred.&amp;quot; During this disoourse, which was frequently interrupted by the sobs of the damsel, they came within sight of Castle Raymund, where the prin. ems still resided. CHAPTER IV. SHOWING THE INGE.NIOUS CONVERSATION SIR WIGOLAIS HELD WITH A REMARKABLY WXELLINNPOR GHOST. AT the castle, Sir Wigolais was most nobly received by the Princess [aria, who had once been excesively handsome, ad with whom, though she was now a little passees the knight at once fell in love, as in duty baond. Next day he heard mass, and was provided by the prncess with a sort of bread, the strengthening qualities of which she highly commended. He was to set off alone, and the signal for his departure was to be the appearance of a certain handsome snake, with a crown on-its head, which was in the habit of coming every evening, and which had been followed by all the unlucky wights who had already undertaken the adventure. The snake appeared according to custom, and Sir Wigolais departed, watched by the weeping eyes of the princess, the damsel, and the dwar, who had made up thir minds they would never see him again. Formidable as the accounts of Corotin had been, the knight kept up his courge as he followed the crowned snake. When day closed, and the sky. grew darker and darker, his heart was still firm. But when the mooa rose with uncommon brilliancy, he certainly felt rather nervous, for he aw the snke graduall change into a human figure, with the crown sill upon the head. This transformation took place in front of one of the most magnificent castles eyes ever beheld. &amp;quot;You are doubtless surprise&amp;quot; said the human figure, &amp;quot; to perceive this trnsformation.&amp;quot; Sir Wigolais bowed assent. 44 now that I am the deceased King of Corotin. Being too easy in my friendship, I protected at my court &amp;quot; &amp;quot;RI CUmI ,&amp;quot; interupted Sir Wigolais, somewhat impatiently, &amp;quot;b ut I know allabout Roas de Gloys, and the murder.&amp;quot; &amp;quot; Veryb god,&amp;quot; returned the ghmot, somewhat piqued; &amp;quot;1 if you know amIahut JMe ill tell, you someting about yourself, which you do not jam Thai adventwr is reserved for you, apathe laudfill so of the in. _mambl Sit Gewain.&amp;quot; *l the son of Sir Gawan &amp;quot; exclaimed the deighed WgoIis w be siue&amp;quot; he added, &amp;quot;I do not know whros son I am; ad, th - 4oj may as well be the son of Sir Gawain, as of anybody else.&amp;quot; Y&amp;quot;T, said the ghost, &amp;quot;you are the lawful son of Sir Gawain and 6N tinoegsFloria, of the Secluded region, properly so called, e , DOt the aid of a magic soarf, no one is alowed to eoter it. Whet yg&amp;apos;eabod father took leave of your respected mother (you were at the time), he had the misfortune to leave the scaf behind hib and&amp;apos; he was, consequently, unable to get back again. That wil egpmt&amp;quot; for our reaining strange to ea other.&amp;quot; sr wis, who knew that his mother was the Princess Floria, wau highly dghted at this intelligence, when the good ghost further ino dte obligation by showing him where to find a wonderful spear odt sword, that would be highly useful to him in his encounters with wmou monsters. While all these civilities were going on, some three hundred knights, all ch-rned in coal-black armour, and uttering hideous shrieks as they rods upI to the spot, interrupted the friendly couple. Sir Wigolais, nothing dauted, attacked theo foremost warrior with his new spear; when, lot Xe point of the weapon shone with a bright blue light, and the whole body of knights stood in an attitude of reverence. &amp;quot; Your courage is proved,&amp;quot; said the royal ghost, &amp;quot; and the forms you ane the shades of my murdered knights, who have come hither to test it, Farewell, may Heaven protect the right li With, this common-place sentiment the ghost resumed the form of a simae, and entered the castle-gates, followed by the other three hundred ghosts, who moved along wailing and howling so dismally that it was 8b to ensure one the blue-devils for a twelve-month. When all had i~s&amp;apos;ed the gates, flames burst from every part of the earth, and a flock of white doves, emerging from the blazing edifice, soared into the sky. Sit Wigolais concluded that these were the souls of the three hundred and one defunct persons; and we are not in a position to say that his Noae Iwas incorrect. CHAPTER V. SNOWING THs HOST OP WONDERS WHICH SIR WIGOLAIS MET IN AN INCREDIBLY SHORT TIME. DEEPLY edified with all that he had seen, Sir Wigolais pursued his Hritary way, and soon came to a spacious plain in which about sixty pears were set up in very neat order. Ile thought this looked like a Cosbat of some kind, and was highly delighted at the number of weapons, sice there, was, evidently material enough to prevent the fight from coming to an insipid termination. Presently he saw a big, thick-set individual ride towards him with a treatening countenance. This individual was called the &amp;quot; Dwarf Lrios0&amp;quot; not because he was smaller than the rest of meaikind,-since, ou tX contrary, he was considerably larger,-but because he was excessively *t in proportion to his height, which gave him a remarkably squa ftesmce. * &amp;apos;UD1ISFW weh &amp;quot; drb uted the dwarf. &amp;quot; Fat ha played youa awry Wuok,-hes vuilly s td- for her foot-bal Ementl you a Srought her for -the p II purpose of being sin by me.&amp;quot; A c#twA olbat as the a t Of is iolent addres, and the end A-IteWulckymostrn fhew dwarts hebad. of the oaa blow deal with such vi on the dwarf head W~~~~~~~~~ I __i. teopri the few wits he had. from the spot, sad not koUwing whither his steed carried him, he sode kino the midUle of a bituminous mash, which was one of the namnoss brought into the land by the kings murder, and there he stuck fast. A shik oe constly rose from the marsh, which left a p ydeposon every object which it chanced to touch. Poor de. mentd rios was first uffoated by the smoke, and then gradually re into a black equestrian statue, which adorned the marsh, just as a pouting Triton ornaments a modern pond. Sir Wiois srcely knew whether to laugh or to shudder at the skange of his adverg, but his attention was soon occupied by the more important consideration of getting across the marsh. A river flowed right through it, and a bridge placed over the river was the only means of passage. The nearer end of this bridge was ingeniously fitted up with a revolving wheel, composed of sword-blades, which went round and round, and would infallibly slice into pieces, like a cucumber, any one who attempted to make his way across. Sir Wigolais gawed on the revolving wheel with silent despair. Here was an enemy that no valour could conquer, that no courtesy could per. Oade, and that was at the same time a very prosaic, inglorious sort of adversary. What was he to do under the circumstances? He could only stand and stare, and, as it turned out, this was the very best course he could have adopted. For while he stood with his eyes and mouth wide open, the wind happened to change, and sent upon the wheel a thick bituminous cloud, which deposited such a thick coating of pitch, that the mahine Wa completely clogged, and all further revolution was impossible. As the sword-blades that composed the wheel were placed at considmble intervals, Sir Wigolais had no great difficulty in creeping through them now the wheel was still. But he had no sooner crossed the bridge, than he met with the monster Marinus, which was the ugliest thing he had ever clapped eyes on. This detestable being had our feet, but, nevertheless, walked upright, displaying, with mu self-satisfaction, the long claws with which the foremost paws were decorated. The head was like that of a dog, with a pair of eyes resembling burning coals. From the chin to the waist, there was something of a human appearance, and the rest was more like a horse than any thing else, if we except the scals, that guarded the monster like a stout suit of armour. Sir Wigorais had hardly caught a glance of this monster than it fell upon him with such fury that he did not know where he was. For it kicked him with its hoofs, and grappled him with its claws, and hallooed into his ears from its throat, till he thought he was not encountering one adversary, but was in the midst of a whole legion of devils. At last, he thung spear, which the ghost had &amp;apos;yen him, at something which loeId hie an eratic star in the midst of the confusion, and as tis happsuied to be th monsters eye, Marinus set up a hideous howl, and fled to ta cave, leamvin the knight time to recover himself. Its absence was not lONg, but it soon returned, with a hu At, full of mgo &amp;amp;*, which it pitched dexterouly on the ights head, and which, being -AAtFeped to a thousand pieces, surroundedhim with a heavy shower o lame. The good knight saw nothing from sheer brilliancy; but a blow ~eh he struck at random with his sword, took off the monster&amp;apos;s head, Od the streams of gore which issued from the wound, at once exiguished the fire, though not until the knight&amp;apos;s horse had been miserably wsElmed, so that the kight himself was reduced to the painful necessity of continuing his journey on foot. CHAPTER VI. SM WIGOLATS ACHIEVES THE ADVENTURE. Ths adventures of the pitched dwarf, the revolving-wheel, and the monster Marinus, had followed so close upon each other, that the mind of Sir Wigolais was completely puzzled, and he could scarcely tell whether he had been in a dream or not, especially as hs organs of respiration were still embarrassed by the smoke from the infernal fire-pot. He walked on in the moonlight, with more of instinct than consideration, when he was suddenly called to his senses by a dense cloud, that covered over the moon, and occasioned a complete darkness. &amp;quot;Woe to thee, Roas,&amp;quot; said an awful voice from behind the cloud; &amp;quot; thy reign of iniquity is at an end. Woe to thee for the wrong thou hbat done to thy liege lord and sovereign. Lo, the avenger is at hand, and all thy wicked arts shall avail thee nought.&amp;quot; The words uttered by the voice were consolatory enough, but the circumstances under which they were spoken were so awful, that Sir Wigolais trembled from head to foot. As the cloud passed from the moon, Castle Gloys stood before him. He was close to the gate, and, after a few moments of nervous hesitation, pulled a huge gold ring that offered itself to his touch. At once there was a ringing of bells through all the edifice, that threatened to last for ever,- and the gates slowly opened, without a visible porter. Sir Wigolais agn felt dreadfully uneasy, and had half a mind to turn on hisheel, and make the best of his way back. There was a sort of solemn ghastliness in the affair that was ten times more terrible than the palpable enemies he had already encountered. However, he plucked up courage, and in he walked, when the gates, with a thundering noise, closed behind him. This was the worst situation of all. Horrible indistinct voices seemed to mutter at him through the darkness, and at every step he took he fancied he trod upon some soft reptile, which writhed and wriggled under his foot. A door which flew open and revealed a chamber brilliantly illuminated by torches, held in the hands of a dozen young ladies richly attired, promised a lively change; but Sir Wigolais, on entering the chamber, was greatly horrified on perceiving that the eyelids of the ladies were Occupied by mere colourless balls. They all moved their lips very fat, as if they were jeering the knight, but not a word was heard, and this visible, though mute, de0o , was more awful than all the rattling abuse in the world. Presently, opening their mouths, as if shouting with l]v_ hub: stilk r miela a. vel as ba tea dashed itheir t* - tim tl W binmjihtaly mv-ndm~haA th., ISaSAg sir 184go it lmwb M- dain to r ie pl;oing Sight. he had Ab Le r*h.&amp;apos; eado.uilnaa int f; to that Whioh he had endured fri tlm aihsen po* arul hims from his mditatiouL lIe sinmed tlbw a s em g lik, aour, when another bang Campen bi. in, the dak continued for some minutes, when at last Sir WiDgolais felt somethingyid to his sword, and then heard it fail with a heavy clang to the ground. At the same time the room became illuminated th a blue light, and he saw a number of fiends, bearing a headless body through a cavity in the floor, while the sightless daml ran round and round the apartment, clapping their hands, and moving their mouths, as if shrieking with despair, though sil without giving any sund. Presently the whole castle fel in with a as, and Sirs igohai found himsef in a beautiful garden. The souls of the slain knights fluttered about his hed in their dove4&amp;amp;ie form; the shde of the murdered monarc, who sat near him on a; glittering throne, smiled on him n aly, and the voice, which had spoken from behind the elod, now in milder toe: &amp;quot;The reign of enchantment is Ow&amp;quot; ; the hatefl Roa ha recived the punishment due to his crimes, and Wirolais is the bridegroom of Iaria, and sovereign of the fair land of Corotin.&amp;quot;</FullText> </Record>