<?xml version="1.0" encoding="UTF-8"?>
<Record> 	<Version>Record_v1.0.xsd</Version> 	<RecordID>4417273</RecordID> 	<DateTimeStamp>20180928135325</DateTimeStamp> 	<ActionCode>change</ActionCode> 	<RecordTitle>DOWN THE ROAD; OR, SOME PASSAGES FROM A PIKEMAN'S DIARY.</RecordTitle> 	<Publication> 		<PublicationID>3084</PublicationID> 		<Title>New monthly magazine and humorist, Jan. 1837-Dec. 1852</Title> 		<Qualifier>London</Qualifier> 	</Publication> 	<Publisher>E.W.Allen; Chapman and Hall; Henry Colburn; Henry Colburn and Richard Bentley; Adams and Francis.</Publisher> 	<Volume>95</Volume> 	<Issue>378</Issue> 	<AlphaPubDate>Jun 1852</AlphaPubDate> 	<NumericPubDate>18520601</NumericPubDate> 	<SourceType>Historical Periodicals</SourceType> 	<ObjectType>Feature</ObjectType> 	<ObjectType>Article</ObjectType> 	<Contributor> 		<ContribRole>Author</ContribRole> 		<LastName>COPPERS</LastName> 		<FirstName>ISHMAEL</FirstName> 		<PersonName>ISHMAEL COPPERS</PersonName> 		<OriginalForm>COPPERS, ISHMAEL</OriginalForm> 	</Contributor> 	<Contributor> 		<ContribRole>Editor</ContribRole> 		<LastName>Ainsworth</LastName> 		<MiddleName>Harrison</MiddleName> 		<FirstName>William</FirstName> 		<PersonName>William Harrison Ainsworth</PersonName> 		<OriginalForm>Ainsworth, William Harrison</OriginalForm> 	</Contributor> 	<LanguageCode>ENG</LanguageCode> 	<ISSN>2043-5193</ISSN> 	<ISSN>2043-5177</ISSN> 	<StartPage>222</StartPage> 	<EndPage>232</EndPage> 	<Pagination>222-232</Pagination> 	<URLDocView>http://search.proquest.com/docview/4417273/</URLDocView> 	<Products> 		<Product> 			<ProductID>1007574</ProductID> 			<HasFullText>true</HasFullText> 		</Product> 		<Product> 			<ProductID>1009130</ProductID> 			<HasFullText>true</HasFullText> 		</Product> 		<Product> 			<ProductID>10000001</ProductID> 			<HasFullText>true</HasFullText> 		</Product> 		<Product> 			<ProductID>10000297</ProductID> 			<HasFullText>true</HasFullText> 		</Product> 	</Products> 	<Terms> 		<FlexTerm> 			<FlexTermName>DerivedSubject</FlexTermName> 			<FlexTermValue>ENGLISH LITERATURE - 19th Century</FlexTermValue> 		</FlexTerm> 		<FlexTerm> 			<FlexTermName>DerivedSubject</FlexTermName> 			<FlexTermValue>POLITCS AND GOVERNMENT 1800-1837</FlexTermValue> 		</FlexTerm> 		<FlexTerm> 			<FlexTermName>DerivedSubject</FlexTermName> 			<FlexTermValue>POLITICS AND GOVERNMENT 1837-1900</FlexTermValue> 		</FlexTerm> 	</Terms> 	 	<FullText>DOWN THE ROAD; OR, SOME PASSAGES FROM A PIKEMANWS DIARY. BY ISHMAEL COPPERS. PIKING aint wot it was; far from it. The inwention of steam has done a deal of harm to many a bisness, but there&amp;apos;s few as has suffered more onaccountably than them as is in the Pike line. Only look at Kenninton-gate ! See wot that used to be in the Epsum week! Double tolls safe on the Darby day, nine cases out o&amp;apos; ten. Who went and thawt wot they did with their tickits once they wos on the coorse? Them as didn&amp;apos;t lose &amp;apos;em most likely give &amp;apos;em away; leastways that&amp;apos;s my beleef, for werry few cum back to my hands on sitch occasions. Wot if there was a few skrimmages with them as was hedstrong! Money&amp;apos;s not to be got in this world athout some little trouble, and wot signifies the butt-eud of a wipp now and then if your hedd&amp;apos;s a hard&amp;apos;un ? As to chaff, the Pikeman as can&amp;apos;t stand that ought for to shut up at once. The sooner hie removes to private lodgings the better. Well, wot&amp;apos;s the upshot now? Why, most on &amp;apos;em takes the rail. If they loses their tickits, who proffits by it? Why, the Cumpany-as they calls &amp;apos;ein-we don&amp;apos;t. If they fites and brakes hedds, who gits pade for it? Taint us,-it&amp;apos;s the Pleece. All our priwilidges is inwaded, and Steam&amp;apos;s wots bin and dun it! Cuss steam, say I,-cept when it cums out of the spout of a kittle and sumbody&amp;apos;s reddy to stand a quorten of summot. Not that I need to care about the Epsuin Rode now; I&amp;apos;ve bin moved a good wile. Still one haves feelins, and inine&amp;apos;s they as I&amp;apos;ve exprest. You&amp;apos;ll say, praps, the contrack aint nun of yours, and you&amp;apos;ve no call to grumble so long as you gits your weekly &amp;apos;lowance. I aint goin to argefy that queston, wich there may be two sides to every bargin, but wot I goes upon is this. Where&amp;apos;s the life and sperrit as made a Pikeman&amp;apos;s day a plesant one? Where&amp;apos;s the gigs and the drags and the tandums, and them as driv &amp;apos;em, gone to? Hosses is amost a drug now, and in regard to postboys I haven&amp;apos;t seen but one this six months, and he wasn&amp;apos;t hisself; he&amp;apos;d no more napp on his wite hat than there is on my bar; all the bloo was faded right out of his jackit, and if it hadn&amp;apos;t bin that he couldn&amp;apos;t help it, he wouldn&amp;apos;t even have looked like a postboy. Thebe here is stunnin reflexions at my time o&amp;apos; life,-for I&amp;apos;m turned of Sizty,-and it don&amp;apos;t seem to me as if matters was likely to mend. Here have I kept a Pike, man and boy, this three-and-forty year, and, tho I say it, preps there aint a man round Lunnon as has counted more hedds or took more tolls than me, nor seen more of wot people calls &amp;quot; Life.&amp;quot; This here brings me to my pint. My ies aint been shut all this time -&amp;apos;cept when I was aeep, -and a Pikeman&amp;apos;s sleep don&amp;apos;t go for much at sum of the gates as I&amp;apos;tv en on: when you&amp;apos;re used to it, there&amp;apos;s a good deal to be seen in the dark. Pikg amt such a lonely ockepation as sum peeple spposes-when the rode&amp;apos;s lively. A Pikeman mayn&amp;apos;t tawk much, but like the munceys and parrits, he thinks the more ;-there&amp;apos;s sm ings he can see with half an i, and a many more as he guess at; hies always a storn his mind with fax, or persooin&amp;apos; conundums, and wedover he&amp;apos;s obligated by roomatiz to quit hia perfession, why the weakly noompapers is open to him for a livvin. Ites my beleef that the Fdi~tw of Bell&amp;apos;s Life-him as arnsers corryspondents-got all his nollidge by keepin a Pike. Fokes says that if a man wants to know the time o&amp;apos; day, he ought to travvle: that&amp;apos;s all gammon. In course I don&amp;apos;t objeck to travvlin, becos if there warnt no travvlers, there wouldn&amp;apos;t be no gates; but I arsks any candied indeviddle, who has sitch oppertoonities as a Pikeman of obserin of human nater and studdyin his fellow creturs ? Show me a sharper cove than a Pikeman arter he&amp;apos;s kept a gate for a few years nigh Lunnon. Aint his fackleties always on the stretch,-aint he always a hayvin it tried on him, wot with Smashers as wants to pity with bad money, and wot with Bilks as wants to drive through without payini at all? Who, I wishes for to know, has a larger sercle of acquaintance? Why, when I kept the Gate at hIide-Park corner, afore it was pulled down to make way for stattoos and lampposts, there warnt a nob in town wich his feeters I wasn&amp;apos;t femillier with,-from the Dook who lived oppersit to the Leg as turnd into Tattersell&amp;apos;s evry Mundy and Thersdy regler, and wot was more, they was as femillier with mine. If I&amp;apos;d a had my picter painted in those days, and sent to the Ryal Acaddemy, there wouldn&amp;apos;t have been no call to rite my name under it, like it was over my door: &amp;quot; That&amp;apos;s Ishmel,&amp;quot; says one,-&amp;quot; There&amp;apos;s Coppers,&amp;quot; says another; there wouldn&amp;apos;t have been two minds about it. Tawk of poppularity, I should like to know who was poplar if I warnt? But it&amp;apos;s of no good thinkin of the past arter that fashun. We all has our elewations and deepressins. I&amp;apos;ve seed the Dook&amp;apos;s winders broke by chaps as hoorayed theirselves horse only a week afore, if they only caught a glimse of the immortle Hearo a cummin up Constitooshun Hill; I&amp;apos;ve seed Sir Francis pelted by the werry men as drawd his trumphin car along Pickydilly; and I&amp;apos;ve seed Lord Broom live to turn up his nose at the rode to Ilammersmith, wich it was his pride in the days of Quean Carryline. There&amp;apos;s other gates as might inspire me with similiar ideers: the Mash at Lambeth for one, the bar at Tyburn for another,-but where&amp;apos;s the use? If I was to cry my ies out, it wouldn&amp;apos;t bring &amp;apos;em back agiu, and as crTyin aint in my line, l shant try to. I haves my temper, like most Pikemen, but nobodT can say they ever seed me snivvle. Bad langwidge may rile, but it don t rase the warters. But there is sumthin in the Past besides personal wisissitudes to think on, and as I often stands a roominatin, with my pipe in my mouth and my hands in the pockits of my apern, countin the haypence wich they usel to be shilling, quite mecannicle, old times and old adwenters cums back to mind in a manner that may be cauled quite wivnd. I fancies it all over agin, and if anyboddy liked to listen praps they&amp;apos;d hear sumthin curus. But peeple don&amp;apos;t go to Pikes for information, it&amp;apos;s railway stashuus wot is perferred now-a-days. It was only yesterday mornin as a feller stik a red poster right agin my own door with &amp;quot; Readin for the Rail&amp;quot; upon it in black letters as long as my arm. &amp;quot; Cuss your impedence,&amp;quot; says 1; and then I begun thinkin wether I couldn&amp;apos;t do a little in that way myself; that&amp;apos;s to say &amp;quot; Down the Road,&amp;quot; wich it mite be agreeablo to the public. e , tZ~~ainutt top late outc&amp;quot;tmyi; swmofthe unna o s~ rwois hlwy W I~a~y~ii Ab fi -twenty yrago, mor or 1et -4or I on&amp;apos;t keep a rirglaa Ta11ly.)ihe, en k -Ut jogs things aown in my memory acrdin sstbe p os wn imprsion~weUl Fbotit tht tie I kept a gate onth wstrzti side -of LUnnOu, wiOh I dou&amp;apos;t &amp;amp;min4 sayi it wab at oe end &amp;apos;of E ten. That it waive-and-twenty ye go I have no mnner of~ dowrt, for Mr. Peer was then a driino the Suthanton Telly. ft--a wit coaWh wih h housed it hisf as fur as Bahot, and a prtty tah wentEDsin end out f twn wih-iee warat no btter t be su. Mer w s ubout the lmat of wot I calls ths bang-up stile of lva Uy-fol. says &amp;quot;slap-up&amp;quot; now , wich I think it low, leastwway s wulnd wh he set there on his box drest in a green cote, wait otne sh ort ds . tops, a loo hanksher round his neck aud a pink in hi button hole, W handlin the ribbins as if they was cobwabs-he touched &amp;apos;em o lighwtly-if he warat the picter of a coftchman, a perfect bo idle, why I uet seed Oane ote was a small-made man, but Herkels hisseif couldn&amp;apos;t have got him off that there box if he hadn&amp;apos;t a mind to come down. Hoses mite run away now and then- it&amp;apos;s in their nater so to dobut thee was never no axidents happened with Jim Peer, his sinners was made of ut iern, he&amp;apos;d a i like a newrk and wasc asos the inside of a pewter poto that runniin away made no difference to him. &amp;quot;As mueb of thais as you pleases,&amp;quot; says Jim to his team when they made a start, &amp;quot; and when you&amp;apos;ve done on your account, praps you&amp;apos;ll be good ouffcto begin on mne.&amp;quot; And then it was he use d the waipp-never on no other occw o I&amp;apos;ve heerd him arek a gent sumtimes &amp;quot;4 How much wippeord do I ware out in a ywere, do you suppose, Sir i&amp;quot; &amp;quot;iYo means wippt?&amp;apos; the gent waould reply. &amp;quot;Justoe &amp;quot; sapyn Jim, &amp;quot;how many wippa ?&amp;quot; &amp;quot;WPell&amp;quot; says the gent, &amp;quot;let me see maybe a matter of five pound a y.&amp;quot; &amp;quot; My wppmasesr&amp;apos;s bill,&amp;quot; says t r. Peer, givng a gntle fluffia twt bis nte eber at the same time&amp;quot; my wuippmaker&amp;apos; bill, from Comas wash a tl &amp;apos;onth to last Lady Day, was oni nine a nd siX, and that-was-indlase out in abeside &amp;quot; It would have done anbody gmood to se ho? the gent used to stre when Mr. Peer said this. But Im afeerd I&amp;apos;m a rasnblin with my tummynippenses; I must keep mry hors hdds strate, or we shant Iit down the rode. Where was I? Oh, 1 reck4e1cts-.at the Kensinton Pike. Well, wot I&amp;apos;m roin to mention happened aboi4 the end of autumn in the year that I pes of. It ws a cqld, ror wet evening, more like Mar&amp;amp;i tian October-the Wi wa by-uoad I was a settin in my little parler listenina both ways for the dofwe up and down-*Wen Joe Dipple ,tbe ot-boy of th FOitD of War pub e on the other side of ibe way, rxte opper. e my Igot r &amp;quot; s )o uwot I ment to take ith ty supper: Joe did this mgiar, far s atiimos I took one thing* and sumti Mixa anothetit mit be alec it mate b porter or sit mite beUrf-and-harf,&amp;apos;but wotever Jo&amp;quot;Mys I, &amp;quot; thisuas bin a biny day: there was a fit. this mornin at olley, and one of the oyal doois bein a brried to nits at Wins..I my baady is sve with Ca thm te browns, and my woloe is husky vj&amp;amp; h~Uliru,-for wetber it was the fit. or the fewnarel, most on &amp;apos;em went thr my pike,-I think i&amp;apos;11 have a pint of ale with a glass of gin in it and a teepn fill of ginger.&amp;quot; &amp;quot;It&amp;apos;ll do you good,&amp;quot; says Joe,-he was a goodharted feller, was Joe,&amp;quot;6 for you must be awfiu tired.&amp;quot; &amp;quot; I am tired,&amp;quot; says I, &amp;quot; and thats the fact. It aint a little as doos me up, my hands is horny and my lungs is leathery, but when you&amp;apos;ve bin a takin money and chex from afore daylite to arter dusk-on a Smiffeld day too, with cattle to count as well as fitin men to look up, and a wind like this a blowin the teeth don your throte and flin your ies chock full of rain, it&amp;apos;s time then to think of ein tired.&amp;quot; &amp;quot;So it is,&amp;quot; replies Joe; &amp;quot;I&amp;apos;m tired enuff myself sumtimes; there&amp;apos;s dals when, from the miniiit I takes down my shetters till I puts &amp;apos;em up Arno I never so much as know wot it is to set down to git a mouthfull of vittles-I goes backerds and forrerds, and-&amp;quot; &amp;quot; Well, never mind that now, Joe,&amp;quot; says I, interruptin of him, for boys will tawk, there&amp;apos;s no stoppin of &amp;apos;em when once they begins, you must swing the gate to, or you&amp;apos;ll never be able to put in a word yourself&amp;quot; never mind that now, run back, my fine feller, and bring me that ere gingered dog&amp;apos;s-nose, you knows where to chawk it.&amp;quot; So Joe he toddled across, and I went into the Pike to lay Gut my supper; it was pig&amp;apos;s feet, I remember, wich it&amp;apos;s a dish I&amp;apos;m parshal to with winnegar and musterd, and nuthin pertickler happened till he cum back, &amp;apos;cept Moody&amp;apos;s near leader shying at my tom-cat Tivy, as he set on the bar; poor Moody-I mean him as met with his end at branford-bridgehe double thonged him, howsever, and got him thro the gate athout mischiff, and by that time Joe come back with the stuff. &amp;quot; Mr. Coppers,&amp;quot; says Joe, a handin of it in, &amp;quot; if it aint no ways dis. agreeable to you, I&amp;apos;ll just do a bit of pikin wile you&amp;apos;re a eating of your grub. I aint wanted over the way just now, for the markit gardner. i all gone, and our fokes rether slack.&amp;quot; As Joe and I was good friends, and as I never likes to stand in nobody&amp;apos;s way when they wishes to improve theirselves, I went in and had my supper wile lhe minded the gate, he a tawkin to me thro the open doorway all the time, and profittin by my obserwations in reply. My remarks mite have bin, and no dowt was, to this here effect: &amp;quot; The fust thing, Joe, as a Pikeman shood lern, is how to handle his gate. Shetting of it&amp;apos;s easy enuff and so&amp;apos;s openin, perwided it&amp;apos;s dun at the rite time; but wichever way it is, never go for to do it in a hurr. You may git bad langwidge and have yer ies dammed and all that, but it oughtn&amp;apos;t to make nO impresshun, no more than if it was a petishun to Parlymint. Says you to yerself, wot&amp;apos;s pikes made for-like a many other thinp in this here world-but to stop the wa ? How are you to know whops who, till you&amp;apos;ve had time to reconiter But you musn&amp;apos;t fumble nither, keep your gate well in hand,-a little bit of a jerk doos it, and fust and foremost ile your hinres reglar. I&amp;apos;ve known many a shillin lost for the want of a little ile. There&amp;apos;s nuthin rusties so soon as a turnpike gate, and it stands to reason it shood, bein out in all wethers. For the matter of that, it acts on the temper the same way, and if a Pikeman&amp;apos;s ewil Iiaihb be i Tb. next hS is abouti wter ~?~1bS1MYOUAt , JoeYOU&amp;apos;1ll am* --ranc,, but it F CoM4 gm P V o be o qui aboWt t Wile youtro a _i ps sH rite , the cove as toed it to yw May hb af a mile off, and if it wam&amp;apos;t a good un you won&amp;apos;t see no more of &amp;amp;- In. You usu be worry quick too at kIetkbi and if it&amp;apos;s silver taint a bad plan to ketch it in yer mouth; you bite xt th and knows at owe wter it&amp;apos;e swreous or genewin. It requires a good i tho, and 7ou aboodn&amp;apos;t have too long a nose for this sort of work. The best keteber Mth line as er I sed was Stunnin Tomm at Kew-bridge; but then he bad adwantages; his foot slipped one day, and he fell with his face right dera wagging w as was pasin thro&amp;apos; his gate, and when he got up n he&amp;apos;d no nose to speak on, and a mouth that cood haTe swollerd a bagful of hopen Thei is the leadin rools, for the grate objeck is to make h at pay. My _ma he&amp;apos;s a Joo and knows wot two and two h, nobody bottr,-he says, says lhe, I Ishmael&amp;apos;-I&amp;apos;m not a nebrew myself tho my name is Ishma9l,- Ishmael,&amp;apos; says he,-&amp;apos; we&amp;apos;re tuppence de d , &amp;apos; that ? There was a dog-kurt went thro athout warn t there, him a d he&amp;apos;d lout his tickit?&amp;apos; &amp;apos; Well,&amp;apos; says I, &amp;apos; Mr. &amp;amp; ,lomo~is you&amp;apos;r. right, it was a dog-kurt wich I&amp;apos;ll make it good.&amp;apos; And he tace. the tuppence. I mentions this, Joe, jest to show that you must account for all you takes, more partickly if your pike is farmed to a Joo. Not that they&amp;apos;re much worse than Cristens in this respeck. I&amp;apos;ve known ove or two skunflints in my time and they went to meetin, never come nh a aygog. &amp;apos; How do masters know,&amp;apos; you ank, &amp;apos;who goes thro the gate?&amp;apos; Why tbe disgyses theirselves in all manner of ways, and dodges about with tglyoope and black ledd pensles and wotches for hole days, and then mkes a havera~ge and knows to a penny wot the gate&amp;apos;s wurth. It&amp;apos;s of no use your tryin it on with a Pike-master,--a man mite as well go for t and dseere hisself. There&amp;apos;s summut else too as you must bare in ndtand t&amp;apos;s General Obserwation. Obserwation, Joe, ought to be of Pikema&amp;apos;s constitooshun. Nuthin should pass his bar nor noythat he didn&amp;apos;t gess the time of day consernin of. I don&amp;apos;t mean to ay tat he&amp;apos; bound to know evryboddy&amp;apos;s bisness; that aint to be expsskted-but woteveis queer that er&amp;apos;s his mark. A feller as has stole bis has ide different from a swell as has pade for his&amp;apos;n ; a weddin pat is one thing, but blinds down may be another; it aint evrywun as look sweet at eah other as has come from church; you may drive a travler&amp;apos;s sa sll have smuggled sperrits under the seat; black cotes and wite a_. i&amp;apos;t always clergymen, and tisn&amp;apos;t evry pare of moustayshios come out of barrix-&amp;quot; I --- I mite have sed a deal more tban this to young Dipple, as I muS a in of myself, but wether it was the exers Ihad made, or mind t baa got into my stumick, or the trifle of gin as made the em is am othan I an y at this disaweof time, but I find on 1-oli at ly d indeed I knows it from other circuinstarnces, here I ha _as ad 1* Johe min gate all by hisself. Wh I oothat &amp;apos;er nap I litle thawt wot a oppertoonity I was a in his way: bo , I don&amp;apos;t grumble tho the chance mite hwl I nifthba, slop a atwe of five-and twenty nnit, of it mite hae bin hard an hour, when I woke up aByn. I&amp;apos;d bin dreamin of sumboddy rik over the gate arter Dick Turpin s fashun, and that I fired a putle at him and down he cum. &amp;quot;There you are,&amp;quot; shouts T, thinkin I was a speakin to the gate-jumper, but it was only the puter ?ott as had fell off the table. &amp;quot; Yes,&amp;quot; says Joe, thinking I ment him, &amp;quot; here I am and have bin wile yer was a snorin off that there dog&amp;apos;s-nose.&amp;quot; I arst him if anythink had happened out of the common. &amp;quot;Nothing much,&amp;quot; was his arnser; &amp;quot; only a nurse and a nackney coatch besides the reglar males.&amp;quot; &amp;quot;Wich way was the erse a goin ? Up?&amp;quot; Joe nodded. &amp;quot;Jarvey, contrairy ?&amp;quot; He nodded agin. &amp;quot;Wot do you MoMr. Coperrs,&amp;quot; says Joe, a rousin hisself up from a kind of meditatin fit and lookn me strate in the face- &amp;quot; wot do you do when you&amp;apos;re overpade ?&amp;quot; &amp;quot;Wtot do you mean ?&amp;quot; says T. &amp;quot; Why, when fokes gives more than the toll and don&amp;apos;t wait for no change. &amp;quot;That don&amp;apos;t offen happen, Joe, only now and then when it&amp;apos;s Oxfud men as shies at the glinm over the gate, or a swell as is in a hurry. But wot I doos with it wen it happens I&amp;apos;ll tell you. I pockits the aftront,it&amp;apos;s&amp;apos; my perkesit wich I&amp;apos;m not onaccountable for it to nobody.&amp;quot; T Ashen,&amp;quot; says Joe, &amp;quot; there&amp;apos;s two and two to the good ;&amp;quot; and he hands me over harf a bull. &amp;quot;It warn&amp;apos;t the erse as did this, Joe,&amp;quot; says I; &amp;quot; they ways spends their money in drink afore they sets out; besides, the erse had a ticket; they may lose their senses but they don&amp;apos;t lose that.&amp;quot; &amp;quot;No,&amp;quot; replies Joe, &amp;quot; it warnt the erse, &amp;apos;twas the Jarvey !&amp;quot; &amp;quot;Who giv it to you ?&amp;quot; I arsks. &amp;quot;Can&amp;apos;t say,&amp;quot; was his arnser; &amp;quot;1 only saw a nand, they driv werry fast, -and nevver stopt for no ticket-they wos gone afore I could look round.&amp;quot; &amp;quot; Was it a man&amp;apos;s and or a wommun&amp;apos;s-?&amp;quot; &amp;quot;Oh, a man&amp;apos;s. I seed a natt and heerd sumnot as sounded like a hoath.&amp;quot; &amp;quot; There mite have been a wommun there, for all that. Over pay and hoaths looks like wimmen.&amp;quot; &amp;quot;Never seed none,&amp;quot; says Joe. &amp;quot;And yet,&amp;quot; persood I, harf thinkin to myself, &amp;quot;&amp;apos; if the fare sect had been conserned, they&amp;apos;d hardly have had a Jarvey. When I was a boy I&amp;apos;ve heerd my father-he was in the Pike line too-I&amp;apos;ve heerd him tei how Lord Westmyland cussed and swore at him out of his poeshay when he was a runnin away with the haress, and didn&amp;apos;t open the ounsler gate quick enuff for his lordship. I shant repeat the identikle words wot he uttered, becos they woodn&amp;apos;t look well on paper, but my lord dainms mZ father up hill and down dale aDd says, &amp;apos;You stoopid beggar, why did t you open the gate when you herd my hoses cummin. and then he throws him a ginney and damms him agin, and says my lord to my father, &amp;apos; there&amp;apos;s another poeshay just behind,-keep that witin as long as you can,&amp;apos; and away he goes like madd. My father ernt the ganney and kep the gate slhet, wich there was too genti, a elderly one mid ano in the second poeshay a hollerin with all their mite about Ave minnits artewardw At last he was obligated to go out, and prtt W aWO 11We wb.okb my lokd andt with ti * e ldely a ask&amp;quot; k1&amp;apos;.1pp him! i I RUI5 1* owed. a 6e,, &amp;apos;r. 1Sity&amp;apos; Pike, 76 kuu*; Joe. He wJ~hfi ti~L~ f s bv mds bein hinderd by -*A$%b~ hke Va.ygIfl? p-Ih~y~ Itpad by- _wftina`Cran&amp;apos;d ft-Wi wich my lord gv another ginney to chock up the no; of we mo 4 . Washo ALbht to r us sawa wit a banIers drer, wch he got dleer off and awed.bw But thX oart be nuthin of that sort: prSp&amp;apos; itY s tfiu prap it&amp;apos; swig; howsemvr, Joe, th_ a tmwmfot your dhwe and thiy.&amp;quot; Joe waat ill pisad ih th job, and bffered to stnd treat for anohpint of d o a I mevertakes more than wot&amp;apos;s good for me, I apS no to tm4badaham geod nite. Bach an went a*A J&amp;quot;aj gi thro the gtse woodn&amp;apos;t have ocke. pied my d am mit if it hadn&amp;apos;t bin for the tip, but that .r00ad my suspdans. &amp;quot;The&amp;amp; aswa inside,&amp;quot; thinks I to yself. &amp;quot; must havea theim for not stoppn to pay are , a them ram. wa&amp;quot;snt Dmt to be put dow in black and wite, and printed in a b Jsh Ilh teil mm s day.&amp;quot; And with this &amp;apos;ere reflexion I lit my pipe and after a few ifs orot the subjeck altogether. It nt p haveom up Otf agit sum day or it mite not, thue&amp;apos;s no sAyul, for thawts i orry arbitry, but there was them as saved it the trubble. Mat peeple has heed of Mister Lavenderof Bo-street, tho he&amp;apos;s bn dedd a h wile now. He was a remarkable man in his day, and a pl gent, wich he was intimit with George the Forth and most of the stockracy and his manners was fust chop. There Wnt nuthin dun at the time I&amp;apos;m speakin on as Mister Lavender hadn&amp;apos;t a hand in, and whenever ennyboddy was wanted it was alys him as was ent, the same as the Frrestr now-a-daysL Fokes may tawk of eA- rie of stte, but them as doos the work and keeps things stratd is the Noes; we cauld &amp;apos;em offieers when I was young, but they&amp;apos;re the same sort of men till, cal &amp;apos;em wot YOU like. Well, about two days mter the occurins jist meishind I was a settin in my pike with B*l&amp;apos;s weakly oti! my tee, having a peroose, wich it the only paper I ever cared to read aud orrered it from the Fortin of War, wo Wo shood ake his appearings but Mister Lavender. I knowd him as soon as i set ie on him, for men ys the time he&amp;apos;d Wu thinmy gat in gis and shays and wot not, and eknew me to otho wd nmer bad no ds toher. &amp;quot;A 1-.mcnin, or Coppess,&amp;quot; says he, in a smlin sort of way. &amp;quot;Werry W b, sir,&amp;quot; says I, ang off my att, quite MpOc fu1. &amp;quot;4 I I tednt1 yo! myr namne h e went on for to sy. ocasidn, sr,&amp;apos; I arnsers. &amp;quot;lier Copp,&amp;quot; he continners, &amp;quot;have yen heerd anythink of a great robeyote_ wih it took place at 8tratford hfre in Ess, the nite I sdIhad Iode hito the wai &amp;quot; Wel thon,&amp;quot; sad l ~ Lavender sid If do inside my door wile I stood hal Ih the Iate, &amp;apos;il tbll &amp;apos;-n -o you &amp;apos;T s a d dedr peat as s ic Si&amp;quot; at sfd le Bb on-the op it side io tow, owhem it s I dareay. T hern W. haa da of platand othertalliable-leastwajk he hada cupfl of days vkSM.Weh ieklep in his honus besidmoney, notslikin the ban vus thegrfails Mm mn short, Mister Coppers, he retber eentilc is foldcs cum to be wo they lives a good deal by theirsele and has fiadee*&amp;quot;I&amp;apos; don&amp;apos;t elude t you, Mister Coppers, for you&amp;apos;re a public man and sees wots goih 6n in tihe world.; 4&amp;quot; And aint got much plate to speak on,&amp;quot; sea I, pintiog to my chiny over the chimbues peace. Mister Lavnder larfed, and went on: &amp;quot;Sir John-he&amp;apos;s n and bin in Indy whore mos of hit plate and jewls cum foSir John is a widderer and hasn&amp;apos;t no Vido, ofly nevvies and neecewich they don&amp;apos;t live with him bit is oceasioally inwit&amp;apos;d so that he mostly lives alone. He&amp;apos;s bin accustomed all bis life to hn&amp;quot; i good many servants, and so he keeps up a large establishment, and *ether he dines by hisself or has cumpany, his table is always set out with silver and gold as if the king was cummin, and werry proud on it he seemw to be. Next to seein this here plate on his sideboards and tablesl, he&amp;apos;s fondest of is to see it lock d up agn in his chestes, and he and his butler is always at it just as if they was partners in a silversmith&amp;apos;s hoh in the Strand. A deal of work Sir John gives that butler to keep it bright, but he pays him good wages. I must tell you, Mister Coppers, that Sfr John&amp;apos;s house stands back from the rode in a large garding with a brick wall round it, and iron rales and gates in front ever so hih and the house is dingy to look at, with narrer winders bricked round with red as if it had got sore eyes, wich it&amp;apos;s a house that&amp;apos;s difficult to enter, you understand. There&amp;apos;s some werry like it here in Kensinton.&amp;quot; &amp;quot; I know,&amp;quot; says I, a castin my i along the rode,-&amp;quot; a loonattic establishment.&amp;quot; &amp;quot; Exackly,&amp;quot; says Mister Lavender, &amp;quot;it looks for all the world lie one, and them as wood rob it-from the outside, Mister Coppers-mst have a deal of circumwention in &amp;apos;em. Now then, we cums to the pint. The Barrynet&amp;apos;s house was robbed, some time on Wensday evenin, atween dusk and midnite. It&amp;apos;s werry seldom as Sir John leaves home, but there had been a great dinner at the Indy House, and he was obligated to attend. Wile he was absent the house was broke into and austand dimonds and hard cash stole, to the toon of upperds of sen tousand pound. The butler&amp;apos;s pantry where the chestes s kep is at the side of the hous behind the dinhi room and looks out on to a door in the garding wall, openin into a lane, wich it&amp;apos;s always locked with a padlock on the inside and the key kep in the housekeeper&amp;apos;s closet. Well, this here door was forced, and so was the shetters of the butler&amp;apos;s pantry and so was the winder too,-leastways the glass was broke,-and there Wu the jimmy and the growbar as the Cramen had left behind which uhowd howr it had all bin dun-didn&amp;apos;t it ?&amp;quot; &amp;quot;I should say so, Mister Lavender.&amp;quot; &amp;quot;Should you ?&amp;quot; saes the officer. &amp;quot;Jimmies and crowbars ait tooth)ix made of quill, and eterbits aint latch keys after all. You can&amp;apos;t we em without makin eum little noise, and yet-it will dtriko you as strange, Mister Coppers-but nobody beerd no noise that eveni wile Sir John was gone ut to dinner. To be sure, the butler, Mister Snapm, coodn&amp;apos;t be expectId to hear nothin as he was tee oMt with a fiend, and only cum bor abut er --A-, bd(w Sir John, no mor t P the as at. Mr t the Indy Ros n d with bI tb h a dinr But if s peted ister o the t u wie they wasatthei work, he oon ] do Mter he&amp;apos;d given his mater a lite he bid his ood*ni, but beore Sir John had got to the second Ian Sn holl t out that the house was robbed. Down cuks ir a O asS if he was only five-and-twenty instead of sventy-one, wich is ae -down cuns ahl the servants an slep upta, and up cums thm as slop below, and there they finds Mislter Snapes a-rinrn his hands and ymn out in the most drediest way, quite overtook with the &amp;amp;Ouvzy. Fvyboddy was constrateId; some was for doin this thing, some for d tat; and Sapes ad Peters proposed to Sir John that they shood sit up all dto with loded pistles. &amp;apos;S8ir J did not storm as was expected, tho he cood storm, and did, even if there was a spook on a silver spoon,-but when spoons and fawks and savers and aHl was gone, he never sed nuthin. &amp;apos; Bar that winder,&amp;apos; phe to MisterSapes, &amp;apos;and then go to bed,-to bed evryboddy: tomoNow orI, Pete, you go down to Bo-street, and yve my compaiment to MiterLavender, and say I wish to se him -y the time I come down to breakfast&amp;apos; And so Sir John took up his candle agin, an without a word more, took hisself off, and all the rest follered, and never so much as opened their lips. &amp;quot;I was puaaktle nex mornin in course, and soon heerd the histry of the robbery, Irh the theeves had broke open the garding gate, pnzed the pan shetters and so on. Mr. Snapes was weqry obleegi and showd me all round the premi, tellin me the way wich he supposed the robbers had got in. I icerd evrything as he sed and lookt at evrything as he piued out to me,-ad to sum things as he didn&amp;apos;t notice in no way, and won ho ad done,-aa nice, uivvle spoken gentleman is Mr. Snapes-I ant to &amp;quot; Sir John. &amp;quot; I found him at brekfast, and wen rd took my at, wich he politely dL- itI: WI~hetlitI sed: &amp;quot;&amp;apos;You haven&amp;apos;t bin broke into, Sir John!&amp;apos; &amp;quot; &amp;apos; The devil I haven&amp;apos;t,&amp;apos; wa his remark; &amp;apos; wot&amp;apos;s becum of my plate, &amp;quot;&amp;apos;I didn&amp;apos;t say you hadn&amp;apos;t bin broke out, Sir Jhn.&amp;apos; &amp;quot; &amp;apos; Ah,&amp;apos; says he;-&amp;apos; how&amp;apos;s that ? so you think.-&amp;apos; &amp;quot;I&amp;apos;im p ihsure on it, Sir John. Wen crowbans is used there&amp;apos;s a &amp;amp;h dents, wen winders in broke from the outside the glas tuble. in; thlis here crowbar&amp;apos;-wich I produced it-&amp;apos; aint marlked nowheres, this hre lass was laying on the gras under a rose bush more 1a furm feet from winder. Ther was rain last nite and the marks of week and hoss feet in the lane is Jarve&amp;apos;` marks and not craxmen&amp;apos;s K 0du-t- Praps you&amp;apos;ll be kind enuff, Sir Jobh, to let me see a pare a s soo, and Mier Pete&amp;apos;s too,-they woodn&amp;apos;t either of ,em cmu &amp;quot;Well, ih Co s, e shoos w ot onbaknown to the parties and I wt into theqg g tis time oty my;F, and tried &amp;apos;em i sum bimark as Was they fittd like my man Fridy wen he fntul Robs C T mahe kwas turned wick one wae wpkiin backd wl the other fornard, and deep dug they ws A if a 1 wate was bein carrid between &amp;apos;em. &amp;quot; &amp;apos; I sees it all now, Sir John,&amp;apos; says l, wen I goes baek to the Barrynet. &amp;apos;Snapes and Petes is the men, and with your permission I&amp;apos;ll take &amp;apos;em ito custody.&amp;apos; A paler man than Mister Snap., or a redderer one than Mister Peters, wen I laimed &amp;apos;em as my prisners I never saw, tho I&amp;apos;ve had a many afore the Beaks. The Darbies was handy,-I always has two or three pre in my pockit-and they was soon on-a cunweyance was prcured and about an hour arterwards Mister Snapes and Miter Peters was afore Sir Richard. &amp;quot;I He coodn&amp;apos;t make much out on &amp;apos;em at fust, for they stuck close to their own story. Snapes sed he cood prove where he teed and Peters swore he was a waitin all the evenin at the Feathers in Leadenhal-street till his master cum out from dinner. This here aint a matter to hurry over, so I arsks for a remand till I can git further evidence, and wile I&amp;apos;m about it the prisners is under lock and key. &amp;quot; Now, Mister Coppers, I&amp;apos;m as sure as if I&amp;apos;d seen it, that this job was dun in a Jarvey. Irve bin or sent to all the Pikes round Lunnon &amp;apos;cept yourn, and now I&amp;apos;m cum to you. They didn&amp;apos;t go Essex way, nor Kent way, nor Surrey way, nor up into Harfordshire-there&amp;apos;s been nuthin heera of at the reseavers in Houndsditch and them parts, and my beleof is that they cum by this gate. Did you see ever a Jarvey go thro on Wensday evenin?&amp;apos; &amp;quot; Mister Lavender,&amp;quot; says I, &amp;quot; I&amp;apos;m proud of the confidens as you places in my obserwation, but Iin sorry to say I didn&amp;apos;t see no Jarvey.&amp;quot; Mister Lavender scrude up his mouth, and lookt at me werry hard. &amp;quot;But,&amp;quot; coninera I, &amp;quot;there was a Jarvey as went thro for all that.&amp;quot; &amp;quot;How cum you not to see it then ?&amp;quot; says e. So then I up and told him how about the pint of dog&amp;apos;s-nose and the wind and the site and the royal fewneral,-he&amp;apos;d bin at both hisself th same day and nite,-and how I wared and went to leep for af n hour wile Joe Dipple watched the gate, and wot happen wile he was there. &amp;quot; Well,&amp;quot; says he, wen I&amp;apos;d done, &amp;quot; then Dipple&amp;apos;s the one as can tell. It will be worth his wile to speak out, for Sir John offers a hvvy reward. I was in hopes you&amp;apos;d have had it, Mister Coppers, for you re a honest man.&amp;quot; &amp;quot; Thankey all the same,&amp;quot; says I, &amp;quot; but it aint my luck.&amp;quot; So Joe Dipple was sent for, and he repeated word for word wot I&amp;apos;ve rit down as we as I cood. &amp;quot; Now,&amp;quot; says Mister Lavender, &amp;quot; there&amp;apos;s only one thing more about it. You saw the man&amp;apos;s hand as threw you the harferown, and you saw his att,-did you seeshis face ?&amp;quot; &amp;quot; No,&amp;quot; says Joe, &amp;quot; it was too dark.&amp;quot; &amp;quot;You coodn&amp;apos;t sware to him if you saw him agin ?&amp;quot; &amp;quot; I coodn&amp;apos;t.&amp;quot; &amp;quot; Did you see nuthin else ? Didn&amp;apos;t you notice the number of the coatch on the pannle ?&amp;quot; &amp;quot; Yes, I saw that.&amp;quot; &amp;quot; I thaww dod hi the,&amp;quot; says Ms Lavender, a rubbin of bi Wu ftr athds1 &amp;quot;Not o M to myyo&amp;apos;v. t Cum, try back, theres * huuierd ~emd. It&amp;apos;s worth r Upnembein.&amp;quot; &amp;quot;I I&amp;apos;td ficgger&amp;quot; say 3o* ,d th e um into his ias. 9 Wel, don&amp;apos;t cry, man,&amp;apos; aye the offioe,- -&amp;quot; ptp you ca reecleck wot thw We u w like?&amp;quot; Joel&amp;apos;is.. o p. apntwo pots of orter,&amp;quot; he out. &amp;quot; Wot lo you m a r that ?&amp;quot; arsake uter Laven eP Joetesap of aAwklc out of the poclkit of his jackit and goes to my toll-board andso up the two pipe and two pots. &amp;quot;21 -Two-one--one,&amp;apos; cries Miter Lavender,-&amp;quot; that&amp;apos;s two hun. dad and elem. - Sure of that?&amp;quot; &amp;quot;Sure on it.&amp;quot; &amp;quot;I ha&amp;quot;e him en,&amp;quot; sys the officer. And so he hd Two bunderd and eleven was soon found, and under the of hs grte cote, wich he&amp;apos;d forgot he put it there, was found the StAtford Pike tickit for the nite of the robbery. Jarey tured Kings evidence and confest how he&amp;apos;d been had in down the lane frm the other side of the Stratford gate, how Snapes and Petr oried out the chest, how they driv to a house in Kensintonsquare wh tey left the swag, and how they got back by Tyburn time enuff to drop Pet in Leadenhall-street and git Snapes home afore his mastr. Th rest of the stor&amp;apos;s soon told: the two was transported, Sir John got back hi plate an jewls, and Joe Dipple was pade the hunderd pound. e oferdharf of it to me as he sed wed shared the harf crown, -abut &amp;quot; no, Joe,&amp;quot; says I,-&amp;quot; this &amp;apos;ere money will set you up in a good bigness; if I wasto tAe it I shood only lock it up, for I dnt got no caul for anything but pikim&amp;apos; and cappitle aint wanted for that. Take a public, ad you&amp;apos;re inside your own bar ill come and take a pint of dogsnos now and then.&amp;quot; He follerd my adwice, and manny&amp;apos;s the time wre&amp;apos;e tawked over this &amp;apos;ere an r of the Jaey as I&amp;apos;ve distraoted from my Dairy.</FullText> </Record>