<?xml version="1.0" encoding="UTF-8"?>
<Record> 	<Version>Record_v1.0.xsd</Version> 	<RecordID>4417439</RecordID> 	<DateTimeStamp>20180928135242</DateTimeStamp> 	<ActionCode>change</ActionCode> 	<RecordTitle>KINGSCONNELL.</RecordTitle> 	<Publication> 		<PublicationID>3084</PublicationID> 		<Title>New monthly magazine and humorist, Jan. 1837-Dec. 1852</Title> 		<Qualifier>London</Qualifier> 	</Publication> 	<Publisher>E.W.Allen; Chapman and Hall; Henry Colburn; Henry Colburn and Richard Bentley; Adams and Francis.</Publisher> 	<Volume>88</Volume> 	<Issue>352</Issue> 	<AlphaPubDate>Apr 1850</AlphaPubDate> 	<NumericPubDate>18500401</NumericPubDate> 	<SourceType>Historical Periodicals</SourceType> 	<ObjectType>Review</ObjectType> 	<Contributor> 		<ContribRole>Editor</ContribRole> 		<LastName>Ainsworth</LastName> 		<MiddleName>Harrison</MiddleName> 		<FirstName>William</FirstName> 		<PersonName>William Harrison Ainsworth</PersonName> 		<OriginalForm>Ainsworth, William Harrison</OriginalForm> 	</Contributor> 	<LanguageCode>ENG</LanguageCode> 	<ISSN>2043-5193</ISSN> 	<ISSN>2043-5177</ISSN> 	<StartPage>563</StartPage> 	<EndPage>563</EndPage> 	<Pagination>563-563</Pagination> 	<URLDocView>http://search.proquest.com/docview/4417439/</URLDocView> 	<Products> 		<Product> 			<ProductID>1007574</ProductID> 			<HasFullText>true</HasFullText> 		</Product> 		<Product> 			<ProductID>1009130</ProductID> 			<HasFullText>true</HasFullText> 		</Product> 		<Product> 			<ProductID>10000001</ProductID> 			<HasFullText>true</HasFullText> 		</Product> 		<Product> 			<ProductID>10000297</ProductID> 			<HasFullText>true</HasFullText> 		</Product> 	</Products> 	<Terms> 		<FlexTerm> 			<FlexTermName>DerivedSubject</FlexTermName> 			<FlexTermValue>ENGLISH LITERATURE - 19th Century</FlexTermValue> 		</FlexTerm> 		<FlexTerm> 			<FlexTermName>DerivedSubject</FlexTermName> 			<FlexTermValue>POLITCS AND GOVERNMENT 1800-1837</FlexTermValue> 		</FlexTerm> 		<FlexTerm> 			<FlexTermName>DerivedSubject</FlexTermName> 			<FlexTermValue>POLITICS AND GOVERNMENT 1837-1900</FlexTermValue> 		</FlexTerm> 	</Terms> 	<FullText>KINGSCONNELL.0 I PYREX ban lay upon Kingconnell. Randolph Bertram., Vunt Kiconnell, when erecting the present mansion upon the site of on mITh older, despite the entreaties of a childless, friendless widow, whose last and only hope it was to be buried with those who had gone before her, levelled the old consecrated burial-ground of St. Ninian&amp;apos;s Chapel, and smoothed the greensward to a pleasance agreeable to the eye to rest upon. But this was not effected without opposition. &amp;quot; The solemn curse of a widow sad&amp;quot; rested upon the family which had violated the homes of the dead, and no future lord of Kingsconnell was succeeded in his possessions by an heir of bis own body. One of the most tragic instances of the fulfilment of the widow&amp;apos;s curse occurred in the fate of a young master of Kingsconnell, who becoming attached to n beautiful young girl, of rank inferior to his own, was sent abroad, gradually weaned from his affection by treachery of the darkest dye, and seduced into a marriage of convenience. Accident, however, as is usual in such cases, brought about a knowledge of this truth; his first love had not, 4s had been represented to him, been faithless, and the young master blew out his brains the third day of his marriage. Mrs. Gordon relates, in connexion, with this sad event, a ghost story, which closely resembles in its details one of the best of those recorded by Sir Walter Scott from hearsay. A Colonel Ainslie-a brave soldier, who had led a forlorn hope and mounted a breach-was, as in Sir Walter Scott&amp;apos;s case, the witness. The colonel arrived on a visit to the Lord of Kingsconnell. lie was, as it turned out afterwards, conducted to the young master&amp;apos;s room, which was first restored to use on the arrival of a stranger; as it was sul)posed that such a person would have no painful ideas connected with it. l he colonel fell asleep in his chair before the fire, and only awoke to find himself confronted, in the dead of night, with a young and remarkably handsome man, dressed in a rich lace suit, his whole appearance denoting a gallant of the first rank, but his countenance, Colonel Ainslie subsequently declared, such as would never leave his memory till his dying day. The apparition, for such he felt conscious it was, pointed with an authoritative gesture to the door, nor was thegallant colonel long in obeying the hint. It is needless to say that the family portraits afforded an easy key by which to recognise the ghostly visitant. It was the young master who came to so untimely an end, and. who had last occupied that room in life and in death. We think we have sqid enough to show that there is no small interest attached to tihe ch:onicles of Kingsconnell. Mrs. Gordon&amp;apos;s selections are not, however, all of the same gloomy cast. These are, indeed, exceptions to sketches of life in which readers will find their sympathies of every day aroused aind gratified in no small degree.</FullText> </Record>