<?xml version="1.0" encoding="UTF-8"?>
<Record> 	<Version>Record_v1.0.xsd</Version> 	<RecordID>4419359</RecordID> 	<DateTimeStamp>20180928135242</DateTimeStamp> 	<ActionCode>change</ActionCode> 	<RecordTitle>AN ARTIST'S STUDY IN THE QUARTIER LATIN.</RecordTitle> 	<Publication> 		<PublicationID>3084</PublicationID> 		<Title>The New monthly magazine, Jan. 1853-Dec. 1881</Title> 		<Qualifier>London</Qualifier> 	</Publication> 	<Publisher>E.W.Allen; Chapman and Hall; Henry Colburn; Henry Colburn and Richard Bentley; Adams and Francis.</Publisher> 	<Volume>128</Volume> 	<Issue>512</Issue> 	<AlphaPubDate>Aug 1863</AlphaPubDate> 	<NumericPubDate>18630801</NumericPubDate> 	<SourceType>Historical Periodicals</SourceType> 	<ObjectType>Fiction</ObjectType> 	<Contributor> 		<ContribRole>Editor</ContribRole> 		<LastName>Ainsworth</LastName> 		<MiddleName>Harrison</MiddleName> 		<FirstName>William</FirstName> 		<PersonName>William Harrison Ainsworth</PersonName> 		<OriginalForm>Ainsworth, William Harrison</OriginalForm> 	</Contributor> 	<LanguageCode>ENG</LanguageCode> 	<ISSN>2043-5193</ISSN> 	<ISSN>2043-5185</ISSN> 	<StartPage>422</StartPage> 	<EndPage>436</EndPage> 	<Pagination>422-436</Pagination> 	<URLDocView>http://search.proquest.com/docview/4419359/</URLDocView> 	<Products> 		<Product> 			<ProductID>1007574</ProductID> 			<HasFullText>true</HasFullText> 		</Product> 		<Product> 			<ProductID>1009130</ProductID> 			<HasFullText>true</HasFullText> 		</Product> 		<Product> 			<ProductID>10000001</ProductID> 			<HasFullText>true</HasFullText> 		</Product> 		<Product> 			<ProductID>10000297</ProductID> 			<HasFullText>true</HasFullText> 		</Product> 	</Products> 	<Terms> 		<FlexTerm> 			<FlexTermName>DerivedSubject</FlexTermName> 			<FlexTermValue>ENGLISH LITERATURE - 19th Century</FlexTermValue> 		</FlexTerm> 		<FlexTerm> 			<FlexTermName>DerivedSubject</FlexTermName> 			<FlexTermValue>POLITCS AND GOVERNMENT 1800-1837</FlexTermValue> 		</FlexTerm> 		<FlexTerm> 			<FlexTermName>DerivedSubject</FlexTermName> 			<FlexTermValue>POLITICS AND GOVERNMENT 1837-1900</FlexTermValue> 		</FlexTerm> 	</Terms> 	<FullText>AN ARTIST&amp;apos;S STUDY IN THE QUARTIER LATIN. PARr II. Ow the fist of March I received the following note from Will: &amp;quot; DzR NELL,-To-morrow being the Mli-Car~me, you wiU of course have a holiday, and I want you to pose for my Haidee, a friend having lent me a Greek costume. There is also a parcel from home waiting for you to discuss its contents. I shall be at the gates of the convent as early as I think the Lady Abbess will let out a novioe.&amp;quot; Naughty Will, I never could cure him of calling her Juno, Lady Abbess, or some nickname, though I repeatedly told him she saw all my letters. I went with }hinm, and, that we might lose no time, indulged in the unwonted luxury of a cab. The streets were full of people, standing shivering in the biting wind, watching others shivering iti open (carriages, attired in fancy costume, and trying to make time ,most of that one day&amp;apos;s break by which their Church kindly helps them to endure Lent. There were the usual puppetshows and roundabouts, annd other babyish diversions, attended by fullgrown muen and wonmen, who endeavoured to keep out the cold by feasting on squares of hot galette, or cornets of fried potatoes. Happy people, so easily contented, so childish in their mirth, it is difficult to conceive they require the hard driving and tight rein our politicians affirm to be good for them. When, we had climbed up into Will&amp;apos;s garret, I was quite surprised at the ciange in the aspect of the study. First (and I heaved a sigh of relief), tihe old chest lhad disappeared, and there, iu its stead, was an oldfashionied , but comfortable-looking, mahogany table. &amp;quot;Ali !&amp;quot; said Will, &amp;quot;that is au exchange I made with M.Ueyer, who vowed you would faint every time you saw that chest, for which lhe had. a hankering, so he has taken it and given me this.&amp;quot; I felt quite an affection for the doctor from that moment. &amp;quot; But the old stove ?&amp;quot; WVill began to laugh. &amp;quot;Poor thing, it is disabled. Some fellows grew very merry here the other night; there was a sham fight-some wounded knight fell against the tube, and the whole affair came rattling downa. You never saw such dust, and soot, and smoke ! It is not all gone vet. The doctor, who has always his wits about him, suggested that, the season being so far advanced, the open fireplace would give sufficient heat, and I really think it has quite a drawing-room effect.&amp;quot; Charming! and the parcel from home ?&amp;quot; Will lugged forwards a great hamper, and, lifting up the lid, displayed with tender appreciation a Yorkshire ham, sundry mince-pies, a Stilton cheese, some smaller goodies for me, and a letter, which I devoured with more eagerness than any of the other things, estimable as they were. To my brother, nmy mother wrote: - Your cousin, Matilda, is visiting Paris with Lord Stiffley&amp;apos;s family, and has promised to convey to you as large a parcel as I like to send, those grandees carrying so much luggage, that a box or two, more or less, makes no difference. I have, therefore, packed up some English fare, which you will, I trust, enjoy whilst it is in good condition, as Matilda promised to forward it to you immediately on her amrval. She says, also, that Lord Stifiley and the Houourable Misses Steel will acompany her to visit you, which, you know, may lead to something, for she says his lordship is very generous when lhe takes to any one, and we know how liberal he has been to her. So, my dear boy, pray do not throw such an introduction away by any of your queer artist&amp;apos;s ways. Mind you keep your study in nice order. Ah ! how 1 wish I cotdd come and tidy it for you; and if you could, love, just refrain from smoking in the daytime-ladies do dislike it so; and please don&amp;apos;t turn all your sketches to the wall, as if nobody could understand them but yourself, for I have no doubt they mean to buy some, or give you a commission, or something, or they would not visit you at all.&amp;quot; I could not help smiling, as I felt the curls of smoke wreathing round my hlead, to think how obedient Will was. He removed his pipe from his lips, however, to remark: &amp;quot;W N\ell, now, you see, Nell, this sketch of Don Juan and Haidee is tolerably well made out, all but the costume, at which I will work today like fun, and I really think it is the best thing I have done.&amp;quot; &amp;quot;Beautiful! Only,&amp;quot; I suggested, timidly, &amp;quot;do you think the subject likely to please ? I have heard the Stiffleys were rather rigid, and I should think if you touched up that &amp;apos;M ilton&amp;apos;s Reconciliation,&amp;apos; it would be more in their line.&amp;quot; But when did ever artist (at least a raw one) recognise the fitness of sublunary things, time, or place ? Milton had long been laid aside, and Will was at present boiling over on the subject of Haidee, and could not understand that any one should not share his enthusiasm. &amp;quot;; You must know, Nell, I have not breakfasted yet, having turned out only just before fetching you.&amp;quot; &amp;quot;Lazy fellow ! I have been up five hours.&amp;quot; &amp;quot;You don&amp;apos;t say so! Dear me, how unearthly-why, it must have been the middle of the night, for I am sure 1 was up very early. I asked Meyer to breakfast with me, so do you slip on that costume whist I go in search of him and of a loaf,&amp;quot; W\Then the two friends returned, they started back in surprise, which soon changed to mirth. I was declared to be Hlaidee herself, and mounted at once to repose on the ottoman amongst Will&amp;apos;s pillows and bolster, concealed by the old tapestry and my shawl in as Eastern a style as could be devised. &amp;quot; Is not Meyer just the old pirate ?&amp;quot; said Will. &amp;quot; Now, Pirate Lambro, prepare our breakfast, that we may lose no time. You will find the Cyprus wine, the dates, the grapes, the-what did those lovers eat?&amp;quot; &amp;quot;Nothing equal to this, 1 can tell you,&amp;quot; replied Meyer, diving into the hamper. &amp;quot;They had lamb and pistachio-nuts, or some such stuff, and here we have English ham and Stilton! real Stilton, as I am apirate! Go on painting, my friend, and I will spread you such a feast! Some of this ham would broil exquisitely at this clear fire. Where&amp;apos;s your frying-pan $&amp;quot; &amp;quot; Inl my bedroom, I rather think. Stay, though, it may be in the corner there, behind that torso.&amp;quot; It was soon found up, and with much nmcrriment on my part, but great gravity oil that of our cook, the ham was sliced, anrd began to emit savoury odours and musical sounds as the doctor bent over it, ftork in haud, the light of thle fire gleaming on his large eyes and coal-black beard. How did that manl contrive always to look like a wizard ? &amp;quot; What funi it would be,&amp;quot; ]. exclaimed, &amp;quot; if our expected aristocracy made its appearance at this nornient !&amp;quot; The words were hardly uttered, when we all started and held our breath to listeni. Steps were heardl at thle very door, a tremendous rustling of&amp;apos; silken skirts, a tap with soine sturdy knuckles, and an English voice reading Will&amp;apos;s name on thle card, which served as door-p late. Ici zious su1li,&amp;quot; it said, in choice Frenichi; &amp;quot;&amp;apos; the ascent equals Snowdon !&amp;quot; Will jumped up as if shot, anrd seized the frying-pan with a frantic intention of getting rid of it somiehow; but the door opened, the room filled vitlh compijany, and(l i an agony of confusion poor Will clapped the greasy hot pan just where it was linost conspicuously out of I)laceL arid in sighton the, centre of the table. Tlhere the ham hissed anid palpitated after the manner of fried mneats, till it gradually sobbed itself into quiet arnd coldness. And there, rountd the table, staring with ill-concealed astonishmenut, stood ouir (&amp;apos;cousin latilda, Lord Stiffley, the ilonourable Charles, the Ilonourable Nliss Steel, and the IHonourable Miss Adelaide Steel! TIhe scene was so exquisitely ridiculous that ro senuse of shame could have stifled the laugh that was bursting frorn my lips when I suddenly saw all those eyes turn from the frying-paui to me, and I remembered my own strange costume, which I had till then forgotten. I stood in mute confusion as they surveyed mue from top to toe, from the crown of iny tasselled cap, down my flowing hair, my embroidered vest, my striped gauze trousers, my sli8Ppers, which I could not keep on my feet, arid AM atilda went through the ceremony of introduction with as much suavity is she could comnand(l ; but imagine how she looked-she who had been for twenty years a miodel of&amp;apos; perfection in the schoolrooms of the nosbility ! Tlhen, coming up ts if to give me a cousilly sautue, she whispered, auugrily, I Jlow can you allow your brother to live in such a way? I never iwas so ashamed in l 11ife I I would not have brought thlen had I known it wans such iL )igsty !&amp;apos; Mever alone retained his usual self-possession, anid, advancingr with a quiet Smile, said, &amp;quot; Mly lord can doubtless sympathise with an exile eudeavouring to recal sone of* the customs of his native land ?&amp;quot; Lord Stiftley bowed condescendingly in reply to the refizued accent and manner of the doctor. but his bewilderment evidently &amp;apos;increased under the effort to identify Einglish hnabits with the frying-pan hissing ou a studytable, or a young Englislh girl habited at noonday in Greek costume. However, Mieyer reIoveC(l the unfortunate kitchen utensil, I suppose, to N ill&amp;apos;s bedroom, reapp}eaired with sonie extra chairs for the comrpany, and tthen vanished ; I flaney ratther to the regret of the eldest lady, who had withdrawn her attention frot me, as soon as she had perceived lhiml. There wer(&amp;apos; solute tinoret feeble attempts at explanation, which, as usual with explanations, inadle natters ;,appear worse ; but the sketch was turned towards thsem i as a reason why I was habited so strangely. &amp;quot;I Donsid pretty girl, &amp;apos;pon my word!&amp;quot; muttered the lonourable Charles, affecting to look at the sketch, whilst he gaze(d at me to my increused conftusion. The IHonourahle Charles was, I suppose, near-sighted, for most of his energy seemed spent in the endeavour to keep an eye-glass fixed ill his eye, which effort caused a most fearful contortion of couoitenanice; lips, nose, cheek, all assisting spasmodically in the work. Will, glad to have mounted his hobby again, began holding forth on tlhe situation of Haidee, quoting lines explanatory, when he was suddenly pulled up by Matilda exclaiming in horror, &amp;quot; Why, consin ! you don&amp;apos;t suppose these young ladies-my pupilshave ever read such a book. as &amp;apos; Don Juan!&amp;quot;&amp;apos; They had probably not read &amp;quot;6 such a book,&amp;quot; but they had read that one, for their faces betrayed them. The young ladies acted on the lhint, and turned to something else, whilst Will stamniered out, &amp;quot; I was- I was addressing the gentlemen.&amp;quot; &amp;quot;l)oosid pretty sketch !&amp;quot; said the Honourable Charles, still screwing up his ever to lonk at me. &amp;quot;Egal ! I should rather like being a p)ailnter myself under such circumstance3 !&amp;quot; Arid there seeined to himself somethingr so ludicrous in the idea of the HI onourable Charles turning painter that he grew quite Merry on the occasion. As for LJord Stiffley, after the first shock of the frying-pan, lie showed himself a very condescending gentleman, though not altogether ini his element in Will&amp;apos;s anti-aristocratic study. As usual in English society, We spIeedily divided into two groups, the gentlemen talking together in one corner, the ladies in another. They were thorough types of English women; tall, slender, delicatel) fair, with blue eyes shaded by eyelashes almost bUick, largre inouth showilg too readily the long front teeth, long chin, anid hair of a rich dark brown, luxuriant in quantity, but arranged without regard to the style of face. The eldest must have been for many years only nominally Matilda&amp;apos;s pupil, for she could not have been less than twenty-six or twenty-seven, and at least ten years older than the other sister. The hopeful heir camne between tne two, and had (Joubtless been thoroughly worshippe(d and spoiled by them. Suddenly Miss Steel fixed her eyes on the sketch of the Master of Ravenswood, and I saw a blush suffuse her whole face. She beuit down to examine it, and perhaps to conceal lher emotion. It w as a mninute or two before she turned her countenance (calmn and pale as before) towards Tne, ard asked &amp;quot; if that wlas at )ortrait of any living person Yes, of the gecntleman you saw here.&amp;quot; Ah, by the way,&amp;quot; said her father, &amp;quot; I fancied his face was familiar to me, and yet it is most improbable. Is he a brother-artist ?&amp;quot; No, a doctor, ard a man of no small ability.&amp;quot; &amp;quot;Remarkably good English he speaks.&amp;quot; &amp;quot;In his youth hle spent some years iii England, and his acquainta:nce with English literature far exceeds that of most Englishmen. lie has b)een a kind fliend to me, cominin here a foreigner, and altogether a greenhorn.&amp;quot; As Will spoke warmly &amp;apos;in praise of his friend, I again detected on the face of the eldest daughter signs of (deelp emotion, which she struggled ill *&amp;apos;anr to suppress, and ,meetirg my eyes fixed upon her in compassionate syniiathiv, her own filled with tears. There must be some sad coinnexion I b etween her and some person who greatly resembled the doctor; my young imagination jumped at conclusions which I despaired of ever verifying. Who could have lived for years with starched cousin Alatilda and made her any tender conifidence ? Miss Steel alone looked conscious, and 1: believed her sorrow, whatever its cause, was secret. Well, they thawed all of them; the ladies promised to visit me at my School, alnd, what waql pleasanter to me for dear old( W&amp;apos;ill&amp;apos;s sake, the young fellow applied his eye-glass so suecessfully to the little sketch of Ilaidel, that hie begged mny hrother to finish it tip and name his price for the d doosidl pretty thiing.&amp;quot; *Will wvas of course very triumphrant, and as soon as they were gone we set to work again, he actively and I passively. Meyer, who lived so iipnr that lie coul(d see the carriage (lrive off, reappeared, :und amused us wvith a (leseription of the delighted astonishment not only of Madame Babois bilt of, thle whllole neighbourhood, who collected round the door to see the horses of &amp;quot; ces mv lords Anglais.&amp;quot; The honourable youth !1uIiteed the hox, shouting out to the rabble, &amp;quot; Allez vous ong, vous petites blackguards car je vais uller sur voUs, sacr(&amp;apos;.&amp;quot; It is curious enoucli that, however badly Englishmen speak French, the&amp;quot;* Kalways p)ick up the rolling &amp;quot;sacr,;&amp;quot; whilst the most thorough Freiichmnian iniageRs to rall) out the &amp;quot; Godem,&amp;quot; which he imagines to be t (celrtain token of Anglicised iiaturalisation. But, do you know, doctor,&amp;quot; said I, &amp;quot; one of those young ladies lost 4ter heart thien iind there to the Master of Ravenswood ?&amp;quot; I11 turnied I)lIC, lTn( .1 verv peculiar expression passed over his face, mit lie only answered, &amp;quot;To thie picture, of course.&amp;quot; By the was&amp;apos;,&amp;quot; pursuied W\ill, &amp;quot; Lord Stiffley fancied he had seen you before; has he hind that felicity at some bright period of his existence?&amp;quot; N1 ever hesitated], amld ninde a strong effort to speak with indifference. I think he may perhaps have had that pleasure, as you say. I once forned(l a passhln acqulailntalnce with a family named Steel ; it must have beeil. I suppose, betlre h}e. was Lord Stiffley, for I remember nothinm&amp;apos; of :an&amp;apos; title.&amp;quot; lie became Lord Stiffley the year before Matilda went there,&amp;quot; said I; tll ziltmst be about. ;esevl A&amp;apos;e!&amp;apos;s a(o. Seven y&amp;apos;ears; ah ! I dare say. Seven years; it seems a very lon&amp;apos; tine. It was at the Fngl~ish lake&amp;apos;s, where 1 had accompanied a young ar&amp;apos;tis; riend, in the hopes of getting some insight into sketching froin nature. I chanced to be of somie service to Miss Steel oai the occasion of some trifling accident; they were more grateful thani the thing required, ani greW qluite friendly with nie, till the papa suddenly made his appearallee on the Seelle, and was just as haughty as they were affable. We pu1-s~l il ou&amp;apos;r traitvtls ill (diflfelrent directions, and met no more.&amp;quot; 0I, ! oh ! pirate,&amp;quot; laughlied Will, &amp;quot;1 it wnas a young lieart you stole that timl). I wagmr vot broke it-that is you and her governor between you -the poor th1iingr has anl old, long-stippressed sorrow in her eyes. At anv r&amp;apos;ate, J onl see she has been constant to voui, she is Mliss Steel still.&amp;quot; And s)ite of his title, Steel will ever be the name of the father. But I 1Ulist h &amp;apos;ot remill here, I must attetid a patient. Good-by. Work well, eat well, and enljoy vo&amp;apos;ll selveS.&amp;quot; 1 le rant down %stairs, and we saw iio more of himi that day, but AW ill and I tilked hiit, Vtver*, aild realling his gravity, his indifference to all but science, and a certain touch of bitterness which obscured the real goodness of his heart, we made up our minds that the doctor had been crossed in that true love which never does rtun smooth. I was seized with a very womanish desire to bring this pair of unfortunates to bliss, and after planning mentally all sorts of meetings for them, alarmed Will for my sanity by laughing aloud at the impracticability of my schemes. Ouly a few (lays elapsed before the ladies called *on me and obtained permission of Madame to carry me off for the day. What could she or anv schoolmistress refuse to the owners of such a carriage? Cousin M-atilda proposed a visit to Pere-la-Chaise. On the road they told me &amp;quot; Papa was so poorly-had evidently a fit of the ,out coming on -which made hinm so cross ! &amp;apos;&amp;quot;i1ritable, not cross, my dear Adelaide: pain always has that effect on gentlemen,&amp;quot; correcte(l the governess. &amp;quot; Unfortunately, he so thoroughly despises French doctors that he won&amp;apos;t have any called in.&amp;quot; &amp;quot;Why,&amp;quot; I exclaimed, &amp;quot; does he not send for Will&amp;apos;s friend, Doctor Meoer, who knows Engrlish habits an(l constitutions so well ?&amp;quot; I was a little surprised at my owvn boldness, hut Matilda, who I fancy suffered most from my lord&amp;apos;s irritability, caught at the idea. &amp;quot; The very thing! We must propose it to hiin on, our return to the hotel, must we not, Miss Steel ?&amp;quot; No answer came, but the youngest sister exclaimed: Oh yes, certainly; if he can but keep off the grout lhe will be the dearest doctor in the world.&amp;quot; &amp;quot;Or the cheapest,&amp;quot; I put in. Poor things! I thought, they will meet amain; an(I I rejoiced, as if in my giddy youthfulness I could judge if such meeting would bring joy or sorrowv. We did the cemetery completely, gathered a leaf from the tomb of the young poetess Eliza TIercoeur, stroked the stone dog at the feet of Heloise and Abelard, looked into the little chapel full of child&amp;apos;s toys, which some poor mother has set apart as consecrated relics, and sneered somewhat lightly (I think now) at the dripping white tears daubed on the poor black crosses, anrd which puzzled AMiss Adelaide had mistaken for pears! 1 was lingering a little to admire the splendid panorama of Paris, visible from an eminence, wheu Nliss Steel&amp;apos;s voice startled me. &amp;quot;D Do you really think that Doctor 1eyer so clever?&amp;quot; &amp;quot; Of course, you know, I cannot jutdge, but others consider him so.&amp;quot; &amp;quot;Has &amp;apos;he a grood practice?&amp;quot; &amp;quot;No; but Will says that is entirely his own fault, because lie still de. votes so much time to study, and is, besides, apparently quite indifferent on the subject. I have heard him sa.y that hie does not care for his profession as a ineaTs of getting on in ithe world-his whole aini is the research of truth.&amp;quot; &amp;quot;Then perhaps lie may not choose to attend papa.&amp;quot; O yes hie will,&amp;quot; I replied, eagerly. She turned upon me a searching eye, before which t mine fell. i-l as lhe ?&amp;quot; she asked-&amp;quot; has hie ineitioned us to you ?&amp;quot; I briefly repeated the substance of what lie had said. &amp;quot;Never before that day ?&amp;quot; &amp;quot; No ; never.&amp;quot; &amp;quot;lie had forgrotten all about us, I (lare say,&amp;quot; She proceede(, stammer- ing and blushing; &amp;quot; it is years ago. lie was very good to us girls, rand papa a little misunderstood him; it was painful-that is, unpleasant.&amp;quot; I know not what possessed me to sny anything so unwarrantable, but I could not help it. &amp;quot; I believe hie loved you, Miss Steel; I believe he loves you still!&amp;quot; She turned pale, then red ; affected to laugh at my itschool-girl&amp;apos;s romance,&amp;quot; and then broke (lown in a passion of tears. &amp;quot;Forgive me; don&amp;apos;t be offended with me, pray,&amp;quot; said I. Shle gave me lier hal.d kindly, and recovered lher coniposure, as she whispered, 4&amp;quot; I was very young theni or I should have been more discreet. I anm old antd stendy now, and so, I suppose, is lhe. It must be all over. There would be no danger in meeting-no disobedience.&amp;quot; W&amp;quot;e walked down the hill silently, buit as we (lrew xiear the others she said, &amp;quot; Don&amp;apos;t mention nnything to tkcnt; thiey don&amp;apos;t know, anU( it is quite over, quite forgotten by-by every body.&amp;quot; Arrived at the hotel, there was very little difficulty in persuading Lord StifflPN to see D)octor Ieyer ; for, as lie himself renmarked, the (linnerhour was drawing near, and hie did not know whether to feed or to starve. 4You are always better for a little starvation,&amp;quot; suggested Miss Steel. Papa frowned. I anm sure it is a bad plan to lower onTself,&amp;quot; said Mvlatilda, who always proposed whlat experience hiad taughlt her was agreeable to lie&amp;apos;r patron. I 1 believe you are quite rihlt,&amp;quot; lhe re)lied, solemnly. &amp;quot; But to nmake suire, we hadl bettei allow )octor M1.1eyer to take the resp)onsibility on himsOlt. A gentlemanly nani, certainly ; looks clever, too, but such a beard is sadly tunprofessional. Wily disguise himself SO&amp;apos; Wi ithiotut a niomneit&amp;apos;s delav iny lord&amp;apos;s mian Nwas told to take a cab, and be sure to bring back 1 )oetor M11eyer from the Quartier Latin before dinper. Nos easv task ; but with the Stiffley servants to hear was to obey. and *just ats tlie jingle of&amp;apos; plate told that the cloth was being laid inl thle adjoining roomI1, in walked Doctor iever. HIe retired with his patient to his chlamlll)er; buit wlheu dimner was anniouinced Lord StifileY emerged therehi&amp;apos;o11 with so (Clicertu1l a smnile thwa1t we all lknew lie was to be. allowed his dinner, and we soOi fo)uiid that Doctor M1eyer had consented to partale ot it. With somlle sliphlit apology for his lack of evellillo, dress, he took his place ait MIiss Steel&amp;apos;s right hand. A feeling of delicacy prevented mlly daring, to look at tlieix, but I longed to see if there appeared any understandiidi- between them. She hardly spoke, but tile doctor came out in (to Ilie) aI new lighllt-the elegant, witty gentleman of society. l-ie certainl was qluitea . fascinating nman thlere, and scarcely at all like a wizard. As I loolked. at t be brilliant plate, the finie damnask, the sumptuous repast, thle deiiarte waiters, I could scarcely restrain a laug1h at the contrast with tlie plrl);arationWs my host had(l witnessed at mlly brother&amp;apos;s study for his morninwg meal ; indeed, to this day, I canl never recal that fryingr-paxi witlhout a smile. Tlhe 11mIourable Clharles declared that we oughlit to have had there &amp;apos;&amp;quot; his pninter,&amp;apos; as lhe regally styled Will, for lie believed hte wats a &amp;quot; dousid good. fellow ;&amp;quot; but how onl earth any one could live in suchi a street. and such at house, hie for his part could not tell, seeing Paris was so full of pleasant I)laces and handsome apartments, &amp;quot; and so doosid high up, too. Fancy cominig home from hunting, dead beat, and having to climib that staircase!&amp;quot; It was so likely a contingency that we all laughed. - The hunting which goes on in the Quartier Latin fatigues the head rather than the limbs,&amp;quot; replied Meyer. &amp;quot; When a man has been hunting ideas and riding his intellectual hobby, some eight hours at a stretch, a brisk run up and (lown to his garret is no bad adjunct to his evening meal. Ile cannot procure his dinner without a little necessary exercise. Men with occupations solely of the brain do well to live up many stairs; you gentlemen sportsmen may engage the entresol.&amp;quot; They chatted on merrily enough till we rose from table, when I whispered to cousin Matil a that I ought to return to school. The Ilonourable Charles proposed escorting me thither, which was, of course, decidedly negatived, though hie grumbled something about &amp;quot;absurd pradishiness,&amp;quot; an(d &amp;quot;doosid shanme.&amp;quot; As I bade farewell to MIiss Steel, I looked up into her face, and was surprised at the change I read there. She looked ten years younger; her eyes sparkled, her lips parted with a radiant smile, and the roses on her cheek seemed to add roundness to their contour. I had observed neither look nor word, but I felt sure the masonic sign knowIn only to lovers had passed between them, and that the faithfil woman knew that she was still loved. A fortnight slipped by, in which I only once saw our grand frien(ds. Dr. Meyer was in high favour, for Lord Stiffley was in good health, and had escaped the grout and starvation entirely. Dear Will was handsomely paid on the spot for his little sketch, and came forthwith to ine, good old fellow, to &amp;quot; treat&amp;quot; me in any way I could devise or relish. I had rather a fancy for a visit to the Palais Royal, and a dinnerluincheon at one of those immense restaurants which were to me endless sotirces of amusement. As we passed by the Lutheran Chapel in the Rue St. IIonore, we saw the doors open, and a hackney-coach in waiting. &amp;quot; Let us go in-it may be a wedding,&amp;quot; I suggested. We wvent in, and truly it was a wedding, for there before the large green baize-covered table, which ought to have been an altar, stood a veiled lady giving lher hand to-could it really be so ?-yes, to our friend the doctor! We could not distinguish her features, but the drapery was ill a sad flutter. It was a plain morning dress, and not a creature aeCCon)allied theni save a weeping female, whom 1 recognised as Miss Steel&amp;apos;s meaid. As the utnbridal-looking group moved away, we advanced a site) towards them, and they gave a great start. The friends shook hands, and I took that of the trembling bride, wishing her joy heartily. &amp;quot; Oh, thank you, thank you,&amp;quot; she answered, warmly. Poor thing, the sad, silent, unfestive church had struck cold to her heart-a friendly clasp of the hand, a hearty congratulation, were, indeed, welcome to her. &amp;quot;What have you been doing, doctor? I am ashamed of you !&amp;quot; said W&amp;apos;ill. &amp;quot;Y You need not be so, for I do not think I am wrong. When we were both younger, I would not have proposed such a step-but she can judge for herself now, and I hope to make her happier than she has beem whilst others judged for her. She has made her choice, God grant she may never repent it !&amp;quot; ; Well, you are an old pirate !&amp;quot; said Will, making a desperate effort to look jolly; &amp;quot;but go your ways, and my blessing on you, for there does not geem to be a father here to do the venerable. I sppose his lordship is ;g ofit fIs P&amp;quot; &amp;quot;We a now going to confess to him.&amp;quot; wil! gae a g&amp;apos;bstly groan. -&amp;quot;Wodld I ncit like to be you, that&amp;apos;s all ?&amp;apos; &amp;quot;You might be worse off.&amp;quot; And the doctor looked down on his wife with unmbstakable love. Lord Stiffley (we heard afterwards) was very angry at first, but ultimately forkpe the happy pair. Miss Adelaide enjoyed the romance of the adventure. Matilda echoed all that his lordship said; and the Hlonourable Charles thought it a &amp;quot; doosid queer start,&amp;quot;&amp;apos; but %is sister being no chicken, he did not see why she should not please herself. I Ed some intention of making our good doctor turn out an offshoot of some illustrions German house (he was a German by birth); but I despise such hackneyed arrangements, and will stick to the truth, which is, indeed, the only merit of these my poor &amp;quot;jottings down.&amp;apos; I felt that I had some hand in the doctor&amp;apos;s bliss, and was not a little proud at my first interference in such matters. Not long after Dr. Meyer&amp;apos;s marriage, on entering the porter&amp;apos;s lodge to take the key of Will&amp;apos;s room, we saw good Madame Babois seated by her fire, not preparing her pot.au-feu as usual, but with her apron thrown over her head, which was bent forwards supported on her hands, her elbows resting on her knees, and rocking to and fro in evident anguish of mind. &amp;quot;What is it? what has happened ?&amp;quot; we both exclaimed at once. $6 Ah, Petit Jean! my dear Petit Jean ! he was such a darling 1! He is lost!&amp;quot; retit Jean was a fine bright lad, of some eleven years old, whors I bad often seen coming home from school with his books under his arm, and who in the summer evenings enjoyed a game of battledore and shuttlecock in the open street (if any street in the Quartier Latin can be styled open), sometimes with the concierge Babois, but more often with the good lady herself, who forgot her fat and her mollesse in the excitement of the game. I had never spoken to him but on one of these occasions, when I could not retrain from taking a school-girl&amp;apos;s interest in his efforts to keep up a hundred strokes. I should have enjoyed challenging him myself, but was not quite brave enough to ply in the street; besides, it was Sunday, so I contented myself with admiring him. He looked very handsome as he stood there elated with his victory, his sparkling eyes raised to mine, his hair falling back in wild waves from his brown forehead, and his slight figure to graceful and elastic in his simple blouse and leathern girdle. &amp;quot;What has happened to your son?&amp;quot; I repeated, with sincere interest. &amp;quot;Ah, mademoiselle, he is not my son; but it is all as one! I think I love him better than if he were. He was only three days old when I had him first, and that is more than ten years ago I-ten yeas&amp;apos;s! But I retmeudber it as yesterday-it was a cold night-by reason that I had promised Babois a soupe au Wit for his supper. He at watching the marmite lest the soupe should burn, and 1 knitted whilt I said my prayers, whe some one rang the bell from the street. Babois pulled the cordon, remarking, &amp;apos; Well, I thought every one was in; all the keys are gone; its sow visitor to No.4, I 4womy. I &amp;amp;ball holyr ?0 giv thW young fellow notice that one cannot be disturbed night afksr .qt b nothing. Well, no one comes now the door is open.;&amp;apos; aad. Iig on his casquette, he went as far as the door. Sure enough, tirwaso no one. &amp;apos;It is some rascal playing you a bid turn,&amp;apos; uad I ; &amp;apos; 10i well round the corner.&amp;apos; But as I advanced to look also, I peravied ou th ground a large bundle wrapped up in a white tablecloth. I t ed picked it up. &amp;apos; Allons,&amp;apos; I said, &amp;apos; the person it belongs to has doabtl.&amp;quot; run on for something. But no; on taking it to the light of our lamp, what should I see but a pieae of paper pinned on to e cloth, oa which was written, &amp;apos; Coameodoed to the kind beat of Madame, os.,&amp;apos; I opened it carefully, and there lay, comfortably swaddled and raped a a little blanket, the most lovely baby eyes ever saw. I could lily believe mine, I was so surprised. My husband examined w1 Amping to find tome purse or billet de banque, or, at least, sone prowuing note. There was none; but, for me, I could hardly look away from the sweet face, sleeping soundly in such touching innocence! &amp;apos; The wicked mother might as well have placed it in the Enfant Trouvis,&amp;apos; mutter d Babois. &amp;apos;Never mind the wicked mother,&amp;apos; said I; &amp;apos; it is Heaven who hba sent it, as we hue none of our own. Let us rear it.&amp;apos; &amp;apos; Soit!&amp;apos; aid my laherbald, for he is a man of few words, and not always good tempered; but lis heart, mademoiselle, is tender as a lamb&amp;apos;s, and he is at this moment taking neither rest nor food in his anxiety to find Petit Jean the more that it is all his doing that he is lost. You see the lad has such a spirit, Ad if Babois did not go and accuse him of stealing some change that was missing! Petit Jean retorted angrily; they got to high words; Bebois taunted him with his birth, and okf like an arrow, started Petit Jean out of the house. We did not seek to detain him, thinking he would aetura when his temper cooled. We breakfasted alolq. and then my h ad went in search of him. Ile returned at mid-dsy-no news-end whm he saw my anxety, he started again. Poor Petit Jean! He steal, indeed ! Never 1&amp;quot; &amp;quot;Then he knew you were not his mother ?&amp;quot; &amp;quot;Yes; I have many a time told him the story of his arrival here, awd showed him the tablecloth, which I still preserve in case any one should wish to claim him. But see, here is Babois again! Ah, mon Dieu! be is still alone.&amp;quot; And so he was, and looking very tired and depressed. &amp;quot;Je n&amp;apos;eu puis plus,&amp;quot; he said, throwing himself ito a chair. &amp;quot; I have been searching for seven hours, and in vain. I give it up. Depend upon it, wife, the rascal is all safe, and only wants to puuis us for scolding him. lHe will return soon, when his appetite sharpeus a bit.&amp;quot; Some of Madame Babois&amp;apos;s gossips, who bad heard the news, here stepped in, and the porteress, being of that nature wbich gets id of sorrow by talking it over, fel to work again upon the new oomers. &amp;quot; Place aux Dames,&amp;quot; aid Baboi rising, and following Will ad me out of the lodge. &amp;quot; Ion&amp;apos;t give up your search so soon,&amp;quot; said 1. &amp;quot;Let us go with you. If the boy is afraid of you, our presence may reassure him.&amp;quot; &amp;quot;Petit Jeau is not afraid-not be; he is in a mad passiou, that is all.&amp;quot; &amp;quot;See,&amp;quot; I interrupted, &amp;quot; there is that dreadful man coming again.&amp;quot; It was the same police-agent who had carried off Will to explain the mystery of th Wbhsy He looked at us with&amp;apos;&amp;amp; aight smile of recoguition, and iD to Dubois: &amp;quot;6 I understand you have lost a child, sir ?&amp;quot; sY;u rnot my own, hut my adopted son.&amp;quot; A jh Ijmm. know all that story. He bao been with you above ten Year. y ha he left you ?&amp;quot; Babois related the story of the missing coppers, taking much blame on himself. iHes you lost nothing else ?&amp;quot; &amp;quot;Na, N i hiibg; and I am sure now that he did not ta them. I was mad to aecul him. He could not steal a pin, )the &amp;amp;ine }hosest led! That ws what angered him so.&amp;quot; &amp;quot;And you have looked everywhere amongst your friends ?&amp;quot; &amp;quot;Everywhere.&amp;quot; &amp;quot;There is still one place you hare not searohed. I will accompany you there.&amp;quot;&amp;apos; &amp;quot;Where, sir-where?&amp;quot; asked Babois, eagerly. &amp;quot;To the Morgue,&amp;quot; replied the other, with his usual sang froid. The porter sprang up as if he had been shot. &amp;quot;M My impression is,&amp;quot; continued the policeman, &amp;quot;&amp;apos; from what you say of his face and demeanour on leaving you, that he probably rushed straight into the water. We have a great many instances of drowning from mere passion. He left you at seven; the river was dragged before noon. I have no doubt we shall find him thee.&amp;quot; &amp;quot;Do you mean to say,&amp;quot; cried Will, &amp;quot; that you believe that child to have committed suicide ?&amp;quot; &amp;quot;Monsieur est Anglais,&amp;quot; he replied, with a shrug of contempt, as if that faet amvounted for a considerable amount of ignorance. &amp;quot;Suicide amongst us is very common; not a month passes Ibnt I see a child&amp;apos;s body in the Morgue. We have not the phiegme Anglais.&amp;quot; Will and I shrank from the police agent, and walked &amp;apos;silently together till we came to a low building close to the Seine, with windows of a peculiar construction, through which a few women and boys were trying to peep inside. No need for peeping, however, for the sad place was open to every one. I remained outside whilst Will entered with his two companions. In a moment he reappeared: &amp;quot;&amp;apos; Come in, the place is empty.&amp;quot; I entered with a beating heart the little house, the culminating point of so many life-long tragedies. There was, however, no cause for fear, nothing terrible, not even repulsi&amp;quot;e, save as suggestive to the imagination. Four slabs of (I think) lead were arranged beneath the open windows, sloping towards the feet, I suppose to drain off the water from the bodies deposited on those narrow beds; they were then untenanted, and Babois, who had been afraid to enter, heaved a deep sigh of relief. Against the walls hung a few groups of garments, male and female, still awaiting the recognition of friends after the uiifortunate wearers had been buried. I turned sick as I thought what we had expected to find on one of those cold grey beds-tlhe lifeless, dripping, perhaps distorted form of that bright, handsome boy! As I turned shudderingly away, I was arrested by the face of an old woman, who walked quietly in. Oh, such a face, such a terribly earnest face! Not afraid, not excited, but hardened, as it were, in protracted suffering, coldly, hopelessly wretched ! Scarcely a shade of differenc ped over the white face as she, uo ee4 the vaemnt slabs, and she walked away softly as she haod enterd, onlyuttaiiog &amp;quot;Pas encore!&amp;quot; &amp;quot;Persevering old woman !&amp;quot; said the agent, with a snile; is her dtughter went astry some six moaths ago, sad she is Aive enough swd saucy enough for any thing; the old woman would rather belie&amp;quot; hw deed, Ead so she comes daily in search of her, thoagh I have often uadeoei*d her as to her fate&amp;quot; Another shrug of his shoulders for the weakne of hbirn.. tkature, and the agent badeus good morning, leaving us to twa ba kc to Ibe Rue de la Jarpe i solemn silence For my part, as I walked along the gay, busy streets so full of life, my heart swelled with oompaukaat , pyers for the unhappy ones doomd to search for their heart tzrasom in the Morgue-to search successfully, alas! at We had hardly crossed h threshold of the house when Petit Jean himself rushed forwards, and caught Babois&amp;apos;s hand, exclaiming earnetly: &amp;quot;Forgive me, forgive me, my good father !&amp;quot; &amp;quot;Tell me first where you come from, truant?&amp;quot; returmed Babois, his tenderness melting away with his anxiety; &amp;quot;I{ have been hunting for you all the day.&amp;quot; The boy hung his head, overpowered by shmne. &amp;quot; I have been so wickedl&amp;quot; he faltered. And now we all perceived another figure in the lodge stauding by Madame Babois&amp;apos;s chair. It was that of a Sister of Charity, a fine strong woman, whose firm step suited well her coarse shoes, whose active limbs, like her plain short dress, bespoke constant activity, not the romanoe of asceticism; no pale, languid devotee was there, but&amp;apos; s heathy, hearty woman, whose energies were dedicted to the service of CDoit in Hiu own appointed way-.&amp;quot; Feed my sheep.&amp;quot; And how tender was the touch of the hand she laid on Petit Jean&amp;apos;s head, how sympathetic the glistening eye which beamed from the depths of her unbecoming but most shelterinog head-dress of snowy linen. &amp;quot;Good man,&amp;quot; she said, gently but firmly, &amp;apos;bind up his wounded heart; do not probe it, he has sinned deeply, but he is deepy peitent. God is always merciful, how can we dare be otherwise ? Good-by, Petit Jean; next Sunday I will see you again; now I must hasten away; but remember, no more passion, no more ingratitude to God.&amp;quot; Petit Jean sprang up and kissed her warmly. She received his caress with a smile, but she Ldi not return it. All the warmth of her heart had for many years found vent not in soft caresses but in incessant, vigorous acts of benevolence. Her lips ever prayed and adwonished, they bad almost forgotten to kiss. What an impression she made on we I I wished to detain her, as she left the lodge with her swift flrth step, but Will had now caught Petit Jean, and holding him by the ear, insisted upon knowing where hie bad spent the day. &amp;quot; Tell theni all about it, Petit Jean,&amp;quot; said Madame Baboi6, who had already heard the story from the Sister of Charity. &amp;quot;W hien I left here this morning,&amp;quot; began the child, with a faltering voice, &amp;quot;I felt, oh I don&amp;apos;t know how, but wicked, wicked and angry all over. &amp;apos;They are unjust, unjust,&amp;apos; I kept on aying to mayself; &amp;apos;I will never go back to them;&amp;apos; and I ran on, and still something always said unjust, unjust, in my heart. I came to the river; I was hot, furious; the wow lad s i and pleasant. &amp;apos; If I die %hy will be Ty they A l mn Iy&amp;apos; I thgh; and in a moment, I harly naow how, I hd jumped in. I felt the water all over me, it got down ray-throt suffo. stlI; t I rose again to the light, and then I sceaned for help, as eboi i Uwt the recital by a hoare laugh, Eu a &amp;quot;Fichtre petit d14 yo h g courage fw a suicide.&amp;quot; &amp;quot;You should not laugh at him,&amp;quot; I suggested. &amp;quot;No, no, it is Very eru,&amp;quot; replied Madame. &amp;quot;I doap&amp;apos;* iiw hat happene after that,&amp;quot; resumed the boy; &amp;quot; but I found myself on a bed, all wrapped up in blankets, and by my side sat the sWme Sister of Charity who brought me here. She spoke to me very kindly, and told me to lie still, that my clothes were at the fire, end when they were dry she would take me home. After a while she asked me if 1 had a moe, upowhich I told her all I knew about myself. She asked me mom questions than I could aEwer, and she told me how wicked I had been, and she made me Vmy to be forgven, and she prayed, too, for me. Tht is alL&amp;quot; &amp;quot; Why, Jew, you have forgotten how you were saved,&amp;quot; said Madame Babois; &amp;quot;1 it is the most singular part of the story. You know the nmy lord Aitglais who came to see you, sir; well, he was lounging on the qtmi, trying to induce his dog to have a swim, when my poor boy jumped in. Sir, without a momest&amp;apos;s hesitation, in he went after him, swam to him, and bore him to the shore; but with a sang froid, the good sister told me, he would not bear a word of thanks &amp;apos; But,&amp;apos; said she, &amp;apos; tell me your name, that the mother of this poor boy may mention you in her prayes.&amp;apos; So then he drew a little case from hi. pocket, and gave her his card, and walked coolly away with his dog, all dripping with wet, but not bastening his step or looking more moved than if he had taken a warm bath! Ah! they are ourious, those English.&amp;quot; And Madame Babois produced the glaed, finely-engraved card, much stained with water, on which we read &amp;quot;Honourable Charles Stiffley, Grafton-street.&amp;quot; &amp;quot; Doosid lucky thing lhe was there,&amp;quot; said Will, imitating his very indifferent style of speech. When, some days afterwards, Will saw the Honourable Charles, and congratulated him on his Sunday morning&amp;apos;s work, he replied with nonchalance,, &amp;quot;Oh, ali! fine boy; hope his governor horsewhipped him soundly.&amp;quot; On the following Sunday, faithful to her promise, arrived the good Sister of Charity, and at my own desire I was allowed to see her. But she came not alone; with her was a younger sister, dressed, like herself, in a religious habit, but differet as possible in face and manner. Delicate, timid, with hesitating step and sad, languid eyes, which dropped before the gaue of a stranger, as if she had known not only sorrow but shame. .86 coloured deeply as Sister Theerese presented her, by the name of Agnes, to Madame Babois aid Petit Jeau. &amp;quot; You are very happy to have found so good a mother,&amp;quot; she said gently to the boy; 4&amp;quot; you will never again cause her such anxiety. Think of her grief if she had lost you l&amp;quot; And her large eyes, filled with tears, were fixed earnestly on Petit Jean. Sister Th6rise then asked permission to see the clothes which Madame had kept sinoe the first night of the infant&amp;apos;s arrival at her door. The other one turned them over and over with trembling hands and drooping ip, as if snfud renemimoes touched her at the it of the Oh luanges,&amp;quot; mow yellow with age. TEien she ized he eyes gaid Pan Jean, and listeued in sileuc to all adames loquacios desctiptus ofd! sourae, wit, sad vivacity of the boy&amp;apos;s e ariest yeam Sister Thir~se, with kindly authority, gave good advim to ham mEd his adopted mothe, and pa.d to renew her VWsit at lint.. Im. &amp;quot;&amp;apos; But,&amp;quot; said she, &amp;quot; we have so litth eise; what witb theab cI and the sick, and the Church cdiioes, we have rarely a mmnt t oI Come, Agnes, bid farewell to the good Christian who has ben aHer to a forsaken child. We have hardly time to gain t He M l Dies for our watch.&amp;quot; She rose to depart, saluting = all with a wave of the hand and a quiet smile. &amp;quot; Au revoir,&amp;quot; murmured the pale Sister Agnes, following her with a slow, mechanical step. She crossed the threshold, then suddenly returning, took Jean by the hand, and imprinted a long yearning kiss on his forehead; her lips seemed to grow there, and lier sad eyes overflowed with tears meanwhile. Jean watched them from the door. &amp;quot; Mademoiselle,&amp;quot; whispered the pri to ve, &amp;quot; did you observe that kiss ?&amp;quot; &amp;quot;Yes; why ?&amp;quot; &amp;quot;Only mothers kiss like that,&amp;quot; she replied, shaking her head with a glance full of meaning-&amp;quot;&amp;apos; only mothers ! HWlas ! la pauvre fille I&amp;quot; Three years afterwards, when I was far removed from the Quartier Latin, occurred one of those periodical minor revolutions to which poor France has been always subject since the great shock to her system in the latter part of the laqt century: sort of epileptic fits following a terrific attack of delirium, treated by copious bleeing instead of good food and tonics. Petit Jean on this ocmcasn heaed a band of the youthful gardes mobiles, and received his death-bloW at a very eMly stage of the business. He lay bleeding behind a barricade of overturned fiacres and omnibuses, when two Sisters of Charity advanced to him. One raised his head, the other attempted to stanch the blood from a wound in his breast. &amp;quot; Ah! is it you, Sister Th~ero? ever my good angel; and you too, Sister Agnes?&amp;quot; &amp;quot; Not sister,&amp;quot; whispered the poor woman, pressing to her bosom his drooping head; &amp;quot;not uiser, but mother, your own unfortunate, most erring mother. Tell me you forgive me, mny son. Death was fast veiling the bright eyes which sought hers so eagerly at these words; the hand which would have dcasped hen fell limp and powerless; but the lips moved, and on the strained ear of the listener feU the soft sound, &amp;quot; My mother, my dear mother!&amp;quot; One kiss, and the newly-claimed tie was severed, severed for a time, to be re-united-&amp;amp;yes, grant it, forgiving Lord !-re-united for ever. And so passed away Petit Jean; and good Madame Babois has had a florid history of him engraven on his tomb, which she decorates monthly with fresh wreaths and coes, and inspects as often the little packet of linen so often watered by her tears. Doctor Meyer and his wife ae flourishing in Ca a, where there is ample scope for the exercise of his talents, and fewer people to remark on their little difference of rank in the social ladder. Will is a portly family man, and I have more than one small tyrant clinging to my maternal skirts. The Quartier Latin has become to me a dream; yet no ;-dreams ar less pleasant, more eccentric; it is rather a page in the history of my life read over and over again by the lamp of memory-read so often, that my fond prejudice led me to fancy others might like to read it too. The mature reader will forgive me, for hle too nmust have some vivid chapter in his youthful life over which hie dwells when all has changed, the actors have vanished, the scene is shifted, nay, even his own identity lost in the difference of costume.</FullText> </Record>