<?xml version="1.0" encoding="UTF-8"?>
<Record> 	<Version>Record_v1.0.xsd</Version> 	<RecordID>4420358</RecordID> 	<DateTimeStamp>20180928135325</DateTimeStamp> 	<ActionCode>change</ActionCode> 	<RecordTitle>THE SHADOW OF ASHLYDYAT.</RecordTitle> 	<Publication> 		<PublicationID>3084</PublicationID> 		<Title>The New monthly magazine, Jan. 1853-Dec. 1881</Title> 		<Qualifier>London</Qualifier> 	</Publication> 	<Publisher>E.W.Allen; Chapman and Hall; Henry Colburn; Henry Colburn and Richard Bentley; Adams and Francis.</Publisher> 	<Volume>124</Volume> 	<Issue>494</Issue> 	<AlphaPubDate>Feb 1862</AlphaPubDate> 	<NumericPubDate>18620201</NumericPubDate> 	<SourceType>Historical Periodicals</SourceType> 	<ObjectType>Feature</ObjectType> 	<ObjectType>Article</ObjectType> 	<Contributor> 		<ContribRole>Author</ContribRole> 		<OriginalForm>THE AUTHOR OF EAST LYNNE</OriginalForm> 	</Contributor> 	<Contributor> 		<ContribRole>Editor</ContribRole> 		<LastName>Ainsworth</LastName> 		<MiddleName>Harrison</MiddleName> 		<FirstName>William</FirstName> 		<PersonName>William Harrison Ainsworth</PersonName> 		<OriginalForm>Ainsworth, William Harrison</OriginalForm> 	</Contributor> 	<LanguageCode>ENG</LanguageCode> 	<ISSN>2043-5193</ISSN> 	<ISSN>2043-5185</ISSN> 	<StartPage>141</StartPage> 	<EndPage>162</EndPage> 	<Pagination>141-162</Pagination> 	<URLDocView>http://search.proquest.com/docview/4420358/</URLDocView> 	<Products> 		<Product> 			<ProductID>1007574</ProductID> 			<HasFullText>true</HasFullText> 		</Product> 		<Product> 			<ProductID>1009130</ProductID> 			<HasFullText>true</HasFullText> 		</Product> 		<Product> 			<ProductID>10000001</ProductID> 			<HasFullText>true</HasFullText> 		</Product> 		<Product> 			<ProductID>10000297</ProductID> 			<HasFullText>true</HasFullText> 		</Product> 	</Products> 	<Terms> 		<FlexTerm> 			<FlexTermName>DerivedSubject</FlexTermName> 			<FlexTermValue>ENGLISH LITERATURE - 19th Century</FlexTermValue> 		</FlexTerm> 		<FlexTerm> 			<FlexTermName>DerivedSubject</FlexTermName> 			<FlexTermValue>POLITCS AND GOVERNMENT 1800-1837</FlexTermValue> 		</FlexTerm> 		<FlexTerm> 			<FlexTermName>DerivedSubject</FlexTermName> 			<FlexTermValue>POLITICS AND GOVERNMENT 1837-1900</FlexTermValue> 		</FlexTerm> 	</Terms> 	<FullText>THE SHADOW OF ASHLYDYAT. BY THE AUTHOR OF &amp;quot; EA8T LYNNE.&amp;quot; PART TEE FIFTH. 1. UNAVAILING REGRETS. YEs. It was Ethel who had died. Thomas Godolphin leaned against the wall in his shock of agony. It was one of those moments that can fall only once in a lifetime; in many lives never; when the greatest limit of earthly misery bursts upon the startled spirit, shattering it for all time. Were Thomas Godol phin to live for a hundred years, he never could know another moment like this: the power, so to feel, would have left him. It had not left him yet. Nay, it had scarcely come to him in its full realisation. At present he was half stunned. Strange as it may seem, the first impression upon his mind, was-that he was so much nearer to the next world. How am I to define this &amp;quot; nearer ?&amp;quot; It was not that he was nearer to it by time; or in goodness: nothing of that. She had passed within its portals; and the great gulf, which divides time from eternity, seemed to be but a span now to Thomas Godolphin: it was as if he, in spirit, had followed her in. From being a place far far off, vague, indefinite, indistinct, it had been suddenly brought to him, close and palpable: or he to it. Had Thomas Godolphin been an atheist, denying a hereafter-Heaven in its compassion have mercy upon all such !-that one moment of suffering would have recalled him to a sense of his mistake. It was as if he looked aloft with the eyes of inspiration and saw the truth; it was as a brief, passing moment of revelation from God. She, with her loving spirit, her gentle heart, her simple trust in God, had been taken from this world to enter upon a better. She was as surely living in it, had entered upon its mysteries, its joys, its rest, as that he was living here: she, he believed, was as surely regarding him now and his great sorrow, as that he was left alone to battle with it. From hence. forth, Thomas Godolphin possessed a lively, ever-present link with that world; and knew that its gates would, in God&amp;apos;s good time, be opened for him. These feelings, impressions, facts-you may designate them as yon please-took up their place in his mind all in that first instant, and seated themselves there for ever. Not yet very consciously. To his stunned senses, in his weight of bitter grief, nothing could be to him very clear: ideas passed through his brain quickly, confusedly; like unto the changing scenes in a phantasmagoria. lie looked round as one bewildered. The bed, smoothed ready for occupancy, on which, on entering, he had expected to see the dead, but not her, was between him and the door. Sarah Anne Grame in her invalid chair by the fire, a table at her right hand, covered with adjuncts of the sick-room-a medicine-bottle with its accompanying wine-glass and tablespoon; jelly, and other delicacies to tempt a faded appetite-Sarah Anne sat there and gnzed at him with her dark hollow eyes, from which the tears dropped slowly on her cadaverous cheeks. Lad) Sarah stood before him; sobs chokintg her voice; wring-ing, her hands. Ay, both were weepinl,. But he--it is not in the presence of others that man gives way to grief: neither will tears come to hin in tbe first leaden Nweighlt of anguish. Thomas Gdoldphin listened mechaniicnlly, is one who cannot (10 otherwise, to the explanations of Lady Sarala. &amp;quot;; Why did you not prepare me ?-%N-hy did you let it come up)ofn me with this startling shock ?&amp;quot; was his first remonstrance. I (lid p1&amp;apos;epalrc voi,&amp;quot; sobbed Lady Sarah. &amp;quot;I telegraphed to you last nigh it, as saomi as it ha(l happened. I wrote the message with my own hand and sent it off to the office, before I turned my attention to any other thing.&amp;quot; &amp;quot;I received the message. BMt you (lid not say-I thought it was-&amp;quot; Thomas Godolphin turned his *nce on Sarah Aune. lie remembered her state, in the midst of his own anguish, and would not alarm her. &amp;quot;You did not mention Ethel&amp;apos;s name,&amp;quot; ie continued, to Lady Sarah. i How could I suppose you alluded to her-or that she was ill ?&amp;quot; Sarah Anne divined his motive of lhesitation. She was uncommonly keen in penetration ; slharp, as the world says; and she had noted his words on enteringm, when hie began to soothe Lady Sarah for the loss of a child ; she had noted his startled recoil, when his eyes fell on her. She spoke up with a touelc of her old querulousness, the tears arrested on her face, and her eyes glistening. &amp;quot;You thought it *was I who had died! Yes, you did, Mr. Godolphin, and you need not attempt to deny it. You would not have cared, so that it was not Ethel.&amp;quot; Thomas Godolphin liad no intention of contradicting her. He turned from Sarah Anne in silence to look inquiringly and reproachfully at her mother. &amp;quot; iMr. Godolphin, 1 could not prepare you better than I did,&amp;quot; said Lady Sarah. &amp;quot;W When I wrote the letter to vou, telling of her illness-&amp;quot; &amp;quot;&amp;apos; What letter ?&amp;quot; interrupted Thoomas Godolphin. &amp;quot;4 I received no letter.&amp;quot; &amp;quot; But you must have received it,&amp;quot; returned Lady Sarah, inl her quick and cross manner. Not cross withl Thomas Godolphin, but from a rising doubt whether the letter had miscarried. &amp;quot; I w*rote it, and I know that it was safely posted. You ought to have had it by last evening&amp;apos;s delivery, before you would get the telegraphic despatch.&amp;quot; I never bad it,&amp;quot; said Thomas Godolphin. &amp;quot;When I waited in your drawing-room now, I was listening for Ethel&amp;apos;s footsteps to come to me.&amp;quot; Thomas Godolphin knew, later, that the letter had arrived duly and safely at Broomhead, at the time mentioned by Lady Sarah. Sir George Godolphini either dlid not open the box that night; or, if lhe opened it, hie overlooked the letter for his son. Charlotte *Pain&amp;apos;s complaint, that the box ought not to be left to the charge of Sir George, bore reason in it. On the morning of his son&amp;apos;s departure w ith the young ladies, Sir George had found the letter, and at once despatched it back to Prior&amp;apos;s Ash. It was on its road then , at this same hour when he was talking with Lady Sarah. But the shock had come. IHe took a seat by the table, and covered his eyes with his band as Ladv Sarah gave him a detailed account of the illness and death. Not all the account, that she or anybody else could give, would take oue iota from the dreadful fact staring him in the face. Shte was gone ! Gone away for ever from this world: hie could never meet the glance of her eyse again, or hear her voice in response to his owin. Ah, my readers, theic are griefs that tell! riving the heart as ati earthquake will rive the earth: aid, all that can be done is, to sit dzowi under them, and ask of Heaven strentAh to bear. To bear as we best may, until time shall shide a few drops of healing balm from its wings. On the last night that Thomas Godolphin had seen her, Ethel&amp;apos;s brow and eyes were heavy. She had wept much in the day, and supposed the pain in her head to arise from that circumstance; sile bad given this explanation to Thomas Godolphin. Neither shse, nor he, had had a thought that it could come from any other source. More than a month since Sarah Annie was taken with the fever, fears of it for Ethel bad died out. And yet those dull eyes, that hot head, that heavy weight of pain, were only the symptoms of the sickness coming on! A night of tossing and turning, snatches of disturbed sleep, of terrifying dreams, and Ethel awoke to the conviction that the fever was upon her. About the time that she generally rose, she rang her bell for Elizabeth. &amp;quot;I do not feel well,&amp;quot; she said. &amp;quot;As soon as inainnia is up, will you ask leer to come to me. Do not disturb her before.&amp;quot; Elizabeth obeyed her orders. But Lady Sarah, tired and wearied out with her attendance upon Sarall Anne, vith whom shte had been up half the night, did not rise till between nine and ten. The maid went to her then, and delivered the message. &amp;quot; Ini bed still! Miss Ethel in bed still 1&amp;quot; exclaimed Lady Sarala. She spoke in much angyer: for Ethel was wont to be up betimes and in attendance upon Sarah Anne. It was required of her so to be. Flingring on a drlessing-gown, Lady Sarah proceeded to Ethel&amp;apos;s room. And there she broke into a storm of reproach and anger; never waiting to ascertain what might be the matter with Ethel, anything or nothing. &amp;quot; Tell o&amp;apos;clock, and that poor child to have lain till now with nobody to go near her but a servant! &amp;quot; she reiterated. &amp;quot; You have no feeling, Ethel.&amp;quot; Ethel drew the clothes from her flushed face, and turned her glistening eyes, dull last night, shining with the fever now, upon her mother. &amp;quot; Oh mamma, 1. am ill, indeed I am! I can hardly lift my head for the pain. Feel how it is burning! I did not think I ought to get up.&amp;quot; &amp;quot; What is the matter with you ?&amp;quot; sharply inquired Lady Sarah. &amp;quot; I cannot quite tell,&amp;quot; answered Ethel. &amp;quot; I only know that I feel ill all over. I feel, mamma, as if I could not get up.&amp;quot; &amp;quot; Very well! &amp;apos;There&amp;apos;s that dear suffering angel lying alone, and you can think of yourself before her! If vou choose to stop in bed, you must. But you will reproach yourself for your selflshiiess when she is gone. Another four-and-twenty hours, and she may be no longer with us. Do as yOU think proper.&amp;quot; Ethel burst into tears, and caught hold of her mother&amp;apos;s robe as shie was turning away. &amp;quot;Mamma, do not be angry with me! I trust I amn not selfish. Mamma&amp;quot;-and her voice sank to a whisper-&amp;quot; I have been thinking that it may be the fever.&amp;quot; &amp;quot; The fever!&amp;quot; reproachfully echoed Lady Sarah. &amp;quot; leaven help you for a selfish and a fanciful child ! Did I not send you to bed with the head-ache last night, and what is it but the remains of that head-ache that you feel this morning? I can see what it is: you have been fretting after this departure of Thomas Godolphin! Get up out of that hot bed and dress yourself, and come in and attend on your sister. You know she can&amp;apos;t bear to be waited on by anybody but you. Get up, I say, Ethel.&amp;quot; Will Lady Sarah Grame remember that little episode until death shall take her ? I should, in her place. She suppressed all mention of it to Thomas Godolphin. &amp;quot; The dear child told me she did not feel well, but I only thought she had a headache, and that she would perhaps feel better up,&amp;quot; were the words in which she related it to him. What sort of a vulture was gnawing at her heart, as she spoke them ? It was true that, in her blind selfishness for that one, undeserving child, shte had lost sight of the fact that illness could come to Ethel; she had not allowed herself to receive the probability; she, who had accused of selfishness that devoted, generous girl, who was ready at all hours to put her hands under her sister&amp;apos;s feet; who would have sacrificed her own life to save Sarah A une&amp;apos;s. Ethel got up. Got up as she best could: her limbs aching, her head burning. She went into Sarah Anne&amp;apos;s room and did for her what she was able, gently, lovingly, anxiously as of yore. Alh, child! let those, who are left, be thankful that it was so! it is well to be stricken down in the active path of duty, working till we can work no more. She did so. She stayed where she was till the day was half gone; bearing tip, it was hard to say how. She could not touch breakfast; she could not touch anything. None saw how ill she was. Lady Sarah was wilfully blind; Sarah Anne had eyes and thoughts for herself alone. &amp;quot;What are you shivering for ?&amp;quot; Sarah Anne once fretfully asked her. &amp;quot;I feel cold, dear,&amp;quot; was Ethel&amp;apos;s unselfish answer: not a word said she further of her illness. Iii the early part of the afternoon, Lady Sarah was away from the room for some time upon domestic affairs; and when she returned to it Mr. Snow was with her, who had been prevented from calling earlier in the day. They found Sarah Anne dropped into a doze, and Ethel stretched on the floor before the fire, moaning. But the moans ceased as they entered. Mr. Snow, regardless of the waking invalid, strode up to Ethel, and turned her face to the light. &amp;quot;How long has she been like this ?&amp;quot; he cried out, his voice shrill with emotion. &amp;quot;Child! child! why did they not send for me?&amp;quot; Alas! poor Ethel was, even then, growing too ill to reply. Mir. Snow carried her to her room with his own arms, and the servants undressed her and laid her in the bed from which she was never more to rise. The fever took violent hold of her: but not worse than it had done of Sarah Anne, scarcely as bad, and danger, for Ethel, was not looked for. Had Sarah Anne not got over a similar crisis, they would have feared for Ethel: so given are we to judge by collateral circumstances. It was only on the third or fourth day that highly dangerous symptoms supervened, and then Lady Sarah wrote to Thomas Godolphin the letter which had not reached hinm. There was this mnuch of negative consolation to be de- rived from the non-receipt: that, had it been delivered to him on the instant of its arrival, lie could not have been in time to see her. &amp;quot; You ought to have written to me as soon as she was takeu ill,&amp;quot; he observed to Lady Sarah. &amp;quot; I would have done it had I apprehended danger,&amp;quot; she repentantly answered. &amp;quot; But I never did. NIMr. Snow never did. I thought how pleasant it would be to get her safe through the danger and the illness, efore you should know of it.&amp;quot; &amp;quot;l)id she not wish me written to?&amp;quot; The question was put firmly, abruptly, after the manner of oie who will not be cheated of his answer. Lady Sarah dared not evade it. How could she equivocate, with her child lying dead above her head? &amp;quot; It is true. She did wish it. It was on the first day of her illness that she spoke. &amp;apos; Write, and tell Thomas Godolphin.&amp;apos; She never said it but that once.&amp;quot; &amp;quot; And you did not ?&amp;quot; he uttered, his voice hoarse with pain. &amp;quot; Do not reproach me! do not reproach me!&amp;quot; cried Lady Sarah, clasping her Hands in supplication, while the tears fell in showers from her eyes. &amp;quot; I did it for the best. I never supposed there was danger: I thoughlt what a pity it was to bring you back, all that long journey: putting you to so much unnecessary trouble and expense.&amp;quot; Trouble ! expense! in a case like that! She could speak of expense to Thomas Godolphin! But lhe remembered how she had had to battle both with expense and trouble her whole life long; that for her they must wear a formidable aspect: and he remained silent. &amp;quot; I wish now I had written,&amp;quot; shc resumed, in the midst of her choking sobs: &amp;quot; as soon as Mr. Snow said there was danger, I wished it. But&amp;quot;-as if she would seek to excuse herself-&amp;quot; what with the two upon my hands, she up-stairs, Sarah Anne here, I had not a moment for proper reflection.&amp;quot; &amp;quot; Did you tell her you had not written ?&amp;quot; he asked. &amp;quot;Or did you let her lie waiting for me, hour after hour, day after day, blaming me for my careless neglect ?&amp;quot; &amp;quot; She never blamed any one; you know she did not,&amp;quot; wailed Lady Sarah: &amp;quot;&amp;apos; and I believe she was too ill to think even of you. She was only sensible at times. Oh, I say, do not reproach me, Mr. Godolphin! I would give my own life to bring her back! I never knew her worth till she was gone. I never loved her as I love her now.&amp;quot; There could be no doubt that Lady Sarah Grame was reproaching herself far more bitterly than any reproach could tell upon her from Thomas Godolphin. An accusing conscience is the worst of all evils. She sat there, tier head bent, swaying herself backwards and forwards on her chair, moaning and crying. It was not a time, Thomas Godolphin felt, to say a word of her past heartless conduct, in forcing Ethel to breathe the infection of Sarah Anne&amp;apos;s sick-room. And, all that lhe could say, all the reproaches, all the remorse and repentance, would not bring Ethel back to life. &amp;quot; Would you like to see her P&amp;quot; whispered Lady Sarah, as he rose to leave. &amp;quot; Yes.&amp;quot; She lighted a chamber-candle, and preceded him up-stairs. Ethel had died in her own room. At the door, Thomas Gzdolphin took the candle from Lady Sarah. &amp;quot; 1 must go in alone.&amp;quot; Ile passed on into the clhamber, and closed the door. On the bed, laid out in her white night-dress, lay what remained of Ethel Grame. Pale, still, pure, her face was wonderfully like what it had been in life, and a calm smile rested upon it.- But Thomas Godolphin wished to be alone ! Lady Sarah stood outside, leaning against the opposite wall, and weeping silently, the glimmer from the hall-lamp, below, faintly lighting the corridor. Once she fancied that a sound, as of choking sobs, struck upon her ears, and she caught up a small black shawl that she wore, for grief had made her chilly, and flung it over her head, and wept the faster. Ile (ame out by-and-by, calm and quiet as lhe ever was. IRe did not perveive Lady Sarah stannding there in the shade, and went straight down, (arrying the wax-lihlt. Lady Sarah caught him up at the door of Sarah Anne&amp;apos;s room, and took the light from him. &amp;quot; She looks very peaceful, does shle not ?&amp;quot; was her whisper. S She could not look otherwise.&amp;quot; l I I wetit on down alone, wishing to let himself out. But Elizabeth had heard his steps, and wits already at the door. &amp;quot;Good iight, Elizabeth,&amp;quot; le said, as hie 1assed hier. Tle girl did not answer. She slipped out into the garden aftcr him. &amp;quot;1 Oh., Sir ! and didn&amp;apos;t you know of it F&amp;quot; she whispered. 64 No!) fi If anybody was ever gone away to be an angel, sir, it&amp;apos;s that sweet younm lady,&amp;quot; continued Elizabeth, letting her tears and sobs come forth as they would. &amp;quot;She was just one here! and she&amp;apos;s gone to iher own fit A v. It is so.&amp;quot; Y ou should have been in this house throughout the whole of the illnet&amp;apos;Ss, to halv&amp;apos;(&amp;apos; SCen the dififereiiue between them, sir ! Nobody would belit&amp;apos;ve it. Miss, Granie, anlrry, and snappish, and not caring who suffered, or who was ill, or who toiled, so that she was served: Miss Ethel, lying like a tender lumb, patient and. meek, thankful for all that was done for hier. It does seeni har~d, sir, that we should lose her for ever.&amp;quot; N Xot for ever, Elizabeth,&amp;quot; lie answered. &amp;quot; And that&amp;apos;s true, too! But, sir the worst is, one can&amp;apos;t think of that sort of consolation just when one&amp;apos;s troubles are the freshest. Good night to you, sir.&amp;quot; Thomas Godolphin walked on, leaving the high road for a less frequented path, the one by which lie had come. About midway between this part and the railway station, a cross path, branching to the right,would take hint into Prior&amp;apos;s Ash. Ile weiit along, musing. In the depth of his Zreat grief, there was no repining. lie was one to trace the finger of (;od in all thlings. If Mrs. Godolphin had imbued him with superstitious feelings, she had also implanted within him something better: an(l a moore entire trust in God it was perhaps impossible for any one to feel, thati was felt by Thomas Godolphin. It was what lie lived under. He could not see &amp;apos;hy Ethel should have been taken, why this great sorrow should fall upon him; but that it must be for the best, he implicitly believed. The best: for God had done it. How lhe wvas to live on without her, he knew not. H1ow he could support the lively anguish of the in mediate future, he did not care to think. All his hopes in this life gone! all his plans, his projects, uprooted by a single blow! never, any of them, to return. Ile might look yet for the bliss of a hereafteray! that remains even for the most heav)y-laden, thauk God!-but his sun of happiness in this world had set for ever. Thomas Godolphin might have been all the better for a little sun then -not speaking fig-uratively. I mean the good sun that illumines our daily world; that would be illumining ny lpen and paper at this mnloment, but for a damp, ugly, envious fog, which obscures everything but itself. The moon was not shining as it had been the last night hie quitted Lady Sarah&amp;apos;s, when he had left his farewell kiss-oh that lhe could have known it was the last!-on the gentle lips of Ethel. There was no moon yet; the stars were not showing themselves, for a black cloud enveloped the skies like a pall, fit accompaniment to his blasted hopes, anid his path altogether was (lark. Little wonder, then, that Thomas Godolphiu all but fell over somne dark object, crouchhinr in his way: lie could only save himself by springing back. By dilnt of a miuute or two&amp;apos;s p)eeriug, 1e discovered it to be a woman. She was seated on the bare earth ; her hands clasped under her knees, which were raised uearly level with her chiia as it rested on them, and w~as swayiing, herself backwards and for. wards as one does in grief; like Lady Sarah Graine had done not long before. &amp;quot; Why do you sit here &amp;apos;?&amp;quot; cried Thomas Godolphin. &amp;quot;I nearly fell over you.&amp;quot; &amp;quot; Little matter if &amp;apos;e&amp;apos;d fell over me and hfilled me,&amp;quot; was the response of the woman, giveni without raising her head, or making a change iii her position. &amp;quot;&amp;apos;Twould only have been one less in a awful cold world, as seems made for nought but trouble. If the one half of us was out of it, there&amp;apos;d be room perhaps for them as was left.&amp;quot; &amp;quot; Is it Mrs. Bond ?&amp;quot; asked Thomas Godolphin, as lie caught a better glimpse of her features. &amp;quot;i )idn&amp;apos;t you know me, sir? I know&amp;apos;d you by the voice as soon as you spoke. You have got trouble too, I hiear. The world&amp;apos;s full of nothing else. Why do it come,?&amp;quot; &amp;quot; Get up,&amp;quot; said &amp;apos;h&amp;apos;liomas Godolphin. &amp;quot; Why do you sit there ? Why are you here at all at this night hour &amp;quot; ;I It&amp;apos;s where I&amp;apos;m a goinig to stop till morning,&amp;quot; returned the woman, sullenly. &amp;quot;There shall be no getting up for me.&amp;quot; &amp;quot; What is the matter with you?&amp;quot; lie resumed. Trouble,&amp;quot; she shortly answered. &amp;quot;I&amp;apos;ve been a toiling up to the work&amp;apos;us, asking for a loaf, or a bito&amp;apos; money: anything they&amp;apos;d give to me, just to kieep body and soul together for my children. They turned me back again. The)&amp;apos;ll give me nothing. I may go into the union with the children if I will, but not a stiver of help&amp;apos;ll they afford ine out of it. Me, with a corpse in the house, anld a bare cubbort !&amp;quot; &amp;quot;A corpse !&amp;quot; involuntarily repeated Thomas G odolphin. &amp;quot;Who is dead ?&amp;quot; &amp;quot; John.&amp;quot; Curtly as the word was spoken, the tone yet betrayed its own pain. This John, the eldest son of the Bonds, had been attacked with the fever at the same time as the father. The father had succumbed to it at onoe; the son had recovered: or, at least, had appeared to be re. covering. &amp;quot;1 I thought John was getting better,&amp;quot; observed Thomas Godolphiii. &amp;quot;1 He might ha&amp;apos; got better, if he&amp;apos;d had things to make him better! Wine and meat an all the rest of it. lie hadn&amp;apos;t got &amp;apos;em: and lie&amp;apos;s dead.&amp;quot; Now, a subscription had been entered into for the relief of the poor sufferers from the fever, Godolphin, Crosse, and Godolphin having been amidst its most liberal contributors; and, to Thomas Godolphin&amp;apos;s certain knowledge, a full share, and a very good share, had been handed to the Bonds. Quite sufficient to furnish suitable nourishment for John Bond, for some time to come. He did not say to the woman, &amp;quot; You have had enough: where&amp;apos;s it gone to? it has been wasted in riot.&amp;quot; That it had been wasted in riot and improvidence, there was no doubt, for it was in the nature of the Bonds so to waste it: to cast reproach in the hour of affliction, was not the religion of common life practised by Thomas Godolphin. &amp;quot;Yes, they turned me back,&amp;quot; she resumed, swaying herself with a bent head, as before. &amp;quot;They wouldn&amp;apos;t give me as much as a bit o&amp;apos; mouldy bread. I wasn&amp;apos;t going home without taking something to my famished children; and I wasn&amp;apos;t a going to beg like a common tramp. So 1 just sat myself down lhere; and I shan&amp;apos;t care if I&amp;apos;m found stark and stiff in the morning !&amp;quot; &amp;quot; Get up, get up,&amp;quot; said Thomas Godolphin. &amp;quot;I will give you something for bread for your children to-night.&amp;quot; In the midst of his own sorrow, lie could feel for her, improvident old sinner though she was, and though he knew her so to be. I-le coaxed and soothed, and finally prevailed upon her to rise, but she was in a reckless, sullen mood, and it took him a little effort before it was effected. She burst into tears when she thanked him, and turned off in the direction of the pollard cottages. II. DUST TO DUST. TuE. reflexion of Mr. Snow&amp;apos;s bald head was conspicuous on the surgery blind: lie was standing between the window and the lamp. Thomas Godolphii. observed it as lie passed. He turned to the surgery door, which was at the side of the house, opened it, and saw that Mr. Snow was alone. The surgeon turned his head at the interruption, put down a glass jar which he held, and grasped his visitor&amp;apos;s hand in silence. &amp;quot; Snow ! why did you not write for nie?&amp;quot; Mr. Snow brought down his hand on a pair of tiny scales, causing them to jangle and tinkle. He had been bottling up his anger against Lady Sarah for some days now, and this was the first explosion. &amp;quot;Because I understood that she had done so. I was present when that poor child asked her to do it. I found her on the floor in Sarah Anne&amp;apos;s chamber. On the floor, if you&amp;apos;ll believe me! Lying there, because she could not hold her aching head up. My lady had dragged her out of bed in the morning, ill as she was, and forced lser to attend as usual upon Sarah Anne. I got it all out of Elizabeth. &amp;apos; Mamma,&amp;apos; she said, when I pronounced it to be the fever, though she was almost beyond speaking then, &amp;apos;y ou will write to Thomas Godolphin.&amp;apos; I never supposed but what my lady did it. Your sister, Miss Godolphin, inquired if you had been written for, and I told her yes.&amp;quot; &amp;quot;S Snow,&amp;quot; came the next sad words, &amp;quot;could you not have saved her?&amp;quot; The surgeon shook his head and answered in a quiet tone, looking down at the stopper of a phial, which he had taken up and was turning about, listlessly in his fingers. &amp;quot; Neither care nor skill could save her. I gave her the best I had to give. As did Dr. Beale. Godolphin&amp;quot;-raising his quick dark eyes, flashing then with a peculiar light-&amp;quot; she was ready to go. Let it be your consolation.&amp;quot; Thomas Godolphin made no answer, and there was a pause of silence. Mr. Snow resumed. &amp;quot; As to my lady, the best consolation I wish her, is, that she may have her heart wrung with remembrance for years to come! 1 don&amp;apos;t care what people may preach about charity and forgiveness; I do wish it. But she&amp;apos;ll be brought to her senses, unless 1 am mistaken: she has lost her treasure and kept her bane. A year or two more, and that&amp;apos;s what Sarah Anne will be.&amp;quot; &amp;apos; She ought to have written for me.&amp;quot; i&amp;quot; She ought to do many things that she does not. She ought to have sent Ethel from the house, as I told her, the instant the disorder appeared in it. Not she. She kept her in her insane selfishness: and now I hope she&amp;apos;s satisfied with her work. When alarming symptoms showed themselves in Ethel, on the fourth day of her illness, I think it was, I said to my lady, &amp;apos;It is strange what can be keeping Mr. Godolphin!&amp;apos; &amp;apos; Oh,&amp;apos; said she, &amp;apos;I did not write for him.&amp;apos; I &amp;apos;Not write!&amp;apos; I answered: and I fear I used an ugly word to my lady&amp;apos;s face, &amp;apos; I&amp;apos;ll write at once,&amp;apos; returned she, humbly. &amp;apos; Of course,&amp;apos; cried I, &amp;apos; when the steed&amp;apos;s stolen we shut the stable-door.&amp;apos; It&amp;apos;s the way of the world.&amp;quot; Another pause. &amp;quot; I would have given anything to take Ethel from the house at the time; to take her from the town,&amp;quot; observed Thomas Godolphin, in a low tone. &amp;quot;I said so then. But it could not be.&amp;quot; &amp;quot; I should have done it, in your place,&amp;quot; said Mr. Snow. &amp;quot; If my lady had said No, I&amp;apos;d have carried her off in the face of it. Not married, you say ? Rubbish to that! Everybody knows she&amp;apos;d have been safe with you. And you would have been married as soon as was convenient. What are forms and ceremonies and carking tongues, in comparison with a girl&amp;apos;s life ? A life, precious as was Ethel&amp;apos;s !&amp;quot; Thomas Godolphin leaned his forehead in his hand, lost in the retrospect. Ohi, that he had taken her! that he had set at nought what he had then bowed to, the convenances of society! She might have been by his side now, in health and life, to bless him! Doubting words interrupted the train of thought. &amp;quot; And yet I don&amp;apos;t know,&amp;quot; the surgeon was repeating, in a dreamy manner. &amp;quot; What is to be, will be. We look back, all of us, and say, &amp;apos;If I had acted thus, if I had done the other, so and so would not have happned; events would have turned out differently.&amp;apos; But who is to be sure of it? Had ou conveyed Ethel out of harm&amp;apos;s way-as we might have thought it-there&amp;apos;s no tolling but she&amp;apos;d have had the fever just the m: her blood might have become tainted before she left the house. There&amp;apos;s no knowing, Mr. Godolphin.&amp;quot; &amp;quot;True. Good evening, Suow.&amp;quot; He turned suddenly and hiastily to the outer door, but the surgeon caught him up erc lie passed its threshold, and touched hib arm to detain hinm. Thev stood there in the obscurity, their faces shaded in the dusky mglt. She left you a parting word, lMr. Godolphin.&amp;quot; &amp;apos; Alh ?&amp;quot; &amp;quot;An hour before she died slhe was calm and sensible, though fearfully weak Laly Sarah had gone to her favourite, and I was alone with Ethel. &amp;apos;hIas he not come yet?&amp;apos; she asked me, opening her eyes. &amp;apos;My dear,&amp;apos; I said, &amp;apos;he could not come; hIe was never written for.&amp;apos; For I knew sho alluded to you, and was determined to tell her the truth, dying thiough she was. &amp;apos; What shall I sty to him for you ?&amp;apos; I continued. She put up her hand to motion my face nearer hers, for her voice was growing faint. &amp;apos; Tell him, with my dear love, not to grieve,&amp;apos; she whispered, between her p)antinig breath. T&amp;apos;ell him that I ain but gone on before.&amp;apos; I tbink thie were almost the last words she spoke.&amp;quot; Thomas Godolphin leaned against the modest post of the surgery enitralet, an drank in the ords. Then lhe wrung the doctor&amp;apos;s hand, aud departed. IIurrying along the street like one who shrank fromt observation: for lie did not care, just then, to encounter the gaze of his fellow-men. Coming with a quick step up the side street, in which the entrance to the surgsery was situated, was the Reverend Mr. Hastings. He stopped to accost the surgeon. WVas that Mr. Godolphin ?&amp;quot; &amp;quot; Ay. &amp;apos;This is a blow for him.&amp;quot; MIr. Hastings&amp;apos;s voice insensibly sank to a whisper. &amp;quot;:Maria tells me that hie did not kniow of E-lthel&amp;apos;s de&amp;apos;ath or illness. Until they arrived here to-niglht, ti ey thoughit it was Sarah Antne who died. lie weut up to Ladv Saralh&amp;apos;s after the train came in, thinking so.&amp;quot; &amp;quot;Lady Sarah&amp;apos;s a fool,&amp;quot; was the complimentary rejoinder of Mr. Snow. &amp;quot; Sbe is, in some things,&amp;quot; warmly assented the rector. &amp;quot;The telegraphic message she despatched to Scotland, telling- of the death, was so obscurely worded as to cause them to assume it alluded to Sarah Anne.&amp;quot; Ali well! she&amp;apos;s only heaping burdens on her conscience,&amp;quot; rejoined Mr. Snlow, in, a philosophic tone. She has lost Ethel, through want of care (as I firudy believe) in not keeping her out of the way of infetiou ; she prevented their last meeting, through not writing to hiiin; Bile -c09 &amp;quot;. Ite could not haN e saved her, iiad he been here,&amp;quot; interrupted Mr. Ihastings. &amp;quot;N Nobody said lhe could. There would lave been satisfaction in it for himn, tiougi And for her, too, poor child.&amp;quot; Mr. Hastings did not contest the point. Ile was so very practical a man (in contradistinction to an imaginative one) that lie saw little use in &amp;quot;i last&amp;quot; interviews, unless they were made productive of actual good. Hie was (lisposed to regard such as bordering on the sentimental. &amp;quot;I have been down to Whinnett&amp;apos;s,&amp;quot; lhe remarked. &amp;quot;&amp;apos;rley seut to the rectory, while I was gone to the station to meet Maria. Trhut raw footboy of theirs came, saying &amp;apos; She&amp;apos;d not live through the night, and wante&amp;apos;l th&amp;apos;e parson.&amp;apos; I had a great mind to send word hack that if she was in want of the parson, shte should have seen lhiii before.&amp;quot; &amp;quot; Slhe&amp;apos;s as likely to live through this night as she has been ally night for the last six months,&amp;quot; said Mr. Snow. &amp;quot;Not a day, siice then, but she has been, as may be said, dying.&amp;quot; &amp;quot; Aud never to awaken to a thought that it might be desirable to make ready for the journey until the twelfth hour !&amp;quot; exclaimied Mr. Hastings. &amp;quot; &amp;apos;When I have a convenient season I will call for thee !&amp;apos; If I have been to the Whinnetts&amp;apos; once latterly, I haeC been1 teln times, and ne&amp;apos;nevr could get to see her. Why doni&amp;apos;t these indifferent people turn Papists ?&amp;quot; Mr. Snow did not detect the point of the remark. &amp;quot;That they may be cure(d by a modern miracle ?&amp;quot; asked lie. Which caused the rector of All Souls&amp;apos; to give a short petulaut stanmp on the flags with the heel of his shoe. I say that they wilfully put off all thought of death until the twelfth hour. An d then they selnd for me, or for one of my brethren, and expect that an hour&amp;apos;s devotion will ensure their entrance into heaven. Let such go to the Vicar of Rome for the keys,&amp;quot; hie cynically added. &amp;quot;I don&amp;apos;t keep them.&amp;quot; &amp;quot; Did Mrs. Whinnett send for you herself ? or did the household ?&amp;quot; inquired Ir. Snow. &amp;quot; She, I expect: she was dressed for the occasion,&amp;quot; replied the clergy. man, more cynically than before. &amp;quot; Shte wore wvhite gloves, and had a few diamond rings drawn on over their fingers! Will she live lobg ?&amp;quot; &amp;quot; It is uncertain. She may last for six months longer: or shte may go next week. It will be sudden when it does come. Ilave you heard that Bond is dead ?&amp;quot; &amp;quot; I should think I hiave !&amp;quot; said the rector. &amp;apos; ll is mother went up to the workhouse this evening, and pretty iearly turned the place inside out with her abuse. She said he had died of starvation, and they had kIilled him), through not affording out-door relief. Paxbon met me and told me about it, as I was walking to the station. &amp;apos;Is it true that hie has died from want of food?&amp;apos; asked Paxton of me. I think he was getting a little alarmed, you see, Snow, lest he should be hauled over by the board and brought in responsible. &amp;apos;Nonsense,&amp;apos; said 1, &amp;apos;lie has died of the fever,&amp;apos; which senit Paxton away contented.&amp;quot; &amp;quot; You are both wrong,&amp;quot; rejoined Mr. Snow. &amp;quot; John Bond died neither of the fever nor of want of food : but from the effects of his irregular life. He got well of the fever; but his constitution was shuttered, and could riot carry him through the debility that the fever left. His sins took hinm to the grave. As to starvation ?-they held a carouse in the house only last Sunday. You wise gentlemen should not have mad them a present of quite so much money all at once,&amp;quot; nodded Mr. Snow. The rector spoke up impulsively, as if the subject angered him. c I washed my hands of it; 1 washed my hands of it at the time! I told them it was a senseless thing to do: but I was not listened to. It&amp;apos;s not possible to beat provident habits into such as the Bonds. Give them a eve pound note, and it is flung away in so many hours. They&amp;apos;ll live as they always have lived: tope and stuff one day, and starve tie next.&amp;quot; He turned away as he spoke, and walked home at a brisk pace. Maria was alone when he entered. Mrs. Hastings and Grace were out of the room, talking to some late applicant: a clergyman&amp;apos;s house, like a parish apothecary&amp;apos;s, is never free long together. Divested of her travelling cloaks, and seated before the fire in her quiet merino dress, Maria looked as much at home as if she had never quitted it. The blaze, flickering on her face, betrayed to the keen glance of the rector that her eyelashes were wet. &amp;quot;&amp;apos; Grieving after Broomhead already, Maria ?&amp;quot; asked he, his tone a stern one. &amp;quot; Oh papa, no! I am glad to be at home. I was thinking of poor Ethel.&amp;quot; &amp;quot;s She is better off. The time may come, Maria-we none of us know what is before us-when some of you young ones who are left may wish vou had died as she has. Many a one, battling for very existence with the world&amp;apos;s carking cares, wails out a vain wish that he had been taken early from the evil to come.&amp;quot; &amp;quot;dIt must be so dreadful for Thomas Godolphin !&amp;quot; Maria resumed, looking straight into the fire, and speaking as if in commune with herself, more than to her father. &amp;quot; Thomas Godolphin must find another love.&amp;quot; It was one of those phrases, spoken in satire only, to which the rector of All Souls&amp;apos; was occasionally given. le saw so much to condemn in tile world, things which grated harshly on his superior mind, that his speech had become imbued with a touch of gall, and he would often give utterance to cynical remarks, uot at the moment called for. Maria took the words literally. She turned to Mr. Hastings ; her cheek flushed, her hands clasped; altogether betraying vivid emotion. &amp;quot;&amp;apos;Ohi papa! another love! You should not say it of Thomas Godolphin. Love, such as his, is not for a week or a year: it is for all time.&amp;quot; The rector paused a moment in his reply. His penetrating gaze was fixed upon his daughter. &amp;quot; May I inquire whence you have derived your knowledge of &amp;apos;love,&amp;apos; Miss Mlaria Hastings ?&amp;quot; Her eyes drooped, her face turned crimson, her manner grew confused. She turned her countenance from that of her father, and stammered forth some lame excuse. &amp;quot;Everybody knows, papa, that Thomas Godolphin was fond of Ethel.&amp;quot; &amp;quot;Possibly But everybody does not know that Maria Hastings deems herself qua lIfied to descant upon the subject,&amp;quot; was the reply of the rector. And Maria shrank into silence. There came a day, not many days afterwards, when Maria Hastings, her sisters, and two of her brothers were gathered in sombre silence around the study window. The room was built out at the back of the house, over the kitchen, aud its side window commanded a full view of the churchyard of All Souls&amp;apos;, and of the church porch: the only window in the house which did command the uninterrupted view. It was known to the public that nothing displeased the Reverend M1r. Hastings more, than for irreverent idlers to come into the churchyard, staring and gaping and whispering their comments, while he was performing the service of the burial of the dead. And his wishes were generally respected, the mob contenting themselves with collecting in a dense body before the entrance gates; those, who were lucky enough to get near, pushing their noses through the bars. Not a few noses would bear afterwars the marks of the beadle&amp;apos;s staff. It was that functionary&amp;apos;s custom to plant himself withinside the gate, staff in hand, his back to the mob, and his face to the ceremony: when, by a dexterous back-handed trick, which the beadle had become expert in, down would come the staff upon the array of noses, in the most inopportune and unexpected manner. This had once been productive of what the beadle called a row, and the mob were conveyed off-hand before the sitting magistrates. The result was, that fourteen rebels were condemned to four-and-twenty hours solitary confinement, and the beadle, his cocked-hat, and his staff, reigned triumphant evermore. But, on this day that we are speaking of, the churchyard was not left quite so free as ordinarily, and stragglers took up their stations within it, defying the beadle. Mr. Hastings&amp;apos;s family stole into the room alluded to. Grace, who constituted herself mistress of the others a vast deal more than Mrs. Ilastings herself did, allowed the blind to be drawn up about two inches at the bottom of the panes; and Maria, Isaac, Harry, and Rose, kneeling down for convenience sake, brought their faces into contact with it, as the mob outside the churchyard gate did there. Human nature is the same everywhere, whether in the carefully-trained children of a Christian gentleman, or in those who know no training but what the streets give. The funeral, even now, was inside the church: it had been inside so long that those eager watchers, estimating time by their impatience, began to think it was never coming out. A sudden movement in the church porch reassured them. &amp;quot; Grace,&amp;quot; said Maria, below her breath, &amp;quot; it is coming now.&amp;quot; And Grace knelt down and made one with the rest. Grace had to stoop her head uncomfortably, as they did. But they dared not have the blind higher, lest Mr. lastings should detect them at the window: or, worse still, Thomas Godolphin. Slowly-slowly-on it came. The Reverend Mr. hastings first in his white robes; the coffin next; Thomas Godolphin last, with a stranger by his side. Nothing more, save some pall-bearers, in their white scarfs, and the necessary attendants. It was a perfectly simple funeral: according well with what the dead had been in her simple life. The sight of this stranger took the curious gazers by surprise. Who was he? A spare, gentlemanly man, past the middle age, with a red nose and an unmistakable wig on his head. The rumours circulating in Prior&amp;apos;s Ash had been that Thomas Godolphin would be the sole mourner. Lady Sarah Grame&amp;apos;s relatives-and she could not boast of many-lived far north of Aberdeen. &amp;quot;&amp;apos; Who can he be ?&amp;quot; murmured Grace I astings. &amp;quot; Why, don&amp;apos;t you girls know ? That&amp;apos;s through your having stuck yourselves in the house all the morning, for fear you should lose the funeral. If you had gone out, you&amp;apos;d have heard who he is.&amp;quot; The retort came from Harry Hastings. Let it be a funeral or a wedding, that niny he taking place under their very sight, boys must be boys all the world over. Ani so they ever will be. &amp;quot;W1o is he, then ?&amp;quot; asked Grace. &amp;quot;lie im Ethol&amp;apos;g uncle,&amp;quot; awmPred(l Harry. &amp;quot; Ile arrived by the train this mTrninig. The Earl of Mcsomnething.&amp;quot; &amp;quot; Tie Earl of MNlacs)mnvtlitiu !&amp;quot; repeated Grace. Barry n(dded. &amp;quot; Mae [bgiiis the natne, arnd I forget the rest. Lady Sanrdh wnss hlis sister.&amp;quot; &amp;quot; Is, you mean,&amp;quot; said Grace. &amp;quot;It must he Lord Macdoune.&amp;quot; Tie church 1.orch was op)posite the study window. Tbe grave had lieen dug in a line with the two, much nearer the window tihan the rhurch ; in fact, nearly underneath the liedf-e of the burial-grolld. On it came, crossing the broad churchyard pathi which wound roudid to the rond, croosing over jitches of grass, trea(lilig between mounds and graves. The elergyman took his place at the hend, the mourners near himil, the r&amp;quot;t d lIipuSiig thfem81ves (ldecently around. Grale,&amp;apos; whi-4pered I aae, &amp;quot; if&amp;apos; we huad the wirilow opeti an hinh, we shoidd hear.&amp;quot; Arid Grace was plcasd to accordl her sanctioll, and they silently raised it. Man tlint is born of a woman bath Ibut a short time to live, and ii full .F nuisery. lie eoimethll ip and is cut down like a flower ; hie fleeth as it were a sha(lo w, and never continueth in one stay.&amp;quot; &amp;apos;I&amp;apos;li hildreti-inl(Ie*d they were bit little more-hushed their lbreath and listened, and lookod at Thomas Godolphin. Thomas Godoiphin Ptnodl there, his head Ibwed, his face still, the, gentle wind stirring&amp;apos;r his thlln dark hair. It was probably a marvel to himself, in after-life, how he had contrived, in that closilg hjour, to retain his calmness before the World. - &amp;quot; T&amp;apos;le ecrffii&amp;apos;s lo(wered at last !&amp;quot; l)roke out Ilarry, &amp;apos;uvo hlad been mnorIe curious to w atch the niovmeneits of&amp;apos; the men, than the asp)cct of Thiomas Godo.lhilliti. 6i H 1,i, s:r !&amp;quot; sharply r(4l)L;ed Grace. And the minister&amp;apos;s voice again stolf over the silncea. Fora&amp;apos;ntuelh Ps it hath lease Almiglhty God of his great merc2y to tale untot himslelf the soul, (f our d.&amp;apos;ar sister here departed, -we tierefore (&amp;apos;(lunltlit her bod(y to the grold ; earth to earLh . . . . ashes to a3hes . ... dwst to (ust . . . . ii sure and certain h(pe of the Resurrection to eternal life, through otr Lord 1Jemsuu (Christ ; whllo shiall chaiwge our vile body, that i mny he like unto his glorious bod(, accordin- to the mnighty workivi,, v1ierely lie is able to sul)due all things to hiniself.&amp;quot; Elery M 0ot(1 came homne to Thomas Godolilphin&amp;apos;s senses; every syllable vibrnted upouit his heartstihings. That sure and certain hope laid hold of his soul, mIefVer g-nill to quit it. It diffused its own holy peave auied calin il hi%, trouhbled mind: nid(l iaever, until that nonment, had lie fidlyl realisud the worth, the truth, of her dvying legacy: &amp;quot; Tell himl that I arn buit gone on hefore.&amp;quot; A few velars: God, (now present. with hini, ulone knlew how few or how many a: fnd &amp;apos;hioKtmas Godollhin would 1have joiiied her iii eternal life. lUtt why had 3Mr. llastinmn come to a temporary pause? Because his eves hlade fillen upon OMe. then gliding up from the entrance of the churchyard to take his place amidst the mourners. One who had evidently arrived in a hurry. Ile wore neither scarf nor hlmthand, neither cloak nor hood : nothimg but a fuill suit of plain black clothes. &amp;quot;1 Look, Maiia !&amp;quot; whispered Grace. It *as George Godolphin. He fell quietly in Mow hils brother, his hat carried in his hand, his head bowed, his fair curls waving in the breeze. It was all the work of an instant: and the minister resumed: &amp;quot; 1 heard a voice from heaven, sa;n&amp;apos;g unto me, Write, From henceforth blessed are the dead which die in the Lord: even so saith the Spirit; for they rest from their labours.&amp;quot; And so went on the service to the end. The beadle, with much bustle and a liberal use of his staff, scattered and dispersed the mob from the gates, so as to clear a passage. Two mourning,-coaches were in waiting. Thomas Godolphin came forth, leaninlg on his brother&amp;apos;s arm, both of tlem l)are -headed still. They entered one ; Lord Macdoune stepped into the other. The Reverend M:r. }hastings passed through his private gate to his own garden ; and half a (lozen men we&amp;apos;c shovelling in earth upon the coffin as fast as they could shovel it, sending it with a rattle on the bright plate which told who was mouldering within: &amp;quot;EThEL GRAAIE. Aged twenty years.&amp;quot; III. A 31MDNIGhIT WALK. &amp;quot;TInONAS !&amp;quot; cried George Godolphin, leaning forward and seizing his brothier&amp;apos;s hand impulsively, as the nmournimm-coach paced slowly on, &amp;quot;I should have been lhere in grood time, but for a delay in the traini.&amp;quot; &amp;quot; How did you hear of it? I did not knov where to write to you,&amp;apos; calmly asked Thomas. &amp;quot;1 heard of it at Broombead. I went back there, and theen I came off at once. Thomas, could they not save her ?&amp;quot; A sliht, negative movement was all Tliomas Godolpjiin&amp;apos;s answer. &amp;quot; Mow (lid you find votir fatlter, George ?&amp;quot; B Breaking. Breakiitin&amp;apos; fast. Thomas, all his talk is, that lie must come home to (lie.&amp;quot; To Aslil &amp;apos;dyat. I know. lhow is lie to conie to it? The Folly is not Ashlydyat. lie ht-as desired me to see that hie is at IPrior&amp;apos;s Ash )efore Chiristmas, and I shall do so.&amp;quot; George looked surprised. Desired you to see that he is ?&amp;quot; &amp;quot; If he is iiot back speedily, I am to go to Broomhead.&amp;quot; &amp;quot; Ohl, I see. That vour authlority, upholding his, may be pitted at&amp;apos;ain.t my lady&amp;apos;s. Take care, Thoinas: she may prove stronger than 1)oth of you put together.&amp;quot; Thomflas Godolphiin sat iu his place at the hank, opening the morning letters. It was some days subsequent to the izterment of Ethel (Grame, and the second week in December was already on the wane. In two days mote it was hii intention to start for JBroonihead : for DO tidings arrived of the return of Sir George. The very last of the letters he Canle, uj)O, was one bearing the Scotch p)ost-nark. A little poor note with a scrawled address: no wonder the sorting-clerk had placed it underneath! It looked very obscure, in comparison with those large blue letters and their business han(ds. Thomas Godolphin knew the writing. It was Margery&amp;apos;s. And we may as well read the contents wvith him, verbatim: &amp;quot;&amp;apos; IMR. TnOMAS, SIR,-I imbrace this favurible oportunaty of adresing you for I considur it my (luty to take up my pen and inform yoll about my master, He&amp;apos;s not long for this world, Mr. Thomas I know it by good tokens which I don&amp;apos;t write not being a easy writer but they are none the less true, The master&amp;apos;s fretting his life away because he is not at home and she is a keeping him because she&amp;apos;s timorus of the fever, But you saw how it was sir when you was here and it&amp;apos;s the same story still, There&amp;apos;d have been a fight for it with my lady but if I&amp;apos;d been you M1r. Thomas I&amp;apos;d have took him also when me and the young ladies went with you to Prior&amp;apos;s Ash, When I got back here, sir I see a awful change in him and ,lr. (Gerge he see it but my lady didn&amp;apos;t, I pen these here lines sir to say you had better come off at once and not wait for it to be nearer Christmas, The poor master he&amp;apos;s always saying Thomas is coming ftr nmc Thomas is coming for me but I&amp;apos;d not answer for it now that lie will ever get back alive, Sir it was the worst (lay&amp;apos;s work lie ever did to go away at all from Ashlydyat if niy lady was dvitig to live at the new Folly place she might have went to it but not him, When we do a foolish -wrongr thingp we (lon&amp;apos;t think of the consekenses at the time at least not milch of em but we think all the more after andl fret our hearts out with blame and it have been slowly killing him ever since, I am vexed to disturb you Mr. Thomas with this epistle for I know you must, be in enough grief of your own just now, Your humble servant &amp;quot; MARGERY.&amp;quot; Thomas Gdolpohin read it over twice, and then crossed to the, other si(le of the private room, where sat a gentleman at another desl. A tall, portly man, with a fresh colour, large keen. dark eyes, and hair white as snow. It was M1r. Crosse. Anything particular, Tlomas ?&amp;quot; lhe asked, as Thomas Godolphin pult the letter in his hand. N Not in business. Read it, will you ?&amp;quot; 30r. Crosse read the letter through. &amp;quot; Is it my advice you wish for ?&amp;quot; asked hie, when he came to the last word. &amp;quot; Not exactly,&amp;quot; replied Thomas Godolphin. &amp;quot;I have made up my mind, I believe.&amp;apos; &amp;quot;To go immediately?&amp;quot; &amp;quot; Yes. Within nn hour.&amp;quot; &amp;apos;Tight. It is what I should have recommended you to do, had olu been imdecided. When it comes to letter-writing with Margery, the thinc- Is jsern rltoly9 iip&amp;apos;*lon it.&amp;quot; Thomas Godolpihin returned to his own place, gave some twenty minutes to business, and theitI passedl into the sitting-roonm. Janet and BesPv vere alone in it. Janet was looking over her housekeeping ac- counts-never a more exact controller than she-Bessy was indulging herself with a look at the morning&amp;apos;s p aper. &amp;quot;&amp;apos; Janet, a mni going to Broomhead.&amp;quot; JaI)et, who had been adding utp some figures, marked down the sum total, before she turned to her brother. H have you had news? Not another (lespatch !&amp;quot;&amp;apos; &amp;quot;I have had a letter from Margery,&amp;quot; said Thomas, sitting down for an instant near the table, and producin)g the letter. &amp;quot; I shall start at once, Janet, and not wait for Saturday.&amp;quot; The remarks of the two sisterq on, thle letter were very different. &amp;quot; lie never will reach home alive,&amp;quot; said Janet, in a low tone, in acquiescence with the one remark which, of all the rest, took most hold upon her. Thomas, fo you, and bring him straight off at once,&amp;quot; said practical Bessy. &amp;quot; If papa has this strong wish to be back, it is not to be tolerated that lhe must give it u1) to the whims of my lady. Never was such a thing heard of in these enlightene( days, as for a man to be uender petticoat government to that extent. As goodi constitute him a prisoller at once. If hie desires to return to the Folly, he shall return. XVe know that in illness there&amp;apos;s iio place likse home.&amp;quot; Janet shook her head. &amp;quot;1 lle cannot comne bore, lless&amp;apos;. Ashlvdyat is his home ; not tile Folly.&amp;quot; &amp;quot; At any rate, lhe will be closer to it at the Folly than lhe is at Broomhead,&amp;quot; was Bessy&amp;apos;s answer. The railway station inearest to Broomhead, was three miles distant from it, road way: hut there was a shorter cut across some fields-bearing past the house of that Mr. Sandy Bray, if you are curious to knowwhich reduced it to less than two. It was one of those rural stations so little frequented, that travellers were tempted to ask why it was built. Such a thing as a fl, for hire, or an omnibus, had never yet been seeti at it, at mid-day: you may therefore judge what clhance Thomas Godolphin had of either, getting there, as hie did, at midnight. lie was the only passenger to des(end, and the train went shriekinc&amp;apos; on. The man, wvho live(d in the one-roomted. cottage close by, and was called the stationmaster, appeared to be the only official to receive him. A man who had been drafted thither from one of the English lines. For Broonhead, sire&amp;quot; lie questioned, recognising the traveller. Yes. Do you happen to knowv how Sir George Go(lolphin is ?&amp;quot; &amp;apos;le looks rare and poorly, sir. Ile was past here in his carriage today. Huddled up in a corner of it, as ifl he was cold ; or else hadn&amp;apos;t got the strength to sit ul). Her ladyship was inside witlh him.&amp;quot; &amp;quot; There&amp;apos;s no porter about, I SippOSe ?&amp;quot; &amp;quot; lie has been gone this two lhours, sir. I&amp;apos;d offer to carry your luggage my s(elf, biut I shall have the up express by in half an hour. I shut up for tile nighlit thenr.&amp;quot; &amp;quot; I would not trouble you for so trifling a matter, were you at liberty, at this hour,&amp;quot; replied Thomas Godolphin. lie took utp his Iortm11anteau himself: at sTlall tiling not much larger than what the French would call a petit sac-de-nuit, containing little besides a clean ShDirt anId llis shaving tackle : .aInd started, bendinig Ilil steps not along the road, but across it to the stile. &amp;quot;1&amp;apos;(1 not take the field way to-night, sir, if I were vou,&amp;quot; said the man fronm the station door. &amp;quot;The road is the safest.&amp;quot; Wihy is it?&amp;quot; asked Thomas Godolphii. &amp;quot;There&amp;apos;s a nasty bit, thle field way, a quarter of a mile afore you come to Bray&amp;apos;s. Anybo(ly, not knowing it well, might take the wrong turning, and go, ienad first, into the dam..&amp;quot; But I do know it well,&amp;quot; said Thomas Godolphin. &amp;quot; And the niight is liicht enough( for inle to distingruislh the turnings.&amp;quot; Tilu&amp;apos; station-master looked up at the sklies. If thats not speaking figuratively, for hie could see niothing but fog. A fight, hazy mist; lnot a dark one ; which seemed( likekl to turn to rain. lI-e said no more save (.0ood itight, sir, atid Thlonmas Godolphin walked on. Hesitating for a monment between the two roads, and theo turningi (decisively to that of thle fields, as if some hidden impulse impelled him. Perhaps it did. It was not a pleasant niiihit, a pleasatit time, or a lpleasant way: and Thonmas Godolpliin, as h1t sped onl, begran to think lie should have done well to telegranh lhis inteitedlt&amp;apos;d joiirlil&amp;apos;&amp;amp;y ftom Prior&amp;apos;s Ash to Broonllead, that they might have sent. a conetiyanue to await Ihim at the station. Regrets were of zio use now, lnd lhe tru(lged alowng, taking two steps forwar(il. and slipsiltg onlie back, for the ground ii places was wet and slilpwry. It wats it pecuiliar liight. There was no monO ; there were 11 stars; iio skies in fact to be seen ait aill, as you have heard and et the night was light. The hiaze itself scemed to cast n light : it was not uuear tilhe erth, ot surroudi(lii;g nlioma. Godolphin ; but appeared to be far awit, like ita auzy curtain shiromiding the heavens and the horizon. What were rhonmas G(odolphii&amp;apos;s thoughts bent upol ? Need you ask ? For So1me tille to coliet, days atnd weeks aind mouths, they must run chiefly onl her whio hall left hini. Ile remembered his last arrival at Br-omithead : he- rememberied his thoughts as hie liad walked from the stawtiou like lie was doinui now : though then it had been by daylight. I li thouglhts had beel of&amp;apos; Ethiel, aid his (coining marriage; his thoughts had been of that fiarewell kiss which shie had 1)ressed upon his lips. N&amp;quot;( W-iOW hle must olilN think of hier as onke of lleaven&amp;apos;s angels. Ile lifted his hat to wipe his brow, and theni changed his load to the Otlici&amp;apos; haiaid. lie was coming to the dani now. Ile could hear its waters. G.10 carefully, ihomas (.Jodolphii ! A few steps dowuu that daark turning, anll V0u Might lnever be halrtid of more. But hie knew the way, and the utight, was light, and hie bore on his proper course, and the dangerous turn ^&amp;quot;as passed. A little way farther on, and hie couild discern the outline of Bray&amp;apos;s cottalg-e ill the distance. A light l)urnt ill one of the wvindows, and hie ou~redl ^}who was ill. Probably Margery&amp;apos;s sister. It was a diversion to his ownV sad reflections. Next h te became absorbed in thoughts of his tCther. How shiould lie ftind hiiii ? Ideas, we all know, assume the VcluLi&amp;quot;&amp;apos; of surrotmtidiuig associations, and Thomas Godolphin, iln that &amp;gt;,iitzarv muidiiglit lkour, grew to take at inore soinl)re view of thle news *eoutawiiued in Mlargery&amp;apos;s letter thival hie hit-Id hitherto done. It is wonderful tiW C ircnumstiances aect uts lit the broad light of&amp;apos; day, walking, for instaluiQ. as hie hiad dIone plreviMIslv to Broomhh&amp;amp;eaNd, appi&amp;apos;ehienisions would not hai&amp;apos;c oume over him. Now lie 1pictured his father (by no will of his own: lit, - cues&amp;apos; rose tup ulc&amp;apos;iwleUf I n g 1si1X&amp;gt; ill, perhlaps dyxin)gC. IPerhiaps even then a telegraphic message to him might be on its road to Prior&amp;apos;s Ash! PerhapsA shrill scream right over his head, and Thomas Godolphin positively started. It proceeded from some nlight-bir(l that had dived down upon him and tiow flew onwards, flapping its wiugs. That superstitious Margery would have called it an evil omen. Thomas Godolphin followed it with his eyes, speculating upon what bird it could be. It looked like a seagull: had screamed like one: but the seat was far off, and, if it was one, it must heave come a long distance. Back it came again, and dived down as before. Seemed to dive down close upon his head, like those ugly leather-winlged bats will do. Thoomas Godolphin did not like it, and he wished the portmanteau in his hand had been a gun. &amp;quot;Nasty screaming thitgs !&amp;quot; le ejaculated. &amp;quot;1 wonder what good these restless night-birds do, save disturb from sleep any worn-out mortal, who may be within hearing ?&amp;quot; Scenes of the recent past rose up before hini: the dark sombre scenes in which he had been an actor. The ominous Shadow of Ashlydyat, striking on his sight .as lhe turned the ash-trees, the night of his previous summons to Broonmhead: the dead face oft Ethel lying, o(tt her bed : the reminiscence of the funeral scene ; of his wallking away front it with the dull sound of the earth falling onl her coffin smiting his ears ! Nonie of them pleasant things to recal at that particular hour. Why should they have come to him ? &amp;quot;W What business had they there at such a time ?&amp;apos;&amp;quot; Drive them away. he could not. But neither did lie try. They served to make doubly sad, doubly ominous, his new fears for his father. lie knew how precarious was Sir George&amp;apos;s life. What if he were thenr dying! Nay, what if it were the very moment of his departure ?-if le were dead? having called upoU his children, upon him, Thomas, in vain e That odious bird once more! It flew over his head with a Shriek shriller titan the last. Thomas Godolphin was at that moment within a few paces of a stile which lay in h is path. lie turned his head round to look after the bird, not slackening his pace, putting out his hand before hin. to save himself from knocking violently against the stile. The hand came in contact with the stile, and Ihomas let it rest momentarily: his head was turned still. watching the bird, which was then flying rouid and round, making fierce circlets in the air. But he could not stop there all night, staring at the bird, and he turned sharply round to cross the stile. Placing one foot on its lower rail, lie What made Thomas Godolphin start back as if hie had been shot? Who and what was that, standintg on the other side of the stile fixedly gazing at him ? A tall, shadowy, upright form, all dark, bearing the unmistakable features of Sir George Godolphin. W&amp;apos;ill NOU &amp;apos;Oll Strong, )ractical, unimaginative men of&amp;apos; the worldforgrive Thomas (odolphini if in that one brief moment the wild superstitions instilled into his mind in childhood, were allowed their play? Forgive him, or not, it was the fact. lIt imagination, but the instant bef1)re. le had seen his father lying upoIt his bed, the soul parting from tile body: and Thomas Godolphin as iluch believed what lie now saw hefore him was his father&amp;apos;s spirit, as that he, himself, was in existence. The spirit, appearing to hinii in the moment of its departure. Hlis flesh turned cold, and the drops gathered on his brow. &amp;quot;, My son, can it be you ?&amp;quot; Thomas Godolphin came out of his folly, and grasped his father. That it was real flesh and blood which yielded to his arms, he now kLnew: but perhaps the surprise that it should be so, wts even greater than the other emotion. Sir George (Godolphin there! at that midnight hour ! nearly a mile from his home! and bareheaded ! Was it really Sir George? Thoinas Godolol111ihn rubbed his eyes, and thought hie, himself, must have taken leave of his senses. My father ! my dear father! what are you doing here ?&amp;quot; I thought I&amp;apos;d go to the station, Thomas, and see about a special traini. I must go to Ashlydyat to die.&amp;quot; Thionas got over thl- stile. The tone, thre manner, the words altogether hlad betrayed to hini an unhappy fact: that his father&amp;apos;s mind was not in a state of perfect sanity. lie trembled for his health, too. It was a c(ld raw night, sloppy under lfoot ill places, and here was Sir George in his black evening costunei, his white waistcoat, without SO much as an ovetr-coat thrown on ! IIe, who had only been out since that last faintinai fit in it close carriage ; anld, then, well wrapped tip. W M, heire is your alit, fatier ?&amp;quot; The old knight lifted his hand to his head and felt it, as if hie had not known thalt his hat was away. &amp;quot; I must have comie out without it, T&amp;apos;honm1ats,&amp;quot; hie said. W What was that noise over there ?&amp;quot; hie continued], loilititi, above the stile to the way Thonmas had conme, his frame shaking all over with cold, as he spoke. I thlintk it was a seagull. Or some screeching llight-bird.&amp;quot; I could not get ov-er the stile. Thomas. The walk seemed to have taklwm the strengthi out of me. low (lid you come here ? I thought voti were at Prior&amp;apos;s Ashi.&amp;quot; &amp;apos;lionias G(odolphin was busy. lil had takeii off his great-coat, and wvas putting it, on his father, buttoning it up carefully. A less man im sizt than Sir George, it did not tit -very well : but Sir George had shruik. The liat titted better. hut you have not got a hat yourself!&amp;quot; said Sir George, surveying is I son&amp;apos;s Head, when lie had submitted ill patient silence to the dressingr. I don&amp;apos;t want ol&amp;apos;t,&amp;quot; replied Thomas. T The night-air will not hurt i.&amp;quot;. &amp;apos;Nevertheless, all the way to Broonihead, ie was looking onl tvitlir side, if )erelLhnce hie inight cone upon Sir George&amp;apos;s, lying in the roaid. Tl&amp;apos;soinas drew his fatiher close, to support hiim on his arm, and they ciminic)tic(&amp;apos;ed thieir %%alk to the house. Not until then did &amp;apos;Thomas know -itm vey weak- his father was. Stooping, shiveringr, tripping with every (t lt&amp;apos;l step, it tappeailed impos-siblk that hie could walk back : the wonder \%,1.4. hiowv hle hlad wvalked there. &amp;apos;I&amp;apos;lhonias Godolphiin haltedI in dismna. How was lie to get lh;s farther iilFw I, Carry him, lie could not.: it was beyond his physical strengrth. T1e 11-lit ill Bray&amp;apos;s wvindow suggested a thought to himun. Father, I think you iad 1)etter go to Bray&amp;apos;s, and sitay there nhide I see for vour haud-chiair. YOU nre miot able to walk.&amp;quot; &amp;quot;9 I won&amp;apos;t go to Bray&amp;apos;s,&amp;quot; returned the knight, with a touch of fiery vehemence. &amp;quot; I don&amp;apos;t like Bray, and I will not put my foot inside his threshold. Besides, it&amp;apos;s late, and my lady will miss us.&amp;quot; He pressed on somewhat better, towards home, and Thomas Godolphin saw nothing else that could be done, cave to press with him, and give him all the help in his power. &amp;quot; My dear father, you should have waited until the morning,&amp;quot; he said, &amp;quot; and Itave gone out then.&amp;quot; &amp;quot;&amp;apos; But I wanted to see about a train, &amp;apos;T&amp;apos;homas,&amp;quot; remonstrated the knight. &amp;quot; And I can&amp;apos;t do it in the day. Site will not let me. When we drive past the railway station, she won&amp;apos;t get out, and won&amp;apos;t let me. Thomas! I want to go back to Ashlydyat.&amp;quot; i &amp;quot;I have come to take you back, my dear father.&amp;quot; &amp;quot;Ay, ay. And mind you are firm when she says I must not go because of the fever. The fever will not hurt me, T homas. I can&amp;apos;t be firm. I am grown feeble, aind people take my will from me. You are my first-born son, Thomas.&amp;quot; Yes.&amp;quot; &amp;quot;Then you must be firm for me, I say.&amp;quot; &amp;apos; I will be, father.&amp;quot; &amp;quot;This is a rough road, Thomas !&amp;quot; No, it is smooth: and I am glad that it is. But you are tired.&amp;quot; The old knight bent his head, as if picking his steps. Presently lhe lifted it again : &amp;quot;Thomas, when do they quit Ashlydyat ?&amp;quot; &amp;quot;Who, sir ? The Verralls ? They have not had notice yet.&amp;quot; Sir George stopped. Hle drew up his head to his full height, and turned it on his son. &amp;quot; Not had notice ? When, then, do I go back ? I won&amp;apos;t go to Lady Godolphin&amp;apos;s Folly. I must go to Ashlydyat.&amp;quot; Yes, sir,&amp;quot; said Thomas, soothingly. &amp;quot; I will see about it.&amp;quot; The knight, satisfied, resumed his walk. &amp;quot;6 Of course you will see about it. You are my son and heir, Thomas. I depend upon you.&amp;quot; They pursued their way for some little time itt silence, and then Sir George spoke again, his tone a hushed one. &amp;quot;Thomas, I have put on mourning for her. I mourn her as much as you (lo. And you did not get there in time to see her alive !&amp;quot; &amp;quot;Not in time. No,&amp;quot; replied Thomas, looking hard into the mist overhlesa(. &amp;quot; I&amp;apos;d have come to the funeral, Thomas, if she had let me. But she was afraid of the fever. George got there in time for it ?&amp;quot; &amp;quot;Barely.&amp;quot; &amp;quot;When he came back to Broomitead, and heard of it, lie was so cut up, poor fellow. Cut up for your sake, Thomas. lie said he should be in time to follow her to the grave if lie started at once, and he went off then. Thomas&amp;quot;-dropping&amp;apos; his voice still lower-&amp;quot; whom shall you take to Ashlydyat now?&amp;quot; My sisters.&amp;apos;7 &amp;quot;Nay. But as your wife? You will be replacing Ethel sometime.&amp;quot; &amp;quot;I shall never marry now, father.&amp;quot; At length Broomhead was reached. Thomas held open the gate of the shrubbery for his father, and guided him through it. &amp;quot; Shall we have two engines, Thomas ?&amp;quot; &amp;quot;Two WI sm! What for?&amp;quot; &amp;quot;Thed take quicker, you know. This is not the station I&amp;quot; broke forth Sir George, in a sharp, wailing tone of complaint, as they emerged B2ond the shrubbery, and the house sood in face of them. &amp;quot;Oh, Thmel you said you were taking me to Ashlydyat! I cannot die it!&amp;quot;$ iomas Godoitin stood nearly confounded. His father&amp;apos;s discourse, the guesr t of it, at any rate, had been so rational, that he had bin to hope he was mistaken as to his weakness of mind. &amp;quot; My dear r, be at rest,&amp;quot; he said: &amp;quot;we will start, if you like, with morning light. But, to go now to the station would not forwrd us: it is by this time closed for the night.&amp;quot; They found the house in a state of commotion. Sir George had been nissed, and eom were out, searching for him. Lady Godolphin regrded Thomas with all the eyes she possessed, thunderstruck at his appearance there and then. What miracle brought you here?&amp;quot; she uttered. &amp;quot;No miracle, Lady Godolphin. I am thankful that I happened to come. What might have beconie of Sir George Without me, I know not. 1 expect lie would have reinained at the stile where I found him, till morning: and might have caught his death.&amp;quot; &amp;quot; H will catch that speedily, if he is to decamp out of the house at midnight in this mad manner,&amp;quot; peevishly rejoined my lady.</FullText> </Record>