<?xml version="1.0" encoding="UTF-8"?>
<Record> 	<Version>Record_v1.0.xsd</Version> 	<RecordID>4426433</RecordID> 	<DateTimeStamp>20180928135325</DateTimeStamp> 	<ActionCode>change</ActionCode> 	<RecordTitle>SIR THOMAS ERSKINE PERRY.</RecordTitle> 	<Publication> 		<PublicationID>3084</PublicationID> 		<Title>The New monthly magazine, Jan. 1853-Dec. 1881</Title> 		<Qualifier>London</Qualifier> 	</Publication> 	<Publisher>E.W.Allen; Chapman and Hall; Henry Colburn; Henry Colburn and Richard Bentley; Adams and Francis.</Publisher> 	<Volume>117</Volume> 	<AlphaPubDate>Jan 1880</AlphaPubDate> 	<NumericPubDate>18800101</NumericPubDate> 	<SourceType>Historical Periodicals</SourceType> 	<ObjectType>Feature</ObjectType> 	<ObjectType>Article</ObjectType> 	<Contributor> 		<ContribRole>Editor</ContribRole> 		<OriginalForm>Hatton, Joshua (Guy Roslyn)</OriginalForm> 	</Contributor> 	<LanguageCode>ENG</LanguageCode> 	<ISSN>2043-5193</ISSN> 	<ISSN>2043-5185</ISSN> 	<StartPage>382</StartPage> 	<EndPage>391</EndPage> 	<Pagination>382-391</Pagination> 	<URLDocView>http://search.proquest.com/docview/4426433/</URLDocView> 	<Products> 		<Product> 			<ProductID>1007574</ProductID> 			<HasFullText>true</HasFullText> 		</Product> 		<Product> 			<ProductID>1009130</ProductID> 			<HasFullText>true</HasFullText> 		</Product> 		<Product> 			<ProductID>10000001</ProductID> 			<HasFullText>true</HasFullText> 		</Product> 		<Product> 			<ProductID>10000297</ProductID> 			<HasFullText>true</HasFullText> 		</Product> 	</Products> 	<Terms> 		<FlexTerm> 			<FlexTermName>DerivedSubject</FlexTermName> 			<FlexTermValue>ENGLISH LITERATURE - 19th Century</FlexTermValue> 		</FlexTerm> 		<FlexTerm> 			<FlexTermName>DerivedSubject</FlexTermName> 			<FlexTermValue>POLITCS AND GOVERNMENT 1800-1837</FlexTermValue> 		</FlexTerm> 		<FlexTerm> 			<FlexTermName>DerivedSubject</FlexTermName> 			<FlexTermValue>POLITICS AND GOVERNMENT 1837-1900</FlexTermValue> 		</FlexTerm> 	</Terms> 	 	<FullText>SIRt TH1OM101AS ERSKINE PERRY. OUR PORTRAITS. SIRKX I&amp;amp;10MA4 ERSoIN&amp;apos; PERRY haR a htory so interesting that it will N- rund by few vitMout profit. A consistent Liberal tlIIll A1iM youtil, whieii 1le enlteretd the j)olitical arena with the lcvrmi*r of 11lldlfimh entlmitsi~l n, hle has lived to seO many of his 4Irly 1 f4)H fulfille(dl. ()ne of the nlomt daring of the political reto1rm 1&amp;apos;nr4 diuring thit, reigtk of William IV., he faied friend and ft&amp;apos;w alike iii s4upobOrt of lis opiInioIns, atndtl beat th1enm bothl. T&amp;apos;jhough-,j with little liking for thle law, or rather with i plMitive djiHt11Hte for it, lht&amp;apos;, wviten nect&amp;apos;esity aroe., conscielti.umly andl consistentiv studied its rules ndal precedents. and e1tielifietl himtsell for the high, psomitioln he was ultimately to attain. Am a chanmpio of the cituue of education in India anti o1f native improvement. generally, he k obtained the goodwill .1of millioln of griatefull nlatives, whle onl the other hand his SlI CCetiIl efforts in favour of law reformi brought dlown upon his tlevottd head the wvrath of those who had hitherto profited at thl t&amp;apos;-expnmt (if thl emmtlmmllitv. In either came hie was only crrvilmmg 411t telt lill of (&amp;apos;oI(lldct. which lie 11a(1 pumsued throughout his lit&amp;apos;e, amid which he would have continued 1immadeturretl alike by applaume or (condemnaltion. He has ai1avs betetl all active l1all, an(l his activity hmA been exerted foir the good of his Country. Sir Ermkine is the mon of the late Mr. .Janes Perry, of the Mureingq (C hromeki. whtme iwrvicts in the Liberal cause and whose creation of the modern iiystem of journalism have Pwarely vet been anfficiently acknowledged. stir Erskine was horn at his father&amp;apos;s residence at Merton, Surrey, and was thritenmed after the firt Lord Erskine, his father&amp;apos;s friend and advowate in oue of the Government prowecutions of that day. lit was educated at Charterhous and Trinity (&amp;apos;ollege, Camnridge, where ho graduated BA. in 1828. On leaving the (et eo %I opt (IIX&amp;apos;odburj&amp;apos; /Proviss.j ( I,. ,%-dH FA . ISKNElh P R.il 4. 14 . - E A I &amp;apos;lz~~i If I\ - I, KsA}Wk , If ,1;&amp;quot; Vtt I {JA I .,a h yik . Oitiv s 0 i University he took chambers in the Albany, collected a mull library of useful books, aud entered upon study in a more earnest manner than he had hitherto attempted. His father having died wheii the subject of this sketch was but fifteen years old, he had been for sonmi years mnaster of hit; own actions, and up to leavin&amp;apos;g college wvas better known and more often seen in the hunting-field than at college lectures. He now entered himiself at the Inner Tenmple, where he worked hard for two years and a half in the chambers of a special pleader and of the late Mr. Justice Patteson. In his O}Vil opinion-and it would probably prove the rule rather thait the exception-his real educetion began at this periol of his life. It wvas singular, considering how intimately he was to be connected with Iudia, that the work which principally gufided him into fieldm of study was Mifl&amp;apos;s history of that coulutay. At this time hie also became acquainted with Beothaiin&amp;apos;m works, and with .erermy Bentham hinmelf. The result was to engende&amp;apos;r a dislike to the profemion of the law, so mtroug that having, as hie deemiiied, a sufficient hereditary income, lie dotermined in 182&amp;apos;9 to go to Gerinany for some mouths, to purmue his education, rather than be called to the English Bar. Armed with letters of introduction for A. von Schlegel, Sehelling. mi1d others, hte took up his abodel at Munich, where his friend Lord Erskino was then NMinister, an(i resizding with Lord Ermkitie&amp;apos;s charmeing family, entered at the University, and gained a fair knowledge of German. Ini tlho, slpritig of 1831 the effects of the French Revolution of the lreviouis year manifested themselves in England, and tfie demiand for reform and improvements ii our national iastitutions awakened such respcnsxive chords in Mr. Perry&amp;apos;s bivoast that lie left his friends and studies in Munich md returned to England. WVellington had been driven from office, aud for the first time after twenty years the Whip were in power, with Earl Grey as their leader. A Reform Bill was introduced by Government, and wan rejected. The Iliistry appealed to the country, and a new Parliament was formed. Mr. Perry, on his arrival in England, at once thrw himself body and soul into the popular movement thoe ooQvulsing the country. He bought a share of the E fronm his friend Albany Foublanque, and became boM wt secretary of the National Political Union of Loudo. Te new House of Commons at once p d the Bi, but it rejected by the LordR. The agitation grew to a fearful height, andi it was felt by many that the question at iesue waa whether the people shiould succumb to the Lords or the Lordfs to the people. The country appeared to be on the brink of a atruggle utiexamI)Ie(l since the time of Charles 1. TIhe deteriniiiaitioi (If the petj)ple w&amp;amp;LS mHo forcil)ly slhown thatt the Lords gnave wav wlieii the Bill was itgatil ilttroduced, the Pe-ers whII( (iproumd it withdrew, and it becine lhiw in .Jume, 18,32. After the pamigo&amp;apos; of the Bill Mr. Perry formed &amp;quot; The PArliamentarv (&amp;apos;atdidiitte Society,&amp;quot; an act wvhich gave great Mfblice tO 11nam^V hlcdurms (f Seats hertlof ore eommidered safe. ?I&amp;apos;li prIISect&amp;apos;&amp;apos;tuls of this So(ietv is ueh t a curiotis illustration o)f that reI&amp;apos;olu4tionary period, an11d b)iingsm together the niunem of 140111t . f tlit 1iist m miflcledt&amp;apos;(1 Liberails in much remarkable eomitramt to their stilimseetit topinions (some of the most rlitifiillrisvjhd 11mimng t Iman linvimg died Tories), tflat it meems wmrth Wlhile tO) reprint tl)e origilal addrems to the p)ul)ic, from wlhat is l)rolmaldlY it Uiiique c (q)NPARI i AM ENTA 1 Y CAND D1)11ATE 801OCI}ET&amp;apos;Y, lnstiateted to eulpport IRetoria lot p&amp;apos;romoftmi the return of k&amp;apos;tt and P&amp;apos;roper Jhlem hcrs *p IP&amp;apos;rli men 1t. *&amp;apos;COMMIIII. Jen-my Bentham, F.P1. i Colom&amp;quot;I 1, C;..... Jonels. MIajor A. Ikatlehrk. I)r. NMackiniion. (&amp;apos;lutrne, iutcihlrk, iSq. Jiohn Marsihall, Esq., of Yorkshim C&amp;apos;lulem Bltler, Esql., M1.P. Da ld}it O){olimII, E&amp;apos;f4&amp;apos;l- NAl.l&amp;apos;. A. 11tiller, Emq. l4:rsk~ite Perry, E.s41. l:. Iytton Bliwer, K.t# (lor(rd Jloht A. Roebuck, E1sq. IdYtt41I1t. Mr. Alderman Scales. Sir Fmranis tRiun tt, Rart. , &amp;apos;harlms Bnriuiy Sheuridaun. -lhbmih (Crwfimrl, Fsq. (&amp;apos;olmid .1. Perrouetllionsilon. WV. IL. Iv&amp;amp;Sa1n, I&amp;apos;aq. &amp;apos;IlWotIt e Xtnr . &amp;apos;holnma RIbhoiuge, I:,iq. 1 )ktnfil 1\&amp;apos;k1tie11, } .Jos&amp;apos;ph Hluluw., E*. NI. 1&amp;apos;.P1 Francis Place&amp;apos;, Esq(l.. Iremurer. &amp;quot; ADDIRE.SS. 6&amp;apos;The ineasures of refoim broighit forward lby lis lMajesty&amp;apos;s Ministner, whitlh hIAVe be(eui (ntlitsilstfieally welomned by the whole kigiigdom, will require the exertiolms of the people themwlvm to t)l)tainl the gra rl object of le gislative body identified with the popular intertvt. &amp;quot;Hitherto the men best fittel, by their intellectual and mora worth, to be representatives of the people, have usually shrunk from a popular election. The expense, oorruption, and diegradation attending on that hitherto debasing proceeding, lave deterred the honet-minded, and but too often left the fiel(d open to those who have had much wealth to squander and few scruples to overcome., &amp;quot;6 It is hoped that this vicious system will no longer prevail, that places will be thrown open in which the honest candidate will have to stoop to no immoral acts, to practise no comrption, to truckles to no commands, and that the people will be able to choofse those who, by talent, industry, and probity, are fit to 1)e popular representatives. The power, however, will be of little avail if it be not judiciously exercised. Unless the electors be made acquainted vith the character of the candidatem wvho proposeC thensellves, unlem the mxn nuost worthy be bro)ught to their notice, improper or inadequate selections will again be made; the same neglect of duty, the same monlipt practices, the same extravagant expenditure, which lave heretofore been our degradation and our curse, will &amp;apos;coltinu&amp;quot;e. &amp;quot;To pr)Ievent those evils, tvo things are required :&amp;quot;1. To collect all necessary information restpecting the - Character, talent, conduct, and connections of all personn who aty be proposed as candidates for seats in the Legislature. &amp;quot;I i. TO lay this information, when obtained, before the .lblic. &amp;quot; Experience has taught uas that, separately, individuals cauniot perform this task. Applications for information have Often been made by variousx bodies of electors, desirous of clhoosing honest and enlightened representatives. But no one being Prepared to answer their inquirieN, the praiseworthy wimles of the electors have been frfutrated. The idle, vain, 111nd I)rofligate have too often been chosen in the place of the indlUitrtiolw upright, and enlightened. The unprincipled politiocl alvewturer, swayed only by personal interest, has usurped the podt of the honest, single-minded patnrot; and a people htramseld, plundered, and oppresed has but too well ex&amp;gt;terieIced the vicious operation of a badly-selected Legiature. Similar applications will again be made; and an oa be taken, they will again prove fruitle. &amp;quot;What individuals cannot perform may be e&amp;amp;ly eebd by an mociation; and for the p of obaAini the, il. formation required, and promptly and adequatey 1 it tr the world. the preent amociation has been formed, tnder tho naume of the Parliamentary Candidate Society; and the pmflS?&amp;gt; abohe-nanmed have beeni alppointed a Committee to earry the iutentions of the Societyr into effect. Th11ie Society dim(Iaitniu any attempt at dictation, but at the muame time teels hound to declare its opinion that the popular uimlort. at e leetilH shoulId be given to thome individuals only whoo -*%-III plelige thein1vn&amp;apos;ea unoequivocally in favour of Parliantatitary rtforim. &amp;apos;T&amp;apos;he beneficial pUu1)mem of this Society (WOUjld he gretaUtly aided lby IUlill&amp;apos;elOUH 1C1al SoCieties. But btl(ie sepsarate yet connected( bo(lies cannot b)(! forined, as the 57th (: eorg!e 1 1, c. I9 ms. 25, forbidis till comimuinicationi between &amp;apos;, A so4ciett htam therefiwe been formed extending all over tlht counatrv, of wvhieh any personu may b)ecomle a miembevr&amp;apos; oji elltiteruin gis hiamue, a(ldrowit, and designation in one of the S.ficetv&amp;apos;s tipoks, or by forwarding the saine to the secretary hb letter, utid o)n thre payment of a subscription of not lem thimi live shiillinmgs to tho fundm of the Society for tho current vear. &amp;apos;T&amp;apos;hiuus thre ome bd(ly uay extend to the most distaut parts of the country, and a correfspondllt-n be carried on, to whatbever textnt may be desireid, without auy violation of the law. The whole people may thius act as a Rhngle bodly, ai(ding_ omtm another vit~l their inoney, their labour, and their informianti-ii, t;.r thLe great and comninuut end of obtailnig S good At, a nimeetilg of the Committee, held this; day, John Marsiall. Ewi., in the clhir, it wam resolved unanhioisly :&amp;apos;&amp;apos;ol&amp;apos;hat ini the ovunt of the measure of Parliamnttitary reform 6lirught forward by His Majesty&amp;apos;s Ministers being defeated, oir rontemrel lois efficient, by a vorrmpt faction of boroughmanonger, am.dl of Parliament being dissolvedl, this Society will 11I40 OWeIr COnstitutional exertion to aid the return of the friends it reltorni, and to exclude the enemies of that mneasure.&amp;apos; 4&amp;quot; ROBERT GOVtIOER, Hon. Seo. &amp;apos;March 21, 1831.&amp;quot;&amp;apos; As au instane of Mr. Perry&amp;apos;s earnestneow it may be mnentioned that at the general election of 1831, when the question of reform or no reform wan the imue before the People, and when borough were often secured by ardent young Librlso In ig in them fxo first time on the eve of the eleoti he left London en post* with his friend and college contempo* rary Charles Buller, news having been received that there wa ati opening in, a western constituency with which Mr. Buller had some county connections. It was arranged between them that Mr. Perry should be the pandidate, as be was bet able to meet the expenses of a contest. Whex they arrived within twenty or thirty miles of the place they heard that tAw election was over, but that a Liberal can(didate was wanted at Well, in Soinersetslire, where the election was to tako place next miorniing. They accordingly gave fresh directions to their postilion, and made straight for that ancient city, where they 10mid the Liberal party ameinbled, and eagerly looking out for am olpponent to the late Hitting member, a rich old attorney, Mr.. Edward Vaughan. Mir. Perry was proposed next nmorning, but after one of the usual fervid hunting speechem of the period, withdrew hia ( aliuidaturo at the advice of his committee. It was believed IItfterwards that had lie continued the contest, the fourteen or fifteen days&amp;apos; polling which might have enusued would have driven his aged and feeble opponent out of the field. We have changed that sort of thing now. There in no need for would-be candidates to wander over the country in search of oonfatituencies, like the Israelites in search of a Promised Laamind; they can learn by telegraph the seats that ar vacaUt, and can travel by train and get to their destination before the Election is over. It is a good instance, however, of the energy aind excitnement that prevaileAd at the time. As one result of the Refornm Bill, Chatham, near which Mr. Perry had resided with hit; family for many yers, was one of time new boroughs invested with the franchise. This borough waS Rio doubt intended by the Whig Goveruneuat to supply thm useful office which the abolished nomination borou~ia had eo frequently perfornied for the party in power, but a tisi object was directly opposed to the principl, of the Reformn Bill the Liberals at Chathain indignantly repudiated the arrangement, and invited Mr. Pery to come forward a a (?an4didate. He did so, but after au e.iting oonte. wbich ladted for six montlh (during w hi t ti. b hBill wau under incubation), be was defeated by o l Mbod the Government amddate. * After the Bill ws paMd r, Pe r id jul life and forgot, amid his boN, the Rogw ad pilitical existence. In 1834 hle married Louisa, daughter of Mr. M*Elhiney, and with the prospect of a family before him thought it right to adopt a profession. Accordingly, overcoming his forner semiples, he in the following year was called to the Bar, became a law reporter, and published seven voluflws of reports, known in the profession Ra &amp;quot;sNeville and PeTrry &amp;quot; and &amp;quot;* Perry and Davison.&amp;quot; In 1841 he lost the g-rvater part of his fortune by the failure of a bank, and was induced to apply for a judgelship in the Supreme Court of I1ombity. T&amp;apos;llis office hie obtained, wvith the usual judicial knightholod(1, and took his seat on the Bombay Bench in 1841. He becamne afternvards (hied .lJustice, at post which he retained Until his retiremnent. in November, 1852. D)iring his residence in In(lia Mr. Perry employed his Vac(ltioll ill travel, and11 was thus enabled to see the greater part, of that vast country, am well ats Nepaul and Ceylon. ,Some of his leisure hours were employed in literary work, of vhiti his transtlation of Savigny&amp;apos;s &amp;quot;lRecht deR Besitzes,&amp;quot; his Letter to Lord Campbell ovn Law Reform,&amp;quot; and his Oritittal Cases &amp;quot; (London, 1853), are examplem. Mindful of thb lprecepts of his master Blenthamn, he applied himself steadfitstly, whilst on1 the Bench, to the sinmplification and redluction of coot in law proce(lure, and was able, in great Ineasitre, to effect his purpose, in spite of the vigorous opPoration *f the Bombay attorneys. Lawv reform by high officials rartelv Ivad to popularity, and - when it invaded the vested illtervits of an acute clasm, hviruig such ready access to the l&amp;apos;rvpw as lawyerms it couild not. be expected that Mir. Perry wvoitldd escape criticism. In point of fitet he was wvell desribed by a lealing Intdian journal a &amp;quot;the best-abused man in India,&amp;quot; 41n(l the diesription wits applicable for some months. But the best work Mr. Perry accomplislhed during his residlence in ln(lina was in the interests of education. Imme,liiatelv after his arrival he turned his attention to this aubject, and 1soon afterwanrs thet new (Governor, Sir (George Arthur, reqmested him to accept the honorary office of President of the Boart. This position he occupied Until his departurethat id tn mv, about ten years, taking upon himself the duties of a rather apathetic secretary, writing the reports, &amp;amp;c., and in communication with his friend John Stuart Mill, obtaining from Esgland the s cem of some very vigorou teacher The advance of education during this period was extmordi- nar, both at the capital of Bombay and in the intero. It was the more remarkable because the ruling authorities, and especially the Court of Directors, gave it very cold encourage mebnt. The latter body, especially, sturdily refused the least increhas to the very insignifioant sum that had been appro. priate(l to the. teaching of ten millions of people. Trhete exertions on behalf of e(Iucation and native improve. inent, added to h)is impartiality and industry in the adminis trmtionl of justice, obtailln(e for Mr. Perry so much popularity tliat on hisi departure from Ilndia addresses were showered ul)on him from all quarters, alkd the native community sub. scribed ?5,0)0() for a testinionial. At his request this sum was (levoted to the cstablishmient of a Perry Professorship of Law . Soon after his return to England, in 18.53, he found the Swlect Committee of the House of Commons, still Htting on the (quemtion of the renewal of the charter of the East India Comnpany. Sir Erskinoe Perry, who was strongly impremed with the idea that the old Company had outlived its work, wrote sevveral letters, signed 6 l1adlji,&amp;quot; to the Tiimes, advocating the al)olition of the Company, and the constitution of an in(lependent Council under the Executive Government, i asiiiilahtion to the celebrated Spanish Council of the Indies These letters made some inpresion on public opinion at that tune. In the samne year Sir Erekine became a candidate for Liverpool at the general election, and polled 4,673 votes agint his o)pponent, the Hlonourable Thoma8 Liddell (the late Lord lavezisworth), who scored 5,543. Liverpool boasts, perhaps l)rolcrly, that any one who is taken up by the Liberal party there, and shows political aptitude, is sure to succeed eil.. whiere, oven though he fail there. This boast was jusifed in Sir Erskine&amp;apos;s case, for a few months later he received an invitation from the Liberal party at Devonport, and on a contet with Sir .John Heron Maxwell, the Conserativ, can&amp;lt;Iillate, secure(l his own election by 402 votes He oat for I)evonport from 1854 to 1859, when he resigned on being appointed a member of the Council of India. One of the elections for Dovonport, during the term of his membership, was somewhat remarkable. Sir Erkine was on, of the stmall knot of Liberals, including Lord John 1 Mr. Bright, and Mr. Cobden, who voted in the ( Wv e najority against the Wrhig Government on the question of the C(hina War, and as Lord IPalmerstoni at once announced his intention of dsmolving Parliamient and appealing to the people, and M it was known th-at the Government would exert all its intluenco to Unseat thogo Liberals who had voted against it, Sir Emrkinoe nishte( down by the night train to Devonport. 1Itl there amenibled1 all the local leaders of hit pai&amp;apos;ty. They received himi in glumn Silence, which was ominously broken bv timir unanimous as.ewrtioll that for himi to seek re-election was out of the quetstion, and that at Government candidate ita tht poerson, of Mr. Bernal Osborne had been already secured. Sir Ekiino w as ags.ured in his own mind that his vote was Iietate(1 by the womudv-st Liberal principles, aind lhe was thiereftire nothing dliimitietd IW the chill reception hie hald experielleed. AgainAt the remoinstramee of hit chnimittee, hie called a public nIlecting of thle elvetors, aind Ilng dll ,etailed at length the gArounda on which hle ideeneti the Clhina WVnar to be wholly umjustifiable, he mucceetted in comptletely carrying the majority 1t the cloctors With lhiii, and they, on their part, forced the (&amp;apos;olumittov to nupport himi. Mr. Bernal Osbo)rne withdrev, aud alter a vigorous (onlitest Sir Erskine regained his seat. He and Lord J3ohn Russell were the ouly Liberals who voted againist Lord IPlamerston who were returned tit tho election whicth followed. The tact spoke well for the indepeidence of thought and acUtion toi the part of both mie-mbers and constituoncies. Duritg his Isix years&amp;apos; larliallentary life, Sir Eirskino er&amp;apos;rry devo)ted htimuself chiefly to Indian questions, mitu tmok an aetive pbart in til the discussions in 1858 on the (;o rimnimemit of Ildia Bill, which formis the constitution of the exifting tysteui of home government. for India. D)uring tho last twenty years ho has beenii an active maulmber of the Council of India, aud several papers laid before Parliament during that period testify to his exertions o01 behalf of gWood government for that country. The prineijal tak which hie was eniabledf to perform, and which he took every tpportunity of prommioting, during that period, wsi the introutction of natives into the Government of their own uountr. It is well kuown in Indian viroles that the aid of Sir Charlt* Wood in thi, direction, and the step lately tou in ludia for the aduiilfon of natives to offioe0 hitherto held only by Europetas, emanated from these efforts * `1Iv &amp;apos; 4 ( &amp;amp; I A Indeed, the important despatch of Lord Cranbrook, of November, 1878, is -said to have been drafted by Sr Erskine Perry. His views on the future of the oouatry with which he has been so intimately connected for newly forty years may be found-in tone neither optimist nor pessimist-mn the Ni ineteenth Cemntry of November, 1878. An ,earlier work, &amp;quot;6 A Bird&amp;apos;a-Eye Sketch of India,&amp;quot; was published by Mlurray in 1858. His first wife having died in 1841, Sir Ersine Perry married, in 1855, Elizabeth Margaret, daughter of Sir J. V. B. Johndtone, Bart., M.P.</FullText> </Record>