<?xml version="1.0" encoding="UTF-8"?>
<Record> 	<Version>Record_v1.0.xsd</Version> 	<RecordID>4429558</RecordID> 	<DateTimeStamp>20180928135325</DateTimeStamp> 	<ActionCode>change</ActionCode> 	<RecordTitle>Cover</RecordTitle> 	<Publication> 		<PublicationID>16044</PublicationID> 		<Title>The North British review</Title> 		<Qualifier>Edinburgh</Qualifier> 	</Publication> 	<Publisher>Open Court Publishing Co</Publisher> 	<Volume>18</Volume> 	<Issue>35</Issue> 	<AlphaPubDate>Nov 1852</AlphaPubDate> 	<NumericPubDate>18521101</NumericPubDate> 	<SourceType>Historical Periodicals</SourceType> 	<ObjectType>Front Matter</ObjectType> 	<ObjectType>Front Page/Cover Story</ObjectType> 	<Contributor> 		<ContribRole>Editor</ContribRole> 		<LastName>Fraser</LastName> 		<MiddleName>C</MiddleName> 		<FirstName>A</FirstName> 		<PersonName>A C Fraser</PersonName> 		<OriginalForm>Fraser, A.C.</OriginalForm> 	</Contributor> 	<LanguageCode>ENG</LanguageCode> 	<ISSN>2043-5312</ISSN> 	<StartPage>[589]</StartPage> 	<EndPage>[590]</EndPage> 	<Pagination>[589]-[590]</Pagination> 	<URLDocView>http://search.proquest.com/docview/4429558/</URLDocView> 	<Products> 		<Product> 			<ProductID>1007574</ProductID> 			<HasFullText>true</HasFullText> 		</Product> 		<Product> 			<ProductID>1009130</ProductID> 			<HasFullText>true</HasFullText> 		</Product> 		<Product> 			<ProductID>10000001</ProductID> 			<HasFullText>true</HasFullText> 		</Product> 		<Product> 			<ProductID>10000297</ProductID> 			<HasFullText>true</HasFullText> 		</Product> 	</Products> 	<Terms> 		<FlexTerm> 			<FlexTermName>DerivedSubject</FlexTermName> 			<FlexTermValue>LITERATURE, MODERN - Book Reviews - 19th Century</FlexTermValue> 		</FlexTerm> 		<FlexTerm> 			<FlexTermName>DerivedSubject</FlexTermName> 			<FlexTermValue>LITERATURE, MODERN - History and Criticism - 19th Century</FlexTermValue> 		</FlexTerm> 	</Terms> 	<FullText>THE NORTH BRITISH REVIEW. NOVEMBER 1852-FEBRUARY 1853. VOL. XVIII. iaFr a?? t MI C H EDINBURGH: WV. P. KENNEDY, SOUTH ST. ANDREW STREET; LONDON: HAMILTON, ADAMS, AND CO.; DUBLIN: JAMES M&amp;apos;GLASHAN. MDCCCLIII.</FullText> </Record>