<?xml version="1.0" encoding="UTF-8"?>
<Record> 	<Version>Record_v1.0.xsd</Version> 	<RecordID>4441993</RecordID> 	<DateTimeStamp>20180928135325</DateTimeStamp> 	<ActionCode>change</ActionCode> 	<RecordTitle>A Course of Lectures to Young Men, delivered by Ministers of various Denominations in Glasgow.</RecordTitle> 	<Publication> 		<PublicationID>3056</PublicationID> 		<Title>Tait's Edinburgh magazine</Title> 		<Qualifier>Edinburgh</Qualifier> 	</Publication> 	<Publisher>William Tait; John Sutherland and James Knox</Publisher> 	<Volume>8</Volume> 	<Issue>93</Issue> 	<AlphaPubDate>Sep 1841</AlphaPubDate> 	<NumericPubDate>18410901</NumericPubDate> 	<SourceType>Historical Periodicals</SourceType> 	<ObjectType>Review</ObjectType> 	<Contributor> 		<ContribRole>Editor</ContribRole> 		<LastName>Johnstone</LastName> 		<FirstName>Christine</FirstName> 		<PersonName>Christine Johnstone</PersonName> 		<OriginalForm>Johnstone, Christine</OriginalForm> 	</Contributor> 	<Contributor> 		<ContribRole>Editor</ContribRole> 		<LastName>Tait</LastName> 		<FirstName>William</FirstName> 		<PersonName>William Tait</PersonName> 		<OriginalForm>Tait, William</OriginalForm> 	</Contributor> 	<LanguageCode>ENG</LanguageCode> 	<ISSN>2044-6225</ISSN> 	<StartPage>608</StartPage> 	<EndPage>608</EndPage> 	<Pagination>608-608</Pagination> 	<URLDocView>http://search.proquest.com/docview/4441993/</URLDocView> 	<Products> 		<Product> 			<ProductID>1007574</ProductID> 			<HasFullText>true</HasFullText> 		</Product> 		<Product> 			<ProductID>1009130</ProductID> 			<HasFullText>true</HasFullText> 		</Product> 		<Product> 			<ProductID>10000001</ProductID> 			<HasFullText>true</HasFullText> 		</Product> 		<Product> 			<ProductID>10000297</ProductID> 			<HasFullText>true</HasFullText> 		</Product> 	</Products> 	<Terms> 		<FlexTerm> 			<FlexTermName>DerivedSubject</FlexTermName> 			<FlexTermValue>ENGLISH LITERATURE - History and Criticism - 19th Century</FlexTermValue> 		</FlexTerm> 	</Terms> 	<FullText>.t I (,&amp;apos;{&amp;apos;-.e&amp;apos;I (if !tIrf. add 1(fltuq . I&amp;apos;fn (leli.4b&amp;apos;roedl Ic L!;, i.-&amp;apos;.s-. ra!/ liwi?2/s D)enom 1JnatiZ0 onl.s i}&amp;amp; G;livzq(7r The-e lectiire~., or ,ernion; without a text, are eleven :ii iaiimber. The are, amnong other thing,;, a satisfactory :,yiJtonl of the awakened attention which &amp;quot; Ministers v fall denozninations &amp;apos; begin to pay to the youing, and a,.o tu the cultivation and enlargement of their own m2inds&amp;apos;. Is ino neW remark that, in our age, th &amp;apos; pulpit, long, in ihe vaiulvard of improvenient, now lags,&amp;gt; tar behind the are--, the &amp;apos;lecture-roorn, and the bar. The clergy, as a Ii*d, Ybegin to feel the necessity of pressing oI), a1al kbee.ing up withi the mimarchi of the age, if they would .,il:lt ain their social asce&amp;apos;idiancy. Of the lectures we 1.:ive, on a rather hiasty perisal, (for the work i- *jult pub.i-U....) L ecn muovt struck with Dr. WVardlaw&amp;apos;v-- di!icourse fu fie v,,mu.{i,,i&amp;apos; gtVf (tIr&amp;apos;iret#&amp;apos;r 1r. BTurns of Paisley, f ht If .P;ttr&amp;apos;Dc&amp;apos;tl J)llte.&amp;gt; ,&amp;apos;f 4 ]L ll.,qr.s Eut ml Jo/)hyId; \lr. .J .liii l{:,;on, ?Ir the (vtu,,,s of %ericWW, 1fl/Il Mke SK,*;f lit fb/i v nttic In resfi*t/ittn -hi,,?ld 1e 1,2r.werwtul; :r,,l, :1 ove afl, with the fearlesly lihonest and racv dli&amp;gt;vc&amp;apos;ur-o of the Rev. W\illiamu Anderlon, Oni tiel Inbgo?re p t( !(,,1:t&amp;apos; MvP 1 , t die IPro.jqrf 4 O &amp;apos;*&amp;apos;;. Narrow as our limit ; are, we miust give a -hort extract from this lecture. Tlhe %peaker is addrekiig younig meii who are prospectively to fill the most important offices in -ocietv, as smin!ii-terr. sbhoolniasters, 0hivyiciamiv, lawyers, journalist, &amp;amp;, . To the lawver.. and newilspaper e(ditors, lie sa%-.There i-i tihe firtiai 1/ &amp;apos;,iLir: shall it be coniposed, in %imr da:y%, ot men o peave, lis;suadin- from ,trifeai and ruin;:; litigationi. --iving hbomle&amp;apos;t couin-wl, disdaininmz to secure vinployuennt i y the dleceptvie flattery of clients at(i the *hlctri -liwi of thlir pride and revenge, refulsing as an in- 1i !t tCe pxroll&amp;apos;orrd briet ot the kniave, and giving gratuite: :t ;tid to the oppre;&amp;apos;seel and injured poor l. Is not all tii&amp;apos;s di-irable I &amp;apos; it not all necessarv to imake our city hr,!lourable and hapl)y ! And tell me if the trailling for 1a li.i-nuinde(l (lischarge of duty be not widely diffitreiit from that to which many of our youth are suibjetd, autd in which they willingly acquiesc -e. What Villaij is there !si? ba-;e that it will not fuil an attorney f;.r its defence, provided the fee be securevd. Woe unito nnw1 &amp;apos; that God&amp;apos;s ordinance oft Law. establilhed for the 1.i - lug o&amp;gt;i*f jfu;tice, should he p)erverted into the instruiMion.it of the heavi-tt opplreission uender which the earth &amp;apos;-i&amp;apos;&amp;apos; : allnd that that man should stand hiighievt inl the pr.o .--ioll who. by quibbliin- andI sophi-ticition, is nio-t .I x!tore)ns Ill -aVing the wickedi from merited 1puni-hI!.&amp;quot;11t; tor who, by taking advanta-e of form&amp;apos;i and h:brba?; ttltC5, perplexc;% and ( elays the vindication of C.tb ri~lit 4lf the iir&amp;apos;went and injured, csq as to drive hI ;!: t&amp;quot;t Ut.alvouralele coinpromi.es, or make him rei:!l hiiS can!-t&amp;apos; in dikuu-t--- all bin&amp;quot;o w-ell mnianaged i .!&amp;apos; the&amp;apos; iitere t; of the knave. lie ik your cicelt, voll .iv, youl von rwn&amp;apos;t do your beet for him. Vile vlave, . o X the bil~as bribe, wvho with lu gold hna.- mnast-red hi&amp;apos;in-l-f fit thy .lastardly soul, that thou mnavezt t il lwi1. tlr himi with all thyi Tnizht, and as-ivt him in his I. I h!h ry ot the widlow anl orphan. Not so fa-t with your tr;iwj-l.in_- I That wido-w&amp;apos;s and trpliloral s teais have apj1w:iie&amp;quot;I ithe c&amp;apos;;-f&amp;apos; to a hiizier tribunal, at whieh yourself, - e Iell a: -wior client. -Ili 1 be jidged : and when&amp;apos; the only ol ic-t tool a -ee4l 1;iall be-- W\ai your towln corl wienlce sa;: ., .. (of the ri--it-ou-ne-s ut&amp;apos; tiie caui.e ? Next to the .:,i ii-ry of the ( uoe^Je~l i, the porofe,-ioI1 of Law. Nex t to j Ivto. blelle -. w8:en- ocQLu11tie, wvit!% inltegrit V. . Nc ,)it.ser Euiurz.-WVho dare&amp;apos; lliu at anvt!:-l which needs reform among thcim, to be carried int, ;. eLtion when you wield the power of the lress s Iart Lies, known to be lies, written and publisheel i te spirit of the assassin, sometimes in political, not I . in private malice, the law of libel and person(al rhas tment being the only restraints which the * ollscie , .. the cowar(l acknowledges-the idlest rimouir ot t.e vtr or gossip of the tea-table, or drunken harang;v &amp;apos;,,. tavern, given as authentic intelligence, if it tti l ; credit the opposite party ; and truth, whvat i. kia: 1 ;, be truth, suppressed and refused invertion, j1v1S i w, w;&amp;gt;, vindicate them of the charge-exposuire of priate Ol1racter and of domiestic circuistance, and an exhiUiti.i: f men s frailties to ridicule wIhen no puhlic is;mtt,. gained--ail done ia the mercenary spirit of gratiti;i.L the depraved taste of censorious and enviou,;ds &amp;apos;,,, r;,, 1By one, the flattery of tyrants, cherishinig thenm ii tllw r contempt and oppression of the people-by anotlr thl3 flattery, baser if possible, of the iniob, teachiu. tllvul 41Vspite of all authority, and ill-will towards every iu . who through industry and economy is; better attircd tfan theniselves-profane jokes, andl sometimes Iie entiU1: %iolatinog the sacredne#ss of divine truth, aud Io)lIfitjin the moral sentiments-columns prostrated tfor pay to tl, dissemination of the impositions of the quack and thl; fraudulent, in utter disregard otf the robbery anl ruin . the ignorant and credulous--reigining over all, a want t recognition of the Divine government, or that re(ogni. tion madle in such a spirit tfr the servillt, of selfish al,! ftctiolls ends, that the glory of God is rather hiiiderot than advanced. How tew are the exceptions (are tlirre any) in -which one or more of these charges niav IIt t.w jultly made againzit the manier in which thi9 1)O wer, ,great fr evil or ,ood, i.s conducted at the l)reseilt d3y.&amp;apos; Is yonrs, my yo lnlg brethren, to be a day of reform! arni are the *c-and&amp;apos;outr and patriotism, as well as iiitelliginee, which are requisite, in the course of preparatiou 111 that day shall there be a happy emulation betwixt the pulpit and the press, which shall seid forth the purer and more salutarv stream for the irrigating of ouir (citl4 till the press be given a share of the honours of its iegeitl -&amp;quot; Let Glasgowv flourish by the preaching of the woMr andl its newspaper circulation. This is not the ordinary style of i-ven week-day preaching, but it is something quite as efficient.</FullText> </Record>