<?xml version="1.0" encoding="UTF-8"?>
<Record> 	<Version>Record_v1.0.xsd</Version> 	<RecordID>4442079</RecordID> 	<DateTimeStamp>20180928135242</DateTimeStamp> 	<ActionCode>change</ActionCode> 	<RecordTitle>ARTISANS' OUT-DOOR HYMN</RecordTitle> 	<Publication> 		<PublicationID>3056</PublicationID> 		<Title>Tait's Edinburgh magazine</Title> 		<Qualifier>Edinburgh</Qualifier> 	</Publication> 	<Publisher>William Tait; John Sutherland and James Knox</Publisher> 	<Volume>6</Volume> 	<Issue>72</Issue> 	<AlphaPubDate>Dec 1839</AlphaPubDate> 	<NumericPubDate>18391201</NumericPubDate> 	<SourceType>Historical Periodicals</SourceType> 	<ObjectType>Poem</ObjectType> 	<Contributor> 		<ContribRole>Author</ContribRole> 		<LastName>Elliott</LastName> 		<FirstName>Ebenezer</FirstName> 		<PersonName>Ebenezer Elliott</PersonName> 		<OriginalForm>ELLIOTT, EBENEZER</OriginalForm> 	</Contributor> 	<Contributor> 		<ContribRole>Editor</ContribRole> 		<LastName>Johnstone</LastName> 		<FirstName>Christine</FirstName> 		<PersonName>Christine Johnstone</PersonName> 		<OriginalForm>Johnstone, Christine</OriginalForm> 	</Contributor> 	<Contributor> 		<ContribRole>Editor</ContribRole> 		<LastName>Tait</LastName> 		<FirstName>William</FirstName> 		<PersonName>William Tait</PersonName> 		<OriginalForm>Tait, William</OriginalForm> 	</Contributor> 	<LanguageCode>ENG</LanguageCode> 	<ISSN>2044-6225</ISSN> 	<StartPage>808</StartPage> 	<EndPage>808</EndPage> 	<Pagination>808-808</Pagination> 	<URLDocView>http://search.proquest.com/docview/4442079/</URLDocView> 	<Products> 		<Product> 			<ProductID>1007574</ProductID> 			<HasFullText>true</HasFullText> 		</Product> 		<Product> 			<ProductID>1009130</ProductID> 			<HasFullText>true</HasFullText> 		</Product> 		<Product> 			<ProductID>10000001</ProductID> 			<HasFullText>true</HasFullText> 		</Product> 		<Product> 			<ProductID>10000297</ProductID> 			<HasFullText>true</HasFullText> 		</Product> 	</Products> 	<Terms> 		<FlexTerm> 			<FlexTermName>DerivedSubject</FlexTermName> 			<FlexTermValue>ENGLISH LITERATURE - History and Criticism - 19th Century</FlexTermValue> 		</FlexTerm> 	</Terms> 	<FullText>A RTI-A N.-S&amp;apos; O T-IiUOR II YMN BY EBI ;NEZl It IXLLIOTT. Wjirvi Stivi&amp;apos;rt rel-ii&amp;apos;d, GodX1 pe(ple&amp;apos; fled, (&amp;apos;CIhse-l like the lpe];le-bs hlatited hire; Bilt, Lneeling, fill the moututaini&amp;apos;s fit al, &amp;apos;T&amp;apos;hlere scitight the Lord, anded found him there. Lord ! we too suffer; e too pray &amp;apos;Ill.-t thotl wilt guidC 4-11t stEps ai lht; AMd bh-: this day-.tir&amp;apos;d Lalhouur&amp;apos;s dayAnd fill our souls with heaveuly lighlt. For failing bread, six d;ays in seien WVe till tle lilack towit&amp;apos;s (dust and gloom; But here we drink the breath of heaven, And here to pray the poor have room. 7Mle stutely temple, built With hand&amp;apos;, Throws wide its doors to pomp andt pride; But in the poach their beadle st~aitls, And thrusts the child of toil aside. Therefore we seek the diisied plain, Or clinh thy hill to totach thy feet; There, far from splendour&amp;apos;s rtiles fane, Thy weary eous and daughters meet. is it ; crime to tell thee here, &amp;apos;lfat here the sorely-tried are met To ek thy face, and finid thet near; And on thy rock our feet to set e Where, wbhe*liirg wide, the plover flies; Where sings the woodlark on the (rce. Bi&amp;apos;ne:th the silence of thy skies, 13 it a crime to woiship thee ? We waited long, and sought thee, Lord, Content to toil, but zot to pine; Anil with the weapons of thy Word Alone asaiil&amp;apos;d our foes and thiuc. Thb trith and thee we bade them fear: They spurn thy truth, and mock our moaw ! Thy coutisrls, Lord, they will njot he;ar, And thiu hlast left them to their own.* * Sec Rvbcca&amp;apos;I BY=n i I&amp;quot; Ivaldu.&amp;quot;</FullText> </Record>