<?xml version="1.0" encoding="UTF-8"?>
<Record> 	<Version>Record_v1.0.xsd</Version> 	<RecordID>4446149</RecordID> 	<DateTimeStamp>20180928135501</DateTimeStamp> 	<ActionCode>change</ActionCode> 	<RecordTitle>The Philosophy of Wealth.</RecordTitle> 	<Publication> 		<PublicationID>3056</PublicationID> 		<Title>Tait's Edinburgh magazine</Title> 		<Qualifier>Edinburgh</Qualifier> 	</Publication> 	<Publisher>William Tait; John Sutherland and James Knox</Publisher> 	<Volume>13</Volume> 	<Issue>153</Issue> 	<AlphaPubDate>Sep 1846</AlphaPubDate> 	<NumericPubDate>18460901</NumericPubDate> 	<SourceType>Historical Periodicals</SourceType> 	<ObjectType>Review</ObjectType> 	<Contributor> 		<ContribRole>Editor</ContribRole> 		<LastName>Johnstone</LastName> 		<FirstName>Christine</FirstName> 		<PersonName>Christine Johnstone</PersonName> 		<OriginalForm>Johnstone, Christine</OriginalForm> 	</Contributor> 	<Contributor> 		<ContribRole>Editor</ContribRole> 		<LastName>Tait</LastName> 		<FirstName>William</FirstName> 		<PersonName>William Tait</PersonName> 		<OriginalForm>Tait, William</OriginalForm> 	</Contributor> 	<LanguageCode>ENG</LanguageCode> 	<ISSN>2044-6225</ISSN> 	<StartPage>609</StartPage> 	<EndPage>609</EndPage> 	<Pagination>609-609</Pagination> 	<URLDocView>http://search.proquest.com/docview/4446149/</URLDocView> 	<Products> 		<Product> 			<ProductID>1007574</ProductID> 			<HasFullText>true</HasFullText> 		</Product> 		<Product> 			<ProductID>1009130</ProductID> 			<HasFullText>true</HasFullText> 		</Product> 		<Product> 			<ProductID>10000001</ProductID> 			<HasFullText>true</HasFullText> 		</Product> 		<Product> 			<ProductID>10000297</ProductID> 			<HasFullText>true</HasFullText> 		</Product> 	</Products> 	<Terms> 		<FlexTerm> 			<FlexTermName>DerivedSubject</FlexTermName> 			<FlexTermValue>ENGLISH LITERATURE - History and Criticism - 19th Century</FlexTermValue> 		</FlexTerm> 	</Terms> 	<FullText>lk Philosophy of Wealth. By John Crawford. Fools- I cap 8vo. London: Longman &amp;amp; Co. This little work, which has come to a second edition, bi dedicated to Mr. John Taylor, the eminent publisher, ad the great apostle of unrestricted paper currency. To the opinions of Mr. Crawford and MIr. Taylor we are decidedly opposed; but we are glad to see the subject discumsed by men of ability, whatever their views may be. The subject is of vast importance; and, as yet, vy imperfectly understood.</FullText> </Record>