<?xml version="1.0" encoding="UTF-8"?>
<Record> 	<Version>Record_v1.0.xsd</Version> 	<RecordID>4447198</RecordID> 	<DateTimeStamp>20180928135238</DateTimeStamp> 	<ActionCode>change</ActionCode> 	<RecordTitle>Mesmeric Experiences.</RecordTitle> 	<Publication> 		<PublicationID>3056</PublicationID> 		<Title>Tait's Edinburgh magazine</Title> 		<Qualifier>Edinburgh</Qualifier> 	</Publication> 	<Publisher>William Tait; John Sutherland and James Knox</Publisher> 	<Volume>13</Volume> 	<Issue>145</Issue> 	<AlphaPubDate>Jan 1846</AlphaPubDate> 	<NumericPubDate>18460101</NumericPubDate> 	<SourceType>Historical Periodicals</SourceType> 	<ObjectType>Review</ObjectType> 	<Contributor> 		<ContribRole>Editor</ContribRole> 		<LastName>Johnstone</LastName> 		<FirstName>Christine</FirstName> 		<PersonName>Christine Johnstone</PersonName> 		<OriginalForm>Johnstone, Christine</OriginalForm> 	</Contributor> 	<Contributor> 		<ContribRole>Editor</ContribRole> 		<LastName>Tait</LastName> 		<FirstName>William</FirstName> 		<PersonName>William Tait</PersonName> 		<OriginalForm>Tait, William</OriginalForm> 	</Contributor> 	<LanguageCode>ENG</LanguageCode> 	<ISSN>2044-6225</ISSN> 	<StartPage>60</StartPage> 	<EndPage>60</EndPage> 	<Pagination>60-60</Pagination> 	<URLDocView>http://search.proquest.com/docview/4447198/</URLDocView> 	<Products> 		<Product> 			<ProductID>1007574</ProductID> 			<HasFullText>true</HasFullText> 		</Product> 		<Product> 			<ProductID>1009130</ProductID> 			<HasFullText>true</HasFullText> 		</Product> 		<Product> 			<ProductID>10000001</ProductID> 			<HasFullText>true</HasFullText> 		</Product> 		<Product> 			<ProductID>10000297</ProductID> 			<HasFullText>true</HasFullText> 		</Product> 	</Products> 	<Terms> 		<FlexTerm> 			<FlexTermName>DerivedSubject</FlexTermName> 			<FlexTermValue>ENGLISH LITERATURE - History and Criticism - 19th Century</FlexTermValue> 		</FlexTerm> 	</Terms> 	<FullText>.I .1,saeric lrerieceis. By Spencer T. Hail, author tsf T The Fore.ster&amp;apos;s Otff;ring,&amp;quot; &amp;amp;c. Luuzdlu: Bailliere. These Experiences are mainly brief accounts of Wo1iderful cures performed by Mr. S. T. Hall, in the coutrse f his practice as a Mesmerist; partly through wiesuieri-z:i, and al.o, as he avows, from divine or supernatural ai-1, if these are not the same thing, aad Mr. Hall but t1je mere agent, -&amp;quot; the&amp;apos; inflaerec coining from the sourve whence flow all our other bles.iimm-S.&amp;quot; Ile, however, arrogates no peculiar power in L:Tnself, averring that any &amp;quot; better, healthier, and mnore earnet niau&amp;quot; iniglht have used the new curative agency with more ease amid benefit than lie had done, -ven in the very extraordinary, the thoroughly miraculous case, which hie relates at page .56 of his book.</FullText> </Record>