<?xml version="1.0" encoding="UTF-8"?>
<Record> 	<Version>Record_v1.0.xsd</Version> 	<RecordID>4449514</RecordID> 	<DateTimeStamp>20180928135447</DateTimeStamp> 	<ActionCode>change</ActionCode> 	<RecordTitle>Back matter</RecordTitle> 	<Publication> 		<PublicationID>3056</PublicationID> 		<Title>Tait's Edinburgh magazine</Title> 		<Qualifier>Edinburgh</Qualifier> 	</Publication> 	<Publisher>William Tait; John Sutherland and James Knox</Publisher> 	<Volume>18</Volume> 	<Issue>214</Issue> 	<AlphaPubDate>Oct 1851</AlphaPubDate> 	<NumericPubDate>18511001</NumericPubDate> 	<SourceType>Historical Periodicals</SourceType> 	<ObjectType>Back Matter</ObjectType> 	<Contributor> 		<ContribRole>Editor</ContribRole> 		<LastName>Mansfield</LastName> 		<FirstName>Horatio</FirstName> 		<PersonName>Horatio Mansfield</PersonName> 		<OriginalForm>Mansfield, Horatio</OriginalForm> 	</Contributor> 	<LanguageCode>ENG</LanguageCode> 	<ISSN>2044-6225</ISSN> 	<StartPage>648</StartPage> 	<EndPage>648</EndPage> 	<Pagination>648-648</Pagination> 	<URLDocView>http://search.proquest.com/docview/4449514/</URLDocView> 	<Products> 		<Product> 			<ProductID>1007574</ProductID> 			<HasFullText>true</HasFullText> 		</Product> 		<Product> 			<ProductID>1009130</ProductID> 			<HasFullText>true</HasFullText> 		</Product> 		<Product> 			<ProductID>10000001</ProductID> 			<HasFullText>true</HasFullText> 		</Product> 		<Product> 			<ProductID>10000297</ProductID> 			<HasFullText>true</HasFullText> 		</Product> 	</Products> 	<Terms> 		<FlexTerm> 			<FlexTermName>DerivedSubject</FlexTermName> 			<FlexTermValue>ENGLISH LITERATURE - History and Criticism - 19th Century</FlexTermValue> 		</FlexTerm> 	</Terms> 	<FullText>LONDON : S&amp;lt;ALISBXRY AND CO., rFlJIEUL, FIULNL\I:E-1LLL1 AND rJRXhU.-iL-k11LL, LLLrt,-.;TR1tT.</FullText> </Record>