<?xml version="1.0" encoding="UTF-8"?>
<Record> 	<Version>Record_v1.0.xsd</Version> 	<RecordID>4450598</RecordID> 	<DateTimeStamp>20180928135238</DateTimeStamp> 	<ActionCode>change</ActionCode> 	<RecordTitle>The Scottish Review.</RecordTitle> 	<Publication> 		<PublicationID>3056</PublicationID> 		<Title>Tait's Edinburgh magazine</Title> 		<Qualifier>Edinburgh</Qualifier> 	</Publication> 	<Publisher>William Tait; John Sutherland and James Knox</Publisher> 	<Volume>21</Volume> 	<Issue>243</Issue> 	<AlphaPubDate>Mar 1854</AlphaPubDate> 	<NumericPubDate>18540301</NumericPubDate> 	<SourceType>Historical Periodicals</SourceType> 	<ObjectType>Review</ObjectType> 	<Contributor> 		<ContribRole>WellesleyAttribution</ContribRole> 		<LastName>Mansfield</LastName> 		<FirstName>Horatio</FirstName> 		<PersonName>Horatio Mansfield</PersonName> 		<OriginalForm>Mansfield, Horatio</OriginalForm> 	</Contributor> 	<Contributor> 		<ContribRole>Editor</ContribRole> 		<LastName>Mansfield</LastName> 		<FirstName>Horatio</FirstName> 		<PersonName>Horatio Mansfield</PersonName> 		<OriginalForm>Mansfield, Horatio</OriginalForm> 	</Contributor> 	<LanguageCode>ENG</LanguageCode> 	<ISSN>2044-6225</ISSN> 	<StartPage>188</StartPage> 	<EndPage>189</EndPage> 	<Pagination>188-189</Pagination> 	<URLDocView>http://search.proquest.com/docview/4450598/</URLDocView> 	<Products> 		<Product> 			<ProductID>1007574</ProductID> 			<HasFullText>true</HasFullText> 		</Product> 		<Product> 			<ProductID>1009130</ProductID> 			<HasFullText>true</HasFullText> 		</Product> 		<Product> 			<ProductID>10000001</ProductID> 			<HasFullText>true</HasFullText> 		</Product> 		<Product> 			<ProductID>10000297</ProductID> 			<HasFullText>true</HasFullText> 		</Product> 	</Products> 	<Terms> 		<FlexTerm> 			<FlexTermName>DerivedSubject</FlexTermName> 			<FlexTermValue>ENGLISH LITERATURE - History and Criticism - 19th Century</FlexTermValue> 		</FlexTerm> 	</Terms> 	<FullText>The ]affair. A (uatrIev lo*Jloudial of Social I&amp;apos;sJ, an(I (~f 4-ne~fral L~iteoraltmv. N o. N&amp;apos;. G*iaer, ,: Set ,tti 1- lenmit-ranve Le(-agrlue. I ) 1. Tim I: Icre ent number of this sable review opeenm with .a sprightly piaper entitled &amp;quot;IShakspeare&amp;apos;s Sot!4,&amp;quot; in wuichl instruction and amusement are C(mbined. Perhaps some readers will think that pages nine and ten, which are little more than :} dilution of page eight-a quotation from &amp;quot;Othello&amp;quot; . -might have been advantageously spared, as the scene is quite intelligible in the original and needs no translation. The biography of Dr. Pye Smith is an interesting sketch ot&amp;apos; a great and good uan; | and there are six other papers, all well written, and upon topics of present interest-the one upon&amp;apos; &amp;quot; Crime and its Perpetrators &amp;quot; being especially worthy of note.</FullText> </Record>