<?xml version="1.0" encoding="UTF-8"?>
<Record> 	<Version>Record_v1.0.xsd</Version> 	<RecordID>4453958</RecordID> 	<DateTimeStamp>20180928135325</DateTimeStamp> 	<ActionCode>change</ActionCode> 	<RecordTitle>MARRIAGE WITHIN THE PROHIBITED DEGREES.</RecordTitle> 	<Publication> 		<PublicationID>3056</PublicationID> 		<Title>Tait's Edinburgh magazine</Title> 		<Qualifier>Edinburgh</Qualifier> 	</Publication> 	<Publisher>William Tait; John Sutherland and James Knox</Publisher> 	<AlphaPubDate>Feb 1858</AlphaPubDate> 	<NumericPubDate>18580201</NumericPubDate> 	<SourceType>Historical Periodicals</SourceType> 	<ObjectType>Feature</ObjectType> 	<ObjectType>Article</ObjectType> 	<Contributor> 		<ContribRole>Author</ContribRole> 		<OriginalForm>A BARRISTER</OriginalForm> 	</Contributor> 	<Contributor> 		<ContribRole>Editor</ContribRole> 		<LastName>Troup</LastName> 		<FirstName>George</FirstName> 		<PersonName>George Troup</PersonName> 		<OriginalForm>Troup, George</OriginalForm> 	</Contributor> 	<LanguageCode>ENG</LanguageCode> 	<ISSN>2044-6225</ISSN> 	<StartPage>79</StartPage> 	<EndPage>80</EndPage> 	<Pagination>79-80</Pagination> 	<URLDocView>http://search.proquest.com/docview/4453958/</URLDocView> 	<Products> 		<Product> 			<ProductID>1007574</ProductID> 			<HasFullText>true</HasFullText> 		</Product> 		<Product> 			<ProductID>1009130</ProductID> 			<HasFullText>true</HasFullText> 		</Product> 		<Product> 			<ProductID>10000001</ProductID> 			<HasFullText>true</HasFullText> 		</Product> 		<Product> 			<ProductID>10000297</ProductID> 			<HasFullText>true</HasFullText> 		</Product> 	</Products> 	<Terms> 		<FlexTerm> 			<FlexTermName>DerivedSubject</FlexTermName> 			<FlexTermValue>ENGLISH LITERATURE - History and Criticism - 19th Century</FlexTermValue> 		</FlexTerm> 	</Terms> 	 	<FullText>MARRIAGE WITHIN THIE PROHIBITED DEGREES. B. UARRisotr Tu much vexed question whether it will be possible for a domiciled Englishman to evade the legislative enactments against marriages within the prohibited degrees, by marrying in a country where such marriages are lawful, has been, so far at least as one branch of the court is concerned, conclusively answered in the negative. &amp;apos;lThe case to which we are alluding came before Vice Chancellor Stuart, (Justice Cresswell sitting as his assessor) on the 20th of last November, and the simple question sought to be decided in that case was, as to the validity or inot, ill this country, of the marriage of Mr. Leigh Brook with Emily Armitage, (his late wife&amp;apos;s sister) at Deumark, where Such marriages are legal, and the consequent legitimacy or not of the issue. Mr. Juttice Cresswell decided, in an elaborate opinion, that the marriage was invalid, as falliing within the prohibited degree of 5 &amp;amp; 6 Will. IV., c. 5.1, and that this statute was a personal statute, and aj)plicd to all domiciled British subjects, wheresoever they might be. As there seems but little doubt that this decision,* if appealed from will be confirmed, in the existing state of the law, we have less hesitation in examining into the reason of tl;e deci.iou. Previously to the passing of the a and 6 Will. lV., C. 54, (coninicnlv called Lord Lyndihurst&amp;apos;s Act), tife marriage of a man with his deceased wife&amp;apos;s bister, or of a womran with her deceased husband&amp;apos;s brother, had always been considered within the prohibited degrees of marriage; awd the 2nd section of tihe above Act enacts that all marriages between persbjIs within the prohibited degrees of consang1uitjitv or affinity, shall be absolutely null and void. &amp;apos;IThe statute no where defines what are the prohbitied degrees which are mentiosed in the preanble, and the enacting part without any difiuition, apparently as already known. The preamble Itates that marriages between p)ersons within the Stuat, V. C., AWS, JLenred Judgment. I I I f prohibited degrees were voidable only in the Ecclesiastical Court, and the statute expresly enacts that such marriages, for the future, should be absolutely void. This question, whether a marriage with a deceased wifc&amp;apos;s sister, since the passing of the above Act of William IV., was absolutely void or not, was decided by the Court of Queen&amp;apos;s Bench on the 17th of November, 1817, against the validity. In that case (Beg v. Chadwick) which was a pro. cceding in the form of an indictment against James Chadwick for bigamy, for that be inter. married with Ann Fisher, the sister of his lae wife, Hannah Fisher, and during the lifetime of Ann, lie again intermarried with Eliza Boatock. Lord Deuman, in deciding against the indictment, on the ground that the marriage with Ann Fisher was null and void, made the following remarks on this qulestion: In the 2lst year of King Ihenry VILl that namrh persuaded %lhe larliament to paws an &amp;quot; act concerning the King&amp;apos;s succession,&amp;quot; in which his marriage xith Queen Catherine wait aniufled ; and in that act Parliament wisely introduced a general eri-sctl .ent of a most beneficial cbh. ra-ter. The 3rd section recites-&amp;quot; That niany ineonvesi. erbce3 have fallen, as well with in this nation as in others, by reason of marrying within degrees of mariage plohibiwi by God&amp;apos;s laws,&amp;quot; arid then it proceeds to show what, under that Act of P&amp;apos;arliament, shall be considered as marriages prohibited byv God&amp;apos;s !hw, :and to declare them invalid, and in the enuma;atin which is there given, a amrago with tbe ife&amp;apos;s sister is included. T&amp;apos;hat statute was repealed by an act of the 2S lien. VII., c. 7, by which, for stange reasons aIle ed tbTerein, liw marriage with Anne Bultyn is drvlaed void, ab idtio, and the succession to the crown is limited to his issue by Lady Jane Seymour. But in the repetn statute, the same enumeration of prohibited degre a wr. riage is contained, and the phole pruvison is repetp d that marriage withiu thos degr shall be consudred to be pro. hibited Ly Gri&amp;apos;s law, and shall be void by Act of Parliament. The last mentioned act nd t1he form (Adt 25 Hey. v*III., c. 22) were rled by the (1 M wy 2, a. e 1) _ is reference to tlat Act, it ts important to vsaak, that i the intention bad een to deny the deciamatin as to probiitd degrees contained in wee acts, if it ha bes Wieed to declare menagavwithin thoe degrees lawfal, very simple words would have served that en, ani wuqld have establaish the validity of thi marriage of ling Henry with QSM CAtherise, a&amp;quot; the legitimacy and consequent right to the crown of the Princess Mary. The learned judge, after showing that these acts of Hoary VIM, were not intended to be repealed, so far as they c:utained a prohibition against marriages the prohibited degrees continned:Thes considerations appear to me to be of some importam, as showing the objects for which those acts passed, quite independently of that great and beneficial law, the 32 Hen. VIII. c. 38, which enawted, &amp;quot; That from and after the let of July, 154a, every such marriage as within this Church of England shall be contracted between lawrul persons (as by this Act we declare all persons to be lawful that be not prohibited by God&amp;apos;s law to marry), shall be deeml and taken to be lawful, &amp;apos;notwithstanding any pre. contract,&amp;apos; and that uo reservation or prohibibition, God&amp;apos;s law emcepted, shall trouble or impeach any marriage without the Levitical degrees.&amp;quot; The learned judge concluded, that he had deemed it his duty to look through these Acts of Parliament, and looking to the language and object they had in view, he was of opinion that the prohibited degree of marriage was laid down by tbe (25 Henry VIII., c. 22, and 25 Henry VIII, c. 7) and the marriage would therefore be void nuder the 2nd section of the 5 and 6 William VI. 5-4. Such was decided to be the law applicable to marriages contracted within the prohibited degrees by domiciled English persons in England; yet a very prevalent opinion seemed to have gained ground, that when such marriages were celebrated in due form of law in any country where they would be lawful, such marriages would be held to be valid also in this country; numerous dicta of many judges were relied upon, and a society was established in London whose advertisements daily announced that marriages of this description, celebrated in a Protestant country where they would be valid according to the law of that country, would also be valid in this country. The statement of Lord Stowell that a foreign marriage, valid accordinz t a the law of the pla&amp;apos;c where it is contracted, is good everywhere else, was mainly relied on, and on the faith of such representations, and in utter disregard to the provisions of the Act of Will. IV. numerous marriages were imprudently contracted within the degrees prohibited in this country, entailing alike endless disgrace, and oftentimes ruin, upon their families. The doctrine of Lord Stowell, and in fact of every other judge who has sate since his time, amounts to no more than this, that although the law of England requires certain ceremonials fur the contraction of a valid marriage in England, yet upon general principles of the convenience of mankind, it will treat as lawful in England a marriage contracted abroad without those ceremonials, if valid according to the law of that country. But neither Lord Stowell, nor any one else, ever yet de. cided that when the law of England imposes a personal incapacity for marriage in particular per. sons, or in fact makes their marriage in England impossible with any ceremonial, it will recognise as valid a marriage contracted between such per. sons in a country whose laws permit it. We cannot do better on this subject than quote the admirable opinion of Mr. Justice Cresswell in the case we have just alluded to. After shewing that unquestionably the marriage in that case would have been absolutely void, if contracted in England, the learned judge proceedsThe counsel who contended for the validity of the mar. riage relied on the fact that it was celebrated in Denmark where such marriages are valid, and contended that, by the law of nations, questions of this sort are to be decided according to the law of the country where the marriage took place; and many cases decided by most eminent persons were cited, in which that principle was said to have been recog. nised and to have received full effect. I forbear to enter into an examination of them, for in none of them wai a marriage in question which was contrary to the law of God and Holy Scripture. In order to make the cases relied upon applicable to the present, .t was necessary to slhow that the same respect would be paid to the law of a foreign country recognising a marriage contrary to what we deem to be God&amp;apos;s law. No such decision car. be found. In the absence of any direct authority, writers on international law were resorted to, and many passages were read to the court froim &amp;quot;c Story&amp;apos;s Commentaries on the Conflict of Laws.&amp;quot; In sec. 113 he says :-The general principle certainly is that between persons sui juris marriage is to be decided by the law of the place where it is celebrated. If valid there, it is valid everywhere-it was a legal ubiquity of obligation. If invalid there, it is equally invalid everywhere. In sec. 113* he says:-The nost permanent, if not the only known ez. ceptions to the rule, are those marriages involving polygamy and incest, those positivaly prohibited by the public law of a country from motives of policy, avid those celebrated is foreign countries by subjects entitling themselves, under special circumstances, to the benefit of the laws of their own country. The learned Judge, after stating that he could not assent to Mr. Justice Story&amp;apos;s opinion that a marriage was only to be deemed incestuous which was so by consent of all Christian countries, proceeded: For the purpose of deciding whether a marriage be inees tuous or not, I feel bound to examiwe what is the law d England, and to give effect to it. Examining that law, I find that such marriages, according to manj decisions, are he&amp;apos;d to be prohibited by Holy Scriptote; that they are within the degrees of affinity prohibied by God&amp;apos;s law, and punishable as incestuous, and mat, therefore, here be deemed to fall within the exception stated in Story I13A, and not to be recognised in thi country. If that were otherwise, and we were bound by the &amp;quot;ciritas genwirm,&amp;quot; to hold this a good marriage, thi consequence would follow: an Englishman domiciled in this country, cdiabiting with the sisterof hip deceased wife,wheth6 he cohabited in marriage or not, is deemed to be guilty d incest, and punishable by our ecclesiastical law; but by tAking a short voyage to Denmark, and celebrating a msrriage there, he would acquire the privilege of returning to this country, and maiutaining an intercourse by our be deemed incestuous, with perfect impunity. With these am sideratious, I am setisfded that the marriage would have box vuidable previous to the 5th and Oth William IT, c. i and that by force of that act it bcme absolutely null to f intents and purposes whataoer.</FullText> </Record>