<?xml version="1.0" encoding="UTF-8"?>
<Record> 	<Version>Record_v1.0.xsd</Version> 	<RecordID>4455448</RecordID> 	<DateTimeStamp>20180928135646</DateTimeStamp> 	<ActionCode>change</ActionCode> 	<RecordTitle>CIRCUMSTANTIAL EVIDENCE.</RecordTitle> 	<Publication> 		<PublicationID>3056</PublicationID> 		<Title>Tait's Edinburgh magazine</Title> 		<Qualifier>Edinburgh</Qualifier> 	</Publication> 	<Publisher>William Tait; John Sutherland and James Knox</Publisher> 	<AlphaPubDate>Sep 1859</AlphaPubDate> 	<NumericPubDate>18590901</NumericPubDate> 	<SourceType>Historical Periodicals</SourceType> 	<ObjectType>Feature</ObjectType> 	<ObjectType>Article</ObjectType> 	<Contributor> 		<ContribRole>Editor</ContribRole> 		<LastName>Troup</LastName> 		<FirstName>George</FirstName> 		<PersonName>George Troup</PersonName> 		<OriginalForm>Troup, George</OriginalForm> 	</Contributor> 	<LanguageCode>ENG</LanguageCode> 	<ISSN>2044-6225</ISSN> 	<StartPage>548</StartPage> 	<EndPage>553</EndPage> 	<Pagination>548-553</Pagination> 	<URLDocView>http://search.proquest.com/docview/4455448/</URLDocView> 	<Products> 		<Product> 			<ProductID>1007574</ProductID> 			<HasFullText>true</HasFullText> 		</Product> 		<Product> 			<ProductID>1009130</ProductID> 			<HasFullText>true</HasFullText> 		</Product> 		<Product> 			<ProductID>10000001</ProductID> 			<HasFullText>true</HasFullText> 		</Product> 		<Product> 			<ProductID>10000297</ProductID> 			<HasFullText>true</HasFullText> 		</Product> 	</Products> 	<Terms> 		<FlexTerm> 			<FlexTermName>DerivedSubject</FlexTermName> 			<FlexTermValue>ENGLISH LITERATURE - History and Criticism - 19th Century</FlexTermValue> 		</FlexTerm> 	</Terms> 	 	<FullText>(CIRCt MSTA NTIA I E VIDE:NCE: THlE SMETHIURST C&amp;apos;ASE. IRCUMSTANTIAL evidence appears to have auiuallv its celebrated case i} this counfIrv. This year the trial of Dr. Smietlurst supp;lies the material of a long inquiry into cherniitry, motives, and probabilities-teriniriatiug withi the extreme sentence. This man appears to hase been early in life an apothecary in London, and subsequently a hydropathic practitioner at different places. &amp;apos;he water cure does not involve necessarilv all intimate acquaintance with medical scienice. The patients at the great establishments -,re required to amuse themselves, &amp;apos;o early to bed aiid to Jise early, to avoid excetseb ef f!, 1 nid dri:.A, aild &amp;apos;,II sluch cm* ploymnenlt as is requisite fur te coi wtiv repon;iIiiiLCS iin life. A (;oct(,r of thie old vSt-e.n o.&amp;apos;CC said thvit lie 1td i.o fear of curing three-fourths of lhis allit )atieutz if they wCuld o*!1v al lopt i:i titUe the a-ceszo.-ies of thle hivdrop-ithic -s bte -n, ,am he was; )rcbablJly right, for if the men w i. woinleai of thle wcrll could aftbrd to zr i he f ,r nive Ol liiUY hs nowv and then, in circ1!uil CCtaices (? Lreat cowlmfort, surrounded by pleaeing sce&amp;apos;ier&amp;apos;y ; kecp eeal) Iyours, have no anxixties t hat can be crti-died out oft lie mind, and colif.)rmn theinielyes to a iivttural re-iineii in eating and drinking-, thcy would .ii 1)robablv live for inany years more thati the presenit average of their existence. Tile hiviropathic establishmeiits are supposed not to have been productive of great wealth to thc practitioner wh3se namre has comlle So u1n1fortunately before the publUic. Early il life, prob:Thbl durin- liii j in ferity, he i,; trr-&amp;apos;vdL a pns n .1 great exper1iLc1e, at Ieaz&amp;apos;tt of na;^ vears, for a boy&amp;apos;s bri&amp;apos;le. &amp;apos;i&amp;apos;iis fla, at the date (f her iuarriage must have beeii over fur;iv vcaus of aie -perhaps az Inear to fiftV vealr,. Yet the marriage is iow anl1 old story, and occurred morue-one more-than thirt v ve.trs siince. Wi lie thle lmisband is therefore a 1h1atl Of ifl N vear-, under lift V it is salid, l.in wi. is more t iai seveint r; and Kr partner in lift, %% ho &amp;amp;Isould ktnow be-t, s evits 5C 2tv-four yers o(f agc. toniie carious pcsmm, perhaps a 1woz.ctary plowi.eCt, in ust have txi kteil for the uiwrriarmq t h;.rt v -one ivcars llice, for .ithe&amp;apos;i-h in Lo. donJ the ii..nrti iie ofl l&amp;apos;i. w Ii- felvtL- It. .mallccd ill ya1U is iwiarec C0: Ti&amp;apos;)j l tI&amp;apos;IUV i;1 tLe Cwi !ti; vct, as a genmral FL ic nver al t1he W-u dt a *IaC (f tw wLIt v four Ca r^ w&amp;apos;Aiki i,; A )i il( .t J &amp;apos; Oll Cii hcr siue, anti vW 12IC&amp;apos; ti IAre. Ii V i tlhe felizale, und(io1 hited;y oih tixC wr,)! ;- C.t &amp;apos;Is he Lui,aud and i fe. afC Uf[,l e re1 IaVcd L, &amp;apos;. hICS!, traveiicai fr( iii j;a4CC t J iii t&amp;quot; d Uj&amp;apos;l 2 1* Lave lived ii.,, i; -, (1Al!I ibtC ;:! Czllt :s .u~ I, mndutit &amp;apos;0 S C&amp;apos; ;*&amp;apos;AJ|{II u1 (i-C&amp;apos;.&amp;apos;. iiir.,s bit itsre COmoIno2 tvr% C. t1 V aW tht furniiir l &amp;quot;~nl tc&amp;apos;~ &amp;apos;olll(l {-z- * eue hiI t&amp;apos;~ t ...x 1 -tlfze D t an1e the-w * tj I e Ali I% e S .:ter hai 1b eu } .I,^!..;fruit. .M1rb ~:b.r, z . .xs.. ;IAt .rn tes t it her Lu,-&amp;apos;i. i rt-c&amp;apos;L&amp;apos; t i a.&amp;apos; jertq :. t | it Ler, aid %: u s unfxll,, autt.l(st to sit: &amp;apos;Li I 1.t x&amp;gt;ar. - ener.ations who lived in thiis land, anl were aiGre is piuidein-It and staid l)ersons than their slieCessI)rs e The floating populatioa who exist ilodIt, I -Ts, fre ,, quent watering p)laces ill winter-and tihe have e the us-- Gf hicuses at a cheap rate theii; while 1 during the season iii fashionable localities, the; a adjourn to seine place out of season; and thus, by e evading the currents of pursC-proud gentilitv, or e gentility witlh prudence and )purse, on tihe same s level, and both light, they continue to enjoy life at e a small outlay. Tue Snietbursts did not condescend )to employ this strategy. Onl the contrary, they appear to have lived in expensive lodginigs, aw] to have had inouny perfectly sufficient for till their pllrposes. III one of their loigillngs, towardi the f ant umn of the last year, they met an uumarried ladr, lver folrtv, comparatively rich, and livin, anioi; her old acquaintance and relatives, but preferring f to live separitelv from them, and enjoy the Mude spendeice of lodins-a Nliue of life not desireable on the part of unmarried ladies, witn plenty of money, not hir.&amp;quot; to dlo, and no ihorc wit or knowleage of l tihe world thljaai is niecessary to guide themselves, Ieve!i if they had not to take care (of their weafila. Tl&amp;apos;i, lac, , AMi s Isabella Bankes, halt for income the interest upon five thousand pouads, w.vhich money was not in her power to bequeath or to spend, althiough snlIe p:)sseased its proceeds during lher life, along wvith nearly two tlh ousand pounds iii her owa ri-llt, frznift an income, frow the two sourcei, of two hundred and ftifts pouitds pqr annuml, witb-mt redlicilln the lrg principal Sum h- i hiCh slie cOuld lot spend ; or the swaller )rillcipal ssutnwhich she could, as she pleased, bestow or squander. She gained the acquaintance of the Smethursts, perhaps wvi! hout much trouble ; was iniformed cOlmipletely of their position ; and considering that Mrl s. SmnlethiurAt was not a suitable partner for Dr. tSimeti&amp;apos;UI-t, and that there vas, iii reality, no analogy between fifty and sevenlt -four-except the LtSi).ctblie tVC, whinch did not exist ili thib C:L e, of filial aiid maternal attachment-she belit ved that a better arrangaement could be formed t; r the D)ctor ; and in its construction she occu pied the chilef p trt; while lhe seems to lhAve arrived exactly at her opini in-if it did not originate with it :ln, 4i iS c(t-!a.;,,i thCe meC probable expialnatio of the f~c iml,&amp;apos; ; bat, houwever originaLUiwg, Ji produccd a r arriia,:e at a parochial church in London, diri.rz l)ecem hCr, between Mliss Bar1kes and Dr. fIimethiurt, ffili ), ed by ami el opemnemt from Bats t\&amp;apos;L&amp;apos;I to) RU(&amp;apos;;ltcl liod-niot a foriAnidable jaunt after i. armr ;g, e eiv tl vnth young people 1Pre hl s!J.to thet jCa3&amp;apos;su!v III.d( 1)ulrslit of sevent -four. l r ev C:&amp;apos;; i vm (t- .S p) st Lord Brougiana arid other Eiml&amp;apos;,&amp;quot;;h I e I al otaliiit ies, have expre&amp;apos; J Ie!ir sc&amp;apos;riid :a! tIh facility for beiug, marriA elj oved b h iniamrrauts ialoln With natives (a lb&amp;quot; ,coich territory. At no period was niarriaze- ni )re Wily obtainable &amp;quot; here thlait there,&amp;quot;&amp;apos; at Ut!) Ii .1 oe s! wit hin a p-irochial chliurch by co..iecrafed edia, for it appeared that no inquiry was nma c ypectifl these two persons who called within ewonical hours, and were united with aHl t1he form&amp;apos;, observance,, awd rites accorklit.t 1t hIr appin&amp;apos;ed3 whereby Dr. Smet iuirzt promkie l to eliow tile lady with .1 tll iis an)&amp;apos;) , and ev- 1 to worslhip her-the first promise beingr a lie (&amp;apos;e&amp;apos;ven ill cmmOa circumstances, and the second an i mmoralitv if it liad been kept ; and all was done, SO far as appears ill t!i story, traisacted only list *Fear, Witiout any evidence of the conditioII ill life of the parties-any person to vouch for their freedom froni former engragements-without, from ,tir friends or o01 their part, anlwy witnesses. They merelv called and were inarried, having stepped in at the right time. As such matte rs rmasionally occur, we should hear nothing of the ;Asity of the Scotch marriage law until provision m sade against them. kroini December to April these two persons lived I gneeably together. In April the lady became very 1I,.he was confined to her bedroom, and to bed. The medical treatment iii these circumstances was Lot undertaken by Dr. Smethurst, but the aid olf a medical gentleman belongingP to the locality w as sought. T&amp;apos;he lady appears to have bee-n in bad health before her acquaintance with Dr. Sniethurst. During the period of her resideuce at the lodgingls m Bivswater, according to the landlady, who is msidered a very respectable, person, Miss Bankies ns inl a dangrerous state of healtlh, without i I adequate appetite, particularly bilious and suscel)tible of sickness when shle drove in a cab or ! 1mvelled by an omnnibus. Tlhe landlady, in course Of tinie, i &amp;apos;nitiaed that Dr. Smetlhurst and Miss Bauikes were too familiar, and mentioned hier t COiiiGa to Mtiss Bankes, wvho left her lodgings aw- f aided for two weeks at otlher lodlings in l *at.-r, w. here s&amp;apos;ie exhibited similar snimptoms. It C *;r secolnd otilngs she did licit see l)r. Snilwt h a!, LihouglI the! doubtless met olit of thenl a!n [ t arrfiged the marriage, wrhich &amp;apos;iccurred v&amp;apos;ith.)Uf t d:Icultv or qluestioninq&amp;apos; i3 Batttcrsea churcd, o, Ii :c 9th December last, and without, as we stupp e, U Lmvthiig remarkable in flhe occurrence, sfO far ; i :aeecclesiastical officials are concernied, w:io have :odoubt adlhered closely to the rubric. Some n ,e afterwards they proceeded to Richmond an(l t &amp;gt;itded subsequeiitlv there. Before lteavizj lii! n &amp;quot;-Pwater l(dgiings Dr. Smethurst ar:tanged for ii 14e PaY ent (oni two days of cic!h mow Ii to the e andlady of MIr&amp;gt;. Smethlurst&amp;apos;s board and lodging ; ni id the yrnments were nmade regularly, Ailile thle f&amp;apos; 53CGFImtajice rather slhows thiat the lan-dlady, or at r ur rate Mrs. Smethlurst, wrss 21ot ent irv tll. I) Nuairite d wit lt his p)url)oses in !seavilm 1,Bays vEat r. i fr, Oie :&amp;apos;)rd .,1 A~id, JDl. Juiius, 4, ~las .i t &amp;apos;&amp;amp; ca!3ed1 t,\} 1f&amp;apos;( J;.,ixier to ait en t te, l, ,A, ai e CU!I:1iei f; or mrlre l iI.|?I t ~o WCtks 1to ad iliiiis- ii &amp;apos; !ICUICjr[q&amp;apos; colmoitlv (lireCted! aarair attacks : i 9 lof dirrh;tPi an I biti vi; (ore,.; buli 1!he prwicei.l resti&amp;apos;ts was o&amp;apos;iv .greiter lrir)tr.o ).i. D)r. Juliu-s fouind tli-V the f)311 aL11 ni &amp;apos;0iei ons ()~erMj r)r his paticrnt were invari-i!v rojected, and lhe suppo sit p)ssible, titiulatelv, t hat sne was exivse. to tile adminiist rati&amp;apos;mi of viridle&amp;apos;t pu)isn in siiall qitantitiei, &amp;apos;I, the wilyd expblwinti mi t hat omme&amp;apos;irred to him for hwr (votitiuotis vo&amp;apos;)itii &amp;apos;-. W I III oS i ea. oi hNis miud, le requested his p wrtl r, l)r. BKrM, to see I- i!n6es : anl afrter :Ct&amp;apos;!iin ol her for S01f devs, I )r. B1ir(d arrivz&amp;apos; i at ti&amp;apos;e OP1inilon e!itert vixi; formri l &amp;apos;. by I)r. Julitis, :h Sti Supeeti&amp;apos;d poison by :i N&amp;apos;v proIes. AS ile 1Wv ieilt dIil noet i1I* pro,,-, D )r. Sulet hurst sllti %Od th it Dr. Todd, al a~ll.,&amp;apos;:it plivsicim), should be consulted. lItl c:une accordinl-V, alnd arriveJ at the idea entertained 1) I)rs. Bird and Julius ; and he o&amp;apos;)tai ned evactiations of the patient for the purpose of ana!vsik. although Ihe did not exrlain his intentions to Dr. Snethurst, who offered no objection to Dr. Todd&amp;apos;s propoisal to procure them. These eractuations were submitt &amp;apos;I j to alalv!is bv I)r. Tavlor, tile chemist who 11ai beC11 Ce)J-itiered za higih authority iii this depart. Imnelt of mnedicaId &amp;quot;jurisprudence,&amp;apos;&amp;apos; for the chemiocafl tests really seeitn to forin a department unenoinected WithI medical treat ment. Tihe susnieions of the inedical mcii wcre cofnmhmmii:Lte:l t) Dr. Ta.-tlor, %,re) stipposed thiat he fundl a trace of arsenic in onM of ilsc evaciatlatiONs, a-d lhe ordered the admniniistratio of n antido&amp;apos;e. To tllis peri;)A, Dr. Srnetlhirst hladl actedl as nurse to Mfiqs Kinkes, but lie was supersedell tlire b thv le neli;al men-a nuIrse w:s Di rodctie], .atli he was arrested on tie Slspicioll of administering r)ison, but the umagistrates cor.-idered that the evidence before t lie woul Id he sati%;iced by I)r. Simethurst&amp;apos;s own bail, to answer any facts that might be produced. lit %Nas at liberty, thlicrefore ; but, although on the enllr&amp;apos;.l&amp;quot;rinejjt of lie turse, iss BInkes retained f. 1 aIC inj icVie, she perisl Ied. auid D)r. S~nethurst, was ie- irre-3&amp;apos;ed ald i o1wiliw ci tirlaliv up &amp;apos;&amp;quot; tilc Cjp fttl (IJjjre, artr an, it.,lier l)lf ) C t lie coroner, tims l ;lIotI hr l Ife I1ie i1iV.ZVt rates. All Ilk pro. pert;, i i t&amp;apos;l&amp;quot; l vHIi&amp;apos;&amp;apos;s was ex\arn tield(, and every. t! hi x itr Wi ak che(toi cl or mue-dic&amp;quot;n I ziature was suh_ iniii i to aallyi!is. An1 CxamU.Iationl of the body occurret and we vill briefly state tile particllars i a subseqie nt 1pa;e. The criiiie suspected bv the tAfctors was the nlfjst horrible that o01e bu-ian being cotild perpc. t rate against aoth her, anJ agaiinst God. Not hiir, more frighltfull cat b)e cn)jjceived iin a di seased i .,wii nlttiml, t&amp;apos;ai Iilie idea impliel in the suspi. ciois (of t itnt&amp;amp; medical ijiei. .\titslhaugl iter atnl murder are corn mou Crmnifos-fearfully common; for no person call lay out a penny on news witlout ris iding t h risk(i ofl meit&amp;apos;it, a11 hlie details of a harb) oi man ~auslgalhter, or a rruel murder. Lift otW(llis t ) I)f 11( l itt la c ap rate, anid t, be(? .,-^:.s-i !&amp;quot; tlit}&amp;quot; ch&amp;quot;I;&amp;apos;, r. Tihee c&amp;apos;m% are (x Uctilf&amp;apos;iV i.!tjos., blt t s ari~e frr n ha;tfred, ivl~iferrnice, or P, Siofl Wi&amp;apos; iout .ii3y otihr pr m i.j ia&amp;apos; th I mi&amp;quot;, .al! thov (liio!JY no a&amp;apos;terrwi; at concealment, n- cunning of plau, no deep bcheming. More than half of them arie from drunkenness. Poison has been employed in all ages by criminals of a deep and desperate hue to detrov those whom they hated for private or public reasons; to remove the cbtacles to s-)me cherished purpose, or in satisfaction of some private revenge. There were few of these great crirnes. at alq period, so bad as that which lDrs. Julius, Bird, and Todd, suspected at Richmond; because it implied cool and deliberate expcrinientalisin- i.a poison, uipni a person urli)ni the p)risonler professed to love, who loved him, and whr) was wv Ih him, hour by hour, wlile hie admniniatcre, the means of torture, and she died slowvlv, hour by hour, under that torture, done with stcli cruel hypocrisy that through all the momeints of the nights and days of that monlth iin wretc;eduess, lje had to maintaiu the profession of l)ve, wi!li suc! demoniacal art that through tihemji all lC could meet the observations of ordinary practitioi:ers and, not satisfied with that danger, hie invited the presence of a gentleman believed to possess more than oidinary skill. This process was carried oln for a nmont, perhaps for a longer period, and for swo or three weeks after it had attracted the tuspiciou of the first medical inan, so that during that time, it mnust have been extremely active, calling for the nicest attention and care over each detail, aud displayed more than mortal nerve: for we rejoice in the conviction tlat a hundred thousand men would join a forloru hope for one who would atteJ)it this trial. To attempt, to execute -between theia the difference is greater than we hopc a hluinaii beitiq could endure. Still this is the cri-,l charged-the most demoniacal chiarged on any p)erson inm our remembrance. The case is not so much one of circumstamitial, as of medical and scieritiijc evidence; for the circumstamices are few of a suspicious inature ; bujt, although few, tLey imav bel considered cirCU1mnstances of strozi., suspicion. Dr. Srmietlinur:t, at the rcrue.t of Nlibs Bainmkes, wrote for lher sister to visit them. That, iady proceeded to Richlnioid. She wvas astoniblie1 at tile condition of her relative, and wras anxious to prepare sonic light food fur her; but milk ciul] not he procured, and Dr. Smethurst was reluctant to give the laudlad ia: errand to the dairy, for their &amp;apos;nust be cows, and dairies, and cow kiepers, arotuid Richmond. Sim e soup was prepared, and D)r. S.anethurst took it (tut of the room, to be cooled, hie says, before it Wets givemi, and it was cjected inimediately like all otther food and all other medicine. The sister iiatu.illv desired that their uncle, a Medical man of btan~ini in the profession, should see his iiiece, but t i&amp;apos;t was opposed. :he left, and Dr. Suietliurbt, thtireafter, wrute that her !i3er suffered muchi IFOAII the interview, and it would be prudent w.): to repeit it for sume time. Then comes thie hiitfrv of the mill, whic!l bequcathed all that the ladW had tr bestow, with the exception of jewelry, on Dr. &amp;quot;F;ncilhurzt. Tiat&amp;apos; arc tlhe I.adizm poi:; 1mm the circumstantial eridence. Alinl)r rcary% ale Sur mised but they want weigh!. Tre 1.ztC:1&amp;apos;iz rf Dr. Smntburst to return to B LV er a.1 I Smnethurst, is taken out of a le&amp;apos;tet f1, j: pocket after his apprehensioii. L I thlt &amp;apos;e ttr LK return is put as a confing-iicy, f;)i ljii , &amp;apos;where he was, is require&amp;apos;d, he &amp;apos;t&amp;apos;, i&amp;apos;l rn&amp;apos;i case, but lhe expccts tilit ht niI b- . t ) in a c.)uple of Ik.z 1 (1c i )CS hot &amp;apos; 1ci whether a porinarient return, or a vi i!, i-s .Lj but, as he had been iii LmJ l na repxatedi- duri hii 1Richano Idtl Sqj )Ul,11 it iS nx t PrUr!ub&amp;apos;;e &amp;apos; L .VMS eo.nic, aled froin his wife. The Poxvf ,,orleiu eanmiirati io of thc I)z iv cf ti, deceacd L:edy elicited no pojisoii. Tic of the intesilies did not cvell jr tif; ay &amp;apos;of tL exaiiiiiers in assigning the cause of death to po),q, They were not adequately deci.-ive to !Sipj)rl th&amp;apos;rt statemenit, and tierefoie it WaS WA&amp;apos; d&amp;gt; i2T. explicitly, and plainly ventured. The examuliUlaioI Of thc, i)ri!rulier did r &amp;apos;?t led1 | the discoverv of ally poiso)s ill his Ujjtt1X&amp;gt;, JIr ! drawers, or his keepiun in any placo wilever r, lwhile the resaarches itito 1l s purchassci hive i. elicited any proof of poisoil having bee, j i ii possession at a recent timne, aud Le a, I,, practised his profc-sioni for six &amp;quot;cars. W17&amp;apos;e have stated tile points broughit ill eviieiice oml this remarkable trial ; but thlerC is the CA;s &amp;amp; the bottle, marked INo. 21, in which, as crinitillv stateLd, Dr. rTaylor supposed that h1e had fouiad arsenic. This matter stands ia a ditferut positi:i from any of thre other facts, mistakes, alm)ives, ( suspicions, that have appeared througl this trbi&amp;apos;. It should be stated that iii May last Dr. Sicnthurat was prep-tred to take his trial on the capi:al charger,, but it %vat&amp;apos; potlpoied (jn the ap}ie.l)lo~ 6J thel Crowvii. At ti.;t timie Dr. lavhr rcalur::e Staunch ;I his evidence givell oln tile first iriqcjirrv the coutents of the liquid ill bot i le N ). 2 1, 1 iY, &amp;gt;: lie swo(re, Of C a eclar flui, cousi&amp;gt;, i:, aIam I other ii-rediests, (If seven Eraitis of chi .rt&amp;apos;e u&amp;apos; 1)Ot~t~&amp;apos;&amp;quot;, taud one grai &amp;apos;i of arieiic ill everv oueHC &amp;apos;, the liquid. Dc. ltvlvIr was cvci jlrticulr i. stating that tim ar;enic (Cis.sohe ill this liquidi W w-hlat che-nibt a ea1&amp;apos;i * hite arsenic. &amp;apos;ntis i, salil-actzrx- cvidenck in thle lais~u-e iA [ro,-Cu.! c , as it J no i 0 coribilua iori, &amp;quot;-e beheve re(jui-iteb r a*l v :ii y oi- scient! ilic pur &amp;quot;c t &amp;amp; wvrould Ce)ltaill .ard aiC \fit&amp;apos;l Cilii ; , ) i&amp;apos; cc3:nbi:.ed1 i i tlhec .e )). ; 1iU0lh, alm l is).si; was (livell of the mixt&amp;apos;ire 01or ;! us-. Acc rd.&amp;apos;g; at Rich&amp;apos;iudJIA, Mr. B 2amjttzC. WII&amp;apos;) &amp;apos; !5 to coaduct the pro,+ c i ):I, ;ir.a ir t-iv IL Sinctljur!t cbnitrius 1 tis m:&amp;apos;.i nrv L)&amp;apos;.d. - wu &amp;apos;mld be )lcasat.L t:) l&amp;apos;: ta&amp;quot;te,&amp;quot;&amp;apos; . te cliora:C Of pota.s would Il&amp;apos;d&amp;apos;c ( &amp;apos;., arsem:e 1i ,: crtaI} and fatally upon tL. CXJatz of the sto0rnAcij tihe poison would the nicre quicklv be I it-to tlc sy,-tet..&amp;quot; T&amp;apos;hec were Mr. Aiiautvne &amp;apos; OpiuioIll in MaLy a t Ritillulonj, or tile opiflb2 that he wi , i. ,51ructed to press agaia3t the Pr&amp;apos;sonier. At t!0c time the prosecutor miztt ht iI I I I usjembered that not rapid but sure poisoning was agording to the facts, and according to the intet. o, in the opinion of the prosecutio , the charge against the prisoner. Thus the collibitiatioii of gwmc with chlorate of potass was calculated to defeat one of the designs imputed to hiim; or to sbow that be was not acqlain-ted fawiliarly with tbose terrible agencies which lie hvad decided to use. After the post)oueLieillt of the tr;&amp;gt;l iin May the jot trial was interrupted by the illness uf a jury-. zan, and againl postponed to thle last n1oi1tll 1T!he cirCu~LstanCeS were thus frequently reported ii t!ie mes, and they nere calculated to produce in the public mind the amazemeut of horror, so that a coulmon jury were not likely to conic to thelir co&amp;apos;Iaderation without prejudice. A conimion jury Ms, however, iuipane;led at the Old Bailey under the guidance of Chief Baron Pollock and proeeeded to try the case in August. Thle trial lasted for five days, and the jury found no difficulty in a case which lhas st-irtled all scientific Inellf And raised a deeper feeling in the public mind, from the unsatisfactory nature of the evidence than has existed respecting any other amid sintilar trial. In August Dr. Taylor, with candour which reBets credit oll his hionesty Of p)urpoe, confessed that be liad been mistakenl regarding the ingredi- i cats in the pure fluifd of bottle No. 21. Ile had Lo eCvdeiice that it contained any arsenlc, but onl ;e Cotitrary the appearance of arseAic elicited by Lim hlld been derived front tile chl,,rate (f potass and hile copper test which he had cmlp)loyed. lie enmirely gave uip bottle NNo. 21 as a harmnless immixINre, &amp;quot;of a pleasant taste,&amp;quot; as Mi-. BAllamit yne alleged in Mlav, at Riclhmondl, for the amCelC.c of tLe arsenic would not detract fiommin the plleastir )f f t;e taste while it wvould greatly e;uhmance lie i-tfc; y uf tile liquid. Wha4t does Mr. Ballaw n e u sy to I :i, fact-thiis &amp;quot;1 new fact,&amp;apos; as C.ief lJalnil I )I- i lock styled it ; a - ilarned&amp;quot; Judge wtiald km.V c that chemliitry cou!tains no iiew fact ! Mr. 1 ,!lantvnie finds no difficulty witlh the fact, neCw 1 c GAJ, but haviing at Richmond argued tlhat the 1,-ii u b.er adiniiiistered chllorate of p)tass to lviAt n 1 ; ixroductioii of p,-jiso3 itito the system, alt t c !x Old Bidev lie argued with equal composure, aid, ,if we doubt liOt, eqtual eloqueuce, that tLe p)risoner admiriistered the ingredieut to remove the poioil a froo the ByteI!i. A horrible crime was inpu&amp;apos;cd b) to fli prisconer on the trial, a:ld there exkAts a iOtr ; incolisatellcv of the legal logic wherebY L a the prisfuizr was lhunted do-wi. A detective otfielvi if i j ~;.tied ini tracing out all p)os3ible sthiinl t Cflir1e, amid piacing tie worAt c. ji-tructionl on LA&amp;gt; at clbc *ve ric ; but we cantend that thle public 1)r)c e&amp;apos; Cut&amp;apos;r I r a great nation is not ju-tiliie( il briugil n; &amp;apos; aceusa tio forward with all the cutaiing alid ft pi&amp;gt;try tilat a ummemllber of ai del)tit&amp;apos; g ,)e, y t Ilc No;. 21 belig put uut A ! m 1&amp;apos;&amp;amp;, theme ;. w ; trdu r f 1 &amp;apos;)iY1l i: tile j e &amp;apos;.f tile ll , j as soner. In the body of the dead woman there is tij no poison discovered. In otne evacuation Dr. ;e Taylor found a trace of arsenic with tle sane test of which yielded traces in the pure flaid ! This tracc to could not alone c)ndemnii any person, for if the to patient bad taken chlorate of potass andI sulphatc 1i of copper, and scvcral other niineral, medicines lo administered to her, the appearance of arsenic ihllt have been erroneous exactly as it was erro. n Icuus inl bottle No. 21, and bv antl for the sanmc re.ason. , lis er)io )11C might have beca Ihn iv i i Jtin c last if the trial had proceeded ill MaVI, UpoT . e blunder in science which has been ascert.juned a !ani confessed since, and the horrbY)c questi )f puit. - P by lrofessor WV. HIUrapath, certainly a chemist of y great enminence, is, what other perso is have becii r | hun- Upon the evidencec of tlhis imnpure cop)per, - wlich ill certaini circuinstances evolve-; arsenic; ITK; risk that people might be huig by t!.ih crr)r, r I o 1-a, Chief B:ll&amp;quot;rJ Pollock calls it, new fact, i&amp;quot; i sufficient to cause anxjetv without suppo)sing that the cvil. has occurred. At present we recollect na case Which depended onl tlis class of eviienec s-r completely as Smnethurst&amp;apos;s. The next class of evidence is symptomatic. At the last trial I)r. Julius i- rep)rteL to have said that lie, did not colnvey his fears of lis patient i being poisoned onl the 1ltlt April t his Ilk palner, I)r. Bird. The st:ttemncnt is inl :oii- .ct ;it fordier eLidelnce reported ; biit, il ji stice to t he wit ne3, we a] illnit that a1 crlr ui i&amp;apos; cIikel l v to --t- in to a report t haiu into &amp;gt; &amp;apos;. uiuv. If D ). J uluiu did not cunlllmluic l&amp;apos; e !i ft a:s to Dr. Bird he madc aim imiiportant oGu ii&amp;apos; u1- . Tbc p.-itieut 1inl-ht hl&amp;apos;lve been s9&amp;apos;e f bv (:I1CroTt iC nie&amp;amp;Lure m otl tGlr I htl of April, i-) I , -rished onil hIe h3;d of NVav. A (asQe of this iltire is delicate i:i tft hCtre:ne but a niedlival M ill %i? W) suspe)XTcts thlo. sc I .K i ivr , i I is t. iltimneut slhould ni(t hvi zitate t ) require the ai I iof al illepeAdelut I1u:-e ; lor it wwlld be better to &amp;amp; -eck tliutu! to pwikn&amp;amp; c .u1ne. So ! lir as we c willjr. &amp;apos;cud the rvi(lliw(o, D)rs. J ilius ;and&amp;apos;i lsirdl olo. uuatil Iinc prisoncr stig-ested &amp;apos;t c Auiht a! i, am i! !I Dr. Tudd. The circunstance dLrk-ens fartahr !1iw nmv:cry of the transuction, if the request e&amp;apos;iamLmtcd from Dr. Smnethurst vuluamtarlv. If it procceded .pai1 the su toa of tOc two) medical mre ac(lliaintelt i itin the patient, t Il&amp;quot; (ccurrelce w ould bc (ti.&amp;quot;Le ;Aur.%l, 1)11u t!iev have jt s:t&amp;apos;iil &amp;gt; . l)D. ToI( I did i.)&amp;quot; freq-itaiu ,. h p it iilt *a&amp;apos;.1 ., ;aj~iar;.) tH, have f&amp;apos;,&amp;apos;rt md,, e+,i!.i);l rat -&amp;amp;lV if he lh i &amp;apos;cY i&amp;apos;joi i y wiV ;m;,;;:o r fromi !I C&amp;apos;)lIf&amp;apos; (&amp;apos;!SI&amp;apos;, 1i e cCii,,iiltatio;i. lie acted decided!y, anid it mi-!lit hmie bc ben be.tter if hi &amp;apos; &amp;apos;i i Hen ca! el e, L a1. Tih ce gentlemiezi di) not -wciir t~st t h wflsiail ditcd of poison, but tkhtt t&amp;apos;e sVin11PfM), -1 fmr as tCawv kwjv, were only reconcihedle Wi!ll poi- :1. T&amp;apos;1i3 great gulf ill tile welical testimnyijv rei; it r&amp;apos; i! u=-e. onl ally h&amp;apos;yiicill pu ifici ple -irnpiv w&amp;quot;r, 1! &amp;apos; ,. It mlight be good * it&amp;apos;i supportswi!&amp;apos;1,u&amp;apos;t thulln it is notbirig. What Would be, 1l1iUlJlit (of a .i&amp;apos;ocv) %%ij OijrA; si fa;r as h-&amp;apos; kinew, a p~ersol) fFund deal was kil}l A We ikave sead ;.:iy sa] nirsteries fro..a w!iich there hung a pointed suspicion, bit the law iiee&amp;amp;lk precise know. led,,e in a Thitne. . The svlnpiw iis %*arratited iiiquiry, and if 01 a p&amp;apos;)st tzitrtCem exainiiatiOu traces of poisou *ere distincltv f&amp;apos;1u ,, oj 1i theii coul l the symptonis hec:i)jn fatal 1voof. Po Ioi on w a, not foumd iii the b *v, a:wil wvhe! thle iedical wit - nesses for tlhe prosecution atle rturpested to sny of what poison the wonman&amp;apos;s death canie, they an. swer of arsenic, or of antimony, or of an irritant poison, or of something, including symptoms. &amp;apos;[lis i., deplorable evidence, extremae!l inexact, if the mattcr affected land or nioney, a thousand pounds or bo, but it is still more deplorable as it affects life. The prosecutif n we lhave llt&amp;apos;arl since the trial relied upon the evidence in the stirgical department. The first trial %was interrupted by the illness of a surgeon, and time entire business was postponed. &amp;apos;[lie seCOl)ld trial iilJc a jurvyman sick. The ju(d-c vas ilif()rma(&amp;apos;l ?;iat !he could iiot hear time surigicdAl evidence. A ditseCtionm had occurrei, and tfle oinvmator OeCeNiiCJ l tie alpearances which lhe hial mct ;.id g e. T&amp;apos;hlis wVals ijmmt a uenionstration. The jury &amp;apos;% ! i;&amp;apos; i.Ljt caled Owl to ilew the l)ody, the I alk a a coroners jury have to urndergo - at fri-cye.; lv a sickeniii ;si At. Still this one jurymta:i Sick encd tu!. de r a descriptioa of which ihe did not i:..derztaa.d one sickening word. lie miay have rvsenb)!fI t!ie lady at the Opera, who inquired o;f lher conpanion, paid by the month, what thiey were si&amp;quot;qinl, and was told, for tOey had no translatiol, it is aim Italian song and so very sad aud sul&amp;apos;ime. So the lady cried a nd employed her hanmdkerchiif-it was all so very sad anid sublime ; from syn-math.y tle ladv Inlcited dowu ; froin sv m pJ.t tev jI II- mn viekeited Chief Bar&amp;amp;.mim l&amp;apos;o1lloe! jj.T af;i I I ,C;ue&amp;gt; Cd couMSel not to be s( minute in their quest icJiis. li} (lid not consider minit-O drtziiptirCns nece*Rary-. J Lsd-es in crtiminal cases geie rtliv insist. uporl acellrace of detail. The jury imay not comprelhen tlkC:2C vjimtters (qime, it 1 . ,;a&amp;apos; persons rcad andi untlver-taand. &amp;apos;1 he check of .iipi-c (nionit-ll C(niPS i:to tIle cCa-. Stiii if tle 1 rvionstrsat(r could have dkitiinetlv sworn that tlic .z&amp;quot;Opearan!ces exposed by iiimn CouUIl.J oly have pr. ceedekl fuorm it&amp;gt;OI1 ~J imiui)fu trei feloniously lie wonId 1l.ave gv ii clear evido1,ce. Tlsi hle (i imot 1du, &amp;apos;but ;(V-n back to t lie nfl .c ,1 point upon s5 niptrinisthat &amp;quot; vo far as I k- in w&amp;quot;- % hich is or s.I&amp;apos;uld be noth:in, in evidence *n a criminal trial if unsup - po rt Ived. Ail thlfse linoited kno%; le&amp;apos;l &amp;apos;e statements; nzloit grounu ulefuliv rotind oute strOmig fouldell fact, lit a- it there is ino cltcar, i,1,,it-jutable, sworn to faet. 11F! this dcnion.,trator, for uxamnpl., ever analzvtv ihle lsx dv of a pat lent w il ) *i.d froni disaae agaiirit %!uich lunar caustic, su!,*hac of copper, ;,1lJ ,rev powders had all be(&amp;apos;u c+dt withjinl a no,,,i h ; a:d if lie has u.t, l)f &amp;apos; could lie teli t!he 1.&amp;apos;).ra1, ,... might b&amp;apos;- prultuced by pre-cri-itions which so~ i m11edical1 Mn) lielJ to be doubtful treatni vn- The administration of lunar caustic to intertial 1jflqlr mat ion must cure uptip the lioninopathic prir.cipl, aWM with regard to atn ancient adage, simdia similibus curanitur ; if it cuires at all, but perhlap; it iiiiaht kill. The defewive evidence, cAnfined tosrmp&amp;apos;ou nlerclk establisleJl the flet thtt thev oftell oec.I w ithout ally suspicion of poison. &amp;apos;T&amp;apos;he expressj-bn of misery anad terror on the face during life struck X the medical witnesses of the prosecution as a reason for suspecting poison. That is a co1:in&amp;apos;r, characteristic of a peculiar disease, other medical ne., reply. Tile patient was able, after her release from j the nursing of Dr. Smethurst, to retain !ood and medicine wi the stomach. That one medical nhar says occurred in a case tinder his care irime(,imtel previous to death, in which there was no reason whatever to suspect poisoning by accident or intention. We can only imupte the symptoms, sar the medical witnesses, for the charge to pcisr;n`. Then other medical witnesses, as disinterested adii as respectab&amp;apos;e, say t hat we I-ave observed them a, comnunni in a disease of which vou seen to lhave r exp-rieince. &amp;apos;I&amp;apos;Le medical attendants on th.e ptiernt never knew that shc was enciente, and in reply to the question whether a knowledge of that fact would have changed their medicines, replied in tile nea ztive. A number of mnedical nmen have declared Itat in the case %with that knowledge thev woubvi lae a3dopt ed adecisive and different coursetosave life. T lie evidence for the prosecution deserves tile importance that belongs to sight. &amp;apos;Tlie witnessei saw the patient, but it cil scarcely lie suppoAed that Drs. Jtulius and Bird-who are clever buigeons probably, have the experience in stich diseases of I)r. T I er Smi. i, ;lho tolil the eourt that he haI mlet suiilasl&amp;apos; Symp&amp;apos;toms. His evidencel has been supported b-v at number of ink-a high in their profession. The symp)tomatic evidence reminds u&amp;apos; of one prisoner who, in reply to the evidence of tzo or three waitiesses that they had seen him do a j ,liit art, offeied to produce fifty who had not seen hirln perfor;i the sin. Two or t lhree gentlemen sRv t at. their experienlce can (;nlv Icad them to assiZn the symptoms to poison. A great number reply t hat our experience leads us to say that they might have another and an innocent origin. &amp;apos;lihe trial at the Old Bailey before Chief Barou Pollock and a jury in August for murder proceeded, therefore, without distinct evidence that the patient was murdered. A person was broug!&amp;quot;t before them and his p)roccedilgs were twined up withI su&amp;apos;picions and symptoms into a ringm of cirtuitistatm ial evidence to lrove not only that lie w&amp;amp;, a mutirderer, hut that first somebodv was murdered, aWs ixtiC, that II( was zui!sV of the most heartles&amp;apos; sil?. T[he peculiarity of the case includes this double (outv of circumstanitial cvidence, first to a&amp;apos;Crtaf that a crimle has bceu cummiLted, and see ::.1 t) &amp;amp;nd out by whom it has been done. The nati-e of ibe case required a dispassionate invcstizatio.i on the Bench, but the Chief Baroi was evidu. ?ntl excited, illogical, or badly reported, and perhalps prejudiced against the prisoner for ohjectinm to be tried by him. He consulted a brother jitlue .i tle objection, it is said ; and it is also said ihat ti&amp;apos;t&amp;apos; brother answered facetiously, &amp;quot; Perhan-s the r:el tlcman would object to be tried a! all.&amp;quot; As absolute evidence of a murder haid not hb- ;; found search was made inaturally for a iiiotve ; and that was obtained in the will whichl the lcidv executed in behalf of the prisoner, excepting eci - tain jewelry. Indeed she had the will before her a second time to amend the disposal of her trinkets. The will is suspicious; but even i.n reference to it the prisoner needed not to employ an attorney. If he contemplated the crime for which fie is condemned, he might have gone to the Cidtinent, or to some distant village: be might have assumed a d;fferent name, and lhe rnight have had the will on the marriage day at Battersea pirish church. II would bave been safer to obtaiti it, in advance of this poisoning process. Then the death of the l:ady was a heavy pectiniarv loss. She had little to bequealth. T&amp;apos; ie little she possessed in her own right is in Chancery. But she had large annual mcans which might be increased probably. All his interest seemed to centre in her life; and lie appears to bave liked money, S ) that as hie had the disposal of all her means, she had a ,uarantee of his respect for her life, and no motive for its destruction. It is, indceed, said that lie miglht have desi-ned a return to his wife; but, as he was able to leave her, it is not probable that lhe cared p)articularly to return. Indeed if she had died iu a niysteriOus manner a motive against him would lhavc b)een easily named, for she is seventy four. It iias been added that he may have been afraid of at cllarge of bigamy. In his case the crimie would have been more lightly punished that nobody was deceived; but wbo was to prosecute? There is no LProcurator Fiscal in England to push such cases in the public interest, and Miss Bankes could not p)rsecute for she was a party to the offence; whiie Mrs. Smethurst would n&amp;apos;ot have irosecuted, for she was dependent on him for her maintenance, which was duly paid. Some parties have surmised ;LV hle inatv have c&amp;lt;rsu.vled Nlisb Baiikes that he was lint married to Mrs. Smetilurst althougil they, lived coe&amp;apos;tier as man and wife ; but thre notioti sl: prvp&amp;apos;istenral s, and t he icher and vounger lady Would certaihly not have gained from that ple&amp;quot;N mul1ch public sympathy. lie hlad not enaged a nnrse for the patient, and that is a bad feature in the case ; yet hle was evidently an &amp;quot; idle&amp;quot; man andi a &amp;quot;s.avilln &amp;quot; mai and it could scarcely be supposed that. a villain prepared to poison on bit by bit, or drop by drop, ill the face of thrco medical meii, was in any inaner afraid of a nurse. lIc objected to the lady&amp;apos;s lincle, a medical glentlenian, being askel to see her, but there would b)e a re.tson for that objection on Mliss Bankes&amp;apos;s .arl iiitclligihie at once from the position. Baron &amp;apos;flock stated that the prisoner had allowed } no person to enter the patient&amp;apos;s room durin- her illness. When Sergreant Parry remindeti him that. the landlady had cleaned the room at mnorn and night, the Judge .said that did appear in his notes. The omission was his error, I for the witness could have been re-examined, but the Judgc thought it of no consequencc now. It sh I Eil have heen of no consequence wheli he menl. timilel it. Ile should miot have advanced aa idea agailmet a piisoner that was of no consequence hllis anl may be guilty, but his guilt would not rcnder t!e case less remarkable; and aiiy fellowman mi-av I)b excused time hope that mankind lhave not beeci disgraced by the existence of a villain aml-olng Ithemi capablc of smiling by day and imight for long amid tedious weeks, and murdering, by drop after drop through day and night for all these loiim and tedious weeks, and murdering while hle smlliled. The faint hope-if it were only faidt, of beiiig relieved from a disgrace to our comnmon natire-disgraced as it has becn-fallen as it iintL6-ht be reasonal)!e. Tlie circumstances would justify a new trial iii alotler place before a jury of highly intelligent anl scientific persons, not likely to sicken at details which must be ttl; anld they vill lead to the adoption of special juries for special cases; w ith a Co&amp;apos;lrt of Appeal, not composed of the Home Secretarv alone, but of time chief criminal Judges, probably, of the three kingdoms, for where local and professional prejudice arc once enlisted ill a case, the hlome Secretary&amp;apos;s positioa is unenviable.</FullText> </Record>