<?xml version="1.0" encoding="UTF-8"?>
<Record> 	<Version>Record_v1.0.xsd</Version> 	<RecordID>4456758</RecordID> 	<DateTimeStamp>20180928135238</DateTimeStamp> 	<ActionCode>change</ActionCode> 	<RecordTitle>DEERBROOKE.</RecordTitle> 	<Publication> 		<PublicationID>2287</PublicationID> 		<Title>Westminster review, June 1840-June 1846</Title> 		<Qualifier>London</Qualifier> 	</Publication> 	<Publisher>John Chapman</Publisher> 	<Volume>34</Volume> 	<Issue>2</Issue> 	<AlphaPubDate>Sep 1840</AlphaPubDate> 	<NumericPubDate>18400901</NumericPubDate> 	<SourceType>Historical Periodicals</SourceType> 	<ObjectType>Review</ObjectType> 	<Contributor> 		<ContribRole>Author</ContribRole> 		<OriginalForm>P M Y</OriginalForm> 	</Contributor> 	<Contributor> 		<ContribRole>Editor</ContribRole> 		<LastName>Hickson</LastName> 		<MiddleName>Edward</MiddleName> 		<FirstName>William</FirstName> 		<PersonName>William Edward Hickson</PersonName> 		<OriginalForm>Hickson, William Edward, 1803-1870</OriginalForm> 	</Contributor> 	<LanguageCode>ENG</LanguageCode> 	<ISSN>2044-6853</ISSN> 	<ISSN>2044-6829</ISSN> 	<StartPage>501</StartPage> 	<EndPage>502</EndPage> 	<Pagination>501-502</Pagination> 	<URLDocView>http://search.proquest.com/docview/4456758/</URLDocView> 	<Products> 		<Product> 			<ProductID>1007574</ProductID> 			<HasFullText>true</HasFullText> 		</Product> 		<Product> 			<ProductID>1009130</ProductID> 			<HasFullText>true</HasFullText> 		</Product> 		<Product> 			<ProductID>10000001</ProductID> 			<HasFullText>true</HasFullText> 		</Product> 		<Product> 			<ProductID>10000297</ProductID> 			<HasFullText>true</HasFullText> 		</Product> 	</Products> 	 	<FullText>TinE INTERDICT. 3 vols. T. and W. Boone.-This is a novel wmitten with the excellent intention of showing us that families in which there is hereditary madness should not marry, and that doing one&amp;apos;s duty will make us all happy at last. To give an outline of the story would be impossible; it can be compared to nothing but a nest of boxes; one mystery succeeds another so rapidly that the memory and patience are both fairly exhausted before we arrive at the denouement of the plot. The principal characters are a cruel baroness, a mad bride, a deceitful lordling, a pattern man, an idiot child, and a fiendish step-mother. All are, with one exception, unnatural, and the situations in which they are placed improbable. We wish we could add that the work possesses, notwithstanding, redeeming qualities, entitling it to the notice of our readers; but candour compels us to say that the authoress has undertaken a task to which her powers are unequal, and we cannot encourage her to make another attempt in the hope that it would be more successiul. J.</FullText> </Record>