<?xml version="1.0" encoding="UTF-8"?>
<Record> 	<Version>Record_v1.0.xsd</Version> 	<RecordID>4457358</RecordID> 	<DateTimeStamp>20180928135325</DateTimeStamp> 	<ActionCode>change</ActionCode> 	<RecordTitle>Front matter</RecordTitle> 	<Publication> 		<PublicationID>2287</PublicationID> 		<Title>Westminster review, Jan. 1824-Jan. 1836</Title> 		<Qualifier>London</Qualifier> 	</Publication> 	<Publisher>John Chapman</Publisher> 	<Volume>17</Volume> 	<Issue>33</Issue> 	<AlphaPubDate>Jul 1832</AlphaPubDate> 	<NumericPubDate>18320701</NumericPubDate> 	<SourceType>Historical Periodicals</SourceType> 	<ObjectType>Front Matter</ObjectType> 	<Contributor> 		<ContribRole>Editor</ContribRole> 		<PersonTitle>Sir</PersonTitle> 		<LastName>Bowring</LastName> 		<FirstName>John</FirstName> 		<PersonName>Sir John Bowring</PersonName> 		<OriginalForm>Bowring, John, Sir, 1792-1872</OriginalForm> 	</Contributor> 	<Contributor> 		<ContribRole>Editor</ContribRole> 		<LastName>Mill</LastName> 		<MiddleName>Stuart</MiddleName> 		<FirstName>John</FirstName> 		<PersonName>John Stuart Mill</PersonName> 		<OriginalForm>Mill, John Stuart, 1806-1873</OriginalForm> 	</Contributor> 	<LanguageCode>ENG</LanguageCode> 	<ISSN>2044-6853</ISSN> 	<ISSN>2044-6802</ISSN> 	<StartPage>[566]</StartPage> 	<EndPage>[566]</EndPage> 	<Pagination>[566]-[566]</Pagination> 	<URLDocView>http://search.proquest.com/docview/4457358/</URLDocView> 	<Products> 		<Product> 			<ProductID>1007574</ProductID> 			<HasFullText>true</HasFullText> 		</Product> 		<Product> 			<ProductID>1009130</ProductID> 			<HasFullText>true</HasFullText> 		</Product> 		<Product> 			<ProductID>10000001</ProductID> 			<HasFullText>true</HasFullText> 		</Product> 		<Product> 			<ProductID>10000297</ProductID> 			<HasFullText>true</HasFullText> 		</Product> 	</Products> 	 	<FullText>T. C. Ila ??. SC, P?t?rnotttr row.</FullText> </Record>