<?xml version="1.0" encoding="UTF-8"?>
<Record> 	<Version>Record_v1.0.xsd</Version> 	<RecordID>4462958</RecordID> 	<DateTimeStamp>20180928135242</DateTimeStamp> 	<ActionCode>change</ActionCode> 	<RecordTitle>Untitled item</RecordTitle> 	<Publication> 		<PublicationID>2287</PublicationID> 		<Title>Westminster review, June 1840-June 1846</Title> 		<Qualifier>London</Qualifier> 	</Publication> 	<Publisher>John Chapman</Publisher> 	<Volume>39</Volume> 	<Issue>2</Issue> 	<AlphaPubDate>May 1843</AlphaPubDate> 	<NumericPubDate>18430501</NumericPubDate> 	<SourceType>Historical Periodicals</SourceType> 	<ObjectType>General Information</ObjectType> 	<Contributor> 		<ContribRole>Editor</ContribRole> 		<LastName>Hickson</LastName> 		<MiddleName>Edward</MiddleName> 		<FirstName>William</FirstName> 		<PersonName>William Edward Hickson</PersonName> 		<OriginalForm>Hickson, William Edward, 1803-1870</OriginalForm> 	</Contributor> 	<LanguageCode>ENG</LanguageCode> 	<ISSN>2044-6853</ISSN> 	<ISSN>2044-6829</ISSN> 	<StartPage>601</StartPage> 	<EndPage>601</EndPage> 	<Pagination>601-601</Pagination> 	<URLDocView>http://search.proquest.com/docview/4462958/</URLDocView> 	<Products> 		<Product> 			<ProductID>1007574</ProductID> 			<HasFullText>true</HasFullText> 		</Product> 		<Product> 			<ProductID>1009130</ProductID> 			<HasFullText>true</HasFullText> 		</Product> 		<Product> 			<ProductID>10000001</ProductID> 			<HasFullText>true</HasFullText> 		</Product> 		<Product> 			<ProductID>10000297</ProductID> 			<HasFullText>true</HasFullText> 		</Product> 	</Products> 	 	<FullText>MIJI(C. PulicaX;rions 1,!.Je/At a1Oinzer. Mt&amp;apos;SSICAL G;IRAWMNAR. 1 ;I:AGING roR TImE Mir l.ON .-310 Strand. MI\iLOi)ir~s I-OR CHILDREN. Cllo~wssr.S. No. 28.1 C. Steirly, 6) Little Grosvenor street, Tim &amp;apos;lMus&amp;apos;ICAT, TIrEs. J Berkeley square. Pub71cutions bq J. Purdwu, 45 ITi(h IHolborn. OVilnR HI IL, OVER DAL,. Composed by J. Loder. brinr PINSE, TIHE PI1NE F rank Cuissel. TI H:AIPPY 1)AY. l, J. 1P. Kioi&amp;apos;it.</FullText> </Record>