<?xml version="1.0" encoding="UTF-8"?>
<Record> 	<Version>Record_v1.0.xsd</Version> 	<RecordID>4463193</RecordID> 	<DateTimeStamp>20180928135325</DateTimeStamp> 	<ActionCode>change</ActionCode> 	<RecordTitle>ART. VII.-DEMOCRACY.</RecordTitle> 	<Publication> 		<PublicationID>2287</PublicationID> 		<Title>Westminster review,  Jan. 1852-Jan. 1914</Title> 		<Qualifier>London</Qualifier> 	</Publication> 	<Publisher>John Chapman</Publisher> 	<Volume>32</Volume> 	<Issue>2</Issue> 	<AlphaPubDate>Oct 1867</AlphaPubDate> 	<NumericPubDate>18671001</NumericPubDate> 	<SourceType>Historical Periodicals</SourceType> 	<ObjectType>Review</ObjectType> 	<Contributor> 		<ContribRole>WellesleyAttribution</ContribRole> 		<LastName>Drummond-Davies</LastName> 		<MiddleName>M</MiddleName> 		<FirstName>F</FirstName> 		<PersonName>F M Drummond-Davies</PersonName> 		<OriginalForm>Drummond-Davies, F. M.</OriginalForm> 	</Contributor> 	<Contributor> 		<ContribRole>Editor</ContribRole> 		<LastName>Chapman</LastName> 		<FirstName>John</FirstName> 		<PersonName>John Chapman</PersonName> 		<OriginalForm>Chapman, John, 1822-1894</OriginalForm> 	</Contributor> 	<LanguageCode>ENG</LanguageCode> 	<ISSN>2044-6853</ISSN> 	<StartPage>479</StartPage> 	<EndPage>505</EndPage> 	<Pagination>479-505</Pagination> 	<URLDocView>http://search.proquest.com/docview/4463193/</URLDocView> 	<Products> 		<Product> 			<ProductID>1007574</ProductID> 			<HasFullText>true</HasFullText> 		</Product> 		<Product> 			<ProductID>1009130</ProductID> 			<HasFullText>true</HasFullText> 		</Product> 		<Product> 			<ProductID>10000001</ProductID> 			<HasFullText>true</HasFullText> 		</Product> 		<Product> 			<ProductID>10000297</ProductID> 			<HasFullText>true</HasFullText> 		</Product> 	</Products> 	 	<FullText>Art. VII.?Democracy. On Democracy. By J. Arthur Partridge, author of &amp;quot; Coalitions and Frontiers in 1860-1 ;&amp;quot; &amp;quot; The False Nation and its Bases, or why the South Can&amp;apos;t Stand ;&amp;quot; &amp;quot; The Making of the American Nation ; or the Rise and Decline of Oligarchy in the West,&amp;quot; &amp;amp;c. &amp;amp;c. London : Trubner &amp;amp; Co. 1866. THE organization and establishment of Democracy is the work which the past has made ready for the present and the future to complete. Since the first signs of decay appeared in the Feudal System, the whole course of western civilization has tended towards this end : every scientific discovery, from that of the revolution of the earth to that of the origin of species, every mechanical improvement, from the printing-press to the steam-engine, every political advauce, from Magna Carla to the Reform Act, has assisted in its turn to level ranks and to diffuse power. The great and prosperous American Republic is an example of an approximative solution of the problem which we ourselves must sooner or later be called upon to solve in our own way. In the United States we are given the precedent of a democracy ruling over a gigantic empire and presiding over the destiny of a mighty people, equally distinguished for their individuality and their nationality, and remarkable alike for their love of peace, and their vigour in war. The experiment of popular government has been there tried on a vast scale, and in spite of some defects in the form in which it has been tested, it has succeeded by virtue of its own intrinsic excellence. The history of European Society is the history of the Feudal System : the record of its rise and growth is the history of Roman polity and primitive barbarism ; the record of its decline and fall is the history of modern social development. If we take its maturity as our point of observation we may appreciate the distinctive and even opposite characteristics of ancient and of modern progression: for in it we see the consummation of the first and the commencement of the second. The tendency of the one was more and more to subordinate the individual to the community, and its purpose was to efface that intense personality which the predatory and anti-social condition of our species had necessarily generated; the tendency of the other is more and more to subordinate the community to the individual, and its purpose is to educe that intense personality of a higher order in the increase of which lie all our hopes for the intellectual, and therefore for the moral and material advancement of mankind. The unit of ancient society was always a corporation, and the citizen was important only as he was merged in an institution ; the unit of modern society is always an individual, and institutions are important only as they contribute to the well-being of the citizen. In the ripeness of Feudalism, when the political position of the great body of the people was wholly defined by their relation to their immediate lords, and they were connected with the state exclusively through them, we have the fullest illustration of the former, and in the judicious and equitable system for personal representation propounded by Mr. Hare, and advocated Dy Mr. Mill, we have perhaps the best example of the latter which established habits of thought will permit us practically to adopt for a long time to come. Ancient progress was towards extreme social and political inequality; modern progress is towards extreme social and political equality. Submission was the great lesson to be taught by the first, Freedom is the still greater lesson to be taught by the second. Monarchies and Aristocracies were the flowers of the old seed ; Democracy will be the fruit of the new. &amp;quot;That democracy shall become&amp;apos;universal,&amp;apos;&amp;quot; says Mr. Partridge, &amp;quot; arises from the nature and necessities of man, and the necessary grades and epochs through which individual and national life has to pass. Without manhood development there is no nation. Where manhood development exists to a certain extent, and subject to a certain organization, there a nation exists. Manhood development either ceases or extends. If it ceases the nation expires. If it increases it becomes more generally diffused in quantity and more elevated in quality. But with that state of things individuals inevitably learn to associate together?they acquire unity. But unity and numbers are strength, and a strength that constantly increases itself in a greater ratio, and strength will always, with or without revolution, win for itself equality. And manhood development and association result in equality, which is democracy. The process may take years or ages, but the result is inevitable. If any great nation abandon the advance, and cease the development of democracy, the forces of progress but transmigrate to other nations more worthy. Labour leaves the land, and manhood society. If humanity is not to progress towards democracy it cannot progress at all.&amp;quot;?On Democracy, p. 100. In the extension which we have lately given to the franchise, we have at least taken one important step towards Democracy. When, as M. de Tocqueville has shown, a nation once commences to modify the electoral qualification, it will continue to do so until it abolishes it altogether. After every concession, the power of the people will increase, and their demands will increase with their power. The ambition of those who are below the appointed rate will be stimulated in exact proportion to the numbers of those who are above it; concession will follow concession, and no permanent stand-point will be found short of universal suffrage. However stagnant the pool may have been before disturbance, when once the pebble is cast iuto it, the wavy circles it creates will widen and widen till they reach from shore to shore. There is no valid plea that can be made on behalf of &amp;quot;finality;&amp;quot; the last great doctrine of the Whigs is like their first great doctrine of &amp;quot;the original contract,&amp;quot; unsound in theory,and, in practice impossible. The discussions in both Houses of Par-&amp;apos; liament, which preceded the passing of the Reform Act of 1867, show us that the tacit assumption made by all parties is that the suffrage ought to be extended to the whole adult community, unless considerations of personal unfitness or political danger point out a line of limitation. The principle with which Mr Gladstone startled the House of Commons a few years ago, has now been amplified and made the basis of legislation. The tone and scope of the arguments employed in Parliament for and against the Bill of 1867, exhibit a remarkable contrast to those of the arguments with which the Bill of 1832 was supported aud assailed. None who read the debates which preceded the passing of the latter can help feeling that it was a measure extorted by menace from an alarmed and angry oligarchy. None who read the debates which preceded the passing of the &amp;apos;former can help feeling that it was a measure conceded in the calm spirit of resignation by an oligarchy conscious that its enforced concession was just. There was no one who seriously hoped &amp;quot; to stem the tide of democracy,&amp;quot; for all saw that the tide had begun to rise and must roll on till the channel of our liberties is full. There was no great God Thor, who essayed as of old to drink up the ocean, and only two or three political Mrs. Partingtons. who attempted to drive it back with their mops. The work which we have now under notice is intended to be an examination of the general theory of Democracy, with special reference to the traditions and the future of England. The main propositions which Mr. Partridge seeks to enforce, and which we think he does enforce, with arguments for the most part unassailable, are as follows:?The motive power and the organization of government are the two political elements which it is the object of wise legislation to bring into harmony. The motive power of government is &amp;quot; manhood,&amp;quot; by which is meant the physical, mental, and moral maturity of a nation. Political progress or Liberalism consists in bringing within the pale of the constitution as much of the national manhood as is qualified, and political order or Conservatism consists in arranging so that no more of it than is qualified shall be admitted. The final result ot both is the self-government of an educated people. Equality is the only completion of freedom as between citizens, and the only guarantee for its continuance as against the state. The era of destruction in politics cannot terminate until equality is fully established, and when this is done the era of construction will commence, and the true principles of association will become developed. All progressive societies tend to the evolution of one preponderating power in the state, and the power which must ultimately and universally preponderate is the power of the people. Thus the whole of society gravitates towards democracy and passes in orderly progression from the rule of one to the rule of all, through the mediation of the rules of the few and the many. Freedom has four bases, free school, free church, free press, and free assembly ; and three forms, the religious, the industrial, and the political. Individuality and centralization are complementary the one to the other; the last being neither safe nor in its intensest degree possible without the former, and democracy combines in itself to the fullest extent, power, organization, vitality, and unity. Agreeing generally with Mr. Partridge in these views, and acknowledging the ability with which he supports them, we shall in the course of this paper be compelled to express our dissent from sundry of the positions he takes up. Before, however, noticing the substance of his work, it may be convenient to advert to some blemishes in form, which, although they do not materially detract from its usefulness, might with advantage be removed in any future edition of the work, if one should be called for. We regret that Mr. Partridge should be habitually given to the use of hard names, a practice much to be deprecated in political controversy. However great the provocation, it is usually unwise to call opponents in plain terms?&amp;quot; fools,&amp;quot; &amp;quot; idiots,&amp;quot; &amp;quot; diplomatic Blondins,&amp;quot; or to describe them as garbed in &amp;quot; the petticoats of the Hierarchy,&amp;quot; whatever they may be. Again, ornament in composition, when sparingly employed, adds both force and elegance to writing, but the luxuriance of imagery should be curbed, and we would suggest the following, among others, as cases in which the pruning-knife might be judiciously employed. &amp;quot; The peoples, by an instinct universal andjprofound, acknowledge it, and from every stronghold of despotism in the world tyrants strained their weary bloodshot eyes and shuddered for the issue &amp;quot; (p. 87). &amp;quot; America took the step, she agonizes for the purple of the people &amp;quot; (p. 88.) &amp;quot; Materialism and oligarchy met in the south and brought slavery as Sin and the Devil brought forth Death &amp;quot; (p. 89). The third chapter in the volume is entitled &amp;quot; Democracy no longer Empirical,&amp;quot; and throughout it Mr. Partridge uses the word &amp;quot;empirical,&amp;quot; as if it meant &amp;quot;tJieoretical&amp;quot; instead of its opposite. &amp;quot; That a Republic,&amp;quot; says he, &amp;quot; has at last been founded and maintained : that it has flourished not only on pastures and tillage, and over a continent of vast spaces and areas, but in cities of dense population. So much is not empirical, but fact:* (p. 85.) He tells us that &amp;quot;mankind has had, and can have before it, throughout all its nationalities and epochs, but three alternatives,&amp;quot; (p. 46,) a sufficiently liberal allowance, if we remember that &amp;quot;alternative &amp;apos; ordinarily implies a choice between only two objects. He tells us that &amp;quot; Rights arise out of relationships &amp;quot; (p. 48), and then that &amp;quot; all rights are absolute &amp;quot; (p. 49) ; that is, exist out of all relation. &amp;quot; The capacity, however, of Democracies for progress,&amp;quot; he further remarks, &amp;quot; is, though not indejinite, as large as the human soul, and &amp;apos;practically illimitable&amp;quot; which is, we should imagine, &amp;quot;indejinite&amp;quot; enough. We trust that the use of the unknown word &amp;quot;formulum &amp;quot; is a misprint, although it occurs more than once (pp. 40 and 213), and we hope that a gentleman who dates his preface from the &amp;quot; Reform Club,&amp;quot; will, for the future, give the member for Caine his proper appellation as a Privy Councillor, and not persist in referring to him as the &amp;quot; Hon. R. Lowe.&amp;quot; When these and some other defects are corrected, which careful revision will reveal to the author, what is otherwise an able work will be much improved. The ideally best form of government is that in which organization and function combine to secure, in the highest degree, the well-being and happiness of the individual citizen. As to organization, it is that in which the ultimate sovereign power is vested in the whole aggregate of the community, each citizen having a voice in the making, and taking a part in the application of the laws. As to function, it is that in which the ultimate sovereign power is exerted, only, to maintain the equal freedom of every citizen, limited by the equal freedom of every other citizen, and to defend the community as a whole against the aggressions cf foreign enemies. The objects for which the State exists are, to preserve certain advantages from the hostility of internal and external foes, and the great desideratum is, that it should do this with the least possible interference with private judgment and conduct. In proportion as governmental interference is reduced, the completeness and variety of the development of the individual citizens as intellectual, moral, and active beings is increased, and their capacity, according to their several aptitudes, for substantially contributing to the welfare of each other, is augmented. In itself, all government is an evil: its power of doing good is, at best, purely negative, but its positive capability for mischief is practically infinite. There is no kind or degree of misery which may not be inflicted upon a nation by its political institutions. The laws which we are forced to obey are not matters of merely occasional importance with which we are intermittently brought into contact; their influence pervades the national character, is felt in every transaction of our social existence, and is seen, like the frogs of Pharaoh, &amp;quot; in our houses and on our beds, in our ovens, and in our kneading troughs.&amp;quot; To speak only of their direct effects: our property, our personal liberty, and our lives are completely under their control, and we cannot be said to have the full and free enjoyment of these secured to us, unless we have at the same time a voice in their enactment. It is mockery to tell us that we have particular rights, if the mode in which we are to exercise them be left wholly to the dictation of others. If we are entitled to property, to personal liberty, and to life, we are equally entitled to be consulted as to the manner in which they shall be disposed of, and any disposal of them in which we are not allowed to participate, is an usurpation and a wrong. The extent of the dominions which are now everywhere subjected to single governments, and the numbers of those who would participate in them were they popular in their constitution, make it impossible that each citizen should have a direct and personal share in the national duties of discussion and legislation. Hence Representative Government, which is abstractedly desirable, becomes the necessary form of modern Democracy. The expedient of representation was unfamiliar to the ancients, aud to this may be partially ascribed the imperfections of their democracies. Large and promiscuous assemblages like those of Athens and Rome could not be otherwise than tumultuous, and liable to sudden impulses, to rash confidences, and ungrounded fears. By a well constructed system of representation, the characteristic advantages of the best kind of aristocracy, an aristocracy of public functionaries, and those of Democracy may be secured, namely, the skilful management of public affairs and the final self-government of the people. The principle upon which Representative Government is based, is that all persons who are called upon to observe the laws when made, have a primd facie right to a share in making them, and the only ground upon which they can be equitably or consistently prevented from exercising this right, is that circumstances clearly incapacitate them from doing so without injury to themselves or to others. Moreover it must be borne in miud that all our rights, whether we call them private or public, are primd facie rights, and that we are entitled to enjoy them only so far and so long as our enjoyment of them is not manifestly hurtful to ourselves or to the community. Our rights to property, to personal liberty, and to life are ours in exactly the same sense, and upon exactly the same terms as our right to the suffrage. Where society, without their sanction, can justly impose and enforce special regulations for guiding the conduct of individuals, it can justly impose and enforce general regulations for the same purpose, and there alone. But where persons have arrived at years of discretion, and are not lunatics, or paupers, or criminals, where in fact the concerns of their daily life are properly under their own control, it is surely an injustice to withhold from them a voice in ? the management of affairs in which they are as much interested as others, and which management must, in a hundred ways, directly and materially affect matters over which it is acknowledged they ought to have exclusive authority. In all free states the rights and obligations of the citizen should be commensurate and reciprocal. &amp;quot; If,&amp;quot; says Mr. Mill, &amp;quot;he is compelled to pay, if he may be compelled to fight, if he is required implicitly to obey, he should be legally entitled to be told what for, to have his consent asked, and his opinion counted at its worth, though not at more than its worth. There ought to be no pariahs in a full-grown and civilized nation ; no person disqualified except through their own default. Every one is degraded, whether aware of it or not, when other people without consulting him take upon themselves unlimited power to regulate his destiny. And even in a much more improved state than the human mind has ever yet reached, it is not in nature that they wdio are thus disposed of should meet with as fair play as those who have a voice.&amp;quot;?Considerations on Representative Government, p. 68. Whenever self-love shall cease to prevail over sympathy in human nature, and egoism shall be supplanted by altruism, the inauguration of Communism will be inevitable. In the meantime, while men as a rule prefer themselves to others, the only form of government in which the well-being of all is likely to be impartially considered, is the government of the whole community by the whole community. The possession of political privileges is desirable, not so much that we may govern others, as that we may be prepared to prevent ourselves from being misgoverned. Without wishing to impute corrupt motives to those who have hitherto ruled in this country, we cannot shut our eyes to the fact that our legislation, admirable as in many points it has been, bears the distinctive marks of a class legislation. We find that the country supports the religion of a minority, as the State Church paying its priesthood, and admitting its prelates to a personal part in government; that, more than in any other community in Europe, excessive plenty and excessive want are brought together in hideous contrast throughout the length and breadth of the realm ; that, the national territory is fast accumulating in fewer and fewer hands, the monopoly of land daily becoming narrower, and that the people are being ever more and more completely disinherited of their birthright in their native soil; that the laws of primogeniture and of entail, and the game laws, are in full and relentless vigour; that the prosperity of the country is weighed down by an enormous debt and a lavish expenditure; that the imposts upon the necessaries of life yield forty-fold the amount of the land tax ; and that the laws relating to labour and the poor laws are monstrously unequal in their operation upon different orders of society. We find, in short, that those who have not been represented, have not in the words of Mr. Mill, had &amp;quot; fair play&amp;quot; from those who have. It may be concluded that as mankind pursue what they conceive to be their own interest, that their conceptions as to what this is are usually correct. In civilized societies those of whom this is not true are in necessary dependency upon the remainder of them. Infants, lunatics, paupers, and criminals are manifestly incapable of looking after their more immediate and obvious interests, and they are a fortiori incapable of looking after those of their interests which are confessedly more remote and obscure. But persons who are sufficiently intelligent to provide for their own subsistence and daily wants, it may be inferred, are fitted with similar intelligence to make every other exertion which may be requisite for their security and welfare. While on the one hand there is no criterion which points out any man, or set of men, as so superior to all others that the community could wisely make him or them the sole arbiter or joint arbiters of their fate, we have, in the circumstance that citizens are able to support themselves with propriety and look the common responsibilities of existence in the face, some evidence at least that they possess intellectual and moral qualities which would enable them to be efficient guardians of their own destinies in relation to more general concerns. And in giving to each a part, however small, in the management of affairs by which all must be affected, we approach nearest to that uncontrolled exercise of private judgment which is the indispensable condition for the improvement of personal character, and therefore of society. Whenever the government is in the hands of a section only of the community, it will be employed to promote the interests of that section, and with more or less of design, to the detriment of all outsiders. When the supreme power is monopolized by one, as in despotism, by a few, as in aristocracies and limited monarchies, or by the many, as in existing democracies, separate interests are created for the one, the few, or the many, and are brought into opposition with the interests of the whole. It is urged to no purpose that the real interests of every section of it, and those of the community at large, are, when rightly understood, identical, for the errors and vices of men are always placing their apparent interests in contrast to each other. Were we all sufficiently enlightened uniformly to prefer a true and ultimate good to one that is fallacious and proximate, government would be at an end, for laws would be superfluous. Next to indiscriminating selfishness, that form of self-love which is called esprit de corps, is the most intense and dangerous of feelings. It is not so ardent, perhaps, as selfishness pure, but it is more sustained, and &amp;quot; corporations have no consciences.&amp;quot; We thus find that although there are examples of monarchs who have attempted to promote the general well-being of their subjects, there has been no example of an aristocracy that did not consistently oppress them ; and in the great example of democracy of the present day, the tyranny of the majority is so excessive as in some measure to counterbalance the immense advantages derivable from organically free institutions. &amp;quot; These things,&amp;quot; says Mr. Mill, &amp;quot; are superabundantly evident in the case of a monarchy or an aristocracy, but it is sometimes gratuitously assumed that the same kind of injurious influences do not operate in a Democracy. Looking at Democracy in the way in which it is commonly received, as the rule of the numerical majority, it is surely possible that the ruling power may be under the dominion of sectional or class interests pointing to conduct different from that which would be dictated by impartial regard for the interest of all. Suppose the majority to be whites, the minority negroes, or vice versa, it is likely that the majority would allow equal justice to the minority ? Suppose the majority Catholics, the minority Protestants, or the reverse, will there not be the same danger ? Or let the majority be English, the minority Irish, or the contrary, is there not a great probability of a similar evil ? In all countries there is a majority of poor, a minority who, in contradistinction, may be called rich. Between these two classes, on many questions, there is complete opposition of apparent interest. We will suppose the majority sufficiently intelligent to be aware that it is not i&amp;apos;or their advantage to weaken the security of property, and that it would be weakened by any act of arbitrary spoliation. But is there not a considerable danger lest they should throw upon the possessors of wdiat is called realized property, an unfair share, or even the whole of the burden of taxation, and having done so, add to the amount without scruple, expending the proceeds in modes supposed to conduce to the profit and advantage of the labouring class &amp;quot;i Suppose again, a minority of skilled labourers, a majority of unskilled : the experience of many Trade Unions, unless they are greatly calumniated, justifies the apprehension that equality of earnings might be imposed as an obligation, and that piecework, payment by the hour, and all practices which enable superior industrj** or abilities to gain a superior reward, might be put down. Legislative attempts to raise wages, limitation of competition in the labour market, taxes or restrictions on machinery and on improvements of all kinds tending to dispense with any of the existing labour?even perhaps, protection of the home produce against foreign industry?are very natural (I do not venture to say whether probable) results of a feeling of class interest in a governing majority of manual labourers.&amp;quot; ?&amp;quot; Considerations on Representative Government, pp. 4S-49. Democratic tyranny is indeed more potent, and in some respects more disastrous in its consequences than monarchical or aristocratic tyranny. In the latter, the force of public opinion in some shape or other can be opposed on occasion to the force of public authority, and so modify the course of national events; but in the former, both, wielded by the majority, concur to propel them in the same direction or to keep them stationary. &amp;quot; I know of no country,&amp;quot; says M. de Tocqueville, &amp;quot; in which there is so little true independence of mind as in America. In any constitutional state in Europe every sort of religious and political theory may be advocated and propagated abroad, for there is no country in Europe so subdued by any single authority as not to contain citizens who are ready to protect the man who raises his voice in the cause of truth from the consequences of his hardihood. If he is unfortunate enough to live under an absolute government, the people is upon his side ; and if he inhabits a free country he may find shelter behind the throne, if he require one. The aristocratic part of society supports him in some countries, and the democracy in others. But in a nation where democratic institutions exist, organized like those of the United States, there is but one authority, one single element of strength and success, with nothing beyond it.&amp;quot;?Democracy in America, vol. ii. p. 90. The study of politics, although our acquaintance with its data is more contracted and imperfect, is as essentially scientific as that of astronomy or physiology. The political art depends upon the political science for its guiding maxims, and advances in proportion to the number and depth of the generalizations proper to the last which are practically applied in it. It is not easier to govern a nation than it is to predict an eclipse or to amputate a limb. The mere light of nature cannot make any one an astronomer or a surgeon, neither can it make any one a statesman. Special training is necessary in all three cases, but it is only when it is added to special genius, that the result is a Newton, a Hunter, or a Washington. It is of the utmost importance not only that a high intellectual standard should prevail among those whose immediate occupation it is to govern, but that they should be educated to their work. The governments which have been remarkable for sustained and vigorous ability in the past have been oligarchies of public officers, who made politics the chief pursuit of their lives, and entered upon a public career as upon an active profession. In Rome and Venice the importance of any patrician was wholly measured by the part he was able to play in the councils of the Republic. The well-being of the people, indeed, was not consulted, but with respect to the privileged orders themselves and the external relations of the state, the administration was eminently sagacious. In all political societies it may be reasonably presumed that the unwise will. outnumber the wise, and that when the control of the community rests with mere numbers it will always be more or less at the mercy of ignorance and folly. The turbulent and crafty demagogue will often have better chances for leading the multitude wrong than the politician with less impudence and glibness of tongue will have for leading it right. To dazzle and deceive the people will be a sure road to power, and in appealing to its passions the unprincipled will have a sure means of gratifying their ambition. Those only who have deeply and conscientiously meditated their opinions can be firm in their adherence to them, and the generality, who have never systematically arranged their reflections, will veer about with every wind of doctrine. When all may hope to arrive at eminence, and when but few can succeed in doing so, the influence of envy will come into play to keep merit in the background, and talents and services which should be made the objects of public respect and confidence, will become the marks of popular hatred and suspicion. It is impossible that the great body of a nation should rise beyond a certain level of intelligence; the human mind cannot be cultivated unless considerable time be devoted to its cultivation, and it would beas difficult to insure that all citizens should be well informed as to insure that all should be in easy circumstances. When the necessity for daily manual labour leaves but few opportunities for mental improvement, there is little probability that correct habits of thought or extensive knowledge shall be acquired. But an amount of intelligence which would be very inadequate in a legislator may quite suffice to fit the citizen to elect some more qualified person to legislate for him. No one doubts the capacity of an illiterate parent to choose an accomplished preceptor for his child, or that of one who cannot build a house for himself to select an architect who can do it for him, and in both cases the employer, who is ex hypothesi the less informed of the two, is the proper person to judge of the manner in which the trust he confides is discharged. A man need not be a schoolmaster to know whether or not his child is rude, or an architect to know whether or not his chimneys smoke; and on a like principle it requires very different powers to enable a citizen to govern well, or to know when he is governed badly. As a matter of fact, every wise reform which has been made in this country during the last half century has originated outside the governing classes, and has been forced upon the attention of the legislature by popular agitation. And what is more, really scientific political doctrines have been adopted with greater seeming facility by the masses than by those of much higher attainments. The dangers of ignorance and incapacity are equally incidental to monarchies and aristocracies as they are to democracies. For at least two centuries and a half there has been no hereditary sovereign in Europe who has risen above mediocrity, and most of them have fallen below it. Existing despotisms are maintained by the qualities of permanent bureaucracies, of which the monarch does little more than select the chiefs, and, except in the case of a gifted usurper, he appears to be supported for ornament rather than for use in the political machine. Mr. Partridge quotes from the writings of the American statesman Jefferson a description of the crowned heads of his time:? &amp;quot; I have often amused myself,&amp;quot; says he, &amp;quot; with contemplating the characters of the reigning sovereigns of Europe. Louis XVI. was a fool. The King of Spain was a fool, and of Naples the same. The King of Sardinia was a fool. All these were Bourbons. The Queen of Portugal was an idiot by nature, and so was the King of Denmark. The King of Prussia was a hog in body as well as mind. Gustavus of Sweden and Joseph of Austria were really crazy; and George of England was in strait-waistcoat. There remained then but old Catherine of Russia, who had been too lately picked up to have lost her common sense.&amp;quot;?On Democracy, p. 320. Aristocracies of mere social position like our own, and there is no other that is now of any importance, are placed in an unfavourable position for the cultivation of wisdom and virtue. Their rank and wealth remove them from the ordinary incentives to mental improvement, and the usual results of moral obliquity. Their political power is founded upon the assumption that the inheritance of material advantages is evidence of personal merit. But surely the suffrages of the most ignorant community would be a better certificate of worthiness, bad as it would be, than the mere accident of birth. Such a prejudice could not for a moment command the assent of sane persons, were it not the remains of a belief which was once necessary to human progress. When the transition of our species was being effected from the state of nomadic tribes to that of fixed nations, and the division of labour commenced on a marked scale, the only way in which the volatile dispositions of men could be confined to settled pursuits was by the religious institution of castes, as in Egypt and India. We no longer think, as was once thought, that the son of a tailor ought to be a tailor, and the son of a cobbler ought to be a cobbler, but we still make the son, and even the remote descendant of a legislator, a legislator. Our House of Lords again is the Supreme Court of Justice: the folly of permitting the decisions of trained judges to be overruled by unlearned persons has led to the creation of law lords, who by custom exercise the appellate jurisdiction of the House; but surely if special acquirements be requisite in declaring what the law is, they are equally requisite in making it what it is. Besides all this, both monarchy and aristocracy undermine the whole morality of a people, by teaching it, that individual excellence is not the only claim to honour and veneration, but that these should be accorded to the chance possessors of titles and riches. There is no lesson which mankind can learn more false in fact and more slavish in its consequence. The extension of the suffrage to the whole adult community, without distinction of sex, is the aim to be kept in view in all schemes of reform. The same reasons which demand the diffusion of the franchise among men, equally demand that it should not be withheld from women. Mr. Partridge would be contented with manhood suffrage, but we believe that all persons, male and female, are interested in being well governed, and need a voice in legislation in order to secure that they shall be well governed. The laws relating to women in this country, although they have of late been much improved, are not yet just, and are unmistakably impressed with the characteristics of having been framed for an unenfranchised part of the community. It is only within living memory that the criminal laws for men and women have been the same, that the odious penalty of burning alive for petit treason for instance was abolished, and with regard to marriage itself, and property in the married state, women are still in an unequal position. If it could be maintained that the mission of women was only &amp;quot; To suckle fools and chronicle small beer,&amp;quot; there might be some ground for refusing to give them political privileges, but in an age when women are eminent in every branch of science, literature, and art, in a country which can boast of Mrs. Somerville, Miss Martineau, and a host of others, who, as they for the most part write anonymously, it would be invidious more particularly to mention, it is sheer nonsense to talk of any natural inferiority which could incapacitate them from discharging public duties with advantage to society. &amp;quot; There is something,&amp;quot; as Mr. Mill says, &amp;quot; more than ordinarily irrational in the fact that when a woman can give all the guarantees required from a male elector, independent circumstances, the position of a householder and head of a family, payment of taxes, or whatever may be the conditions imposed, the very principle and system of a representation based on property is set aside, and an exceptionally personal disqualification is created for the mere purpose of excluding her. When it is added that in the country where this is done, a woman now reigns, and that the most glorious ruler whom that country ever had was a woman, the picture of unreason and scarcely disguised injustice is complete. Let us hope that as the work proceeds of pulling down, one after another, the remains of the mouldering fabric of monopoly and tyranny, this one will not be the last to disappear ; that the opinion of Bentham, of Mr. Samuel Bailey, of Mr. Hare, and many other of the most powerful thinkers of this age and country (not to speak of others), will make its way to all minds not rendered obdurate by selfishness or inveterate prejudice, and that before the lapse of another generation the accident of sex, no more than the accident ol&amp;apos; skin, shall be deemed a sufficient justification for depriving its possessor of the equal protection and just privilege of a citizen.&amp;quot;?Considerations on Representative Government, p. 76. It is satisfactory to find that when Mr. Mill brought this question before the House of Commons, during last session, seventythree members of all shades of opinion were sufficiently enlightened to vote with him. The participation of the community in the government should always be as great as its general advancement will allow, and should never be greater. Institutions can only be useful to a people, so far as it is capable of adopting, preserving, and carrying them out. The State exists for the performance of certain functions, and its composition ought to be such as to enable it to perform them in the most perfect manner practicable at any given period. &amp;quot; Government,&amp;quot; Mr. Partridge says, &amp;quot; consists of two things: the first is called the spirit or passion, or motive power; the second is the organization. In all governments but Democracy the two are separate, and to an extent hostile. The motive power of all government is manhood. The excellence of government consists in the amount of manhood it can represent and organize. Often the question of questions is, * Is there more of this manhood in the government or out of it ?&amp;apos; and the essential value and power of Democracy consists in this?that it combines, as far as possible, power and organization ; the spirit manhood, is at one with the body organization.&amp;quot;?On Democracy, pp. 1, 2. It is very requisite at all times to bring as much as possible of the existing ability of a country to bear upon the conduct of public affairs, and that every facility should be given for its further development. There are some conditions of society in which the interests of civilization necessitate that the government should be confined to a section, and others in which the same interests require that it should be in the hands of all. A government in which the whole community does not share, is, whatever its form, a government of inequality and privilege, and even when it is the majority that exclusively rules, it differs only from other governments of inequality and privilege in the relative numbers&amp;apos; of those who may be oppressors, and of those who may be oppressed. It is a necessary consequence of association among human beings engaged in a common undertaking that the will of the majority should overrule that of the minority, whenever unanimity does not prevail, and to this representative government can be no exception. The opinions of representatives must be determined by their constituencies whenever they please that they shall be so; and thus the majority of the people, through their representatives, can command the minority of it and their representatives. &amp;quot; But,&amp;quot; Mr. Mill justly asks, &amp;quot; does it follow that the minority should have no representatives at all ? Because the majority ought to prevail over the minority, must the majority have all the votes, the minority none ? Is it necessary that the minority should not even be heard ? Nothing but habit and old association can reconcile any reasonable being to this needless injustice. In any really equal Democracy every or an}- section would be represented, not disproportionately, but proportionately. A majority of the electors would always have a majority of the representatives, but a minority of the electors would always have a minority of the representatives : man for man they would be as fully represented as the majority.&amp;quot;?Considerations on Representative Government, p. 54. The respective claims of the majority and the minority to representation are based upon the same foundation ; they are both composed of citizens who are individually subject to the obligations of citizenship, and who are therefore individually entitled to its rights. The strongest argument which can be urged in favour of our present local distribution of the franchise is, that by its instrumentality minorities are virtually represented. Each member of the House of Commons is supposed to be the representative of the whole nation ; so that the Conservatives of Birmingham are virtually represented by the member for Buckinghamshire, and the Liberals of Buckinghamshire are virtually represented by the member for Birmingham. But the whole theory of virtual representation is a delusion and a snare. It cannot apply to any but the broadest distinctions in political doctrine, nor then in any regular and constant way. If any portion of the community ought to be actually represented, every portion of the community ought to be actually represented. Neither bricks and mortar, nor acres, but men are to be represented; and if they are to be represented on any other ground than that they are liable in purse and person to the calls of the State, and consequently justified in requiring that their opinion should go for something in its management, then the minority and not the majority, has the strongest claim. If wisdom, if virtue, if wealth are such grounds, then in all progressive societies the more enlightened, the more moral, and the wealthier portions of them must be the minority. If numbers, because they are numbers, are to have exclusive privileges, government is reduced to a matter merely of physical force, and is to be conducted in accordance with the &amp;quot;good old rule&amp;quot; that &amp;quot; They should take who have the power, And they should keep who can.&amp;quot; Mr. Partridge is of another opinion. He says? &amp;quot; The objects of the scheme of Hare, namely, representation of minorities, and representation by the eclectic intellect of thc country, are better attained by the principles of Democracy, which &amp;apos; represents minorities&amp;apos; in the only practicable way, by preparing the people to comprehend all just ideas entertained by the few. To enable voters to remove their names from tbe local registry and enter them on the national one, with a view to the certain election of the foremost intellects, would be a good substitute for Democracy if that system did not exist. As to minorities, they would probably obstruct equality, and fail to elect the best men. Democracy, as an organized system, maintains the maximum of the three essentials of government: security, for all consent; power, for they all think, act, and govern; honesty, for they will govern for themselves, lt makes a truer nation than eau otherwise be made; it makes a nation of men, instead of a nation of classes and corporations.&amp;quot;?On Democracy, p. 30. We think this cannot be better answered than in the words of Mr. Mill: &amp;quot; The injustice and violation of principle are not less flagrant because those who suffer by them are a minority, for there is not equal suffrage where every single individual does not count for as much as any other single individual in the community. But it is not only a minority who suffer, Democracy thus constituted does not even attain its ostensible object, that of giving the powers of government in all cases to the numerical majority, lt does something very different; it gives them to a majority of the majority, who may be, and often are, but a minority of the whole. All principles are most effectually tested by extreme cases. Suppose, then, that in a country governed by equal and universal suffrage there is a contested election in every constituency, and every election is carried by a small majority. The Parliament thus brought together represents little more than a bare majority of the people. This Parliament proceeds to legislate, and adopts important measures by a bare majority of itself; what guarantee is there that these measures accord with the wishes of a majority of the people ? Nearly half the electors, having been outvoted at the hustings, have had no influence at all in the decision ; and the whole of these may be, a majority of them probably are, hostile to the measures, having voted against those by whom they have been carried. Of the remaining electors, nearly half have chosen representatives who by supposition have voted against the measures, lt is possible, therefore, and not at all improbable, that the opinion which has prevailed was agreeable only to a minority of the nation, though a majority of that portion of it whom the institutions of the country have erected into a ruling class. If Democracy means the certain ascendancy of the majority, there are no means of insuring that, but by allowing every individual figure to tell equally in the summing up. Any minority left out either purposely or by the play of machinery gives the power not to the majority, but to a minority in some other part of the seale.&amp;quot;?Considerations on Representative Government, p. 54. With us the vast majority of the nation is formed of the labouring class, and were anything like universal suffrage established among us it would be omnipotent. As it is, the Reform Act of 1867 will give to it a very great increase of influence, and there can be but small doubt that this influence will in time become much greater. We do not regard the status of hired labourers as destined to be the permauent condition of any persons but those whose low intellectual or moral calibre unfits them for independence. The tendency of advancing civilization is to supersede the relation of employer and employed by that of partnership, either between operatives and capitalists or among operatives themselves. The continued warfare which is now everywhere going on between masters and workmen in the shape of &amp;quot;strikes&amp;quot; and &amp;quot;turn-outs,&amp;quot; is indicative of the approaching dissolution of a mode of connexion which has neither dignity nor fairness to recommend it. The course of human development will gradually eliminate both landlords and capitalists from the social organism ; the position of the former will be occupied by the State, on behalf of society, and the position of the latter will be taken by managers elected and removable by associated artisans collectively possessing the capital invested in their business, and dividing the profits among themselves. This transformation in industrial organization has already commenced, but its completion must be postponed to a more advanced stage of social evolution than that at which we are now arrived. The Trade Unions of the present are the embryonic forms of the Cooperative Societies of the future. The productive system, not only of this country but of the whole world, is now in a state of transition; and one great mischief which is to be apprehended from the preponderance of the labouring interest in political power, is that the evils attendant upon this revolution will be aggravated and unhealthily prolonged. The system of personal representation provides the only real safeguard against this danger, as indeed against all the infirmities to which Democratic institutions are liable. It combines the advantages both of class representation and of the representation of numbers, for it secures on the one hand a representation in numerical proportion to every division of the constituencies in the country, and on the other hand the certain influence of individual opinion and interest. Wherever any number of electors equalling an average constituency should happen to be united together, independently of the purely fortuitous circumstance of residence, by a community of political views, they would be competent to join together to return a member who would take the special part of their spokesman and advocate ; so that every citizen included in the electoral body would be able to give his vote for the candidate with whom, of all others, he was most in agreement, or upon whom he looked as most fitted to think and act on his behalf. Thus every shade of doctrine would be given fair opportunity for systematic expression, and would be allowed its due weight in the deliberations of the national council. This cannot be done under our present regime in anything like an adequate manner; and as the suffrage is widened, whether by the Act which will shortly come into force, or by others its probable successors, it will become more and more impracticable. Mr. Hare&amp;apos;s plan, while it makes it possible that the representative body should be composed of the very elite of the nation, makes it impossible that any one section of it should wholly sway its councils and direct its authority. It would reduce the chance of &amp;quot; swamping&amp;quot; to a minimum, and by rendering every member of the legislature the representative of an unanimous constituency which had selected him on personal grounds from the whole number of candidates, it would insure the highest degree of social union, together with the largest amount of individual freedom possible under any form of government, in which each citizen did not, as in the Democracies of antiquity, take an immediate part. The clause in the Reform Act of 1867, which in giving an additional member to certain boroughs, makes provision for the representation of minorities in them, recognises the principle for which we contend, and will, we trust, prepare the way for its more complete and general realization. In the &amp;quot; Draft Act of Parliament&amp;quot; drawn by Mr. Hare, and the commentary upon it by Professor Fawcett, we are made familiar with a contrivance for this purpose, as practically simple as it is theoretically excellent?&amp;quot;a scheme,&amp;quot;as our greatest living philosopher calls it, &amp;quot; which has the almost unparalleled merit of carrying out a great principle of government in a manner approaching to ideal perfection as regards the special object in view, while it attains incidentally several other ends of scarcely less importance.&amp;quot; Mr. Partridge anticipates (we think correctly) that an extension of the franchise will have the effect of making members of the . House of Commons more of delegates (as in the Dutch United Provinces), than of representatives, as they now are. In this fact we see another strong reason for the representation of minorities, since the consequence of the exclusive representation of the numerical majority by pledged agents would be to hand over the conduct of public affairs, not only generally but specially, to at the least not the most able or cultivated portion of society. For our own part, we consider it desirable that popular representatives should be permitted a wide latitude of discretion, and that agreement in fundamentals should be accepted by constituencies as sufficient guarantee for their conduct in matters of less primary importance ; but of course, if constituencies choose, they can always exact pledges. The example of the United States is before us, to show that wdiere the numerical majority can thus consciously &amp;quot; swamp&amp;quot; every other portion of the community, the wisest and best in the country will, in all probability, be excluded from public life as effectually as if they suffered under some formal disqualification. As Mr. Mill says? &amp;quot; In the old democracies there were no means of keeping out of sight any able man; the berna was open to him, he needed nobody&amp;apos;s consent to become a public adviser, lt is not so in a representative government; and the best friends of representative democracy can hardly be without misgivings that the Themistocles or Demosthenes, whose counsels would have saved tho nation, might be unable during his whole life ever to obtain a seat.&amp;quot;?Considerations on Representative Government, p. 00. The gradual degeneration of American statesmanship from the foundation of the Republic to the present day, is one of the most melancholy spectacles which has been presented by any age or nation as a warning to mankind. By personal representation alone can this formidable vice of popular government be avoided. The minority of instructed and enlightened voters scattered through the local constituencies would then always be able to unite in returning a number, proportioned to their own, of instructed and enlightened members, who would &amp;quot; leaven the whole lump&amp;quot; ot those elected by the less discriminating multitude. Nor would the benefits supposed to flow from local representation be lost under this arrangement; in every place which could, within itself, make up an unanimous average constituency, a local candidate could be returned, while the minorities unable to elect a local member would not, as now, be practically disenfranchised, but could look elsewhere for a candidate likely to obtain other votes in addition to their own. We are surprised to find Mr. Partridge speaking in the following tone of Mr. Mill&amp;apos;s advocacy of this plan:? &amp;quot;Thc errors of the human mind seem to reproduce themselves eternally. Here again are the Hebrew old-clothes of political judaism. Mill has got into the petticoats of the hierarchy. The pharisees of civilization would make broad their phylacteries over the manhood of the people. They would hide the nakedness and readjust the fulcrum of creation. The &amp;apos; balance of power,&amp;apos; recognised at last as a policy of idiotcy among nations, takes up its last refuge between classes. It is declared that a true people can never be, and that genius, wealth, learning, and organization which must always belong to the comparatively few, will never be recognised and deferred to by the all, even when education shall have rendered their advantages and the capacity to appreciate them universal. The latest and the least unfavourable form of this opinion is in Mr. Mill&amp;apos;s letter of the 17th April, 1865 :?&amp;apos; I would not vote for giving the suffrage in such a manner that any class, even though it be the most numerous, could swamp all other classes taken together.&amp;apos; &amp;quot; The following observations upon this remark of Mr. Mill&amp;apos;s we must confess we do not understand. We give the passages in the type Mr. Partridge uses, in case that may assist the reader (though it has not helped us) to comprehend them :? &amp;quot; But there exist already in fact two complete and &amp;apos;balanced&amp;apos; individualities, and their existence guarantees, to our thinking, the others. ? GOD?the All-One?the One-All. &amp;quot;MAN?(certain individual men) politically complete and selfbalanced. &amp;quot; NATION?to be thus complete when its men are thus complete. &amp;quot; WORLD?to be thus complete when the constituent nations are thus complete. &amp;quot; We must reason through human nature on to order and God, or back to Chaos and the absolute void inane. &amp;quot; To affirm that the world cannot be thus complete, is to affirm that its constituent nations cannot be thus complete. &amp;quot; To affirm that a nation cannot be thus complete, is to affirm that its constituent men cannot be complete; that manhood tends to confusion, and that God is the author of it. &amp;quot; To affirm that man cannot be thus complete is to deny God. It is to affirm that individual completeness clashes with political unity. That the State and an universal political manhood are hostile interests. That equality, the completion of freedom, contends with unity, the result of freedom and order completed. And it proves nothing but that the individual so affirming is himself &amp;apos; unbalanced&amp;apos; by reason of an excess of the critical and speculative faculty, or of deficiency in insight and faith.&amp;quot;?On Democracy, pp. 57-9. The subject of Democracy is so large that it would be absurd to attempt an exhaustive treatment of it in the space of a single . paper, limited as that is, which we are now writing. We have felt this the more as we have proceeded, and are compelled therefore to confine ourselves to a few of the more important questions suggested by the truly great theme we have in hand. Mr. Partridge tells us that? &amp;quot; As Government consists of power and organization, so at every step in the national progress the administration partakes of the knowledge and the ignorance, the advantages and the defects, of the actual ruling class. And organization either expresses the national intellect and will, or is used to. repress it. In the first case there is harmony, whatever the status of the nation. In the second there is revolution and reaction, or death. The organization of Democracy is, of necessity, the problem of every advancing age or people, and the one deadly unpardonable sin of nations is the failing to revolt against bad government. Wherever the best governing qualities govern, wherever the actual administration is adjusted to the real power, there is good government. With the power of the one, the few, the many, and the all, let there be also administration of the one, the few, the many, or the all. It is a question of adjustment. If those who have the franchise are more numerous than thosj who deserve it, there is anarchy ; if less, despotism. Adjustment is the law of politics; nonadjustment, its license. For politics means power, and any fancies or fictions about that, lead straight to chaos, despotism, or national death. But whereunto are systems to be adjusted ? To the actual political competency at any given epoch of the ever-advancing people.&amp;quot;?On Democracy, pp. 7, 8. Now all this is very true, although disguised in a garb somewhat too metaphysical. The point to be decided is, in what does &amp;quot; political competency&amp;quot; consist ? And the opinion Mr. Partridge expresses of this is, we think, entirely his own. He says, &amp;quot; Ten thousand sober common Englishmen, listening in public assembly to A and B, are better fitted than the same number of M.A.s, B. As, or LL.D.s, millionaires, bankers, esquires, or tailors, to pronounce on the qualifications of the said A and B as public men.&amp;quot; (p. 144.) We have aright to conclude that the hypothetical &amp;quot;M.A.s, B.A.s, or LL.D.S,&amp;quot; &amp;amp;c. here enumerated &amp;quot;are equal in sobriety to the &amp;quot;ten thousand common Englishmen,&amp;quot; and that they are superior to them in knowledge. If, then, they are not so well fitted to judge of trie qualifications of public men, we must infer that ignorance is considered by Mr. Partridge as one element of political competency. &amp;quot; No one but a fool,&amp;quot; as Mr. Mill says, &amp;quot; and only a fool of a peculiar description, feels offended by the acknowledgment that these are others whose opinion, or even whose wish, is entitled to a greater amount of consideration than his;&amp;quot; but it remained for Mr: Partridge to attach more weight to the views of the less instructed than to those of the more instructed. Another element of political competency, according to Mr. Partridge, is poverty :? &amp;quot; Moreover,&amp;quot; says he, &amp;quot; to a great extent, poverty is itself a qualification. It is more a qualification than a disqualification. If the question be &amp;apos; the right men in the right places, merit and not influence ;&amp;apos; the masses would vote for merit, the families would vote for influence. In other words, each would vote for its own interest. With regard to war, the masses would incline against it, it means taxation ; the few for it, it means employment, and also lavish expenditure, and a continuation of class monopolies of all sorts,&amp;quot; p. 151. No detailed refutation of this is required. It is within the experience of all of us that the most popular cry with which an Administration can &amp;quot; go to the country,&amp;quot; is a war cry, and from the commencement of our Parliamentary history to the present day, it has been so. The tendency of democratic government to excessive expenditure calls forth these remarks from M. de Tocqueville, which may be opposed to those of Mr. Partridge:? &amp;quot; The extravagance of Democracy is less to be dreaded in proportion as the people acquires a share of propertg, because, on the one hand, the contributions of the rich are less needed, and on the other, it is more difficult to lay taxes on which do not affect the interest of the lower classes. On this account universal suffrage would be less dangerous in France than in England, because in the latter country the property on which the taxes may be levied is vested in fewer hands. America, where the great majority of the citizens is possessed of some fortune, is in a still more favourable position than France.&amp;quot;?Democracy in America, vol. ii. p. 25. The right of self-defence, inherent in the community, justifies it in enforcing certain exclusions from the suffrage, the nature of which is suggested by the dictates of ordinary prudence. So far from ignorance and poverty being qualifications for political privileges, we are convinced that the want of elementary education, and the non-payment of taxes in a tangible form, incapacitates any person from properly exercising them. We would require, with Mr. Mill, every voter who presented himself for registration, to copy a sentence from an English book, and perform a sum in the rule of three in tiie presence of the registrar, and exact from each a yearly registration fee, the amount of which should rise and fall with the amount of the annual national expenditure. These are very simple and easilyapplied tests, but against all tests Mr. Partridge gives his decision? &amp;quot; &amp;quot; A test is a form of capitulation, or a cartel of defiance. Privilege capitulates to those whom it is obliged to recognise, it*defies those &amp;quot; whom it can exclude. If the three, live, six, or ten-pound renters can be kept out they will be, and the &amp;apos; test&amp;apos; is the badge of their subjection. If they cannot be kept out, the &amp;apos; test&amp;apos; admits them for the same reason that battered walls admit besieging armies.&amp;quot;?On Democracy, p. 17. This applies in some measure to the tests which have hitherto been established, namely, mere property qualifications. They have &amp;quot;strained at gnats and swallowed camels.&amp;quot; The nest of a bird or the burrow of a badger is a criterion of the intelligence of the animal; but the dwelling of a human being, unless constructed by himself, is no criterion of his intelligence. An educational franchise, supplemented by the payment of a direct tax, does however give some security that the electoral body would have opinions and interests roughly consonant with the general good. Those who are without the rudiments of education are not only absolutely ignorant, but are cut off from the means of information ; and it is wholly inadmissible that persons who have not acquired the first requisites for taking care of their own affairs, should be permitted to have a voice in the management of those of the nation. That the election of the assembly that votes the public taxes should be restricted to those who contribute to them, in such a way as to be able to appreciate in some measure what they pay, we regard as a first priuciple. There is nothing to which men are more prone than to take upon themselves the office of the &amp;quot; good Samaritan&amp;quot; with the &amp;quot; oil and twopence&amp;quot; of other people, and we have an illustration of this in the schemes of State-taxation in certain parts of the American Republic. The question of plural voting is not, we think, of so much moment as the other questions relating to the franchise to which we have here adverted. At present a plurality of votes is in the possession of every one who has the requisite property qualification in different boroughs and counties; and notwithstanding that the arguments employed by Mr. Mill in defence of the system upon an intellectual basis, are theoretically unanswerable, we do not anticipate* that it could be practically adopted. Although it does not deserve the epithets, &amp;quot;traitorous or foolish,&amp;quot; which Mr. Partridge applies to it (p. 39), we think the following propositions which he lays down concerning it but just? &amp;quot; That equality is of the essence of Democracy, and the main incentive to development, just as development is the guarantee of equality. That development renders despotism impossible, by creating the best possible conditions of social, religious, and political association, and therefore of the strongest, -completest, and compactest national unity. That without equality, representation is imperfect, the &amp;apos; balance&amp;apos; of the realm impossible, and stability a matter not of certainty, but of sufferance. That equality of the supremacy of the collective reason, in other words, that this equal voting power of the entire educated manhood of a country combines, if not in perfect proportions, at least in the best possible proportions, the two objects of government? individual freedom and national unity. That equality, the completion of individual freedom, cannot contend with unity, the completion of national life. And that the tendency of the collective reason always is to discover and elevate its greatest men. That plural voting is, in fact, a system of representation without election, and belongs to the oligarchic era of national life.&amp;quot;?On Democracy, p. 63. In many respects the most remarkable portion of Mr. Partridge&amp;apos;s work is comprised in the chapter on the &amp;quot; Preponderating power of the future, and its requirements.&amp;quot; The preponderating power of the future is that of the people, and with special reference to our own country it has to be developed upon the fourfold basis of freedom?in school, press, church, and assembly, and in its three forms?material, religious, and political. With us, two of the bases, free school and free church, are wanting, and all the forms of liberty, material, religious, and political are incomplete. &amp;quot; The decimation of families by the wars of tho Roses, was a work of necessity and mercy. The vices of Henry VIII, were doubtful national blessings, for although they led to the loosening of the despotism of Rome they identified the State with formalism. The victory of nobles over kingship was a victory for the people over both, for it was an advance towards Democracy. The battles of Cromwell vindicated the principle of national sovereignty. All other causes, however, were comparatively of slight effect, until in the fulness of time the steam-engine lifted the labourer from the earth and re-created commerce. The effect of this was threefold. 1st: Capital has increased faster than population, and the great problem which Mr. James Mill and others seemed to consider insoluble, has been solved in the interests of the people. 2nd: Commerce unites in interest and action two of the most powerful forces of States. Labour created capital?capital is recognised as power, and power produces equality or revolution. 3rd: This union of labour and capital, of the many and the all, is destined to match and overcome that other alliance between the new aristocracy of wealth and the old .aristocracy of birth, which has been the mainstay of oligarchy in England. This union draws nearer and closer year by year, lt must promote a more equal distribution of material advantages and of power; and will avoid on the one hand poverty, and on the other that spirit of extreme luxury, the antagonist of the real spirit of commerce. This new power must really favour Democracy, not only in politics but in religion. For a true Protestantism (endowed or enforced Protestantism is a contradiction in terms) is the religion of individual freedom and responsibility as opposed to a religion of . form, force, favour, or proxy. The power thus created has closed the era of reaction, which began with the return of the Stuarts and ended with the Reform Bill, lt has gained two great victories,?free press and free assembly. It has partly gained four others?Parliamentary Reform, Free Trade, Free Schools, and Direct Taxation. Thus the power that was held by the one, the few, and then by the many, is now passing to the all.&amp;quot;?On Democracy, p. 346. The material, religious, and political aspects of Democracy in England are then passed in review by Mr. Partridge. &amp;quot;Material freedom,&amp;quot; he says, &amp;quot;means also equality. It means freedom to get, to spend, and to save wealth. In other words, freedom of trade, direct taxation, and economical and honest government. All three are inextricably bound up together as a free system.&amp;quot;?On Democracy, p. 349. Of free trade nothing need be said; it is an established scientific principle, and direct taxation, or the payment of the public burdens in a manner by which a knowledge of their amount may be acquired, and extravagance curbed, is fast being removed from debateable ground. Mr. Partridge suggests that a &amp;quot;capitation tax should pay for personal protection, and a graduated property-tax for protection to property.&amp;quot; The present distribution of taxation among us is eminently unjust, and a redistribution of it will probably be one of the first questions which a reformed parliament will have to entertain. &amp;quot; The following is an approximate calculation lately published, and founded upon the revenue for the year ending March 31st, 1864. 1st: Taxes from which landed property is entirely exempt; fire insurance, probate duty, carthorse duty, 3,367,3S0?. 2nd: Taxes so arranged that land shall escape its due proportion; legacy and succession duties, 2,251,580?. Income tax, 9,101,994?. Of the latter, landowners under schedule A. probably pay about one-third, or say 2,730,000?. Of the former also one-third, or 750,000?. 3rd : Taxes falling chiefly upon the wealthy upper and wealthy middle classes, 4,928,741?., of which land probably pays half, or 2,500,000?. These taxes aro such as stamps, wine duty, game certificates, &amp;amp;c. 4th and 5th: Taxes injuring trade, and falling upon the smallest middle classes and the working classes?tea, sugar, malt, tobacco, licences, &amp;amp;c, 29,480,036?. Spirits, 12,685,401?. Supposing there to be six millions of families in the country, it may be assumed that the land-owning class would not contribute more than the average rate of corn, malt, tobacco, licenses, and spirits, or 4?. 10s. Sd. per family. On tea, sugar, and all the other items of this class, the average is 2?. 10s. The landowner&amp;apos;s family may consume five times the average, or 12?. 10s. each. Multiply 17?. by thirty thousand landowning families, the result is 510,000?. 6th, 7th and 8th: Post Office, 3,937,308?., of which landowners pay but a fraction, say 300,000?. Hereditary revenue, land tax, crown lands, &amp;amp;c. 1,660,416?. Miscellaneous 3,309,035?., such as contributions from Indian revenue, old stores, &amp;amp;c. Hence it appears, that of a total revenue of 70,721,891?. landowners contribute about 8,450,416?.&amp;quot;? On Democracy, pp. 353, 4. The arguments against an established church are so conclusive and have been so frequently repeated, that they have become almost truisms. The choice is open to the State either to endow all religions or to endow none; no other course is logical, and it is needless for us to say which we should prefer. Passing, therefore, over Mr. Partridge&amp;apos;s remarks upon religious liberty, we come to his view of political liberty. He says :? &amp;quot; Political freedom means tbe franchise. It means free trade in land; a just settlement law for tho poor, and equality, the essence as we have seen of Democracy, in the distribution of seats and of electoral power. It means the rule of a majority of the whole educated people. It means that large, religious, and powerful minorities shall no longer be outraged by the rule of sections. It means that the large and living towns shall no longer be reduced to negations by dead and dirty acres, and by old and foolish squires, lt involves both free acquisition and free use of political power.&amp;quot;?On Democracg, p. 362. Mr. Partridge advocates the ballot; our observations upon the system of personal representation, which is incompatible with it, show that in this we cannot join him. The practioe of secret voting has been called un-English ; but since it has been adopted in every club in Great Britain, this we think is a misnomer. That it is very frequently abused in a dishonest and cowardly manner, the experience of almost every association in which it has been admitted, amply proves; and that in the present state of society it is unnecessary as a protection to the voter, and is in itself unwholesome, we certainly believe. The good and evil of political privilege must be taken together, and those who will undergo no inconvenience for its sake, are not likely to employ it worthily for themselves or beneficially to the community. We should willingly have spoken of some other features of Democratic government, especially of the creation of a second chamber in the Legislature, and of the nature and limitations of the Executive. A senate composed of those who had long and honourably discharged the higher offices of State, judicial and otherwise, and of some who were eminent in various departments of speculation, selected by the Executive, and holding their appointments for life, would be a most useful and important element in a well-balanced Democracy ; and the plan adopted in the United States of electing a President every four years, who removes all existing functionaries, and fills up their places with his own inexperienced supporters, appears so calculated to operate evilly upon the public service, that we think almost any other expedient preferable to it. By the Reform Act of 1867 our government will become a Democracy de facto, and it is certain that in time it must become a Democracy de jure. The new wine has already been pressed : and it has been said,?Men do not &amp;quot; put new wine into old bottles : else the bottles break, and the wine runneth out, and the bottles perish : but they put new wine into new bottles, and both are preserved.&amp;apos;&amp;apos;</FullText> </Record>