<?xml version="1.0" encoding="UTF-8"?>
<Record> 	<Version>Record_v1.0.xsd</Version> 	<RecordID>4464793</RecordID> 	<DateTimeStamp>20180928135325</DateTimeStamp> 	<ActionCode>change</ActionCode> 	<RecordTitle>BELLES LETTRES.</RecordTitle> 	<Publication> 		<PublicationID>2287</PublicationID> 		<Title>Westminster review,  Jan. 1852-Jan. 1914</Title> 		<Qualifier>London</Qualifier> 	</Publication> 	<Publisher>John Chapman</Publisher> 	<Volume>135</Volume> 	<Issue>1</Issue> 	<AlphaPubDate>Jan 1891</AlphaPubDate> 	<NumericPubDate>18910101</NumericPubDate> 	<SourceType>Historical Periodicals</SourceType> 	<ObjectType>Review</ObjectType> 	<Contributor> 		<ContribRole>Editor</ContribRole> 		<LastName>Chapman</LastName> 		<FirstName>John</FirstName> 		<PersonName>John Chapman</PersonName> 		<OriginalForm>Chapman, John, 1822-1894</OriginalForm> 	</Contributor> 	<LanguageCode>ENG</LanguageCode> 	<ISSN>2044-6853</ISSN> 	<StartPage>217</StartPage> 	<EndPage>224</EndPage> 	<Pagination>217-224</Pagination> 	<URLDocView>http://search.proquest.com/docview/4464793/</URLDocView> 	<Products> 		<Product> 			<ProductID>1007574</ProductID> 			<HasFullText>true</HasFullText> 		</Product> 		<Product> 			<ProductID>1009130</ProductID> 			<HasFullText>true</HasFullText> 		</Product> 		<Product> 			<ProductID>10000001</ProductID> 			<HasFullText>true</HasFullText> 		</Product> 		<Product> 			<ProductID>10000297</ProductID> 			<HasFullText>true</HasFullText> 		</Product> 	</Products> 	 	<FullText>BELLES LETTRES. ONE is tempted to draw a comparison between Mr. Saintsbury&amp;apos;s Essays in English Literature from 1780 to 1860,&amp;apos; and his History of Elizabethan Literature front 1560 to 1660. But a moment&amp;apos;s reflection suffices to show that such a comparison is out of place. The present volume does not profess to be a &amp;quot; history &amp;quot; of English letters during the period indicated, but simply a sheaf of magazine articles, originally detached and now brought together in a more abiding form. Still, when one recalls Mr. Saintsbury&amp;apos;s memorable and luminous criticisms on the great Elizabethan writers, it is rather tantalising to I Essays in English Literature, 1780-1860. By George Saintsbury. London: Percival &amp;amp; Co. 1890. find that in the volume before us le passes in silence the great names between 1780 and 1860, and seems only to be attracted by the lesser lights. Nevertheless, his volume of Essays is charming, and, interspersed with delightful literary causeries, contains a body of sound, well-reasoned criticism, such as, in our opinion at least, it would be difficult to equal in the critical essays of contemporary reviewers. The authors dealt with are Crabbe, Hogg, Sydney Smith, Jeffrey, Hazlitt, Moore, Leigh Hunt, Peacock, Wilson, De Quincey, Lockhart, Praed, and Borrow. The collection is prefaced by an introductory essay, on &amp;quot;The Kinds of Criticism,&amp;quot; written expressly for the present issue. Though, in his entree en matiere, Mr Saintsbury tells us that, for his part, though he should like to have the complete works of every author of merit, he should care little to know anything whatever about his life -a sentiment in which we cordially share -he has yielded to the fashionable craze for biographical details, by prefixing to his critical remarks a short sketch of the life and character of each of his subjects. Of course, the Essays differ in interest, but the difference, we are inclined to think, lies more in the subject than in the treatment, which is wonderfully equal. For ourselves, we should place first the Introductory Essay, and after that the Essays on Hazlitt, on Crabbe, on Lockhart, and on Borrow. The one defect in the volume is an index so imperfect as to be practically useless. A Marked Man&amp;apos; is an unusually powerful novel; but, on thinking it over, one perceives that nearly all its power lies in the characterisation of &amp;quot;&amp;apos; the Marked Man.&amp;quot; All the other personages are commonplace enough; some are little more than vieux clichks-for instance, the squire and the parson-in others there is an attempt, more or less successfully carried out, at individual presentment, as in the case of the daughter of &amp;quot;1 the Marked Man,&amp;quot; and, in a less degree, that of her lover; but, after all, they are rather delineations of current types than creations. &amp;quot; Richard Delaval,&amp;quot; on the contrary, is a great and original creation. In some ways he vaguely recalls &amp;quot;R ochester &amp;quot; in Jane Eyre. There is the same dominating force of character, the same intense, absorbing, and romantic love. But Miss Cambridge&amp;apos;s hero has none of the melodramatic touches which disfigure and belittle &amp;quot; Rochester &amp;quot;; and then there is between them that &amp;quot;altogether infinite difference,&amp;quot; which, as Carlyle truly said, divides a good man from a bad one. Take him for all in all, &amp;quot;Richard Delaval, the Marked Man,&amp;quot; is one of the most striking and touching figures in contemporary fiction. We should be sorry to say a word in disparagement of Miss Jessie Weston&amp;apos;s &amp;quot; Story of New Zealand Life.&amp;quot; Why she has given 1 A Marked Man: Sme b~isodes in his Life, By Ada Cambridge. In three vol. London: Heinemann. 1890. it the swelling sub-title of A Cycle of Cathay.&amp;apos; we do not presume to guess. The book is what she herself has called it in her prefatory note-&amp;quot; a simple little tale.&amp;quot; Its strongest recommendations are the author&amp;apos;s evidently intimate knowledge of the now dwindling Maori race, and her unfeigned delight in the scenery of what is apparently her native land. From &amp;quot; Heinemann&amp;apos;s International Library &amp;quot; we have The Chief Justice,2 by Emil Franzos, with an Introduction by Mr. Edmund Gosse, by which we learn that the author of The Chief Justice (Der Prtisident) is a Polish Jew, born in the remote Austrian province of Gallicia; that he has produced several remarkable ethnographical studies, and has attained throughout Germany to some celebrity as a novelist. The Chief Justice is certainly a work of considerable pdwer. Its principal fault, in our judgment, is that its moral tone is too intense. No doubt the whole chain of events which it narrates is deeply tragic from the first link to the last; but the main cause of the tragedy seems to lie not so much in the essential nature of the events themselves as in the spirit of uncompromising rigidity in which they were met. Nothing absolute is possible in so strange a jumble as human life-absolute justice, perhaps least of all. When once a man has the misfortune to become possessed by such a false ideal-false, because inapplicable-all things for him turn to tragedy. To substantiate this criticism would involve the recapitulation of all the chief incidents of the story; and even then no wvell-founded decision could be reached without reading the book. We prefer to leave the question as it stands, for even if the tragic fate of the Chief Justice be, as we have suggested, the necessary outcome of the qualities with which the author has invested him, he is in any case a noble character finely drawni. We cannot speak in high terms of Mr. Miles Corbet&amp;apos;s translation ; he too often falls into a slipshod sort of English, using trivial colloquial phrases where they are utterly out of place. Our last stricture is addressed neither to author nor translator, but to the editor, or, perhaps, the printer. It is on the adoption of such hateful innovations in spelling as &amp;quot; honor &amp;quot; for &amp;quot; honour,&amp;quot; &amp;amp;c. The Laurel Bush&amp;apos; is indeed &amp;quot; An Old-fashioned Love Story,&amp;quot; but it is love of a kind too rare ever to be fashionable. The author&amp;apos;s ideal of true love deserves to be quoted in her own words. &amp;quot; What,&amp;quot; she asks, &amp;quot;is the inexplicable attraction that makes certain people seek one another, suit one another, put up with one another&amp;apos;s weak&amp;apos; Ko Meri; or, a Cycle of Cathay. A Story of New Zealand Life. By Jessie Weston. London: Eden Remington. 1890. 2 The Chief Justice, A Novel. By Emil Franzos. Translated from the German by;MilesCorbet. London: Heinemann. 1890. s The Laurel Bwuh: An Old-fashioned Love Story. By the Author of John Halifa~r Gentleman. London: Macmillan. 1890. nesses, condone one another&amp;apos;s faults, and, to the last day of life, find a charm in one another&amp;apos;s society which extends to no other human being ? Happy love or lost love, a full world or an empty world, life with joy or life without it-that is all the difference, which some people think very small, and that it does not matter; and perhaps it does not-to many people. But it does to some.&amp;quot; This soberly worded description, so absolutely true, is worth &amp;quot; a wilderness &amp;quot; of philosophisings and &amp;quot; Physiologies de l&amp;apos;amour.&amp;quot; The story in which this abiding, clinging, mutual affection is seen in action is, in a quiet, shadowed way, both graceful and romantic. Being short, it does not bring iuto prominence the author&amp;apos;s besetting tendency to dwell unduly on heavy uneventful periods of gloom and reverse-periods which have to be lived through, but need not be minutely chronicled. Fra Lippo Lippi&amp;apos; is emphatically an edition, dc lazxe. Its refined artistic covers, the perfection of the type and paper, and the extreme beauty of the numerous illustrations, do honour to &amp;quot; The Knickerbocker Press.&amp;quot; And Miss Margaret Vere Farrington&amp;apos;s &amp;quot; Romance &amp;quot; is quite in keeping with its sumptuous mounting. It abounds in local colour, indeed there might be thought to be too much of it, but that-in a work of this particular class, local colour is all in all, and the story but an adjunct. Nevertheless, Miss Farrington weaves her touching little love story into the known facts of the great painter&amp;apos;s life with no little skill and grace. It is a charming book inside and out. The Spanish Poniard&amp;apos; is far more than an average performance. The opening chapters are especially bright and gay, giving us a glimpse of that Merry England whence issued the bold, light-hearted &amp;quot; Gentlemen Adventurers &amp;quot; who followed Drake and Frobisher to the Spanish Main. But already-in the early years of Charles the First -the temper of the nation was changing. The Puritan leaven was working. This period of transition is well treated by Mr. Pinkerton. He is especially happy in depicting that most dangerous type of fanatics who, counting themselves &amp;quot; vessels of wrath,&amp;quot; doomed from the beginning to everlasting perdition, yet nourished a sombre pride in being the chosen instruments of divine vengeance. In this selfimposed &amp;quot; mission &amp;quot; they found an outlet for their ferocious instincts, and for the gall which they had secretly (sometimes unconsciously) amassed against all who were better placed than themselves. One may fancy Robespierre, if he had lived under the same influences, being animated by the same spirit. The story itself is perhaps the least remarkable thing in the book. It begins romantically, but Era Lippo Lippi. A Romance. By Margaret Vero Farrington. With fourteen Photogravure Illustrations. G. P. Putnam&amp;apos;s Sons. 1890. &amp;apos;2The Spanis1. Pcrnard; * jei the Story of the Remorse of Ambrose Drybridge. By Thomas Pinkerton. London: Swan Sonnenschein &amp;amp; Co. 1890. dwindles as it proceeds; and, after the battle of Edgehill, so much end as fade away, like a picture projected from lantern. We have received a copy of a cheap one volume edition of Tiw Bondrnan,&amp;apos; Mr. Hall Caine&amp;apos;s so-called New Saga, just issued by Mr. Heinemann. The type is rather small, and the lines somewhat close set; but of course such things are inevitable when so voluminous a work as The Bonddman is compressed into one moderate-sized volume. It so happens that we have never till now read, or tried to read, any of the novels bearing the well-known signature of &amp;quot; Florence Marryat,&amp;quot; but if Brave Heart and True 2 is a fair sample, we are not surprised that they do not suit all tastes. The whole texture of the work seems to us extraordinarily flimsy, and not a little coarse. No good purpose would be served by stating our opinion at greater length. Florence Marryat has long had a certain reputation as a novelist, and if her writing is savourless-or worse-to us, the fault may be ours. We will not close this rather surly notice without a word of well-deserved praise to the publishers for the admirable finish with which the book is put out of hand. The attractive exterior, the handy size of the volumes, the smooth opaque paper, and the beautifully clear, sharp type, all deserve mention. And the machine-cut pages! Never was there an innovation at once so rational and so welcome. Thais 3 is a highly successful example of a class of fiction that rarely succeeds. Mr. Saintsbury cites Hypatia as the only modern novel purporting to depict a period of remote antiquity in which the characters really live and breathe; and in Hypatia he perceives that Kingsley has obtained his effect by a bold importation of modern ideas and sentiments. Thais, however, is not less living than Hypatia, yet the tone of thought and feeling is strictly that of the age of Constantine. The scene is laid partly in the Lybyan Desert, partly in Alexandria. Nothing can be more vivid, nor, we think, more faithful to historic truth, than the opening description of the Cenobites. The disastrous effects, on a young and ardent nature, of the life of solitude and self-immolation, passed in vain strivings after communion with the unseen, are powerfully illustrated by the hallucinations (resembling those of diclirilt tremi&amp;apos;ns), the spiritual pride verging on insanity, and the profound selfdeception which characterise &amp;quot;Paphnuce,&amp;quot; the hero of the story; while the same abnormal existence falls harmless on &amp;quot; le Frere Pal6mon,&amp;quot; a simple, uneducated, old peasant, who peacefully culT/ae Boadmnan; A New iSaga. By Hall Caine. London: Heinemann. 189&amp;apos;. 2 Brave Hleart and True. A Novel. By Florence Marryat. In tbree vols. London: F. V. White &amp;amp; Co. 1890. 3 hMS&amp;gt;. Par Anatol France. Paris; Calmann Livv. 1890. tivates his garden, and shows forth his love of God by making friends and companions of all the birds and beasts that people the surrounding wilds. Thais herself is a thoroughly living creation. Her mode of life, her social status, her career, from her squalid, crapulous childhood, up to the moment when her dazzling beauty burst on the astonished world of Alexandria, and laid it captive at her feet-all this is told with the glow and the solidity of life, yet no jarring note of modernness occurs to weaken the illusion. There is one scene that calls for special commendation; it is a banquet in an Alexandrian palace. The guests, all men of mark, are disciples of the various schools of contemporary philosophyEpicureans, Cynics, Stoics, and even Aryan Christians, whose tenets widely prevailed in the Alexandria of that day. As the banquet proceeds, each sets forth, eloquently, yet simply and naturally, his theory of life. The dialogue is most brilliant, and the whole scene strikes us as a triumph of erudition and reconstructive imagination. But the whole book, from its strange opening scene to its ghastly de&amp;apos;nouement, is an unusually fine piece of work. In most French novels-notably in Hector Malot&amp;apos;s Batailles (lu Mariage, the hero-or, to speak more exactly, the lover-is a libre-penseure-for the most part, un ingdnieur-overflowing with noble and chivalrous sentiments, but entirely secular; and his rival, le bon jeune homme, protected and tutored by the Priests, is the villain of the piece-a very Tartuffe. In M. Ch. d&amp;apos;Hericault&amp;apos;s Roman d&amp;apos;un Propridtaire all this is inverted. The villain is that bWte noire of the cldricaux-a franc-mafon, while the &amp;quot; Propri6taire,&amp;quot; who, telling his story in the first person, is his own hero, is an out-and-out calotin. He has his &amp;quot;directeur,&amp;quot; goes dutifully to mass and &amp;quot; confesse,&amp;quot; spends each year a certain number of days &amp;quot; en retraite,&amp;quot; and has served in the Papal Zouaves. Yet he is full of all manly virtues-brave, sincere, honourable, and kind, and though unaffectedly devout, not a bit sanctimonious. The only flaw in this entirely worthy soul-and perhaps it is a flaw only in profane eyes-is that he is par trop naSf. Sometimes, instead of sympathising in his grief, one is inclined to laugh at him; for he is (to use a homely English phrase) always &amp;quot; putting his foot in it &amp;quot; from pure simplicity and trustfulness. However, &amp;quot;(All&amp;apos;s well that ends well,&amp;quot; It is an interesting story with a happy ddnouentent, and the life of so pure and excellent a being as &amp;quot; Philippe d&amp;apos;Ecaux&amp;quot; is surely fit reading even for the traditional &amp;quot; jeune personne.&amp;quot; Le Bisco,&amp;apos; by M. Lucien Biart, is from the &amp;quot; Nouvelle Collection,&amp;quot; in course of issue by Messrs. Charpentier, the well-known publishers of the Rue de Grenelle. The object of the &amp;quot; Collection&amp;quot; is to &amp;apos;Le Roman dsun Proprietaire. Par Ch. Hericault. Paris: Perria et Oie, 1890. 2Le Bieco. Par Lucien Biart. Avec un deusin de Poirson. Paris: Charpentier. 1890. supply a class of fiction free from all offence, without being, like too many French moral tales, insipid and &amp;quot; namby-pamby.&amp;quot; If Le Bisco (in English, The Squinter) may be taken as a fair sample, Messrs. Charpentier have tapped the desired vein; for, while containing no hint of impropriety, the book is full of brightness and movement-a stirring tale of love and adventure, amid Mexican plains and sierras. The actors in the drama are Spanish hacienderos and vacheros, as wild and picturesque as the scenes amidst which they live. Asaride a Quinze Ans 1 is from the &amp;apos; Bibliothbque des Mores de Famille.&amp;quot; It may be warranted safe reading for any one who cares to read it; but if fiction is written with a view to being read, it should have some other qualities besides harmlessness. Even a mWrc de famille may, en tout bien toit honneur, &amp;quot; long for a sniff of the rocks and valleys,&amp;quot; as an old lady in one of Trollope&amp;apos;s novels said s7h did; and fiction that, in one form or other, does not tend to give satisfaction to that most natural craving, &amp;quot; has not the root of the matter &amp;quot; in it. Les Boutons de Rose&amp;apos; is M. Adolphe Belot&amp;apos;s chant da cygne. While we were reading it for review, we saw the announcement of his death, from a sudden attack of congestion of the lungs. We &amp;quot; could have better spared a better man,&amp;quot; for he had the enviable gift of taking his readers out of themselves-the very opposite effect from that produced by French novelists of the younger school. Les Boutons de Rose is not in M. Belot&amp;apos;s usual vein: it is not a tale of mysterious crime and its ingenious detection. It is a comic story, turning on M. Nacquet&amp;apos;s law of divorce, of which it is a sort of reductio ad absurdum. A certain M. de L- is its hero. He is an enthusiastic adorer of the fair sex, but quelque peu maniaque. His peculiar mania is Les Boutons de Rose. No sooner has the lovely bud fully unfolded its petals than it becomes, not merely uninteresting, but positively distasteful in his sight, and he yearns for a fresh bouton de rose. At the same time, he holds in horror les faue menages. A constant change of liaisons, yet each in its turn legitimate, seems an insoluble problem, or soluble only after the manner of Bluebeard, or King Henry VIII.; but M. de L-- accomplishes it by skilful manipulation of the new law of divorce. His conjugal adventures, as told by himself, are undoubtedly amusing, though, as may be imagined, his narrative tends at times to become scabreusl. But he is an adept in the art of conveying his meaning without offence. He says himself, gazer, c&amp;apos;est nwn genre. We regret to see the name of &amp;quot; Claude Larcher&amp;quot; once more appearing on M. Paul Bourget&amp;apos;s title-page. He is not at his best 1 Maried AQuinze An&amp;amp;. Par George M. Vallon. Paris: Firmin-Didotet Cie. 1890. 2 Lee Bouton. de Rose. Par Adolphe Belot. Paris: Dentu. 1890. when he writes under the pseudonym of the supposititious author of Mensonges. Three years ago, we said what we thought of that hideous travesty of love whose symptoms are so minutely recorded in Mensonges. Without reopening the controversy as to the possibility of either profit or pleasure accruing from bringing to light such foul recesses of perversity, we will but add that such manifestations of sexual passion as &amp;quot;Claude Larchers &amp;quot; are more like the &amp;quot; loves&amp;quot; of the Alaska seals, as described by Darwin, than like anything human. Indeed, from certain passages in the Physiologie,&amp;apos; we gather that some idea of the sort has struck M. Bourget himself. Still, though wve may, and do, think M. Paul Bourget&amp;apos;s theme unworthy of him, we accord unstinted admiration to his manner of treating it. In Un Cceur de Femme he explored the secrets of hearts that at least were worthy of analysis. Here the analytical process is too much like stirring mad. But whatever is his immediate subject, M. Paul Bourget never fails to scatter broadcast over his pages profound thoughts and traits of keen observation. In Le Passe,2 Henry Gr6ville has once more produced a work worthy to take rank with &amp;quot; Le Violon Russe &amp;quot; or &amp;quot; Les Epreuves de Raissa.&amp;quot; No more accurately descriptive title than Le Pass6 could have been chosen. It foreshadows, and in some sort epitomises, the forthcoming story, in which, as in real life, the inexorable past shapes and determines the present and the future. The way in which this logical sequence of events is carried out, modified only by the idiosyncrasies of the human links in the chain, is one of the great merits of the book. Another and not less signal merit is the great skill displayed in the conception and delineation of character. Each of the leading personages in the drama is a solid reality; highly complex and many-sided, as men and women are, but never shadowy or ill-defined. It need hardly be said that the story is infinitely sad; the very title foretells that. But at least the sorrows that claim our sympathy are such sorrows as can fall only on noble, generous natures. I Phyuiologie de l&amp;apos;Amour 3olerne. Fragments postbumes d&amp;apos;un ouvrage (le Claude Larcber. Recuefilis et publi~s par Paul Bourget, son executeur testamentaire. Paris: A. Lemerre. 1891. 2 Le Paued. Par Henry Gr&amp;amp;ille. Paris: E. Plon, Nourrit et Cie.</FullText> </Record>