<?xml version="1.0" encoding="UTF-8"?>
<Record> 	<Version>Record_v1.0.xsd</Version> 	<RecordID>4477318</RecordID> 	<DateTimeStamp>20180928135242</DateTimeStamp> 	<ActionCode>change</ActionCode> 	<RecordTitle>SPENCER AND HIS CRITICS: A REPLY.</RecordTitle> 	<Publication> 		<PublicationID>2287</PublicationID> 		<Title>Westminster review,  Jan. 1852-Jan. 1914</Title> 		<Qualifier>London</Qualifier> 	</Publication> 	<Publisher>John Chapman</Publisher> 	<Volume>162</Volume> 	<Issue>4</Issue> 	<AlphaPubDate>Oct 1904</AlphaPubDate> 	<NumericPubDate>19041001</NumericPubDate> 	<SourceType>Historical Periodicals</SourceType> 	<ObjectType>Feature</ObjectType> 	<ObjectType>Article</ObjectType> 	<Contributor> 		<ContribRole>Author</ContribRole> 		<LastName>Bueow</LastName> 		<MiddleName>von</MiddleName> 		<FirstName>M</FirstName> 		<PersonName>M von Bueow</PersonName> 		<OriginalForm>Bueow, M von</OriginalForm> 	</Contributor> 	<LanguageCode>ENG</LanguageCode> 	<ISSN>2044-6853</ISSN> 	<StartPage>437</StartPage> 	<EndPage>443</EndPage> 	<Pagination>437-443</Pagination> 	<URLDocView>http://search.proquest.com/docview/4477318/</URLDocView> 	<Products> 		<Product> 			<ProductID>1007574</ProductID> 			<HasFullText>true</HasFullText> 		</Product> 		<Product> 			<ProductID>1009130</ProductID> 			<HasFullText>true</HasFullText> 		</Product> 		<Product> 			<ProductID>10000001</ProductID> 			<HasFullText>true</HasFullText> 		</Product> 		<Product> 			<ProductID>10000297</ProductID> 			<HasFullText>true</HasFullText> 		</Product> 	</Products> 	 	 	<FullText>SPENCER AND HIS CRITICS: A REPLY. To all admirers of Spencer the harsh verdict recently passed on the Autobiography and its writer by leading reviewers doubtless came as a painful surprise and a crude contrast to the just, thoughtful reference by Professor Saleeby?that master of style?iu The Academy?the very organ of that classical culture which the late philosopher, unhappily, underrated?and to sincere though inadequate tributes from other quarters. Scant was the praise awarded to a thinker judged aud esteemed, outside his own country, without reference to his religious or political views, and to the man, as self-drawn. To break a lance for the former must be left to more competent hands ; my purpose is merely to examine, and in part refute, the charges preferred against the latter. Imprimis, his essential and undisguised selfishness, one of the points selected, and identically treated by the eaid critics, was unduly and insistently emphasised. It would perhaps be begging the question, or raising a point of controversy, to reply, first, that this is a charge never admitted against oneself, but habitually brought, on slender evidence, against our fellows, more particularly against autobiographers, whose work must be largely a self-analysis, though not necessarily a self-eulogy. Secondly, that egotism, becomingly masked or modified by other considerations, largely of expediency, is the mainspring of three-fourths of the actions of humanity, to which fallible genins even philosophers belong: thirdly, that this instinct is a natural, sane and wholesome one? the main ingredient of ambition and many other virtues?and detrimental only in a primitively crass or morbidly misanthropic form. Measured, then, by the standard of altruism, Spencer may yet be acquitted on this count, in the absence of adequate proof of excessive self-interest, self-indulgence, and self-esteem on his part, unless a knowledge of his own intellectual capacities, and equally?with a few exceptions?of his limitations, be characterised as &amp;quot;selfesteem.&amp;quot; In our self-advertising days, when self-confidence is a common and valuable equipment to mere mediocrity, we must concede to actual genius and talent the consciousness, inherent in every pronounced individuality, of a certain aloofness from the common herd. This knowledge of its own value, coupled with a disregard born of concentration on a single aim, to ordinary obligations, conventions, pleasures, naturally lends colour to the accusation, by a censorious and envious public, of egoism and arrogance in intellectual superiors. In the case of Spencer the charge of selfishness is disproved, the virtue of self-knowledge proved, by the fact that, instead of discreetly concealing or adroitly embellishing his defects, he had the moral courage, in the Autobiography to lay bare his innermost nature to the shafts of any and every reader, prone to prejudices as obstinate and faults as grave as those scrupulously reproduced, nay, obviously magnified, in these pages. Again, his deliberate, methodical ?elf-portrayal, free from dramatically tragic comments, has provoked the suggestion that a real knowledge of his shortcomings ?would have been manifested in a more penitent and shame-faced spirit. There is a certain humour in the association of two such incontrovertible terms as Spencer and meekness: obviously no other method of self-portrayal was possible to his proud and independent spirit. The regrets of a Jean Paul, the fitful remorse of a Carlyle, found fit vent on paper ; Spencer, lacking in tender emotionalism and poetic vehemence, may yet have borne his burden of regrets in silence. Cant being also foreign to his natnre, he did not introduce the selfvituperating fervour of a mission-hall into the logic and lucid calm of a thinker&amp;apos;s life-record. His too honest self-portraiture, however, in the Autobiography does more credit to the philosopher than to the diplomat. On one count he has been justly arraigned?his indifference to a classical, or, let us say, a still wider linguistic training (the key to a storehouse of literary treasure) was a grave defect in a philosopher, ?even if his misplaced independence be largely ascribable to earlier influences. While most of his adverse verdicts on authorities in philosophy and otherwise, miss their mark, being based on the slightest evidence, a few are not only witty and refreshingly original in an age of eulogies and strictures at seoond-hand, bot absolutely just. It takes a Spencer to express frankly conclusions formed intuitively, or on slender evidence, which many unbiased students of philosophy have arrived at, reluctantly and only after conscientious research, e.g., to assert or suggest that one philosopher of repute acts as a sedative even in small doses, or that another repels by his harsh dogmatism. It might indeed be added that the profundity of many philosophers of a century or two since consists in a basis of theoretical absurdity and a superstructure of imposing verbiage, sometimes ambiguous, sometimes absolutely hollow, in oontrast to the valuable matter and luoid manner which distinguish modern scientific thinkers. Take Plato, best known, even to the unlettered, by the accepted phrase &amp;quot; platonic love.&amp;quot; Excluding a minority, who read certain accepted works of his conscientiously as part of their professional curriculum, it would be interesting to discover what proportion of the well-educated of literary tastes read Plato, save in selections, with pleasure and profit ? Aud what very modest percentage carry on their rambles a pocket edition of Plato&amp;apos;s Parmenides, in place of Shakespeare, Goethe, Marcus Aurelius, Omar Khayyam ? Presumably the critics who were deeply pained at Spencer&amp;apos;s indifference to Plato belong to the second or third category. Philosophy, though nominally an abstruse science, need never be misty or ponderously dry, and Plato&amp;apos;s cloudlaud could never have appealed to Spencer&amp;apos;s practical, hypercritical mind, nor could his system of thought, conscientiously examined, have influenced that of the latter to any extent. As obviously, Kant&amp;apos;s arbitrary doctrine must have repelled Spencer, though no grounds of taste justify the latter&amp;apos;s cursory examination or complete neglect of writers acknowledged, with more or less justice, as authorities. As a philosopher, it was his duty to study the works of all his predecessors of any repute&amp;apos;, if only for purposes of comparison, even though their style be hopelessly involved and their theories at times verging on lunacy. Spencer&amp;apos;s incapacity to appreciate Wagner, a master whose pre-eminence is now acknowledged, after harsh and undeserved antagonism, in Germany, and who has gradually gained ground in France and England, though essentially foreign to the spirit of botb, was a regrettable defect. Passing from the domain of music, where opinions diverge widely, to that of literature, Spencer&amp;apos;s is surely the only dissentient voice regarding such giants as Homer, Shakespeare, Goethe, whether the former&amp;apos;s adverse criticisms refer to essentials, or to accidents, such as minor features of style or imputed &amp;quot; tendencies.&amp;quot; Regarding Goethe, however, purely as a philosopher, it is natural that his &amp;quot; Doctrine of Renunciation&amp;quot; should have repelled Spencer. Not only is it, per se, a comfortless, at best tame and negative, substitute for the broad and bright Hellenic belief, but being, shall we say, Christian or Stoic (and Stoicism was not the representative school of Greek philosophy) it was foreign to the essentially Greek and sensuous spirit of the poet. When we bear in mind that Goethe was no stepchild of nature, but had been trebly endowed with birth and its privileges, beauty, and genius, that, highly receptive to sensnous influences, throughout his life he appreciated to the full all the gifts of the gods, and rightly so, for his mental and physical powers were evenly balanced, and, finally, was as mnch courtier as dramatist, poet, philosopher?the &amp;quot; doctrine of resignation and privation&amp;quot; comes with considerably less force from his lips than from those of an early Christian martyr, monk, or desert philosopher. The gulf, however, between theory and practice has been most fitly expressed by Goethe himself in two lines that have become common property. The charge of prolixity is further preferred against the autobiographer. &amp;quot; Brevity is the soul of wit&amp;quot; and of poetry, and is a recommendation even in a novel, however clever; bnt an autobiography, practically an enlarged diary, belongs to another category, and if Spencer sins, it is in very good company. The multiplicity of detail is censured, but philosophers are not always on stilts, and occasionally give utterance to their hopes and regrets, plans and small vanities in a journal or in confidential correspondence, and even minor personal domestic details, will be read with interest by those actually in tune with the writer&amp;apos;s individuality, and those who, valuing any special achievement, are curious to learn something of the inner workings of the personality which inspired it. The work will be read by many with pleasure and profit, and even the Philistine, to whom tolerance and humour are foreign, and who is unaccustomed to the explicit recital of human emotions aud motives, unless conventionally idealised?if he take up the book at all?can obtain the genuine and piquant gratification of discovering sundry &amp;quot; spots on the face of the sun.&amp;quot; The George Eliot episode, coupled with a certain remark of the autobiographer, has engaged attention, and been conventionally treated in several quarters. Spencer&amp;apos;s attitude towards her was absolutely reasonable, for calm and friendly intellectual intercourse does not presuppose tender sentiments, a grande passion, or matrimonial intentions. If his oft-quoted observation on &amp;quot; beauty &amp;quot; had any personal bearing at all, it signified that one woman&amp;apos;s learning, exquisite literary art, and high ethioal qualities?features that command esteem and admiration?could not reconcile him to absolute plainness, an effective barrier to passion or tenderness, thus proving that even philosophers may possess the aesthetic faculty. Even the ordinary male prefers, c&amp;amp;teris paribus, or, perhaps, as the alternative to intellectual or ethical perfection, a fair share of physical charm in a partner for life. Poets and artists being biassed on this point, let dry and impartial history teach us that beauty, &amp;quot; skin-deep,&amp;quot; or even &amp;quot; culpable,&amp;quot; to those unendowed by the fairy at their cradles, has?even when allied with mental mediocrity, or, as in Imperial Rome, moral decadence?invariably drawn within its magio circle the highest by birth and intellect. If in our own dry, utilitarian, commercial century, this divinity is not yet deposed, so much, happily, of the saving Greek ideal, sane and supreme in every department of life, is still left to us. Surmise has also been rife regarding the wisdom of Spencer&amp;apos;s choice of celibacy, a subject to which he once alludes in a sentence that has a note of doubt and even pathos. Apart from the paramount question of fitness, there is the question of inclination (not to mention certain practical considerations) and there are, aud allays will be, a large percentage of individuals who lack tho bent, unless an exceptionally strong attachment turn the scale, for the holy estate, preferring the inspirations of the studio, the calm of study or cloister, or the broad horizon of the world, to the charms of hearth and nursery. Unhappily, the union of an eminently intellectual with a receptive nature has frequently ended disastrously, the latter seeing too much of the reverse of the medal, that dark side, concealed from the world, of a brilliant personality. Still more so, the union of two keenly-edged indivualities, intellectual equals, for the friction of twin sparks has kindled a consuming fire?as witness the Carlyle manage. Congenial female companionship and personal beauty would have brightened a life that had some deep shadows; whether matrimony would have acted as a mental stimulus in Spencer&amp;apos;s case is another question. Perhaps so, in the absence of paternal responsibilities, for the turmoil of a large family, the recital of the servants&amp;apos; misdeeds, and such common and wholesome features of domesticity would hardly have conduced to the study or practice of philosophy. In default of the right woman, Spencer was scarcely under any obligation, in order to fulfil the conventional British ideal of (churchgoing) domesticity, to espouse the wrong one. A casual allusion of his to children has been instanced as a fresh proof of &amp;apos;* egoism.&amp;quot; The conclusion is absurb, for gentle indifference to, or mild toleration of, children, is a negative and constitutional attribute found not only in the highly learned, in whom exclusively intellectual pursuits have blunted the emotional faculties, but also in many agreeable and kindly individuals of sociable and artistic, rather than domesticated, bent. Though, as a matter of fact, the philosopher frequently showed great kindness towards children, his frank admission does bim as much credit as the ridiculous and detrimental habit of promiscuously embracing any and every child, and the contemptible expedient of assumed enthusiasm, in the presence of their parents, for even commonplace or ill-bred children, does discredit to a percentage of individuals, usually of the female sex. The voluntary celibate, who has recognised his particular sphere of work or pleasure, is the practical philosopher, and a creditable contrast to the thousands who enter matrimony and incur parentage when unfit, physically, temperamentally or pecuniarily. Unsympathetic reference has also been made to Spencer&amp;apos;s &amp;quot; partly imaginary &amp;quot; ill-health. It is well, though difficult, for the healthy to bear in mind that every derangement of the physical acts correspondingly upon the mental, system?to observe a recognised but fallacious distinction?from a mere jar to complete disorganisation, varying from acute pain or total prostration to melancholia, suicidal tendencies, and even insanity. A forcible instance is Carlyle, a philosopher but no stoic, whose particular demon would not be laid by the stock remedies of absorption in intellectual labours and a Spartan rigime?frugal fare and open air and exercise?but practically embittered two lives rich in promise, wrecked his nervous system and accounts for much of the gall in his writings and speeches. T&amp;lt;&amp;gt; underrate the primary immediate, and secondary and far-reaching effects of organic or even of chronic functional complaints, and the disabilities that attend general constitutional delicacy, is a mark either of ignorance or of malice prepense. We need not hazard the unwarranted and uncharitable surmise that Spencer, of all men, posed as a malade imaginaire in middle and later life, because be did not present the interesting pallor or tenuity as coexistent with exemption from physical pain, as are a brilliant flush and muscular force with the earlier stages of grave organic disease. Rather, it redounds doubly to his credit that, in spite of heavy odds, e g., physical disabilities, and the cool reception accorded to earlier works that had cost him time, thought, and research, he manfully continued his quest for troth, a commodity held cheap by the average man?who prefers effete platitudes and pious fictions, or short-lived sensations and quackeries?and acceptable, even to the cultured man, in a diluted form only and in homoeopathic doses. A thankless task in an age when brain, unless immediately convertible into cash, is at a discount, and brawn at a premium. It has been asked, would Spencer have done more wisely to have chosen a more practical and lucrative profession than philosophy, which is out of touch with our commercial century ? Such surmises are futile. As an engineer, he would without doubt have distinguished himself and in due time have acquired wealth and the title which wealth nowadays can buy, as it can buy the entree into once exclusive society, and practically everything save birth and genius. Had he turned his attention to malt or hops, companypromoting, or some other profitable branch of trade, discarding the professions, the material distinctions would have been his still sooner. He preferred the &amp;quot; Eternal Verities,&amp;quot; though the path to the temple, the veil of which has never been entirely lifted, is strewn with thorns, though he had to fight the hopeless fight against stupidity, indifference and bigoted antagonism. And the prize ? Was it worth the struggle, as he asks in one profoundly doubting and despondent sentence ? Perhaps not. Whatever our standpoint towards his particular philosophy, it cannot be denied that he was a man of good birth, high principles, diligent, just, sociable, keenly alive to public interests. &amp;quot; A builder, not a crusader,&amp;quot; as has been well said, Spencer was a clear systematic thinker, absolutely free from that besetting and insular sin?as ineradicable as cruelty?hypocrisy. Heavily handicapped, he gave his best, and no man can do more, if only to be belittled when dead and defenceless, as when living and struggling, and in due time to be forgotten, save by the few. M. YON BULOW.</FullText> </Record>