<?xml version="1.0" encoding="UTF-8"?>
<Record> 	<Version>Record_v1.0.xsd</Version> 	<RecordID>4479399</RecordID> 	<DateTimeStamp>20180928135242</DateTimeStamp> 	<ActionCode>change</ActionCode> 	<RecordTitle>Advertisement</RecordTitle> 	<Publication> 		<PublicationID>2287</PublicationID> 		<Title>Westminster review,  Jan. 1852-Jan. 1914</Title> 		<Qualifier>London</Qualifier> 	</Publication> 	<Publisher>John Chapman</Publisher> 	<Volume>170</Volume> 	<Issue>1</Issue> 	<AlphaPubDate>Jul 1908</AlphaPubDate> 	<NumericPubDate>19080701</NumericPubDate> 	<SourceType>Historical Periodicals</SourceType> 	<ObjectType>Advertisement</ObjectType> 	<LanguageCode>ENG</LanguageCode> 	<ISSN>2044-6853</ISSN> 	<StartPage>8</StartPage> 	<EndPage>8</EndPage> 	<Pagination>8-8</Pagination> 	<URLDocView>http://search.proquest.com/docview/4479399/</URLDocView> 	<Products> 		<Product> 			<ProductID>1007574</ProductID> 			<HasFullText>true</HasFullText> 		</Product> 		<Product> 			<ProductID>1009130</ProductID> 			<HasFullText>true</HasFullText> 		</Product> 		<Product> 			<ProductID>10000001</ProductID> 			<HasFullText>true</HasFullText> 		</Product> 		<Product> 			<ProductID>10000297</ProductID> 			<HasFullText>true</HasFullText> 		</Product> 	</Products> 	 	<FullText>Published 4 times each year in January, April, July, October. The Quarterly Review JANUARY, 1908 I. Nineteenth Century Spain. II. William Blake. By T. Sturge Moore. III. The English Borough. By H. W. C. Davis. IV. Johnson&amp;apos;s Lives. By Professor J. Churton Collins. V. The Religion of Japan. By Sir Charles Eliot, K.C.M.G. VI. Ariosto. By R. Warwick Bond. VU. The Eight Hours* Day in Coal Mines. VIII. The Poetry of Mr. Alfred Austin. IX. The Right to Work. X. The Hague Conference. By Professor Westlake. XI. Greek Temples and Early Religion. By Professor R. Carr Bosanquet. XII. The Jubilee of the Alpine Club. By Sir Martin Conway. XIII. Mr. BirrelTs Record in Ireland. APRIL 1908 I. Caducei. By J. Slingsby Roberts. II. Local Government. III. Greek Papyri and Recent Discoveries. By F. G. Kenyon. IV. Coventry Patmore. By Percy Lubbock. V. Mohammed and Islam. VI. A Famous Eton House. VII. Recent Napoleonic Literature. VIII. The Elizabethan Stage. Illus, by William Archer IX. The Ideas of Mr. H. G. Wells. X. A Genre Painter and His Critics. By Roger Fry. XI. Books and Pamphlets of the Civil War. XII. Gold Reserves. By Edgar Crammond. XIII. The Heroic Ideal of the French Epr By Prof. William Wistar Comfort XIV. Temperance, Justice, and the Licensini Bill. The Edinburgh Review JANUARY, 1908 1. The Government of Subject Races. II. Lady Mary Wortley Montagu. HI. The Origin and Prospects of Gothic Architecture. IV. Bishop Gore and the Church of England. V. The Fallacies of Socialism. VI. Versailles. VII. Heinrich Heine: Emotion and Irony. VIII. Religion in Literature. IX. The Agricultural Position of the United Kingdom. X. The Second Hague Conference, Xl. Queen Victoria&amp;apos;s Letters. APRIL 1908 I. Fenelon&amp;apos;s Flock. II. The Pastoral Industry of the United Kingdom. III. William Pitt, Earl of Chatham. IV. A Dutch Blue-stocking and Quaker of the Seventeenth Century. V. The Modern Angler. VI. Dante in English Literature, from Chaucer&amp;apos; to Cary. VII. Mr. Hardy&amp;apos;s &amp;apos;Dynasts.* VIII. On Ugliness in Fiction. IX. The Politics of Radio-Telegraphy. X. Modem Egypt. XI. The Travels and Poems of Cha Montagu Doughty. XII. Parties and Politics. Leonard Scott Publication Co., 7 Warren Street, New Yorkf</FullText> </Record>