<?xml version="1.0" encoding="UTF-8"?>
<Record> 	<Version>Record_v1.0.xsd</Version> 	<RecordID>4486718</RecordID> 	<DateTimeStamp>20180928135325</DateTimeStamp> 	<ActionCode>change</ActionCode> 	<RecordTitle>EXTRACT OF A FAMILIAR EPISTLE, TO LORD CASTLEREAGH.</RecordTitle> 	<Publication> 		<PublicationID>1588</PublicationID> 		<Title>The Black Dwarf</Title> 		<Qualifier>London</Qualifier> 	</Publication> 	<Publisher>T. J. Wooler</Publisher> 	<Volume>3</Volume> 	<Issue>8</Issue> 	<AlphaPubDate>Feb 24, 1819</AlphaPubDate> 	<NumericPubDate>18190224</NumericPubDate> 	<SourceType>Historical Periodicals</SourceType> 	<ObjectType>Poem</ObjectType> 	<Contributor> 		<ContribRole>Author</ContribRole> 		<OriginalForm>HIBERNICUS</OriginalForm> 	</Contributor> 	<Contributor> 		<ContribRole>Editor</ContribRole> 		<LastName>Wooler</LastName> 		<MiddleName>Jonathan</MiddleName> 		<FirstName>Thomas</FirstName> 		<PersonName>Thomas Jonathan Wooler</PersonName> 		<OriginalForm>Wooler, Thomas Jonathan, 1786-1853</OriginalForm> 	</Contributor> 	<LanguageCode>ENG</LanguageCode> 	<ISSN>2043-149X</ISSN> 	<StartPage>127</StartPage> 	<EndPage>127</EndPage> 	<Pagination>127-127</Pagination> 	<URLDocView>http://search.proquest.com/docview/4486718/</URLDocView> 	<Products> 		<Product> 			<ProductID>1007574</ProductID> 			<HasFullText>true</HasFullText> 		</Product> 		<Product> 			<ProductID>1009130</ProductID> 			<HasFullText>true</HasFullText> 		</Product> 		<Product> 			<ProductID>10000001</ProductID> 			<HasFullText>true</HasFullText> 		</Product> 		<Product> 			<ProductID>10000297</ProductID> 			<HasFullText>true</HasFullText> 		</Product> 	</Products> 	<Terms> 		<FlexTerm> 			<FlexTermName>DerivedSubject</FlexTermName> 			<FlexTermValue>GREAT BRITAIN - Politics and Government - 1817-1824</FlexTermValue> 		</FlexTerm> 	</Terms> 	<FullText>F.XTRAC 1&amp;apos; OF A IAMILIAR EPISTLE, &amp;apos;T0 1(,,RD C&amp;apos;ASTLEREAGH. Thus fIEr mv Lord, I&amp;apos;vC sought to shew, &amp;apos;ml t love for love the people OWe TIoyou, who&amp;apos;vc ever foremost btoodI, lit evcry plan for Eigland&amp;apos;s cgoodl; But so it is, hencath the sun, Alnlikcc ill merit still pursue, Thrwer stranguc, iudeed, then did it shun Tle virtue thalt encirclci you lIn this siad trulh thle cwuise appears, Of nil the slaudcrs Europe hears s Of hv1lislh decIs done ill the land That grave you bcin, of your hand Beingr dipp d in guiltless patriot 1)lood ! As Pitt, your inasler-ficnd, thought -rood ! Mf Ireasoe taught by you her vilaes! Of tnuirdc&amp;apos; WurC ing u y our smiles ! Of all your blundering impudence, And plenteous lack of common sense; And thousand stories just as queer, Which none believe-but those who hear! N or is&amp;apos;t my lord, your light alone, That malice scowling gazes onShe&amp;apos;d dim the bright satellites That sparkle in your mightier blaze! AtCANNI NGfirst she aims a dart To pierce thro&amp;apos; him, your feeling heart! Of him the vilest tales are told, (I)isbanded falsehood&amp;apos;s fresh curolI&amp;apos;dO,) We know he holds in utter scorn The wretch who is a plebeian born; Mimself being, of a lineag~e good, Beginning long before the flood! NoW nalice swears that George wouuld smnother Trhc existence of a pension&amp;apos;d mother; W ho once, it seems, to make things meet, Had walk&amp;apos;d the stage-but not the street! That his papa-but slander&amp;apos;s there At fault, the Lady&amp;apos;s self could iwe&amp;apos;cr Affirm (so many dears she had) ExaIctly who was Georgy&amp;apos;s dad; &amp;quot;[&amp;apos;is said a Thespian prince; but rather Than ov. ii he sprang from such a sire, Ile&amp;apos;d claim the devil for a father, As ItE is both a prince and liar! NCX&amp;apos;t SIDM(UTn suflcrs! he so swift T&amp;apos;o rive tlie sufferitig wretch a lift! Yet malice paints ilim as a devil, The friend and councillor of evil! Whose heart&amp;apos;s as brother KETcIlIs callouxs! Whose state precep(or is-thc gallows! Hence when our charter&amp;apos;d liberty Aga,;inst his sovereimn will olfendcd, &amp;apos;Twas dooin&amp;apos;d, in Newvggale still, to be First niock&amp;apos;d with prayers, and then-suspendti: Thus slander; but she idly rails, While gratefully his country hails IHer Sidmouth&amp;apos;s remedy superior, To cure complaints of the interior, Occasioned by a paper diet, (WiVll DOCTOR SS 1 OP himself deny it!) T&amp;apos;hie medicine&amp;apos;s called SIDNIOUTH&amp;apos;S drops An(l given with hearly-chokes and capers! And such their strength, one often stops Trhe breath, as see the )ublic papers &amp;apos;_ SID&amp;apos;S panacea&amp;apos;s famed for this, It never can )c given amiss, For if the patient be NOT ill Yet gets a drop, he never will ! Theu ye that feel your health impair&amp;apos;d, By toying with the Banle nymph fraily, &amp;apos;I&amp;apos;ry Si DIOUTI I&amp;apos;s patent drops, prepared By KETCH and Co., Dropmen, Old Bailev. (To be continued.) IIIBERNICt&amp;apos;:-. leracick Street,</FullText> </Record>