<?xml version="1.0" encoding="UTF-8"?>
<Record> 	<Version>Record_v1.0.xsd</Version> 	<RecordID>4487038</RecordID> 	<DateTimeStamp>20180928135242</DateTimeStamp> 	<ActionCode>change</ActionCode> 	<RecordTitle>STATE OF AFFAIRS IN FRANCE.</RecordTitle> 	<Publication> 		<PublicationID>1588</PublicationID> 		<Title>The Black Dwarf</Title> 		<Qualifier>London</Qualifier> 	</Publication> 	<Publisher>T. J. Wooler</Publisher> 	<Volume>4</Volume> 	<Issue>25</Issue> 	<AlphaPubDate>Jun 28, 1820</AlphaPubDate> 	<NumericPubDate>18200628</NumericPubDate> 	<SourceType>Historical Periodicals</SourceType> 	<ObjectType>Correspondence</ObjectType> 	<Contributor> 		<ContribRole>Author</ContribRole> 		<OriginalForm>THE YELLOW DWARF</OriginalForm> 	</Contributor> 	<Contributor> 		<ContribRole>Editor</ContribRole> 		<LastName>Wooler</LastName> 		<MiddleName>Jonathan</MiddleName> 		<FirstName>Thomas</FirstName> 		<PersonName>Thomas Jonathan Wooler</PersonName> 		<OriginalForm>Wooler, Thomas Jonathan, 1786-1853</OriginalForm> 	</Contributor> 	<LanguageCode>ENG</LanguageCode> 	<ISSN>2043-149X</ISSN> 	<StartPage>883</StartPage> 	<EndPage>884</EndPage> 	<Pagination>883-884</Pagination> 	<URLDocView>http://search.proquest.com/docview/4487038/</URLDocView> 	<Products> 		<Product> 			<ProductID>1007574</ProductID> 			<HasFullText>true</HasFullText> 		</Product> 		<Product> 			<ProductID>1009130</ProductID> 			<HasFullText>true</HasFullText> 		</Product> 		<Product> 			<ProductID>10000001</ProductID> 			<HasFullText>true</HasFullText> 		</Product> 		<Product> 			<ProductID>10000297</ProductID> 			<HasFullText>true</HasFullText> 		</Product> 	</Products> 	<Terms> 		<FlexTerm> 			<FlexTermName>DerivedSubject</FlexTermName> 			<FlexTermValue>GREAT BRITAIN - Politics and Government - 1817-1824</FlexTermValue> 		</FlexTerm> 	</Terms> 	<FullText>&amp;apos;. LV.VIII&amp;quot; sk A I A IR. IX i; 1 4.&amp;apos;CI.I DI.C Yclluv&amp;apos; ivarf to thleu BIlck- A s I kw()ov tlh e to 1)t intcrested in 1 iwri .htv ()f , ,e h;81I&amp;apos;:1.: &amp;apos;tkt&amp;apos;i ~II;-t!! sh (batN.1r to hl voll k1iw\ whJ w7t&amp;apos; ;re (ilng iicrc. co, ( . i lh. te (tie F&amp;apos;r}; l; Lid&amp;apos;f9!) *- &amp;apos;!&amp;apos;LC . ?e&amp;apos;) &amp;apos;&amp;apos;&amp;apos;! I ihlet;:SMI e&amp;apos;( to the Ie t, iUl tlhe :.txrsoantc all-l I&amp;apos;lA dabe 11 i&amp;quot;ller 4:afianst Il w prop.oLui *t ot thi1 a W (Aver tions,; IiIl oiit . (ih te? ^P thY:.i (.., tlwv . ve&amp;apos;r e dt .t&amp;gt;^i Zei b3o~tjf}i~t?&amp;apos; oEff t&amp;apos; MIN, v&amp;apos;.1,01 4 1 4 ,.;t.t m2in r .1i teiie- il;a;a:,&amp;amp;&amp;apos;3 whi, aie di il)&amp;apos; A4d1ie timt, O. V!! :;:.s. &amp;apos; i** &amp;apos;:* m!i, tt f t*.* C&amp;apos;,I 34 1 &amp;apos;i-t, ,Af&amp;apos;i If) i,. c s&amp;apos; (;u( e &amp;apos;: !2 t h:zLIAU s t It L ( ;It w-l .m &amp;quot;2V&amp;apos; &amp;apos; 1 &amp;apos;:&amp;apos; It&amp;apos;. ?r&amp;apos; 1;.it &amp;apos; cC. . CI &amp;lt;J)4&amp;apos; It Itra&amp;apos; ,{tt@t;tj 0 t?-v 1(,2V ji d {i~~t~ *Of liX:t ~*;;lt;-}&amp;lt;v t c .^~&amp;apos; l hist t-~ aI&amp;apos;&amp;apos;1e- ;1 &amp;gt;: .. j t[ tV.&amp;apos; ili ;;&amp;apos;. w 1&amp;apos;s. j~ vg (1 d! Xv &amp;apos;_ le | !&amp;gt; &amp;apos;vi l 1:C siI t;Iitt t, ; l rr -&amp;apos;.1 . . (&amp;quot;p. ;! !. flVJ** di} Se Ivu:. , hut 4ill~ ~ tr : ,I &amp;quot;i ;! , l a{I*J *t.lx. is t-.::.3] &amp;quot; .s* ?.C, (&amp;gt;11 hi.r ble :awut\ wti s t Ci C [v 1 i i, ;t ( ji1141 t(l&amp;apos;CE$ th . IwIl&amp;apos;t&amp;apos;d ( ! . 0 * J, (.kalic, &amp;apos; i &amp;apos;. ;}&amp;apos;&amp;quot;tcr&amp;apos;( s In t h 7 (I v I I i: 10; t ; t i s c I is.~lbC iuVVteie&amp;apos;ihi a~n ou N&amp;apos;~ I i!e ( ~X pc~&amp;apos;p~ I1~lve we:) ki 1;!, ~ii% I &amp;apos;,.Icrbi I JI)IeI it is -sta,10 t It I I Ic tilt T- sh:i l ;Ow ,, ot. a i i J et4 I&amp;apos; 12 c~~~m,cIV V.&amp;apos;&amp;apos;1- crl I II,tL2 1&amp;quot; o l cha41 v e kecp8 itiicwtl;t | :t?}i!;1 d c&amp;apos;t(1, &amp;apos;i (1&amp;gt;{ h|ts .iov ,( en ltn f |oe.&amp;apos;}l*r &amp;apos;J&amp;apos;hv~i 1.!4 three ,l- hts { theae kt re.s nott1 bloodshc i te Ls ow y gourim itv I , tpai t tl.e, (w work, lr ;tI mt kiu~t &amp;apos;Ieper Chai-ter- !`--A ftt r 0i&amp;apos;s I, !--k ?*i\,&amp;apos;l jtb;2 s t I -,esse )s l tt*i t l&amp;quot;Sztw -t&amp;apos; rcstr)bl I&amp;apos;ci Idioj lehoe mi1d&amp;apos;&amp;apos; rlitfj, out rhe peoprle arc V* V! I W 4 I &amp;quot;i 4-4 I uivc&amp;apos;. I ci }** 1) v c I i 0 f c -.i l~f v --Jtb} ri{ v bv i X }C1) IC,,Y d ra &amp;apos; pl have I .. i I d .a co--.-iita;c` U11111lelf 1 INta&amp;apos;lrfrom bi; Wemtl l te i&amp;apos;t!.t &amp;quot; C1 i iot I &amp;amp;Ul&amp;apos;wIt. butdeed tidtr 1!c~xds8; ., li,., ig c il s tnditdec&amp;apos;n S; - Ci41 nothe&amp;quot;., bolutd wi( div * k~&amp;apos;;)tilf&amp;apos;; culti &amp;apos;S31d o;f cm}lvs.i; IIi~ ll t ) }w fi-W,;(; 11 ni foe. TLzvil}t tlliee li~rit-s there 1-;.t e^ i noe bloodshicii, hecilu-&amp;apos;e tile goverinlienit, tret.-Tfed nt 6;w&amp;apos;i1- 0111,!| 1~t,11 wcpd hav thow&amp;apos;Il{t proper tob rcstr~ll2 tilhe virdic&amp;apos;U cof ;X. -,: btchelrs. B!tit thle p~e~ople are far from~ bltig&amp;gt; comilt{cted. &amp;apos; =l*;^ 0elt~1. 1 mtb dee(&amp;apos;Ep X&amp;gt;fic u Vewtrcanlce s s meldicitctl?{ ad ii {thinil b~ut &amp;apos;dit opp}&amp;apos;r raised iS 0t&amp;apos;lg When} the ;toriu ttIy btrst,%zO t tbose \shc have&amp;apos;raisel it! &amp;apos;Tev aidi ;ill their alberents will be swept tfont thle face ot the earth, as, the grass falls before the scythe of the iiaower. All i, solleti gloon-i and want of&amp;apos; confidence. The tradesnmeti are ritiined; pr peopic huy iuothbing but meat and drink ! Everv hIing else is at a stand; the funds are kept up by the Mfinisters, to vimisp it to he belicIcd!, that conid&amp;apos; nce is restored by their vigorous nicastires; htut the reception cannot Last long. 1it short, cevry one is waiting. izn awful suspense for the btirstiin&amp;quot; of the impeuudwitig stormi, without knowing pre 4isCl il what qttavter it k to bcg.&amp;apos;i. Ihuev luave at last exe cuted Louvel, zl)o mtm s8t(v ths. stie lettermninewd sang Proid, front beginnintg to cnd. Oit his trial, he rea(d a spceechi prepared by hiisdtf; ill Ilnich I am told, lie diSl)laye(I &amp;apos;very great abilities. Not a word ot it has been allowed to be )ublislhed, but it is reporlte(l that lhe sail, hie gloried in whiat hie hu.id done. The Bourbons wcure ll tuelneies of France, which could never be happy uider their swat ; niud if thev did tlot send them away, there were tlhousands of Frteinchrnen who thouglht as he didi, and whlo would fo.t7w utp lth beon. I sm.aw hitit guillo. lined. On Nis way to the seatfol17, hie looked round with the greatest nuiconcern. 4 )ricst sat besi(1121 him ; but lie would lave nothing t(o i*it lit ile. At the foot ot the bcAlufold, the pricst stop)ixt hip S, so lim fiutcS, b)Ut I am lIol( that LotuveI&amp;apos;S only auswer was, &amp;apos; Laissez uwi tranquil/c!&amp;quot; There w5as tn disturbance, and &amp;apos;.le o1ly feeling Seell((l tIo be that of curiosity. Thine trulv, THlE YJ4LLOW DWARF. Pa ist, ounta 1, 162 a.</FullText> </Record>