<?xml version="1.0" encoding="UTF-8"?>
<Record> 	<Version>Record_v1.0.xsd</Version> 	<RecordID>4489208</RecordID> 	<DateTimeStamp>20180928135646</DateTimeStamp> 	<ActionCode>change</ActionCode> 	<RecordTitle>LETTERS OF THE BLACK DWARF.</RecordTitle> 	<Publication> 		<PublicationID>1588</PublicationID> 		<Title>The Black Dwarf</Title> 		<Qualifier>London</Qualifier> 	</Publication> 	<Publisher>T. J. Wooler</Publisher> 	<Volume>8</Volume> 	<Issue>22</Issue> 	<AlphaPubDate>May 29, 1822</AlphaPubDate> 	<NumericPubDate>18220529</NumericPubDate> 	<SourceType>Historical Periodicals</SourceType> 	<ObjectType>Correspondence</ObjectType> 	<Contributor> 		<ContribRole>Author</ContribRole> 		<OriginalForm>THE BLACK DWARF</OriginalForm> 	</Contributor> 	<Contributor> 		<ContribRole>Editor</ContribRole> 		<LastName>Wooler</LastName> 		<MiddleName>Jonathan</MiddleName> 		<FirstName>Thomas</FirstName> 		<PersonName>Thomas Jonathan Wooler</PersonName> 		<OriginalForm>Wooler, Thomas Jonathan, 1786-1853</OriginalForm> 	</Contributor> 	<LanguageCode>ENG</LanguageCode> 	<ISSN>2043-149X</ISSN> 	<StartPage>757</StartPage> 	<EndPage>772</EndPage> 	<Pagination>757-772</Pagination> 	<URLDocView>http://search.proquest.com/docview/4489208/</URLDocView> 	<Products> 		<Product> 			<ProductID>1007574</ProductID> 			<HasFullText>true</HasFullText> 		</Product> 		<Product> 			<ProductID>1009130</ProductID> 			<HasFullText>true</HasFullText> 		</Product> 		<Product> 			<ProductID>10000001</ProductID> 			<HasFullText>true</HasFullText> 		</Product> 		<Product> 			<ProductID>10000297</ProductID> 			<HasFullText>true</HasFullText> 		</Product> 	</Products> 	<Terms> 		<FlexTerm> 			<FlexTermName>DerivedSubject</FlexTermName> 			<FlexTermValue>GREAT BRITAIN - Politics and Government - 1817-1824</FlexTermValue> 		</FlexTerm> 	</Terms> 	<FullText>bu e e&amp;apos;s Air weapon ; loa I&amp;apos;m 1w) discreet, 1. rUn amuIckC andl till at all I meed: I onlty wear it in a land of Icctors, Tuhieves, suspercargoas, sIharpes , aIdL dire tors.-Iopy P:. -&amp;apos;0009&amp;apos;)- LETTERS OF&amp;apos; THE BLACK&amp;apos; pWARY&amp;apos;. -0--X F&amp;apos;cous the B/adc; I)uatf11 Wirwick JeIaJ(J C&amp;quot; &amp;apos;t wl ? rrir1. (&amp;apos;6oI to UIN TF. C00&amp;apos;M[NUCG&amp;quot; OF 11W CC GENTLEMEN,) TO THIS STAND)ARD OF REPORMS. W, %11;o trust to (ruti), ind reaw, Je!an un rtilcs, Piooft&amp;apos; to tht vurgiril wa3ve, aIt tht)Id&amp;apos;r.shock i&amp;quot; Resp(eevted Sir) I ca not refrain froin cuiirratu aiIati tug yV ujo)A the proceedil),g of tihe late Mleetinfg at the Crown and Anctl-mr onl the fifteenth anniverslary of t(ho election of Sir IFrctnci.4 13urdelt, as given in the papers of tlse 24th insh..0l :-Ior as the, ohlest ;tnd most perseveringr labourer in fhie hld o&amp;apos; Reform, it is but fair to attribute to y&amp;apos;ur exertion, a great proportion ofthe rising Harvest of Lhis auspicious season. Whv, Sir, when you and 1, who renhimber that, but two or three vears since, scarcely a single Menwber ot&amp;apos; Parliament colildl&amp;apos; be prevailed upou by any entreaty to attend such a Meeting-when we remember thiat sSir Francis Burdett could but barely find a Secontr in the hoonoirable house of&amp;apos; Commons, to some 4f his motions relative to Reform-and when we, also re@ collect tha-it an lionourtable Menmber, Who is one of tie best, if riot the boldet, friend of public liberty, absolUWOly left the Hlouse, lest his conscience might compel him to give a vote which might etidangrer his seat-is it not absolutelt -Fistonishirg, after all this, to find sixteen or .&amp;apos;nw Members of&amp;apos; P&amp;apos;arliament present at a dinner, &amp;apos;with Sir Fralncis Iuirdellt in the Chair, to celebrate the purity (if clection, amid to declare flOr RADICAL REPoIn.0 Nay, amid to filnd( other NMembers of Pdarliament apoloqpzziwy lfur thleir &amp;apos;triavobldae CtlLeseiiCc at suchm a Meetinr! This looks, indeed, as if&amp;apos; &amp;quot; tle ygntlemeten of Englandl,&amp;quot; for whjoin ami htooitrable baroijet has a sort of intuitive predilectioi), wereabsolutely shaking offl the torpor which has disstouled others with their conduct, and were about to shew tbat the predilection alluded to was rnot entirely founded in nere prejudice! T &amp;quot;&amp;apos;lle&amp;quot;(&amp;apos;NTllMEN&amp;quot; arecomirg,! \ell, ~Sir, they have beemi long invited and long WzriYv/e(dfi)r :-and it is to be hopXel tha.f tthe are notcoming to play the yentlemen hbdIourctrs, as N&amp;apos;ounur (rentlemen and ladies occasionally pla, at /at pmayA&amp;apos;?q amongr the labourir Ig rustics, to &amp;quot;v ile awavy an idle Hour.&amp;quot; Dinners, we know, are very temptimp things; and good &amp;apos;wine has a stranoc tendency to proinote buoyant spirits, amd to inspire Ca species uf nmery cozurage, wxhich, though extremely pleasant at the moment, has no reference to ,any jpr-ctial, exliibitin, of bodilv, or n t nal prowess. Ve will niot, however, suspect tlhe gentlemen of having only met, o;)r tlhe ptump)ose of procurintr tavern popularitv ; but since theN have coine forward3 we will give them full credit for all tihey have saiid, intil they have an opportunity of provingt how ilar their deeclarations procced lrom their (dek!ifli2(tIIW.1 It. inust be remarked, Sir, that thsy hiave coiejf to t1we j)eople, (and (fiir ed t4eir serc;ices. The people have not gone over to the side of 0MOdve&amp;apos;ltif PtIp/fi. &amp;apos;1Thev have steadily, in defiance of der-sc cah(5 fksi~hon, and rm; \ roac/, adhered to theit pursui tI A i) i l R .I uR ! ot thik; dA.rv dinner, in the fiae of thesex ;:c&amp;apos;Cirits to the stanlmtrd (f !Ieferr, th e chairman ft-i&amp;apos; occasion to repeat tliat bi-. p3rfliples lhad undeerg)ne ;o &amp;apos;/wqeng. that tis mffnl had ieVe&amp;quot;Cl&amp;apos; eItrtained am)m do)ubt or hmesitatdil)&amp;apos; a to their ?jstiCC liO- nestv, or propriety ; arid if aniy mortal could I)retelnd to rmounie anythingwit l regard to his &amp;apos;utu&amp;apos;e conduct, lie miglht venture to p)redict, that those same p)rinciples WOuld conftirmle to influence !is public conduct to the latest inonient of his existellce. TJlhe cldane, therefore, is Ilot on his part&amp;apos;: iot on tlhe part of&amp;quot; those who lhave been the neans otf perlpetmatiicg this annual assembly ; but Is fli n1ite~inwi,&amp;quot; eitlher convinced by the arguments of the Ret&amp;apos; rners, or tde &amp;quot; course (J erents,&amp;quot; have at last ventured to CNxJ1r &amp;apos;ss their conviction that the people are it, that I&amp;amp;/blo`1,&amp;apos; is e(?fS!/dticI, and that they will endeavour to assist in attaininlg it. We used to think it bomewhalt lhad, to ie told -t stice meetings of&amp;apos; hundreds ot spirited iwfvli~&amp;apos;tlonl., tha Ot 4&amp;quot; noliiingr could be done unIId the 4,wd-.wt came ft rxrwar ;&amp;quot; as it it were tlhe fhtdlt of thase who were ready, thlat. the gentlemen would tot conitC: ;oid coild not, .swticnimes help tliinkinr, that fit alleplit. 14 (1) d itliotit th-ge , 1ecAlenmcn would be the est miode of intitic-AMn-o them to oti&amp;quot;r t&amp;apos;leir sers ices. But iiwe the gentlenit.(n are really c(.me, we cannot doubt tha(t we slhah prolit by their n4&amp;lt;i. ; that is, if they mean in I:al it O 14 () ( .,&amp;gt;Xe&amp;apos;[ A:l vc, arn C&amp;apos; ;I rIt come atnuog&amp;apos;st uls niwrevly 1 ) HY I :i i relitiiitv. Sir Fh&amp;apos;azciieis B1;.irdetLt. I p)Vc* I &amp;apos; a Si11 Ilowti oF a1ll aI is Iespair; ntnl considers ti Lil1 01v&amp;amp;1. Edi&amp;apos;s t&amp;apos;rM aS &amp;quot; far brI&amp;apos;ighter,) and~l mot~re4 p&amp;apos;i&amp;apos;O4sIibi;&amp;apos; Ia 1ii theile had ever &amp;apos;tbeen on an v 16riner w.() is~imi V add inw &amp;apos;&amp;apos; that. theyv lad ixever et at a pu&amp;apos;iodi xviIcl bure iimre1 the alpeare Mcti( of a 1&amp;apos;T ( ITICA; (,R:lS IhI.w thi: 40Cd morlent; &amp;apos; a-s the prn cecdicg (, tile riaiiment la&amp;apos;v at. lengtui made &amp;apos; it jsarelmt 1) lte wIV k kmi loin, at%_1 i was niecessaRV to 1hiVe r C oi.irs&amp;apos; to thalt priicilple whiich wAould fitike thle I Iout&amp;apos; e of(mum n instead of&amp;apos; bein-r worse thanili 0, M&amp;apos; `-, &amp;apos;xtw ii!t Iruinent i n thre hands oftht epeo I ~~~~~Till O s pie loit &amp;apos; i I~e CON&amp;apos;T&amp;apos;&amp;apos;O&amp;apos;LsT, of&amp;apos;lthXe excit iVj(9~Itb^,el In t.&amp;quot;t u&amp;apos;&amp;apos;Ihd Pole r ii h oc %1 ho vo- u i c;e ;I.rvu th l Trnn ever tall clce&amp;apos;.rer twI&amp;apos; lt z No&amp;quot;&amp;apos;s, ,Sire though you and I1,f lld it lxlio ot retol&amp;apos;ers Ibesi ex, csl have been co~inied of, this froila tile &amp;quot; pro cee(&amp;apos;dilvs of&amp;apos; l)arlianwenst,&amp;quot; fIr ma fly ea1rs! i d Ic 1e eeied tiot the (,v&amp;apos;ideuceC (f its conduct this sssoions, tO e cI&amp;apos;e~i~e our convt &amp;apos;itioIn, it certailil&amp;apos;, hIs beN1&amp;lt; UA-t 1 to thle calse otf re1lo~w th&amp;apos;at e&amp;apos; ( I. lre pi )tOf).JitiOIS Ilileb IA&amp;apos; LordI Jobnui RusS(ll, L:S _&amp;apos; 1,ros&amp;apos;cd t&amp;apos;e E!uU1 to lie as a# i?:#?r to tl; - .s/by/tf(l ! .( form, that COUld &amp;quot;lbe prIopIo)Sed, a*I to1 tho&amp;gt;v wbich W4&amp;apos; r; (Xf (a lnole (Uri &amp;apos;c iJI!( a e (I #/,.ct/ (l(t p i4)o1 - -1dl t I icAl&amp;apos; r)fl t might bave -m(kide. tllt I lie Cae o-, thoise r)rOpos.iti1lS de. florl.stl red that. the Fl1 LL demaid-s f&amp;apos; the peol &amp;quot;ould be as Well t&amp;apos;ceCieed i&amp;apos;l the 0looumrlable House, Would have a1 Iunlu*!^i 4redeater uIedeuiwv to cOmieInta1telt the ciue, mries of the 1triends of libeitv NvitIhout ; and toend to prwi&amp;apos;lwe lthat c xpression of the pulblic voice, withowt Wllhich the Voice d&amp;apos; thle &amp;apos; tIi en&amp;quot; would be 1raisel in v&amp;apos;a iu. Y7ou a*-d I (caiwolP. 821t&amp;apos;C in teit- dechajatimi, that &amp;quot; it is i f vti (,I,(/ ill tlhe Iii.tl ci, (11 th (UIclitr&amp;apos;y, to j0 f a minlistle&amp;apos; Of tue eI&amp;apos;-ii t(&amp;apos;Ia il&amp;apos;e t Ctirruption ill tire rcprv&amp;apos;4 stzi.&amp;apos; 1011 of tI1 people, Nx s nev-iw ssar! to carr&amp;apos;vI&amp;apos; onl I Ii z (rtil:.&amp;apos; o! thee `CoUi F3y ;&amp;quot;&amp;apos; for1 ill eliect, every decisil-&amp;apos;. a : t r8 &amp;apos;:-- ex CI% ctu I I ion O the reforvnwr~-Se-&amp;apos;-x&amp;quot;, V d I i~t la.v %N i,:!A beitn cirtcted aog(ain.t Hi 01&amp;apos; iCuSSi)., .il i 5 e rilht v (&amp;apos; i jli~O&amp;apos; ?t 4i.) bt i ic niat terr--everv perverlbioll of the spirit (PC thie law bv Ji1 Hal 8 &amp;apos; &amp;gt; jtsdes-hve bels_ SMa unb!.t.slli l IVOV, a&amp;gt; I&amp;lt; 4l. Ii&amp;apos;t; th U Ii i Ut be} Stjikd to i(ir 1 il 1) I O (1 II&amp;apos; U ) I I tO 1, I 0 I sS_ N, () t ,, I (? ;&amp;apos; O eI&amp;apos; I 1.1; 0- IaI I ; anid &amp;quot; ll 1h:, (ttdo2iJ;1 n e&amp;apos;. hcciit ,lj)OI theh En~lllini &amp;apos;WCOmistituti)on &amp;quot; at1 AouY le8ss -&amp;apos; Id ie, r ilols, axA absurJ,&amp;quot; w%&amp;quot;&amp;apos;u tihe practice is * i&amp;apos;!erc4;, anJ not the psliiu/;a/ li t; 1;orus %vi&amp;apos;&amp;quot;ilai ., is! i Is titIClt patt4&amp;apos;iy ii :;~b&amp;apos; \\lou t1u&amp;apos;wI xvit h dh&amp;apos; C; }tb&amp;apos;t.&amp;apos; flsil~ txe dcda.itilu&amp;apos;~that auiy (I to UA, &amp;quot;Jaunls 0 tion I, ti &amp;apos;.l ?f tih (j/4,v ;f c Ij Id, (0 &amp;quot;1/at I,...R p)clCi)iP *,f&amp;apos; is %r.lSTrNCI TO &amp;apos;&amp;quot; P Sv { &amp;lt;0 N &amp;apos;--yet in llis time tho;i: q1H2q)i vseie frC&amp;apos;ief &amp;apos;lAe . &amp;apos; ith eonlil impuniih &amp;apos; c success: ard in ours they hcave been maltters (oJurse, with any inilistel&amp;apos;, or any o) :iniion of a minister, who found public tree lwn it) thCe way of personfal or party interests. Lord Castle-riarIh iii his avow%.al that hie must, hire political services) ytiy tn eanS gav(e-A Ioc.ai i;blLitairng, alilt a rniimei&amp;apos; b-it nmerely, cllhed in words asloathsome asthe practices. thie sul)stantial systein of corruption, wh1iclh was as notoriwllS ini its otterittois as the sun at noon day. Sir Fr~ti iws (ould ni)t pr&amp;apos;escit himself itl the HIouise on any mirprrtfant (iie-lioin, without having before his eyes a hundried lii itit proofs of the iptu(lent avowal of his ()r4dhill), whicllil as1 yet more t&amp;apos;tue and coinmon-place tlhan 1rnultei/td. Awl thougPh we are indtetd to the lr0i3 Secretary, for an avowal that corruption is a rertlar :and necessary business, we were not in need (f 1ils avowal, to satisfy us of the fact. As far as li ewas concer&amp;apos;nd, it. is some years since direct corruption wns defei-d.ied as too notorious for censure, and even too cornmoii for surprise. Yet there may be )eop!e in the r16i9n1 who 1l( WIA)I-.ld noL so readily believe ill time existence 4f cori -ipt ililtluLCce ais upon Lord (&amp;apos;astlereagh&amp;apos;s autho. ritv;(adtot tihose; his CvrideiPce must be conclusive. The gre.at. iischiefof t&amp;apos;he sy)stemn is its deltasievm ; anti the necessary tendelen it lahrm Lo make nheni hypocrites. Corruplion was alvwvays as great a favorite as it nows is: k&amp;apos;ut iin past tirnes it was a mneritricious prostitute, wooed 0iuly in the diark, by a set of specious scoundrels, who turne(d up their eyes, alfected piety, and wouild evten &amp;quot;entitre to take the sacrament in the day light. &amp;apos;This .siaie 1)as been conquered in our ez&amp;apos;dicrhtenaed days ; and ul&amp;apos; statesmien blush not to take this their mistress about Witli themi, and even carry her to the altar in their coinPalY. Time late Speaker, Abbott, who aftlcted to be tO much startled at time traffic in seats, wcen it was dis. was/ * as well aware of its exi.tence at the inorlent lie affected to be startled by it, as the parties who iercaccused. It was a fine phrase, that &amp;quot;&amp;apos; our rancest&amp;apos;rA would h(ams st-artrej xsith horror at -such abuses;&amp;quot; t)ut Mir. Speaker Abbott eould intster his fkelings, and look on them N it Igreat complacency ; thotugth he t1oughlt It bCecaiI(&amp;apos; ImI I, ) t pla th&amp;apos; Sainiit When the (liScoverl&amp;apos; wa;Us rlatale! T1e public mig/it have bevlen d*ecived n the.-e poinkt. ; and that is b arely po.ihk supposing rea. sonl to be an essezitial altribuie (iA hurnaniity; hIt tothe eycs ot Mr. Speaker, tile corTru)tion)s musl have been as Palpable as his own feeatures in a lookian-glass. IkL could look to io depalrtment of&amp;apos; the state, but where &amp;quot; the s~tme corriuption aii dI )otflivacy wvere conrspicuous.:&amp;quot; and liet must hae 1been combviniccd, in the language of the I irolt&amp;apos;, &amp;apos;. of&amp;apos; one thi llo&amp;apos; whic o polain mnancouldpos. &amp;quot; sibly Mnisu lderstfint! Cand upon NN hici notwo honest men C(JU-ll possviller; namely that the corruptionofthe &amp;quot;House Of&amp;apos; (Co1min1ous had tile eflect of conivertinv what w;is. ,iitundtdl by pirovidence as a blessitig, into a curse &amp;quot; p:,,?. ~ov.&amp;apos;^&amp;apos;t. &amp;apos;Uhe existinto state of the country, arid all its lepeiidallkcies, .1ulUicieitl)y prove this assertion; fP&amp;apos;r (COIotinuiki to 41Sii I i) i if we look to 4&amp;apos; our colonial systeln, the proptect is uqually unsatisfaccc tory. The stir st L&amp;apos;t laud afltrds astill more striking &amp;quot; S ta ri C e if a o/ (1 0zdilett accumu: latte ft to !1 &amp;lt;walllo~t iintohlrablke extent. Upon all occa)ls&amp;apos;1 t j~WhL i ti in tht 1;ir iiII or domestic policy, &amp;quot; Which&amp;apos;f/sar Was the i&amp;apos;dw preucqde which i4fluenced s tle COp(ltlft wA- the 1e1raeiet. \\hy it had they made &amp;quot; no at Vf 1npt tV clti1Vat( a comamercial intercourse uithb &amp;quot; South Amneric &amp;apos;i? \\&amp;apos;hy had thliev given no encouragemiient to tile (Cfi&amp;apos;eeL,) llt)viv glor&amp;apos;iously Srtruggling for in&amp;quot;&amp;apos; dep-c.^n~tlewt&amp;apos; ? \Vhx&amp;apos; in thle arrangernents of Europe &amp;quot; had Ih1&amp;gt; ()verl&amp;apos;il.kd Unh-!a~lppY I Poland And Avhly 19 jju-.1 Sit&amp;apos;ij i1l1P it, Ih given to the hands of iler &amp;apos;. *j&amp;apos;c&amp;amp;rs ! Njaeihi ; hujt t&amp;apos;el ,qjutmance of despo ~fi?~ 4=d I1I. m Ua tlle @&amp;apos;&amp;apos;(&amp;apos; i&amp;apos;(/t( (41Pu i~&amp;apos;fvl(ie, as it was ternmed! zC 840tiil tCiXl(\ill SO a)surdtIt(. In is(.nieiOUts a system of - policy. e. hi-i heard h&amp;apos;i&amp;apos;p&amp;apos; :ii slusions made of C~ ldt&amp;amp;, ftld piiiitipai3&amp;amp;! ons aI r&amp;apos;tccnt uCCa*,lSiv)I at a literary &amp;quot; society, (in prcseni*i!iir a FrIeLnhI A rnbassadow) to the dut I v potigtl i)l1C~~IpicpO amid chris&amp;quot; d~ol&amp;apos; np tlpilti4,;cr tleb moltrel~lic .t&amp;apos;ll Friil(llllesaldcl .11M iVA]i (. Now of all places in thie world, a lite3rr iii&amp;gt;t tttlitil %%as tie least fit fo-r advoeatimng the mor chicai principle; unless what is called the republic of &amp;quot;letters was to( be converted into a monarchy. But it a ppe.ared to hiim that there were no two things so in(o i:;;islent with each other, as the rnonarc/ttcat and &amp;quot; tlhe c/Cristian principle. HIe beged leave to advert &amp;quot;to the words of a great, able, and lhonest nman, whotn &amp;quot;the Eleclors ot Westmnister, and the Freemen of&amp;apos; Eng_ &amp;quot;land would never forget, hie alluded to Mr. John &amp;quot; II orne l&amp;apos;ooke, his words were, I Aloriarc/t?/ we abhor; &amp;quot;but AKin./shp Ne admit.&amp;apos; Undoubtedly the constitu. &amp;apos;t tion cAf England was no monarchy. What was the &amp;quot;principle of a monarchy? In the langtuage of the &amp;quot; poet it was that Whichriunht worlds enilaved &amp;apos;iI(l i&amp;apos;ealhns unaoiie,&amp;apos; The enormous faith of imny miade for one.&amp;apos; &amp;quot; Stich was not the principle of the Entglish Constitution; &amp;quot; much less was it the principle of Christianity, which &amp;quot;w was opposed to the pride of&amp;apos; monarchy, by its humility (&amp;apos; and all its other characteristics. &amp;apos;[he great teacher of Ch ( 11ristianity sacrificedl himself for the good of&amp;apos; mankind-; but when were mnonarc/ical doctrines ever &amp;quot; known to inculcate tlhe virtue of personal sacrifices &amp;quot;fOr the benetit of the community? Nothing, therefore, a appeared more absurd than to assimilate the principies of monarchy to that of Christianity and the E1ng. &amp;quot; lish Conlstitution.&amp;quot; These, Sir, are sentitnents which should be placed on record; and yet, though we are pleased to meet with such setnsible and honest remarks atty where, they would hlave been so much more in place, and so much the more eflhctual, had they been delivered in the House of Commons, in reply to the monarchicul ,on sense of Mr. Canning, on Lord John Russell&amp;apos;s motion for reform, that one cannot help regretting the silence of the worthy Baronet on that occasion. To utter them elsewhere is to shoot precisely at the place where a rogue stood, but to wait unitill lie had decamped before you fired -.t all. Ir. Canning contended broadly and boldly that the English Constitution was mneatnt to create a despotismthiat the people were jUtstly and legally excluded from the election of their representatives-and that to restore their ri&amp;apos;lrts %Nould be to subvert the Constitution I TAhy he Wvas not -answered is a fqeiion tihat remains without re)ldy. &amp;apos;Il&amp;apos;he time is now prast. for replving to the adven turer ; bur. withi so mcany membcrs of. par&amp;quot;;&amp;quot;liament to Itpprove these sentiments tit a taveriij we inavma hsope they will shortly bv carried inlo the House (4 Comnmon1s, ar-aid in.istefl 1pon wilth azi earnestnuess prop)Ortionetl to their importrance. Lord Ebring(ton was the first recruit to the stnjdard of refcnr who Wp.$s introduitced to the -necitizig:-and as he apologized for having stippoIrted the NVh(r ndidate against the relormer, Mr. I obhouse, Me may calculate upon his havino, abandoned all the pociblai- interests of the party; atwd as beimm&amp;apos; willimr to idcutify himself with the public cause. lie made. some excellent, remarks on the utility of piublic meetings; which havllse been late!y discouraged by the idea that no good could be effecled by petitioning parliament, BUt, ai the noble lord re. marked, &amp;quot; the rood tiey do is incalculable.&amp;quot; T&amp;apos;hey fin the flame of liberty where it exists-tlhey kiiidle it twhere it has never burnt betore-they t;rce men to consider, and thus induce habits of thoug&amp;apos; t and reflection upon matters which &amp;quot; come horne to every man&amp;apos;s btisiC ness and Losom ;&amp;quot;-anid they enable men to judge correctly whlien they are called upon to decide. If thiey did Iroduce no good in the House of Comrnoiis, they would still be most valtrable, from i: e effect they produce elsewhere; hti the (lo much good even in that house. The great object of the usurpers of public rights is to lull the public asleep. Public meetingsand petitions are symplotos that the )eople are awake; and I trust, with Lord Ebrington, that the people will persevere, and setid &amp;quot; ten timnes as many petitions to the iable of 1he house &amp;quot; of Commons next year.&amp;quot; &amp;apos;I&amp;apos;the dread of the people, created by what was called the &amp;quot; radical clamour,&amp;quot; has scared tl-e ministry from the patroziage of fdure cornbilI. s &amp;apos;1+ iT drcoad of tHie people hcas driven the ministry fromt their expressed deterinination i)wt to reduice taxa?iwo-and compelled them, after their declaration that to di lianish the taxes would be to counteract the dispei)entions. of Providence, to miake a reduction of four mil lioi1s, Merely to quiet the people, and to induce themn to pause in tlieir dermands for emoiwomy an(d refor m-. These matters s1iuw that what the people w? il do, they can do. Opp)rcssion is sti&amp;apos;ouig; 1)11t the nation is straner :-aind ift it wil lhave rcform, tlere is no power that can prevetit it. M1r. Ifobhousse made some observations, Which also w oulld on ly have I)beCl tiwoie acceptable, in reply to the rhodomontlade of M1r. Canning iii the House of Commonos. I should thave been delighlited -with seeing(r how the celebrnted jester would have replied to the following, remarlks, upon thilat vodtle and envy of the world, the oorouoghimotnow(r&amp;apos;s constitution. Mr. Ilobhouse savs:&amp;quot; A 5sort of &amp;apos;urtw ical influence is gelerally attributed to our rreat and gloriouw; coistitution, as it is called ; but &amp;quot; it is strautre that while De Ltolne akid -Blackstne, and &amp;apos;mrny foreiglners represented us as the happiest people in: th&amp;quot; wor1ld. we lid not seem to be aware of it o ourselves, The situatioii in which we were with respect to this great aind glorious constitution of ours, reminded him. of&amp;apos; ar expression used by the Lord M~ayor of lond(on1, at the time of theriotsin 1780. Beingr ask&amp;quot;ed bN&amp;quot; Lord Norilh wvliy le did not call upon the i osse coltk tctue lie answered), I w(,uld have done so: but deuce takieatle fl10 I (odon&amp;apos;t know where lhe lives! In thle sarne lie, would wish to place his dependence on Ihc glorious constitution, but /Ite dlid aot kntowc wisere 4tojind it! It was ti&amp;apos;ue thatt lhe heard of the liberty of the press being, like the air we breathe, and without which &amp;quot;we die; but the liberty of the press, accortipaniel by CCLord Sidmioulh&amp;apos;s circuliar, (and the late acts) was no great thingrs, le rnut, own. Again, he had heard a great deal about trial by jury; but there was somea ting like a special jury, p)icked out of the Guinea man7 as thlesy were timiiliarly called, or out ol the l&amp;apos;ilt Club. The only ti&amp;apos;ino thlat, nowcould remind usot&amp;apos;thisinvaluaNrig a, s the inscription upon Lord Er&amp;apos;kine&amp;apos;s coach lhereitcouldlcontinueas a reproach to us, it something Were not, done to restore its purity. Yet with all this we Wvere told in language resembling that oft he poet. That &amp;quot; were too hapl)y1 if ow&amp;apos; haPpiziess we knew. &amp;quot; &amp;apos;Eveo &amp;quot; that grT at lit; 11n(d property preserver, that insurance o ofaee, thzat third estate and happy balance of the con&amp;quot;slitutio), our t)% n tdear dIarling house of&amp;apos; Commons was liable to still greter tibuses. And yet Madam de Slacl aiiother wriler on the English constitution had asked &amp;quot;g willh a triumphant air, in 1815. wsthether it was possible i lthat any3 personi could believe an Eincrlish member of c&amp;apos; Parliament capable or receiving money forhis vote? i&amp;quot; while it happinIc(l verv curiotusly -,about this time that f Lord Castlereglu was concerned in selling places in I ni(lia for votes in that, house. Hle mig-ht say of the Cr)I1stitution, thererore whiat was said otf Harlequin&amp;apos;s horse, whom lie extol&amp;apos;ed--A 4 trood iii fivid in roaid, ini course, One b&amp;apos;l1lt lie, h1.d- l itideed--And iw ha was ihat ?.tile horse wai dead !&amp;quot; Thougo-h the Reforrmers trust the free dom of the CGUn. trV is 110 ot (ead, but sleepinr,&amp;quot; it must be confessed thathe appearacnices of deal h anl sleep are sufficiently similar to .warrant thlese okservatiorns. XVe are indebted also for a more serious, and equally applictible remark&amp;apos; 1/mt 1/(e re(tlsoai. We/h 11 /.7 o1&amp;apos;(jt i t Was still so &amp;quot; sti oe,&amp;apos; ?u.s f/mi t/w i-oZle still look wp to t/ose abore h 1/Wil witleltoo mti c/sCnf4iCence.&amp;quot;&amp;apos; This is true, and it Ynav be in part accounted for by the tate of those who hasa. e endeavoured to teach the people to have confidence in themselves ; but we hope the &amp;quot;4 o&amp;apos;entlemen&amp;quot; who have now come forward to peribrm this duty will enable the people to establish a full contfidence in tle public strength. hten liths, is done., the rest will be easy enough. L.ord Nugrent, has on several occasions shewn that he does not 11/ce the tramrnels of the borotlicrmongers; and On the present I perceive lie is reported as contending for the necessity of a &amp;quot;COMPLETE REFORM.&amp;quot; This is all we, want; andl it there is any horrible anticipation of utknown mischief connected with the words RAIICAL REF&amp;apos;OI.M--W shall not quarrel with the substitution or the words c&amp;apos;;nmpletoo, and e6jjctual reform;only let us have a cornkete, and &amp;quot;&amp;apos; &amp;apos;uatl reform; and w will be radical enouglh for tus. It is truly gratifying to perceive that the narnby-pamhy phras &amp;quot; moderate &amp;quot;* refori&amp;apos;,&amp;quot; is completely abandoned on all sides, and by all parties. XVe lave now so&amp;apos;ne pirospect of coining to an umildeCstandling amonir ourselves. A FULL repiesentation of&amp;apos; tle perople, atd a ;complete reform, are phrases thlat define themsegves; and thiose who affiect to use thenm, and yet refuse to be bound by thfe plain meaning of tlhe terms, betray thteir own duplicity. ,Ir. Bennett and Al. I I utchinson, with Sir Robert W\ilson? aI nd Aldermen Wood a nd Waithmaii, arc old advocates in the school of retorm; and it is not likely they would abandon it when, as MIr. Hutch inson observed, it fit-Is heconme t//? fshion !&amp;quot; But I iave to congrratulat- yOU 011 thet acession of an individual) who has never betore presented hintiself in, Mru raibks of the reforniers; and wliopse previous demonstrations in its favour, had beenl somewhat obscured by a most unlucky coincidence in sorme of the views of Lord Castleeagh: -for evil comIflrllications corrupt good mcanniers, any agrreement with sucth a [)ersotlifre nmuist be suspicious: and one would not like to be in the .-ocie-|-y of a doubtful character, thoughi it migtht be accidental, anid upon thel most honest errand in the worl(I. It is no less a personage than Mr. Ricardo, whose knowledge of the financial part of politi~al economy hoAts attracted a large share of the attentionl of tdie respectable part of the community,&amp;quot; though the subject, and the mode of its treatment, are of much too abstraca a nature for the &amp;quot;million.&amp;quot; It may probably be said wO-Vithl tr1uth, thfat his theories would be coree&amp;apos;t, if tiiley wcre to be applied to a cwr eect sys.tem:htu t a gol4ld ecannot be weighed accurately in a false balance, nor the thiistle down in a high wind, though thle scale be ever so correct ;-he has discovered th)at the task of retnediw ing the ev ils prmlduced b t&amp;apos; le Pit l Systern t&amp;apos; Finance, is lar beyond tie pxower *t fPiures. lie ma1 ;ishave seen, ill the course of bis parlianient.arv experience, tlat if hie were absolutely ati#reCta demmlistrations, the cc .uw-jO,&amp;apos;oriiqJ,&amp;quot;, Would only wait, thenod of tle minister to dissolve all his propositions ilto 11 thin air:&amp;quot;-and lIe must teel that to give reason a chance ot applyinig anN effectufal reniefly to thtc national disease, the qpiickJs must be crot ri(d of, anidl the tree ao-ency of the nation retored. I1is Sf)eeCh PlCekN2S MV 111?It Morl thl lli!h dec(Iatio n that. the gri-eatest portion ol&amp;apos; the distress did not arise from taxation. itl was manlv, and explicit; and dlid iiet resemblet swYne Speeches we have heard of; ini which the great o0j1ct &amp;apos;was to say Jjotjlillr wi. ichll might not be luIsaidl when occasion should serve. It is worth pre. serv&amp;apos;ing; and s i-aH lhave what ofl dtiiabilitv I eC1n give to a tratiscrilat. &amp;apos; t Mr. Rjicardo) deIclarced there w-aS not in 4 thIe ro(fln a mnore real frtietd to the cauWt; of Reform &amp;quot; than lie Was I Ic was a friend, iiot to at sham iirtn, but tt RIW.AL ONE, vIhicth w ould rive tiE PEGO. PLE a niaj4o.;rity)l,and NMORE T1I.hAN A!NMAJORITY, in the I louse ot (onimnons. finis (/,?iIldC, and f( ofst &amp;apos;-ec scs.ar/ C11(/ mighlt still hie thioilil-t, bc obtained IN &amp;quot; the Ilouse ot Commons ; uot, iln4ld, h/q anJ efforts i&amp;apos; qf tI) f/sellut&amp;amp;&amp;amp;rl w i/t dooi&amp;apos;s, BUllT BY Tf-I E EXL RT110NS OUF THE IPEOPL \IlT1OOUT-O&amp;apos; e.xerfions whiich would CONIPEIL ATTrENTIN, &amp;quot; and whiich _mulSr BE B11EYE) 1E) lie ltully agreed &amp;quot; with Lord Nugent, thlAt it wNIas a silly question to ask &amp;quot; the Reformer to put. is finger on thie page of&amp;apos; history o thicli he deemned his model. his phlin answer woullt &amp;quot; alwavs be, that the people had A R (l- 1 ITto )ElMAND &amp;quot; the &amp;quot;BEST GYOVERN.MENT tley could obtain in &amp;quot; their own times; and that if their ancestors had re&amp;quot;faimnedl from askingr it, it was no rtcasona why their .po.sterity should.&amp;quot; There is somnetlhimi cheerihg in this deciksive language; andi if&amp;apos; ever&amp;apos; Reformner would speak as plainly; and, aba,:,.nintr all compromise with Usurpation, place the demand for Reform upon Ihe RIGIlT of the people to freedoin we mighst .peeeily hope lr the happiest results. Xou remember the silly position of AMr. Justice Bailey, alout the absence of historical proof in favour of the righit of the peopkt to a free and ful representation. His situation preserved him from the cuttingr reproofa, which would have awaited him in any other place, It ,S vlldoubtedly most ridiculoUs to enquire whether what is evidently aidvantareou.s, has before bcei in practice! O thses(ame groundthiat tb -isodd ConstitutionalJudfge Irete1ictl to argue arainst Reform, hle migrht have argued ,V (1ji st every imnp ovement. in the arts, every di.scovery il tlhe, sciences; and he mi-lit have sent a Newton to pariso for perlfcting the science of astronomy, us lend jm,;rsl&amp;apos; to the borovitghinongcrrs for the pirplose of cl.si:Ililgr to their dun o8eis th )So who are endefavour. ipr to i erdect, the science of lef&amp;apos;islation and grovernment. Those wIo cniideam( ed Socates to death, had tHe same reasorI on their side; and it is byno mcans unfiair to con. clulee that, if tlhe (Constitutiotnal Judge had possessed a seat ini tihe, tlibufnal which condenined the wisest and inost disinterested of the ancient sares, lie wvould have concurred i&amp;apos; thie sentence pronounced against hirn. Al_ most the very same speech lie delivered agrainst you, would have been as conclusive agrainst the docI rine and conduct of Socrates! Like him, you had disinterestedly endeavour&amp;apos;ed to reclaimn a profligrate -age. Like h1im you 1d a(l n&amp;amp;calded n-men to the p)rinIciples of truth, and the exercise oif reason: a most (/at/gQo/ s inflnot&amp;apos;ationi upon the (tJtblislid( syste;n of 1rliud built upon credulityt. Like Iimii, y-ou Lai adhiercd to the truth, in defiance of tall thle cajolik&amp;apos;r&amp;apos;, and all tle tireats of p)owers; and, like him, OU Wer bro 11uht by ti!tfilir inaaus before a partial {.ai6I , anide expSe)O td tue sciiteitce of Judgres i&amp;apos;Aerottid in the s-:teni wvlhichi vou were cndeavot-irilnn to rdi&amp;apos;ml. 1J,-J pjilV 150i the Wo(rld the progress of ilibritnatiaus b *tl)olAleL ^ ti sionrke degrree, the wadtoun dest uctilr1i of I1X; or ev&amp;apos;en you mfli2aht have mnet *witiie dait/h &amp;apos;oair &amp;apos;i itluou.- enldeavours to better tle ct;idition ot s t.Hl r Id lo w - :e es. I etowever, we nay hope IhaLt tfih pecrsecutioki (-l te Reformiers will now cease, siicce M . Cannhing allows themi to be hoiiest ; though the far betler secuitzy 1or them, is, that their nuunbers encrease so hfst., thlat tresh (courts must be erected to try them, I tiatht persecution is to be continued: and that would hlaerdli aXvail, for dunogeons could not be built so fast as 1&amp;apos;&amp;quot;eftirus would enerease. Pleased, however, as one nits b)e Ns ith adtIressos that ti 5atof&amp;apos; olde r aild of 1anw. fier timnVS we C( Cnijol &amp;apos;IOut re&amp;apos;rret that such hingunge ig not used in the Borou-inmongrers&amp;apos; House. Pe:h1aps, we shall not have to regrret this much longer; and when the exertions of the people without&amp;quot; are pr-operily supported wit/In the walls of St. Stephenis, the coillest Nsill beh ip -edily ended. The great mischiet has been, when thje jef)plk have anscrelel to the call of their leaders, that tle leaders have shIruiik, back fis if afvaid of the array mhieli presented itsIf in tHeir supporL ! 1i Wa-is said of ti.e F&amp;apos;rench ari&amp;apos;y, under thle old svstern. thlat the officers would lead, it the icli wYould follow ; and of the Eglt.ish, tlat thie menll Would follow;, if&amp;apos; the off.cers would lead.-. WVhatever inay havec been the nilitaryv truthL of ; servation, it may be safely applied 5 Ithe -.At&amp;apos;;u ot&amp;apos; Refornm. Fie PiLoPL a;-re r&amp;apos;c2tal. I i&amp;apos; oi&amp;gt; O II V i I S o shoutld leaul th.i;, 1hat sh&amp;apos;ritik from tirs ,*heu the natioisIcpei, ite apat/,f and #t&amp;apos;.&amp;apos;w. .. (b tjile e.a(dv excilses of its i !&amp;quot;q1tc1 i(-(tt. ,. .A efl ;i .awoke, i; wai left IlOir 1 tf, tlw bi.t.&amp;apos;p11- S. :-fl i;; army, Cand tie lvgal perseeutions l&amp;apos; i *,&amp;apos;-.- Rr! lk we belicve, Sil, Othat tc.&amp;apos; tirnat are t trust, thait we shall n)t ;II&amp;quot;i (&amp;apos;.!t&amp;apos;stIt .i &amp;apos;tx{.&amp;apos; ae aofain suntrnowA l to the hid ? M1&amp;apos;. Illuitie. h ah)oui de-servct theo It}&amp;apos;K vi j) Praise, hasl aio decaredl hiimself an ad&amp;apos;vocale of h A B, I, RI - F() T M-of a lt R9rin NNuic11 shal11 giSe tile Jpeop Ae a PAIZA-MOUN&amp;apos;r I&amp;apos;&amp;apos;LI ~ N f inte, H~ouse of&amp;quot; (Comti1ois Ii&amp;amp;e it is IItoi. Iuii to ni~ to ia(d a Cowmmwiiti Nv v) e(ita1ii hdele t IS v tit f i&amp;gt;ilesl cslt 01 ((JtJ}leJ;) Ei(:l 1-4 tha~t the rc Ir&amp;apos;C eit&amp;apos;(&amp;lt;lt&amp;apos;. i \ C Of&amp;apos; llth j,9C?,pi- Sh~ldt~ he&amp;apos; irn any way coitaflniiltxI byv tLe hialdence A iiLe -i vtocracv, Or of IfHie admllO1;IUZii14l a jyP v\c(w; tWr I; c w t-h thie pain-s and penalties ot hiihi trea,;ur)on, fbi&amp;apos;.it&amp;apos;v&amp;gt;IIg ati tICC wiol iof a le -i-slalt&amp;apos;; I altorl&amp;apos;iey, I dvtt.C th* rtghtoc ol&amp;apos; the inhabit~ats of lirininghiha to participale in the elective fanatiise. let B.Jvwiat \)uldf have beeii said, if the inhabitants of BPil&amp;quot;ullilnghii hatv! ch&amp;apos;lted a mliemnbhe of&amp;apos; the House of Lor-ds ? YAt 1hu hn1 as rTmch right tI (lo that, afs flily i.rlr&amp;apos; &amp;apos;illger lord has to d1epliute a raeiiibcr o~t the^ l&amp;apos;.bW t&amp;apos; (4ommntm ! II m&amp;apos;sdeeinelnov ,a~ViSt t&amp;apos;e p)eople, could be as readily reached by the laVs as ofetnces against the borouglimongers, the prisons would be filu more crowded with lor&amp;apos;ds and lordlin~, titan trey hlave ever been with the friends of Reform: and when tile people obtain a paramount influence in the tiouse of Commnos, this may probably be the case, if&amp;apos; the people are iiot far more getierous titan their persecutors have beet. Dr. Lushingolon was eqcpally intrepid, at this meeting. He &amp;quot; reprobated in the strongest terms the conduct of ;the lan des&amp;apos;;i interest, Whom hie described as basoly de; r.sehinq the cause of the people upotn all occasions. He &amp;apos;&amp;quot;1conifessed that in the pxresent insiaice, lhe could expect notling from their catcdour, as thev were oily influen&amp;apos;ced by theirfra1rs. I le be:ieved in hisconIscicnce that &amp;quot;REVOLUTION niust PRECEDE reJi&amp;apos;i n; hle would cau.&amp;apos;tion every man to avoid that extremity ; but if ever &amp;quot;heslhould have to choose between revolution ard des. &amp;quot;potisn, hie would Utake the FIRIST!&amp;quot; This is strongr lan)guag(e. BUe itl appears to nm-, tiht the learnel gentleman miigilt perllaps d&amp;amp;fei&amp;apos; tis choice, until lhe has to chioice left to himi. It&amp;apos; Ie wait until despotism r&amp;apos;each lain, then lie may never hCave any occa.%ien to choose betweeni them. But if the oppression of his fellowcountrymen touch him as nearly as if he were himself oppressed1:-if he, sees a desp&amp;amp;.o!ic power at work to the iijury (1 a1I wNho cannot hiribe it to leave them tSililitu&amp;apos;ed-if; as Sir Francis B3urdett observes, cc desP-ti~sli is thel ruling principle which influenced thle C&amp;quot;10ifi1Ndt 01 ,roveianiment, in their [.)reion and dolic&amp;apos;w phhiy; &amp;apos;-4ms he not now to choose? I am Oiti t1 to&amp;apos;e Iwho hold it decidedly wrong for any man to Utter laDnguIage uuoln political subjects, that he is not prepai&amp;apos;lO( to JoW1(tv in his political conduct. No desire of tfllicfltary popularity, no wish to excite a burst of ap. Plause from the listeners, no temptation to be renowned I lra fine phrase, should tempt a politician to speakl beond thle limits of what hle intends &amp;apos;wt perform. At a ConV&amp;apos;tIvkd ,l~t&amp;gt; the feelingv may expire with the effects Of the exhiiratintf beveraue; but when such langulage it Coiiveyed to the public without the accompaniment of winle ItIld good 4cheer, itlhasa tendency to stimulatefeel. itrs which aire not -s transcient in the bosoms of others, Hence arises the leauiing objcction to combining dinner anuselmlents *itliI political business. A talse value is btamped uIpon unmetaning expressions; and a false coI1 fidence is created, % hich suspends exertion when it is mnost needed, upon an ungrounded reliance upon those who mean to (lo nothing. W We will rather suppose this has been the casethan that it. will beso now ; butbecause it has b1&amp;apos;een so, let the people be careful not to relax in that energy atid vigilance, which have created all this display of spirit ; and whi ch will create mnuch more if they are niot relaxed. No one has more irndelatigably that Yourself laboured to induce the people to look to principles, rather thani to nien ; and to judge of public characters by what they do, and not what, they say. This is the ondl&amp;apos; means of e\ver red ucwigl principles to practice, and of leading from thought. to ,action. I Peinain, Respected Sir, Yours,7 &amp;amp;c., T Il1 BEoA.(&amp;apos;K D)WARF.</FullText> </Record>