<?xml version="1.0" encoding="UTF-8"?>
<Record> 	<Version>Record_v1.0.xsd</Version> 	<RecordID>4492113</RecordID> 	<DateTimeStamp>20180928135325</DateTimeStamp> 	<ActionCode>change</ActionCode> 	<RecordTitle>PUBLIC MEETING IN BEHALF OF SPAIN.</RecordTitle> 	<Publication> 		<PublicationID>1588</PublicationID> 		<Title>The Black Dwarf</Title> 		<Qualifier>London</Qualifier> 	</Publication> 	<Publisher>T. J. Wooler</Publisher> 	<Volume>10</Volume> 	<Issue>25</Issue> 	<AlphaPubDate>Jun 18, 1823</AlphaPubDate> 	<NumericPubDate>18230618</NumericPubDate> 	<SourceType>Historical Periodicals</SourceType> 	<ObjectType>Feature</ObjectType> 	<ObjectType>Article</ObjectType> 	<Contributor> 		<ContribRole>Editor</ContribRole> 		<LastName>Wooler</LastName> 		<MiddleName>Jonathan</MiddleName> 		<FirstName>Thomas</FirstName> 		<PersonName>Thomas Jonathan Wooler</PersonName> 		<OriginalForm>Wooler, Thomas Jonathan, 1786-1853</OriginalForm> 	</Contributor> 	<LanguageCode>ENG</LanguageCode> 	<ISSN>2043-149X</ISSN> 	<StartPage>891</StartPage> 	<EndPage>895</EndPage> 	<Pagination>891-895</Pagination> 	<URLDocView>http://search.proquest.com/docview/4492113/</URLDocView> 	<Products> 		<Product> 			<ProductID>1007574</ProductID> 			<HasFullText>true</HasFullText> 		</Product> 		<Product> 			<ProductID>1009130</ProductID> 			<HasFullText>true</HasFullText> 		</Product> 		<Product> 			<ProductID>10000001</ProductID> 			<HasFullText>true</HasFullText> 		</Product> 		<Product> 			<ProductID>10000297</ProductID> 			<HasFullText>true</HasFullText> 		</Product> 	</Products> 	<Terms> 		<FlexTerm> 			<FlexTermName>DerivedSubject</FlexTermName> 			<FlexTermValue>GREAT BRITAIN - Politics and Government - 1817-1824</FlexTermValue> 		</FlexTerm> 	</Terms> 	 	<FullText>PL.43IC MLE&amp;apos;TING IN BEH-IALF OF1 SPAIN. Oil Friday, pursuant to public nctice, an irnmense number of the Friends ot&amp;apos; National Liberty, and the oppressed Spanish People, assembled at the Lolnon Tavernl, for the purpose (o forwar&amp;apos;ding a stubscription in support of that great cause. At halt&amp;apos; past twelve o&amp;apos;clock the roomii was thronged to exceSs, and there we&amp;apos;re repeated cries of &amp;quot; Chair, chair.&amp;quot; Mr. 11. Ifunt, who Lad stept within the platforin, presented himiself, but was received withl marked dissap. probation ; after remainlin1g ueil lay five ininit tes on the table, he at length descended ; onl %wlhicl \Ir. J. C. Ilobhouse caine forward, amidst loud cheering, and stated that, in consequence of the absen!ce of the Noble iLord, whllo was to preside, and *who was moinentarily expected to ar-rive, the bu!iness of the ineeting wab unavoidably delayed. &amp;quot; But, Genitlemenm, continued lie, &amp;quot; I trust, that your good sense and aiffectiol to the cause for which vou are assembled, will not permit an.y ind(ividual to interrupt its harmony or frustrate its object. I Delieve there caix be no 1mistlake as to the object of himn who is known to introduce the torch of (liscord wherever lie goes. 1 hupe I aim iot too harsh in my expressions; but if any centleman wibles to address the meeting, this is surely neither the time nor the way ill which it should b)e done. The committee trust, that until Lord\V. Bnentinck comes, you will support Lord Erskine in the Chlair ? This proposal being met by lou(l acclainations, his Lordship ad. dressed the meeting. HIe trusted the same spirit m hich had laid despotism with the dust, would not now permit four or five individuals (however powerful) to arrogate to themselves the right of (lictation in the internal affairs of any other nation-how far government should have interfered in this cause, he would not now say. When the question was before Parliament, it did not declare againist Spain, neither would I&amp;apos;arliament agree to pledge the national meanis to that cause. But, gentlemen, you are judges of your own means, you know %Nhat you owe to Freedom, your Country, and yourselves. Parliament is the judge of the national means; but it cannot he denied, that you have at least a.im equal power over your own; and I think that the Mlembers of Government ought to subiscribe double, as thev nre so much more wealthiy. You &amp;apos;will recollect genitlemieni, that it is not lleelyIV a p)eople&amp;apos;s wro(i4nos you hlae to keep ii v&amp;apos;iew---it is not simiply ti, sti)port ot oppressed Spain against the infamous tylanny of r ance. buit it is that of Freedom strugg1ing IIt(Y (illst Dcspotic Power.The Spaniards have the hecart to beat it down, but thley want *iieans-mive thtemit the ma teriel, and11 thev will be invincible. ].ORD B1E.NTI N CK hIilajInJr rlveniv .. 1 ,n &amp;lt; \t;1n? apol e(&amp;apos; faolr hlls :tbsence, stated tinit it was not his purpo)se to allu(1e to the politics Of thl question bietore tLe-lie would CI)Ifiie h~imflSeltf nierelv to the miliitar part, as that was Ills peculicar provini(ce. in 1808, wvhen he ha.d the commlTland o)f a part of the Britislh Army, during hie invasion of Spain iv Napoleon, who hla(l a force ot niot less tlhann one hundre(l thousand men, twvcle thous&amp;apos;.ind( ot which were caiv.airv&amp;apos;, lie wfls orderedi bv the Cianmat(ler in ( liief, to tlcuiri aide-- he w&amp;quot;ished to (om! he hail receieed a similir comimand. on the p. e-sent occasion.--( Loud cleerin.})--Notwzitlistandiig the gre&amp;apos;at nunierictl tfrce opposed to thiei-inotw ithlstaliidiig thieir vanit of dlisciplile an( Q(f means, thieirenthusiasin anl f)midnesss tor libertv conquered every disadvaintagre; thevy wcrc then, as hle trusted they would be now, triumphant. Ills Lordship tLen) read a letter, written in the April of that year to Lord \iscoiliut Castlereagh, expressiv of&amp;apos; his convictionl tait, ti)otlgti he w-s cerItaill tle obstacles to tile (ltlivvt&amp;apos;ranw c ot Spain scented almost insurunoun table, yet lhe had no hesitation in pronouincing their uiltimate stuccess. Subsequent events lhave confirmined that opinion. lie trllste(l that hlis )resent antici[)pations 1%vouiu(l be equially realized(l. .Sir JAm ES M1ACKINNI OSi Ciloquently conldumnte(l the i11)rinCilnied invasion of Spain, anld applied the beautitfl lines of Moore,, of the Day-Star to the Spanish c.ase: So sinks the day-star in thel ocean&amp;apos;s bed, Andi yet anon repairs hiO. drooping lhead, Andl tricks his beames, a11nd with Inew spangled 1ore, Flames in the foreheaJ of tfle morning sky. We were pleased to) see Mr. M.airrvatt (coie torwiardl to secoml the first resolution. [t was seralng his professions in t:Ldouir ot Spain, nv an art ot essential servi(e. Lord L.YN EDOCH, *V}IO hflatd heeI11 personally a witness ot the p nst exertiois ottfthe Spaniards, (xpresC.e liu:i aslr`zIl(&amp;apos;e ot their siucces Mi tlwt&amp;apos; pre&amp;apos;ent strulg 1e. Xir. BROUG HAM, in a short but Umasterly uddress, described the general feeling in favour of Spain to have penetrated the dense atmosphere of St. Stephens; where though there might be soine half dozen courtlv minions whose sentiments were opposed to the people, they dare not pollute the public ear by their foul breath, even by a lwhisper against the free Spaniards; though they might lurk about in corners, and breathe their venom to congental vermin the bat and the rat. 13e noticed the different reception the Allied Sovereigns would now receive in England. Ile would have adr dressed the meeting at greater length, but for the heat of the wveatlier-and this reminded hime of that most powerful ally (the heat) Which was nowV workini(g in fiavour of Spain. Providence had or(lained that neither the arrow that flieth by night, nor the pestilence that walketh in darkness, was without somc useful object; and the invaders of Spain would feel the arrow, and experience the pestilence which they had drawn upon themselves. l-ie lioped the present would be the first of a thousand meetings throughout the empire, and that the feeling then predominant would sprea(l like wildfire through eveyry hamlet, town, and (histrict. (Loud cheers.) Mr. A. BAVtING next came forward to sanction the hopes of the ineetintg by declining his conviction that Spain would acquit herself successfully. The sympathy of the meeting, he observed, was the more necessary, as it was not in Spain alone that the spirit of despotism souglht to domineer-hut in every little German state where hopes were held out of a free constitution, they were crushed by the appalling menace of the Allies. Lord John Russel agreed that the Allies, it they could, would take the same measures against England, as agailist Spain. The little blemishes of the House of Commons they would preserve as sacre(l, but the liberties of the I)eople they would (lestrov to free the King from captivity. Mr. Denman acutely reminded the meeting of the period when the Holy Allies were kissing the footstool of Napoleon, and crouching before a despotism similar to that which they had since set lip. Lord Ebrington, Sir Ronald Fergusson, andN ir. WVaithmnap, next addressed the nmeeting ; after which there was some contest on the attempt of &amp;apos;Mr. Hunt to come forward. ile, however, obtained : partial hearing, and rtoted that the S;paniirds were only fighting fibr&amp;apos;t0otviuuv tfur )lIy beggiig for which tOm Manichvbter p&amp;quot;eiw were put t deatth. Thit ( ceAte(l somle upo ) Ir, a 11d M . in moved that the cowltkitteebil&amp;apos;)Uld write to the persons receiving emolument, froin the Gaveruuelit, to contribute to thje ol jc ctwhich wvas negative(l by n large majorlity. M r. Ilobhusc desircid every man to recollect that a subscription of 0()s. was putting, a musket into the hands of a Spaniard, whlio only nceded armis to defend hiis liberty. Mr. Grey Bennett read a letter trou Alr. Vealls, statintv tlhat. tile shoeinakers had arranged rt&amp;apos;. a %Ncekly sul)scriptioln anong tlhenmselves, which would pirs.tibly prodluce froun 2001. to 3001. Lord FrAkine, 1Mr. S. C. W\lhitbread., Ald. Woordi nald MIr. Favell seve rally addresse(d the mecli rig. Mr. L&amp;apos; MuLl had a commumnuicati&amp;apos;.)u fromu1 tweaty wor&amp;apos;Ki*(1tl, jll thie eonsploy of .1r. Clarke, ill the Minories, subscribing ? 14-anotiher of a subscription from Lund&amp;apos;s Coffee-ihouise; ard, a proposal fronm Mlr. Willatt, to furnish 50,000 horse-pistol flints. Tile subscription oft Mr. L.amnbtom ? 1000,, of Sir Francis Bulirdett&amp;apos;s, t 500, and of nmany others were read: and the niceting broke up vith an acclaniation of thanks to the Chairman. Tlhc followiima is a correct copy of the resolutions that were arPced to.* 1. Tbat every nation possesses the right of choosing the laws and institutions by which thciy shall be governe(J, and, that to admit an interference with this righlt to any degtree or onl any pretext, is to forfeit all claima to the blessings and dignity of independence. 2. rhat tile heroism and perseverance wvith which the Spanish people commenced and accomplishled thfeir successful struagle agaiuI.st thle usurpation of the formner ruler of -France mainly cotaributed to thie triumphant issue of the late wa, anid entitled thien tLo the everltuting gratituldIe ot tiose nations whio had previously coiatended in vain, for tile sanme cause. 3. That the couragre and moderation with which tle Spanish1 libxerated themselves fronm the voke of domestic tvranny, are worthy of the spuirit and character of those who had before repelled foreignl .Aggression ; and so fair from beilg a groun(l of complaint, should i t the eves ot ecerv independcint inition, and more particularly of Enstawud, give th1m a fresh clainm to the gratitude of mnarikind. $. That the wnr r&amp;apos;oin marie on Spain by tle ki-ng of France ftor Ahr aiOINIed purpoce ot&amp;apos; depriving the .Spanish people ot the sac~rei righit ot seltf-goegeriuexrieit, is an1 ulInprincipled aidatrociouIs Vl0iatiolli not on1l of the freedomii of the Sp)aniards, but ot the principles which form the basis of all lmnan society. 5. Ihlt *thl)Ug it }1has been deemed expedient that the British ovemlnliclt shlll manintain iieutrality under the present circumstafl(t&amp;apos;c ot thc country, yet in the opinion of thiis meeting, it is tlh( 1boune deii vuuty of Britons to mauifest their abhorrence of the iu&amp;apos;justice and violence of the Government of France, as well a their symlpathy %vith the -magnanimous and deeply injured lation, which is the object of&amp;apos; that impious aggressiOn1. 6. That this meeting do therefore invite all those of their fellow c4Juntrynl-en, of ecery class and station, who value the cause of freedom and the rirhts of independent nations, forthwith to contribute, accor&amp;apos;dinig to their respective nieans, to the SubscriptionI already conimenced in behalf of thre Spanish People. 7. That the thanks of this Meeting be given to the Lord Mayor, Aldermen, and Common (Council, of tbe city of London, for the m.uble example they have set to the other Corporations of the King4l0m, by assisting the *Spaniards in the present ardiuous contest for their riglits, lil)etiec, and( in(lepen(lence. 8. That the foIlloiIn gentlemen be appointed a cominittee to mtianage this subscription, with power to add to their number:-J. G. ILaInbton, Ylsq. M1. P. Chairmaii. iieut.-Ucn. Sir B. i&amp;apos;crgusson, AM. Pa. &amp;quot;ir James A ckIintosh, M. 1. Edward Ellice, Esq. Ml. P. T. Smith, Esq. M. P. .r. C. lHobhouse, Esq. M. P. &amp;apos;Joseph HIlume, Es(. AL. P. (colonel (Grant. Robert Slade, Esq. It. 19. $01.ly, ltsq. J. Wilkes, Esq. Johl Bowring, Esq. 9. That a comnnuittee of Treasurers be appointed to receive thle subscriptions, and that Alexander Baring, Bart. Esq. M. P., John. Snith, Esq. M. P., Abraham Robarts, Esq. Al. P., and the HUo. Douglas Kinnaird, M. P. do compose the said committee. 10. That the thanks of this Mleetinr bc given to Lord William Bentinck, for his kindness in accepting and his ability in filling the chair.t t A story was told of an attempt to bribe tlhe Sun, evening paper, hy the Bourbons; which we are rallier induced to set down as an attemlpt to puff the paper. The lotirbons are base enouglh for snr thing , but the- ar;e too ciinning to pla% .stivh Imrefaced tricks</FullText> </Record>