<?xml version="1.0" encoding="UTF-8"?>
<Record> 	<Version>Record_v1.0.xsd</Version> 	<RecordID>4493874</RecordID> 	<DateTimeStamp>20180928135502</DateTimeStamp> 	<ActionCode>change</ActionCode> 	<RecordTitle>WALTZING.</RecordTitle> 	<Publication> 		<PublicationID>3083</PublicationID> 		<Title>British lady's magazine, June 1817-June 1818</Title> 		<Qualifier>London</Qualifier> 	</Publication> 	<Publisher>John Robins and Co. Albion Press</Publisher> 	<Volume>2</Volume> 	<Issue>9</Issue> 	<AlphaPubDate>Feb 1818</AlphaPubDate> 	<NumericPubDate>18180201</NumericPubDate> 	<SourceType>Historical Periodicals</SourceType> 	<ObjectType>Poem</ObjectType> 	<LanguageCode>ENG</LanguageCode> 	<ISSN>2043-5037</ISSN> 	<ISSN>2043-5029</ISSN> 	<StartPage>78</StartPage> 	<EndPage>78</EndPage> 	<Pagination>78-78</Pagination> 	<URLDocView>http://search.proquest.com/docview/4493874/</URLDocView> 	<Products> 		<Product> 			<ProductID>1007574</ProductID> 			<HasFullText>true</HasFullText> 		</Product> 		<Product> 			<ProductID>1009130</ProductID> 			<HasFullText>true</HasFullText> 		</Product> 		<Product> 			<ProductID>10000001</ProductID> 			<HasFullText>true</HasFullText> 		</Product> 		<Product> 			<ProductID>10000297</ProductID> 			<HasFullText>true</HasFullText> 		</Product> 	</Products> 	 	<FullText>o .r v I 0 0 , l\ A IdIZ I N G. (7FT all the 1li1dite&amp;apos; that !OU Caiil, .And let each lady ha e a miani; I. t dwin , ill I a s I(.11 plac&amp;apos;d, &amp;apos;&amp;apos;Take#^ i&amp;apos;el11 itll&amp;apos;HW 1e,0e1(1 thet Nsaist; r,nw,, iN sim%; (tC, etv., ati%\;,mve, Till tlt&amp;apos; &amp;quot; ;, I lk et&amp;apos;colt&amp;apos;%s a da(lict &amp;apos;lTh&amp;apos;ii tlae&amp;apos; tw irliliu face to I&amp;apos;ace, Wi ititwilt v .riety or grace 16Irdti and ri&amp;apos;l m&amp;apos;i ad(l never sto)ppinfO a and hlnie a little heppity V\ iien yout&amp;apos;r isroIIg, to malkme thin-, If Oflw ccupl&amp;apos; -v ptrrvvrs, S&amp;gt; l ::i li iii t~it figu e be p&amp;apos;rp 1e~x&amp;apos;d1 T&amp;apos;1(.0 1 bI, k;~lmcki&amp;apos;s (1owUI hN t.1h&amp;apos; nex^t. Quick et&amp;apos;r 1W tlw(&amp;apos; t la(dies Clrv. &amp;apos;luTwy riu, they t\ i I, tilt&amp;apos;&amp;apos; iV i .I tIIIC\ tIN ; I&amp;apos;lifih, blowing. jostlingm Squeezing. I &amp;quot;&amp;apos;lV 0(1d. biut V 1W 1) I.l liII I : ii c;&amp;apos;)\ Ia(I v plai IIIN&amp;apos; siler i\ Lote vI tam{ sh1&amp;gt; Ill.IV (11,c(&amp;apos;1se) i-CN -&amp;apos; ^e is not aII(on lie r fcaults, I,;diet, !-this. it is to waltz.</FullText> </Record>