<?xml version="1.0" encoding="UTF-8"?>
<Record> 	<Version>Record_v1.0.xsd</Version> 	<RecordID>4504193</RecordID> 	<DateTimeStamp>20180928135325</DateTimeStamp> 	<ActionCode>change</ActionCode> 	<RecordTitle>Ship Launch.</RecordTitle> 	<Publication> 		<PublicationID>2797</PublicationID> 		<Title>The Calcutta journal of politics and general literature</Title> 		<Qualifier>Calcutta</Qualifier> 	</Publication> 	<Publisher>Columbian Press</Publisher> 	<Volume>1</Volume> 	<Issue>36</Issue> 	<AlphaPubDate>Feb 11, 1822</AlphaPubDate> 	<NumericPubDate>18220211</NumericPubDate> 	<SourceType>Historical Periodicals</SourceType> 	<ObjectType>General Information</ObjectType> 	<LanguageCode>ENG</LanguageCode> 	<StartPage>431</StartPage> 	<EndPage>431</EndPage> 	<Pagination>431-431</Pagination> 	<URLDocView>http://search.proquest.com/docview/4504193/</URLDocView> 	<Products> 		<Product> 			<ProductID>1007574</ProductID> 			<HasFullText>true</HasFullText> 		</Product> 		<Product> 			<ProductID>1009130</ProductID> 			<HasFullText>true</HasFullText> 		</Product> 		<Product> 			<ProductID>10000001</ProductID> 			<HasFullText>true</HasFullText> 		</Product> 		<Product> 			<ProductID>10000297</ProductID> 			<HasFullText>true</HasFullText> 		</Product> 	</Products> 	 	<FullText>Siblp itaunrtj. . Liutleberl at Chlittagonn on the 110th of Deeomber, a heantifti inof Iot a Wigof 170 Too-, nanved the Royv.I. C.4Rn F.. Unfit jO tile . *ery bcjt wAttccalt, by Mr. E. Marqtwaiid. B1s3iJer of that Port.</FullText> </Record>