<?xml version="1.0" encoding="UTF-8"?>
<Record> 	<Version>Record_v1.0.xsd</Version> 	<RecordID>4508438</RecordID> 	<DateTimeStamp>20180928135242</DateTimeStamp> 	<ActionCode>change</ActionCode> 	<RecordTitle>Disturbances at Night.</RecordTitle> 	<Publication> 		<PublicationID>2797</PublicationID> 		<Title>The Calcutta journal of politics and general literature</Title> 		<Qualifier>Calcutta</Qualifier> 	</Publication> 	<Publisher>Columbian Press</Publisher> 	<Volume>3</Volume> 	<Issue>133</Issue> 	<AlphaPubDate>Jun 4, 1822</AlphaPubDate> 	<NumericPubDate>18220604</NumericPubDate> 	<SourceType>Historical Periodicals</SourceType> 	<ObjectType>Correspondence</ObjectType> 	<Contributor> 		<ContribRole>Author</ContribRole> 		<OriginalForm>A LATE RETIRER</OriginalForm> 	</Contributor> 	<LanguageCode>ENG</LanguageCode> 	<StartPage>484</StartPage> 	<EndPage>484</EndPage> 	<Pagination>484-484</Pagination> 	<URLDocView>http://search.proquest.com/docview/4508438/</URLDocView> 	<Products> 		<Product> 			<ProductID>1007574</ProductID> 			<HasFullText>true</HasFullText> 		</Product> 		<Product> 			<ProductID>1009130</ProductID> 			<HasFullText>true</HasFullText> 		</Product> 		<Product> 			<ProductID>10000001</ProductID> 			<HasFullText>true</HasFullText> 		</Product> 		<Product> 			<ProductID>10000297</ProductID> 			<HasFullText>true</HasFullText> 		</Product> 	</Products> 	 	<FullText>&amp;amp;t0turtMtir?? at Xtgtit. To the Editor of the Calcutta Journal. arti, Tour Correspondent ?? A Votaky of Morpheus&amp;quot; whose letter on the subject of Night Disturbances, appeared in the colomna of your Paper, bas my thanks for tbe furtherance of a Slatter which I myself have been contemplating to bring under jour notice. Now, Sir, I am regularly habituated at an advanced boor of the night to retire to repose; during those I keep nwake, tbe au dd en and unexpected exclamations of these Cbokeydars, in tha notes of &amp;quot;Oh Dnrwan, &amp;quot;Dorwnnjee, Oh Meebtn&amp;quot; while they are so disagreeable to the ear, are very dismal in the dead ?f night to be assailed with, and serve so efficaciously to rouse little Infants (of which lois are seen under the roof I harbour in) With their mothers, that the erv of the one, and the plaints of the ether for the apparent discontinuance of a practice so horrid and tajelcss, are vehement. Like yonr sleepv Correspondent, T have fonnd all remonatranees with these fellows useless ? they, on the contrary, proaecute the practice with notes bi-rber and more solemn. The remarks produced by the Votary or Morpheus are acenrate, and I have little or rather nothing further to advance on the subject, hot the hope that of such a practice may early he prohibited and entirely abolished, more especially in the Chitpore Road, 91 properly Terreta Bazar, from whence writes, Tour waking Servant, A LATE RETIRE R</FullText> </Record>