<?xml version="1.0" encoding="UTF-8"?>
<Record> 	<Version>Record_v1.0.xsd</Version> 	<RecordID>4521875</RecordID> 	<DateTimeStamp>20180928135454</DateTimeStamp> 	<ActionCode>change</ActionCode> 	<RecordTitle>Art. XI. Translation of the French verses in our last, extracted from Voltaire's Port-folio, Vol. I.</RecordTitle> 	<Publication> 		<PublicationID>1560</PublicationID> 		<Title>The Critical review, or, Annals of literature</Title> 		<Qualifier>London</Qualifier> 	</Publication> 	<Publisher>R. Baldwin</Publisher> 	<Volume>4</Volume> 	<AlphaPubDate>Oct 1757</AlphaPubDate> 	<NumericPubDate>17571001</NumericPubDate> 	<SourceType>Historical Periodicals</SourceType> 	<ObjectType>Review</ObjectType> 	<Contributor> 		<ContribRole>Editor</ContribRole> 		<LastName>Smollett</LastName> 		<MiddleName>George</MiddleName> 		<FirstName>Tobias</FirstName> 		<PersonName>Tobias George Smollett</PersonName> 		<OriginalForm>Smollett, Tobias George, 1721-1771</OriginalForm> 	</Contributor> 	<LanguageCode>ENG</LanguageCode> 	<ISSN>2043-197X</ISSN> 	<StartPage>341</StartPage> 	<EndPage>343</EndPage> 	<Pagination>341-343</Pagination> 	<URLDocView>http://search.proquest.com/docview/4521875/</URLDocView> 	<Products> 		<Product> 			<ProductID>1007574</ProductID> 			<HasFullText>true</HasFullText> 		</Product> 		<Product> 			<ProductID>1009130</ProductID> 			<HasFullText>true</HasFullText> 		</Product> 		<Product> 			<ProductID>10000001</ProductID> 			<HasFullText>true</HasFullText> 		</Product> 		<Product> 			<ProductID>10000297</ProductID> 			<HasFullText>true</HasFullText> 		</Product> 	</Products> 	<Terms> 		<FlexTerm> 			<FlexTermName>DerivedSubject</FlexTermName> 			<FlexTermValue>ENGLISH LITERATURE - History and Criticism - 18th Century</FlexTermValue> 		</FlexTerm> 	</Terms> 	<FullText>Art. XL Tranfiaticn of the * French &amp;lt;uerfes in our lafi, extracled from Voltaire&amp;apos;s Port-folio, Vol. I. Foreign Articles. Madrigal* To the Princefs of HOW truth and falfehood will unite, In dreams how oddly meet! Methought I was a king laft night, And fighing at your feet. But ? See the Review for September, Numb. XX. p. 260,s But when I *woke* returning day Did moft deceitful prove, Which ftole my fancy&amp;apos;d crown away, And left me hopelefs love. Epigram on a counjellor who bought a place. Scaurus, who boafts more friends than parts or fenfe, A place has purchased with his borrow&amp;apos;d pence ; f A place which Scaurus might with honour hold, If he cou&amp;apos;d borrow wit as well as gold. On the common exprefjion of Killing time. ( Time fpeaks.) There&amp;apos;s fcarce a point wherein mankind agree, So well as in their boaft of killing me. I boafi of nothing; but, when I &amp;apos;ve a mind, I think I can be even with mankind. The Lovers petition to the King againfi fireet-robbers* To you, royal fir, in our spiels condition* We lovers here fend up eijr humble petition*.. On you we depend $o remove fill oyr fears, &amp;apos;to fbften our pains, ^nd to dry up our te&amp;amp;r?, Thefe pow&amp;apos;rful difturbers will meet no refiftance, But triumph, without your moft gracious afftftance; Without it to live and be happy hel&amp;lt;Wf Is more than ev&amp;apos;n Cupid himfelf t?n bellow* tn vain does the goddefs of lovers, fweet Night, Her vot&amp;apos;ries defend from impertinent light, If rafcally ruffians, who murder and Heal, Her rites fliall profane, and her myft&amp;apos;ries reveal: Your flame they will laugh jt, your pallion will curie, And fpoil all your fport for a pitiful purfe. A hulband, tho&amp;apos; jealous, we often defy, But a hungry poor thief has a lynx&amp;apos;s lharp eye. Ere we come to the fair one, thefe rogues play their part. And the lover has nothing to give but his heart; No tip for the footman, no bribe for the maid, *Tis a hundred to one but yetar caufe is betray&amp;apos;d; The ladder of ropes, the convenient back-door, And the half-open window, are ufeful no more. To yow tmftrefs&amp;apos;s chamber a robber may enter, And a thief may come in where a lover won&amp;apos;t venture. The ?f* Perhaps the two laft lines might thus be altered for the better; A place which Scaurus wou?d exactly .fit, If thofe who lent him gold cou&amp;apos;d lend him wit. Tu, lc dorx ytrum fta&amp;amp;is [mum, ac ripe. The hulband no longer wity lock up his dearf . ? . But leave her, and go to his club without fear* The heart of the father is now fet at eafe, And mifs may be trufted alone if fhe pleafe. If you go to intrigue, you muft carry a guard: And yet, after all, &amp;apos;tis moft cruelly hard, That a gentleman thus muft endanger his life, But to ravifh a daughter, or lie with a wife ; That a man muft be plunderM and ftripp&amp;apos;d, if he&amp;apos;s richf Or if poor, fhall be murdered, and thrown in a ditch. Permit us to add, on this mournful occafion, That the bufinefs of love, fir, is that of the nation ? In your majeft/s fervice that we are employ&amp;apos;d, And without us no comfort on earth is enjoy&amp;apos;d : Grant therefore that we, thus by villains infefted, Your moft loving fubjedts, may pafs unmolefted ; That robbers and thieves may to lovers give way, And we, your petitioners, ever fhall pray. Thofe amongft our readers who are acquainted with the French tongue, will eafily perceive that the above tranflations (efpecially the laft) are by no means clofe or literal, which in pieces of that nature we did not think neceflary ; but chofe rather to make them more agreeable, by varying fome thoughts, adding others, and endeavouring, as the French fay, encberir fur I&amp;apos;original.</FullText> </Record>