<?xml version="1.0" encoding="UTF-8"?>
<Record> 	<Version>Record_v1.0.xsd</Version> 	<RecordID>4523799</RecordID> 	<DateTimeStamp>20180928135242</DateTimeStamp> 	<ActionCode>change</ActionCode> 	<RecordTitle>33. The Sick Monkey, a Fable.</RecordTitle> 	<Publication> 		<PublicationID>1560</PublicationID> 		<Title>The Critical review, or, Annals of literature</Title> 		<Qualifier>London</Qualifier> 	</Publication> 	<Publisher>R. Baldwin</Publisher> 	<Volume>19</Volume> 	<AlphaPubDate>May 1765</AlphaPubDate> 	<NumericPubDate>17650501</NumericPubDate> 	<SourceType>Historical Periodicals</SourceType> 	<ObjectType>Review</ObjectType> 	<Contributor> 		<ContribRole>Editor</ContribRole> 		<LastName>Smollett</LastName> 		<MiddleName>George</MiddleName> 		<FirstName>Tobias</FirstName> 		<PersonName>Tobias George Smollett</PersonName> 		<OriginalForm>Smollett, Tobias George, 1721-1771</OriginalForm> 	</Contributor> 	<LanguageCode>ENG</LanguageCode> 	<ISSN>2043-197X</ISSN> 	<StartPage>400</StartPage> 	<EndPage>400</EndPage> 	<Pagination>400-400</Pagination> 	<URLDocView>http://search.proquest.com/docview/4523799/</URLDocView> 	<Products> 		<Product> 			<ProductID>1007574</ProductID> 			<HasFullText>true</HasFullText> 		</Product> 		<Product> 			<ProductID>1009130</ProductID> 			<HasFullText>true</HasFullText> 		</Product> 		<Product> 			<ProductID>10000001</ProductID> 			<HasFullText>true</HasFullText> 		</Product> 		<Product> 			<ProductID>10000297</ProductID> 			<HasFullText>true</HasFullText> 		</Product> 	</Products> 	<Terms> 		<FlexTerm> 			<FlexTermName>DerivedSubject</FlexTermName> 			<FlexTermValue>ENGLISH LITERATURE - History and Criticism - 18th Century</FlexTermValue> 		</FlexTerm> 	</Terms> 	<FullText>33. Teh Sac&amp;amp; Mommy, a Pabol. Pr. i s. 6 d. Pletchef, The,. tidi-page of this piece (eemed to be intended, like Bayes&amp;apos; prologue of thunder and lightning, in terrqrem; buW prooed in the Eud as harmlefs as the muflard-bowl and rofin of she thestre. The author has indeed taken fome liberties with Mr. Garrick; but on the whole he has blen&amp;amp;ed his fweets and acids fo fkilfully, that we are apt to believeMr. G. himfelf will think it more palatable than any dofe nice treacle which he mV have met with on his travels. advice con, veyed in the vehicle of the fable is good and wholefome; and we doibt not but. the patient (whether he jhall appear in the capacity of aalor and manager, as heretofores or fimply as manager) will rea4ily take it. As to the merit.of the compofition, this little piece contains more fancy than is commonly included in a fable; and the flie in wbhch it is written is, we think, the liappieft imitation of the manner of Fontaine that we remember to have fee&amp;quot;. The ?ficiapian cock is well painted, and, if we ftake not, drawn after the lifQ; but, to prevent wiftakes, nquirc of Dr. S-&amp;apos;-mberg. Who are implied by. the Several charataers of the afs, goat, cat- toad, viper, an4 other animals, we will not pretend to determine. We think indeed that we could point out the fReed ; but we will not name him, for fear wne hould not Sut lb, fadle a ib ri&amp;apos;gt herit..</FullText> </Record>