<?xml version="1.0" encoding="UTF-8"?>
<Record> 	<Version>Record_v1.0.xsd</Version> 	<RecordID>4526838</RecordID> 	<DateTimeStamp>20180928135325</DateTimeStamp> 	<ActionCode>change</ActionCode> 	<RecordTitle>Art. 20. The Introductory Discourse to the First Volume of the Memoirs of the Royal Academy of Surgery at Paris, concerning the Vices of the Humours. In which the Doctrine of Suppuration, and various Medical and Chirurgical Subjects are considered, and Experiments recommended, to assist Observation in the Discovery of the Nature, Cause, and Cure of Diseases.</RecordTitle> 	<Publication> 		<PublicationID>1560</PublicationID> 		<Title>The Critical review, or, Annals of literature</Title> 		<Qualifier>London</Qualifier> 	</Publication> 	<Publisher>R. Baldwin</Publisher> 	<Volume>10</Volume> 	<AlphaPubDate>Nov 1760</AlphaPubDate> 	<NumericPubDate>17601101</NumericPubDate> 	<SourceType>Historical Periodicals</SourceType> 	<ObjectType>Review</ObjectType> 	<Contributor> 		<ContribRole>Editor</ContribRole> 		<LastName>Smollett</LastName> 		<MiddleName>George</MiddleName> 		<FirstName>Tobias</FirstName> 		<PersonName>Tobias George Smollett</PersonName> 		<OriginalForm>Smollett, Tobias George, 1721-1771</OriginalForm> 	</Contributor> 	<LanguageCode>ENG</LanguageCode> 	<ISSN>2043-197X</ISSN> 	<StartPage>404</StartPage> 	<EndPage>405</EndPage> 	<Pagination>404-405</Pagination> 	<URLDocView>http://search.proquest.com/docview/4526838/</URLDocView> 	<Products> 		<Product> 			<ProductID>1007574</ProductID> 			<HasFullText>true</HasFullText> 		</Product> 		<Product> 			<ProductID>1009130</ProductID> 			<HasFullText>true</HasFullText> 		</Product> 		<Product> 			<ProductID>10000001</ProductID> 			<HasFullText>true</HasFullText> 		</Product> 		<Product> 			<ProductID>10000297</ProductID> 			<HasFullText>true</HasFullText> 		</Product> 	</Products> 	<Terms> 		<FlexTerm> 			<FlexTermName>DerivedSubject</FlexTermName> 			<FlexTermValue>ENGLISH LITERATURE - History and Criticism - 18th Century</FlexTermValue> 		</FlexTerm> 	</Terms> 	<FullText>Art. 20. The Infroduclory Difcourfe to the Firft Volume of the Me? moirs of the Royal Academy of Surgery at Paris, concerning the Vices cf the Humours. In which the Doctrine of Suppuration, and various Medical and Chirurgical Subjecls are confidered, and Expe-+ riments recommended, to affift Obfcrvation in the Difcovery of the Nature, Caufe9 and Cure of Difeafes, By M. Quefnay, M. D. Tranfiated and abridged, by a Surgeon, f&amp;amp;vo. Pr. zs Wilfon. This dTfcourfe, though well enough adapted to the purpofes of an introduction, fcarcc merits the trouble of a trandatipn. At the time it was written it was feafonable ; it contains good fenfe and erudition, but is too general for a feparate publication. The chief defijn ef M. Quefnay feenys to be to difcountenance hypo^ hypothetical fyftems in philofophy ; yet are half his remarks and distinctions founded upon conjecture, and beyond the reacft of experiment. The whole firft part of his introduction is mere declamation and fcholaftic quibble, which the tranflator might have entirely omitted, without prejudice to the author, or the public. In the fecond part are a number of ingenious whimsical obtervations on the effects of putrefaction and fermentation; between which, with refpeft to contagion, malignity, and infection, the author diftinguifhes, without pointing out the real difference. All trie pains taken to annex clear ideas to the words malignity, infection, and contagion, and diftinguifh the two former from the latter, may give reputation to an academical lefture ; in the world they will be neglected as the ufelefs labours of a pedant, eager to found fome degree of literary fame on the excrefcences and fuperfluities of fcience.</FullText> </Record>