<?xml version="1.0" encoding="UTF-8"?>
<Record> 	<Version>Record_v1.0.xsd</Version> 	<RecordID>4530559</RecordID> 	<DateTimeStamp>20180928135325</DateTimeStamp> 	<ActionCode>change</ActionCode> 	<RecordTitle>Cover</RecordTitle> 	<Publication> 		<PublicationID>1560</PublicationID> 		<Title>The Critical review, or, Annals of literature</Title> 		<Qualifier>London</Qualifier> 	</Publication> 	<Publisher>R. Baldwin</Publisher> 	<Volume>33</Volume> 	<AlphaPubDate>Jan 1772</AlphaPubDate> 	<NumericPubDate>17720101</NumericPubDate> 	<SourceType>Historical Periodicals</SourceType> 	<ObjectType>Front Matter</ObjectType> 	<ObjectType>Front Page/Cover Story</ObjectType> 	<Contributor> 		<ContribRole>Editor</ContribRole> 		<LastName>Smollett</LastName> 		<MiddleName>George</MiddleName> 		<FirstName>Tobias</FirstName> 		<PersonName>Tobias George Smollett</PersonName> 		<OriginalForm>Smollett, Tobias George, 1721-1771</OriginalForm> 	</Contributor> 	<LanguageCode>ENG</LanguageCode> 	<ISSN>2043-197X</ISSN> 	<StartPage>1</StartPage> 	<EndPage>1</EndPage> 	<Pagination>1-1</Pagination> 	<URLDocView>http://search.proquest.com/docview/4530559/</URLDocView> 	<Products> 		<Product> 			<ProductID>1007574</ProductID> 			<HasFullText>true</HasFullText> 		</Product> 		<Product> 			<ProductID>1009130</ProductID> 			<HasFullText>true</HasFullText> 		</Product> 		<Product> 			<ProductID>10000001</ProductID> 			<HasFullText>true</HasFullText> 		</Product> 		<Product> 			<ProductID>10000297</ProductID> 			<HasFullText>true</HasFullText> 		</Product> 	</Products> 	<Terms> 		<FlexTerm> 			<FlexTermName>DerivedSubject</FlexTermName> 			<FlexTermValue>ENGLISH LITERATURE - History and Criticism - 18th Century</FlexTermValue> 		</FlexTerm> 	</Terms> 	<FullText>T H E CRITICAL REVIE W. . For the :Month of</FullText> </Record>