<?xml version="1.0" encoding="UTF-8"?>
<Record> 	<Version>Record_v1.0.xsd</Version> 	<RecordID>4537278</RecordID> 	<DateTimeStamp>20180928135242</DateTimeStamp> 	<ActionCode>change</ActionCode> 	<RecordTitle>Book review</RecordTitle> 	<Publication> 		<PublicationID>1560</PublicationID> 		<Title>The Critical review, or, Annals of literature</Title> 		<Qualifier>London</Qualifier> 	</Publication> 	<Publisher>R. Baldwin</Publisher> 	<Volume>46</Volume> 	<AlphaPubDate>Oct 1778</AlphaPubDate> 	<NumericPubDate>17781001</NumericPubDate> 	<SourceType>Historical Periodicals</SourceType> 	<ObjectType>Review</ObjectType> 	<Contributor> 		<ContribRole>Editor</ContribRole> 		<LastName>Smollett</LastName> 		<MiddleName>George</MiddleName> 		<FirstName>Tobias</FirstName> 		<PersonName>Tobias George Smollett</PersonName> 		<OriginalForm>Smollett, Tobias George, 1721-1771</OriginalForm> 	</Contributor> 	<LanguageCode>ENG</LanguageCode> 	<ISSN>2043-197X</ISSN> 	<StartPage>313</StartPage> 	<EndPage>313</EndPage> 	<Pagination>313-313</Pagination> 	<URLDocView>http://search.proquest.com/docview/4537278/</URLDocView> 	<Products> 		<Product> 			<ProductID>1007574</ProductID> 			<HasFullText>true</HasFullText> 		</Product> 		<Product> 			<ProductID>1009130</ProductID> 			<HasFullText>true</HasFullText> 		</Product> 		<Product> 			<ProductID>10000001</ProductID> 			<HasFullText>true</HasFullText> 		</Product> 		<Product> 			<ProductID>10000297</ProductID> 			<HasFullText>true</HasFullText> 		</Product> 	</Products> 	<Terms> 		<FlexTerm> 			<FlexTermName>DerivedSubject</FlexTermName> 			<FlexTermValue>ENGLISH LITERATURE - History and Criticism - 18th Century</FlexTermValue> 		</FlexTerm> 	</Terms> 	<FullText>MONTHLY CATALO GUE. .- D~ I V X N 1; T Y.&amp;apos; ,4 Sermon tpriebif at -St. MWary&amp;apos;s Cburib, ixi _xford, pow Th urday, Y Z, 1778, b&amp;apos;IV O I tfhe &amp;apos;AnnieAwiyari Mutig A fh Go&amp;apos;vunors ,)f th, Radcliffe fIrfirmary. By johi Lord Bi a -OzfQydt ve. If JRivin.Lton, r 1M leirned and jadicious author of thIs difcourfe explains j the principles of benevolence and charity, inculcated by iwJcwi(h law, aad theChriftian revelation. And where the poor a,, #ptumrons to be fully and effceually relieved by individualk, he points out the proper mode of felcAing obje&amp;amp;t, and exerting our. benelicece in the moft ufeful and cfft,&amp;amp;ual manner. Tiisnaturally4 introduces fome genzal obfervations in favour of the Ridcliffe infirmary..</FullText> </Record>