<?xml version="1.0" encoding="UTF-8"?>
<Record> 	<Version>Record_v1.0.xsd</Version> 	<RecordID>4559033</RecordID> 	<DateTimeStamp>20180928135447</DateTimeStamp> 	<ActionCode>change</ActionCode> 	<RecordTitle>The Trial at large of Ed. Lowe and Wm. Jobbins, before the Recorder of London, at the Sessions House in the Old Bailey.</RecordTitle> 	<Publication> 		<PublicationID>1560</PublicationID> 		<Title>The Critical review, or, Annals of literature</Title> 		<Qualifier>London</Qualifier> 	</Publication> 	<Publisher>R. Baldwin</Publisher> 	<Volume>1</Volume> 	<AlphaPubDate>Jan 1791</AlphaPubDate> 	<NumericPubDate>17910101</NumericPubDate> 	<SourceType>Historical Periodicals</SourceType> 	<ObjectType>Review</ObjectType> 	<Contributor> 		<ContribRole>Editor</ContribRole> 		<LastName>Smollett</LastName> 		<MiddleName>George</MiddleName> 		<FirstName>Tobias</FirstName> 		<PersonName>Tobias George Smollett</PersonName> 		<OriginalForm>Smollett, Tobias George, 1721-1771</OriginalForm> 	</Contributor> 	<LanguageCode>ENG</LanguageCode> 	<ISSN>2043-197X</ISSN> 	<StartPage>109</StartPage> 	<EndPage>110</EndPage> 	<Pagination>109-110</Pagination> 	<URLDocView>http://search.proquest.com/docview/4559033/</URLDocView> 	<Products> 		<Product> 			<ProductID>1007574</ProductID> 			<HasFullText>true</HasFullText> 		</Product> 		<Product> 			<ProductID>1009130</ProductID> 			<HasFullText>true</HasFullText> 		</Product> 		<Product> 			<ProductID>10000001</ProductID> 			<HasFullText>true</HasFullText> 		</Product> 		<Product> 			<ProductID>10000297</ProductID> 			<HasFullText>true</HasFullText> 		</Product> 	</Products> 	<Terms> 		<FlexTerm> 			<FlexTermName>DerivedSubject</FlexTermName> 			<FlexTermValue>ENGLISH LITERATURE - History and Criticism - 18th Century</FlexTermValue> 		</FlexTerm> 	</Terms> 	<FullText>The Trial at large of Ed. Lowe and Wm. Jobbins, before the Re- corder of London, at the SeJJions Houfe tn the Old Bailey. i*vo. is. Butters. 1790. Thefe two men are the incendiaries, who were convifted upon the evidence of Flindall, fQrmerly their aflbciatp, of wilfully fet- ting tong fire to a houfe in Alderfgate-llreet. The guilt of thefe criminals was of the moft aggravated nature. They had deliberately formed a plan of pr act i fm g their horrible expedient in different parts of the capital, with the view of procuring for themfelves the opportunities of committing depredation. How happy it is for the community that they lived not to accomplifli their defigns!</FullText> </Record>