<?xml version="1.0" encoding="UTF-8"?>
<Record> 	<Version>Record_v1.0.xsd</Version> 	<RecordID>4569598</RecordID> 	<DateTimeStamp>20180928135325</DateTimeStamp> 	<ActionCode>change</ActionCode> 	<RecordTitle>ART. 27.-A Description of Fonthill Abbey, Wiltshire, illustrated by Views, drawn and engraved by James Storer.</RecordTitle> 	<Publication> 		<PublicationID>1560</PublicationID> 		<Title>The Critical review, or, Annals of literature</Title> 		<Qualifier>London</Qualifier> 	</Publication> 	<Publisher>R. Baldwin</Publisher> 	<Volume>2</Volume> 	<Issue>2</Issue> 	<AlphaPubDate>Aug 1812</AlphaPubDate> 	<NumericPubDate>18120801</NumericPubDate> 	<SourceType>Historical Periodicals</SourceType> 	<ObjectType>Review</ObjectType> 	<Contributor> 		<ContribRole>Editor</ContribRole> 		<LastName>Smollett</LastName> 		<MiddleName>George</MiddleName> 		<FirstName>Tobias</FirstName> 		<PersonName>Tobias George Smollett</PersonName> 		<OriginalForm>Smollett, Tobias George, 1721-1771</OriginalForm> 	</Contributor> 	<LanguageCode>ENG</LanguageCode> 	<ISSN>2043-197X</ISSN> 	<StartPage>220</StartPage> 	<EndPage>220</EndPage> 	<Pagination>220-220</Pagination> 	<URLDocView>http://search.proquest.com/docview/4569598/</URLDocView> 	<Products> 		<Product> 			<ProductID>1007574</ProductID> 			<HasFullText>true</HasFullText> 		</Product> 		<Product> 			<ProductID>1009130</ProductID> 			<HasFullText>true</HasFullText> 		</Product> 		<Product> 			<ProductID>10000001</ProductID> 			<HasFullText>true</HasFullText> 		</Product> 		<Product> 			<ProductID>10000297</ProductID> 			<HasFullText>true</HasFullText> 		</Product> 	</Products> 	<Terms> 		<FlexTerm> 			<FlexTermName>DerivedSubject</FlexTermName> 			<FlexTermValue>ENGLISH LITERATURE - History and Criticism - 18th Century</FlexTermValue> 		</FlexTerm> 	</Terms> 	<FullText>ART. 27.-A Description of Fonthill Abbey, Wiltshire, illustrated by --~~ ~~~ . a - - - .b Vievs, drawn and cngraved by James Storer. London, Clarke, 1812, 4to. 16s. THIS beautiful work contains six plates of Fonthill Abbey. besides a rich frontispiece at the beginning, and a very delicate vignette at the end. They are all engraved by Mr. Storer in -his best manner; and indeed we must say of this artist, &amp;apos; vires acgukiteundo.&amp;apos; His batid is iniproved by practice; and he has particularly excelled in giving force and character to architectural delineations. The description of the grounds of Fonthill Abbey and of the interior of the magnificent structure itself, is, as it ought to be, very perspicuous, and shews a nice and discriminating taste for the beauties of nature and of art.</FullText> </Record>