<?xml version="1.0" encoding="UTF-8"?>
<Record> 	<Version>Record_v1.0.xsd</Version> 	<RecordID>4570431</RecordID> 	<DateTimeStamp>20180928135447</DateTimeStamp> 	<ActionCode>change</ActionCode> 	<RecordTitle>The Shrove-tide Child; or, the Son of a Monk.</RecordTitle> 	<Publication> 		<PublicationID>1560</PublicationID> 		<Title>The Critical review, or, Annals of literature</Title> 		<Qualifier>London</Qualifier> 	</Publication> 	<Publisher>R. Baldwin</Publisher> 	<Volume>22</Volume> 	<AlphaPubDate>Apr 1798</AlphaPubDate> 	<NumericPubDate>17980401</NumericPubDate> 	<SourceType>Historical Periodicals</SourceType> 	<ObjectType>Review</ObjectType> 	<Contributor> 		<ContribRole>Editor</ContribRole> 		<LastName>Smollett</LastName> 		<MiddleName>George</MiddleName> 		<FirstName>Tobias</FirstName> 		<PersonName>Tobias George Smollett</PersonName> 		<OriginalForm>Smollett, Tobias George, 1721-1771</OriginalForm> 	</Contributor> 	<LanguageCode>ENG</LanguageCode> 	<ISSN>2043-197X</ISSN> 	<StartPage>478</StartPage> 	<EndPage>478</EndPage> 	<Pagination>478-478</Pagination> 	<URLDocView>http://search.proquest.com/docview/4570431/</URLDocView> 	<Products> 		<Product> 			<ProductID>1007574</ProductID> 			<HasFullText>true</HasFullText> 		</Product> 		<Product> 			<ProductID>1009130</ProductID> 			<HasFullText>true</HasFullText> 		</Product> 		<Product> 			<ProductID>10000001</ProductID> 			<HasFullText>true</HasFullText> 		</Product> 		<Product> 			<ProductID>10000297</ProductID> 			<HasFullText>true</HasFullText> 		</Product> 	</Products> 	<Terms> 		<FlexTerm> 			<FlexTermName>DerivedSubject</FlexTermName> 			<FlexTermValue>ENGLISH LITERATURE - History and Criticism - 18th Century</FlexTermValue> 		</FlexTerm> 	</Terms> 	<FullText>Th SAroeu-tide Child; or, the Son of a Monk. A Novel. Travated from tsh French. z Pols. Bvo. Ss. Sewed. Lee and Hurft. 1797. This novel abounds with the frivolity and indecency for which French works of fiction are remarkable. We fliall not give any quotations, as the beft we could fele&amp;amp;t would make poor compenfation for the indecent paffages which fo frequently occur. We lament that fuch books as the prefent fhould find their way to the prefs, as no good can, though much harm may, refult from them.</FullText> </Record>