<?xml version="1.0" encoding="UTF-8"?>
<Record> 	<Version>Record_v1.0.xsd</Version> 	<RecordID>4574834</RecordID> 	<DateTimeStamp>20180928135502</DateTimeStamp> 	<ActionCode>change</ActionCode> 	<RecordTitle>Art. XIV.-A general System of Nature, through the three grand Kingdoms of Animals, Vegetables, and Minerals; systematically divided into their several Classes, Orders, Genera, Species, and Varieties, with their Habitations, Manners, Economy, Structure, and Peculiarities. Translated from Gmelin's last Edition of the celebrated Systema Nature, by Sir Charles Linne. Amended and enlarged by the Improvements and Discoveries of later Naturalists and Societies; with appropriate Copper-plates.</RecordTitle> 	<Publication> 		<PublicationID>1560</PublicationID> 		<Title>The Critical review, or, Annals of literature</Title> 		<Qualifier>London</Qualifier> 	</Publication> 	<Publisher>R. Baldwin</Publisher> 	<Volume>35</Volume> 	<AlphaPubDate>Jul 1802</AlphaPubDate> 	<NumericPubDate>18020701</NumericPubDate> 	<SourceType>Historical Periodicals</SourceType> 	<ObjectType>Review</ObjectType> 	<Contributor> 		<ContribRole>Editor</ContribRole> 		<LastName>Smollett</LastName> 		<MiddleName>George</MiddleName> 		<FirstName>Tobias</FirstName> 		<PersonName>Tobias George Smollett</PersonName> 		<OriginalForm>Smollett, Tobias George, 1721-1771</OriginalForm> 	</Contributor> 	<LanguageCode>ENG</LanguageCode> 	<ISSN>2043-197X</ISSN> 	<StartPage>334</StartPage> 	<EndPage>336</EndPage> 	<Pagination>334-336</Pagination> 	<URLDocView>http://search.proquest.com/docview/4574834/</URLDocView> 	<Products> 		<Product> 			<ProductID>1007574</ProductID> 			<HasFullText>true</HasFullText> 		</Product> 		<Product> 			<ProductID>1009130</ProductID> 			<HasFullText>true</HasFullText> 		</Product> 		<Product> 			<ProductID>10000001</ProductID> 			<HasFullText>true</HasFullText> 		</Product> 		<Product> 			<ProductID>10000297</ProductID> 			<HasFullText>true</HasFullText> 		</Product> 	</Products> 	<Terms> 		<FlexTerm> 			<FlexTermName>DerivedSubject</FlexTermName> 			<FlexTermValue>ENGLISH LITERATURE - History and Criticism - 18th Century</FlexTermValue> 		</FlexTerm> 	</Terms> 	<FullText>AitT. XIV.?A general System of Nature, through the three grand Kingdoms of Animals, Vegetables, and Minerals ; systematically divided into their several Classes, Orders, Genera, Species, and Varieties, with their Habitations, Manners, Economy, Structure, and Peculiarities. Translated from Gmelin9s last Edition of the celebrated Systebia Nat tiree, by Sir Charles Linne. Amended and enlarged by the Improvements and Discoveries of later Naturalists and Societies ; with appropriate Copper-plates. By William Turton, M. D. Author of the Medical Glossary. 4 Foist %vo. 2I. los. Lackington and Co. 1802. WATURAL history is now so generally studied, that thc less learned reader must receive with pleasure every mean* which can facilitate his inquiries j and for this reason we examined with considerable satisfaction the Litchfield translation of the Vegetable System. Dr. Tiirton&amp;apos;s design we must consequently approve of; as we do also of its execution $ for, so far as we have been able to compare this work with Gmelin*s edi~ tion of the System of Nature, the descriptions are translated &amp;apos;With sufficient accuracy; 4 In systematic arrangement, the student has this peculiar advani tage, that by immediately arriving at the name, the whole of its known qualities are immediately displayed to him: but without a systematic classification, he wanders in obscurity and uncertainty ^ and must collect the whole of its habits and peculiarities^ before he can ascertain the individual he is examining* * The traveler, for example, who wishes to collect the more curious subjects bf natural history, finds a bird, whose name, habits, and economy, he is desirous of investigating : from its conic, sharp-* pointed bill, slender legs, and divided toes, he finds that it belongs to the order Passeres 5 and from its thick, strong, convex bill, with the lower mandible bent in at the edges, and the tongue abruptly cut off at the end, he refers it to the genus Loxia or Grosbeak ; and running his eye over the specific differences, he immediately de-* terminus it, from its exactly answering the specific character?u body above brown, beneath yellowish white ; crown and breast pale yellow ; chin brown,&amp;quot;?to be the Philippine Grosbeak (loxia Philip* yina;) a little bird which he finds is a native of the Philippine islands, and endowed by nature with instinctive notions of preservation and comfort, nearly approaching to human intelligence; that it constructs a curious nest with the long fibres of plants or dry f^rass, and suspends it by a kind of cord, nearly half an ell long* rom the end of a slender branch of a tree, that it may be inaccessible to snakes, and safe from the prying intrusion of the numerous monkeys which inhabit those regions 2 at the end of this cord is a gourd-shaped nest, divided into three apartments j the first of which is occupied by the male, the second by the female, and the third containing the young ; and in the first apartment, where the male keeps watch while the female is hatching, is placed, on one side, a little tough clay, and on the top of this clay is fixed a glow-worm, to afford its inhabitants light in the night time. 4 That the English student may be put in possession of this vast treasure, comprehending and illustrating all nature through thc three kingdoms of animals, vegetables, and minerals; I have undertaken a translation from the last edition of the Systema Natnra of Linne, by Gmclin, amended and enlarged by the improvements and additions of later naturalists. &amp;apos; The expediency of this translation has long been acknowledged* and the want of it often lamented; and it has been a priucipal view of the editor to deliver it in as intelligible and as useful a form as the nature of such a work will admit. The Linnean terms are rendered as nearly as possible to the idiom of the English language; and a general explanatory dictionary of such as are peculiarly appropriate to the science, is affixed to the last volume. And for the convenie*ncy of such as wish to become acquainted with thc productions of their own country, the different subjects of natural history, hitherto found in Great-Britain, will be pointed out by an asterisk. * In the ornithological department, I have been chiefly assisted by the works of Dr. Latham; in entomology, by the last edition of the System of Fabricius; in that of vegetables, by the Species Plantarum of the learned and diligent Willdenow; and in all by thc accurate Dr. Shaw, in his elegant and beautiful publication, the Naturalist&amp;apos;s Miscellany. 4 The numerous synonyms and references I have omitted ; as they would so considerably have enlarged the bulk of the work, without, adding a proportionate value. The various subjects of natural his* tory are so accurately described^ that no doubt can remain as to the individual.9 p. vi. It is with regret, that, in a work of such labour and expense, we are compelled to blame any thing relating to it \ but thc omission of the references and synonyms is a serious objection. * By arriving at the name,&amp;apos; the &amp;apos; whole of its known qualitiesJ are said to be * displayed/ This would be true if the references and synonyms were added-, but in the present work it is only in a very few instances, as in the loxia Philippi na, that such information is subjoined ; and it can be merely obtained in other cases, which are very rare, where the Linnean name is the same with that affixed by authors who describe the properties and maimers of the substance or animal. It has been the uniform artsw&amp;apos;cr to those who call the disciples of the Linnaean school mere nonienclators, that, by this mean, the species is ascertained, ?and the qualities, described by more copious natural-historians, thus limited to a given animal. Thc omission of the synonym* destroys the&amp;apos;fore.; of this r&amp;lt;jp!y. We s,jc too with some regret a natural-historian repeat the idle tah? of the glow-worm being affixed to the nest, ia order to give ii-ht; he ought to ha\e known that it gives light only by its own vital power*, ami generally by some exertion. The obligations are couivocilly introduced, as if the author were personally indebted for their communications. We find, however, the addition^ and amend- ments so few, that the thanks might have been spared, if it had not been necessary to notice the names of the different naturalists. We are surprised that he has overlooked La Cepede and Sonnini. He ought, if he had introduced any amendments, to have been much more copious in the article* added, and the authors consulted. The first volume contains the mammalia and fishes, the second and third the insects, and die fourth the worms. The British species are distinguished by an asterisk.</FullText> </Record>