<?xml version="1.0" encoding="UTF-8"?>
<Record> 	<Version>Record_v1.0.xsd</Version> 	<RecordID>4585678</RecordID> 	<DateTimeStamp>20180928135447</DateTimeStamp> 	<ActionCode>change</ActionCode> 	<RecordTitle>ANECDOTES.</RecordTitle> 	<Publication> 		<PublicationID>1722</PublicationID> 		<Title>The European magazine, and London review</Title> 		<Qualifier>London</Qualifier> 	</Publication> 	<Publisher>John Fielding</Publisher> 	<Volume>7</Volume> 	<AlphaPubDate>Apr 1785</AlphaPubDate> 	<NumericPubDate>17850401</NumericPubDate> 	<SourceType>Historical Periodicals</SourceType> 	<ObjectType>General Information</ObjectType> 	<Contributor> 		<ContribRole>Editor</ContribRole> 		<OriginalForm>Philological Society (London, England)</OriginalForm> 	</Contributor> 	<LanguageCode>ENG</LanguageCode> 	<ISSN>0958-8965</ISSN> 	<StartPage>300</StartPage> 	<EndPage>300</EndPage> 	<Pagination>300-300</Pagination> 	<URLDocView>http://search.proquest.com/docview/4585678/</URLDocView> 	<Products> 		<Product> 			<ProductID>1007574</ProductID> 			<HasFullText>true</HasFullText> 		</Product> 		<Product> 			<ProductID>1009130</ProductID> 			<HasFullText>true</HasFullText> 		</Product> 		<Product> 			<ProductID>10000001</ProductID> 			<HasFullText>true</HasFullText> 		</Product> 		<Product> 			<ProductID>10000297</ProductID> 			<HasFullText>true</HasFullText> 		</Product> 	</Products> 	<Terms> 		<FlexTerm> 			<FlexTermName>DerivedSubject</FlexTermName> 			<FlexTermValue>ENGLISH ESSAYS - 19th Century</FlexTermValue> 		</FlexTerm> 	</Terms> 	<FullText>A N E C D O T E S. Mta.7J:y111, fo m1ucl and fu JIltIv diflin. guilbed thromu!Ii Ei1,011e, VaqS .at hi outlets aln :u:r&amp;apos; &amp;apos;. J:: ., or v\;tcriipcret pLt. It Pi&amp;apos;;,,, ii ) firce lhe w&amp;lt; ah .kcd by a fricidtI, if 1wi dd 11&amp;apos; t think- the eutb)m of in% unting and rccam-ii &amp;apos; ;t |I1&amp;quot;1 &amp;apos;Ic, wiA h 1wp d when ;a how, , ;1g it Iht 4h fi h&amp;apos; cd aX. a .liappy ht g.inning+1, of h)s ciitat -,,ii I thomujhtt it, on tI e cmiti.1y, tha titdt.it;&amp;apos;rtc t ;h lie lhAd JC. (Alit ui by thlIt habit a Careklt-O&amp;apos;llef; aInd 111 1,01. rvetlefs s 111ch COR him much trouble to o;&amp;apos;er. crnic, arid to fubititute ill itt place a totally dilli trit hIbit, tlit of tlminking, withl felec. t4ion, aiid of expieciting hinifelf With coueldt. 1ncf. .11jtiC..iii Ill tile v.ea r ;I., tlhe Count (IC 11vfmm, fli It M1iiitur to th1 t-a !atc }; ing ,f I&amp;apos;oilIi!, luv&amp;apos; i&amp;apos;^^,t&amp;apos;&amp;apos; h ) ji f tie .r .A1t 1 &amp;apos; r.ar, in t1he ux&amp;apos;ile vt K &amp;apos;:nglkin, flr itate :P!.,, p. t:. )i .tlic(, a.ld lit) inn p ,ta hl t It 1I ty, 7A\c &amp;apos; .iy 1() ntokl 1i to dtle pil, tl idt lit- 1. l hlimllI f nl ui u chlmber, With .-Iia l.1; idkelt1icf, &amp;apos; i 1 1 itI d ticti to .I hook. A letttr ill nhis (&amp;quot;A ii lI.I Id-writimv- Nva!: ht o(I t!.c table, *&amp;apos;;r t L.cd to the t%% iervaitts by \% 1L an 1 e wL ws .Atteiclde, ill tile f(Alov: inr! te sm;: &amp;quot; lit- p u. &amp;quot; dci.t ; i&amp;quot;z&amp;apos;k :i,() tnoife; givc ino aitrin. &amp;apos;Like &amp;quot; nwe doi m illerthicdatc!v &amp;quot; put me illt bed ; ~ then thut the doot, .m pnid the h ut (iii &amp;quot; tle ountlde w1:11 thAs pLkthr-C..d-. B th&amp;apos;&amp;amp; &amp;quot;neanw, nob doy wi .I w ilit oa e &amp;quot; en iii ttle rThum. It will he takci. t&amp;apos;!r 4 grallted tbat J dlied of .a fit of -inl apoplexy. &amp;quot; If vou do this blufinefs well, anid keep &amp;quot; Your ownl coiMife, thc family will rcwv.rd &amp;quot; *o0u with a thoulaud ducits oil youur Pi U1i;&amp;quot;inh this paper.&amp;quot; Afrer tlv vhd tba ken him down, tltey fld mild Il&amp;quot; pockct, a razor, . penknife, and nd11 in lls 1a .ltment they t1i&amp;apos;iitd 3 hlI.i it;tV Of t&amp;apos; rlcoid lad jv!ckalACa.d wilth a h,.asm1lCI&amp;apos; adild l)icusb, L I Ec</FullText> </Record>