<?xml version="1.0" encoding="UTF-8"?>
<Record> 	<Version>Record_v1.0.xsd</Version> 	<RecordID>4587431</RecordID> 	<DateTimeStamp>20180928135447</DateTimeStamp> 	<ActionCode>change</ActionCode> 	<RecordTitle>Art. 53.-The Baron's Daughter. A Gothic Romance.</RecordTitle> 	<Publication> 		<PublicationID>1560</PublicationID> 		<Title>The Critical review, or, Annals of literature</Title> 		<Qualifier>London</Qualifier> 	</Publication> 	<Publisher>R. Baldwin</Publisher> 	<Volume>36</Volume> 	<AlphaPubDate>Sep 1802</AlphaPubDate> 	<NumericPubDate>18020901</NumericPubDate> 	<SourceType>Historical Periodicals</SourceType> 	<ObjectType>Review</ObjectType> 	<Contributor> 		<ContribRole>Editor</ContribRole> 		<LastName>Smollett</LastName> 		<MiddleName>George</MiddleName> 		<FirstName>Tobias</FirstName> 		<PersonName>Tobias George Smollett</PersonName> 		<OriginalForm>Smollett, Tobias George, 1721-1771</OriginalForm> 	</Contributor> 	<LanguageCode>ENG</LanguageCode> 	<ISSN>2043-197X</ISSN> 	<StartPage>117</StartPage> 	<EndPage>117</EndPage> 	<Pagination>117-117</Pagination> 	<URLDocView>http://search.proquest.com/docview/4587431/</URLDocView> 	<Products> 		<Product> 			<ProductID>1007574</ProductID> 			<HasFullText>true</HasFullText> 		</Product> 		<Product> 			<ProductID>1009130</ProductID> 			<HasFullText>true</HasFullText> 		</Product> 		<Product> 			<ProductID>10000001</ProductID> 			<HasFullText>true</HasFullText> 		</Product> 		<Product> 			<ProductID>10000297</ProductID> 			<HasFullText>true</HasFullText> 		</Product> 	</Products> 	<Terms> 		<FlexTerm> 			<FlexTermName>DerivedSubject</FlexTermName> 			<FlexTermValue>ENGLISH LITERATURE - History and Criticism - 18th Century</FlexTermValue> 		</FlexTerm> 	</Terms> 	<FullText>Art. 53. ? The Baron&amp;apos;s Daughter. A Gothic Romance By Isabella Kelly. 4 Vols. l2mo. 16/. Boards. Bell. 1802. Magdalene, the heroine of this novel, is the daughter of lord Aberavon. Hubert, first supposed a poor boy, but afterwards found to be the heir of earl Fitz-Arwyne, is married to her in the end of the story. Mrs. Kelly disarms criticism by the humility of her preface; ? but how can we bestow praise on a work whose catastrophe i*? the copy of novels out of number?</FullText> </Record>