<?xml version="1.0" encoding="UTF-8"?>
<Record> 	<Version>Record_v1.0.xsd</Version> 	<RecordID>4599717</RecordID> 	<DateTimeStamp>20180928135524</DateTimeStamp> 	<ActionCode>change</ActionCode> 	<RecordTitle>AN ALPHABETICAL LIST OF BANKRUPTS, WITH THE ATTORNIES NAMES, FROM SATURDAY, MAY 27, TO TUESDAY, JUNE 20, 1815.</RecordTitle> 	<Publication> 		<PublicationID>1722</PublicationID> 		<Title>The European magazine, and London review</Title> 		<Qualifier>London</Qualifier> 	</Publication> 	<Publisher>John Fielding</Publisher> 	<Volume>67</Volume> 	<AlphaPubDate>Jun 1815</AlphaPubDate> 	<NumericPubDate>18150601</NumericPubDate> 	<SourceType>Historical Periodicals</SourceType> 	<ObjectType>General Information</ObjectType> 	<Contributor> 		<ContribRole>Editor</ContribRole> 		<OriginalForm>Philological Society (London, England)</OriginalForm> 	</Contributor> 	<LanguageCode>ENG</LanguageCode> 	<ISSN>0958-8965</ISSN> 	<StartPage>563</StartPage> 	<EndPage>565</EndPage> 	<Pagination>563-565</Pagination> 	<URLDocView>http://search.proquest.com/docview/4599717/</URLDocView> 	<Products> 		<Product> 			<ProductID>1007574</ProductID> 			<HasFullText>true</HasFullText> 		</Product> 		<Product> 			<ProductID>1009130</ProductID> 			<HasFullText>true</HasFullText> 		</Product> 		<Product> 			<ProductID>10000001</ProductID> 			<HasFullText>true</HasFullText> 		</Product> 		<Product> 			<ProductID>10000297</ProductID> 			<HasFullText>true</HasFullText> 		</Product> 	</Products> 	<Terms> 		<FlexTerm> 			<FlexTermName>DerivedSubject</FlexTermName> 			<FlexTermValue>ENGLISH ESSAYS - 19th Century</FlexTermValue> 		</FlexTerm> 	</Terms> 	<FullText>AN ALPHABETICAL LIST WITHI TIME ATT(ORNKFS IROM SATURDAY. 1MAY fl, &amp;apos;10 Tl OF BANKRUPTS, N AM! I, V;SDAY, JUNE 20, 1815. Extriacted from the Lnlndun Gazette, N. B. All the &amp;apos;Meetings are at L IU Ii DHALL, uldrs&amp;apos; otherwise expressed. BINXKRUPT lES SIT PFRSIE&amp;quot;DED. BLAKE, J. Londnn-st. Grernsvich, cabinet maker, Juula QO. CAIS A ULS and Co. Dean-st. Soho, wine merchant, June 1,. I) %WSON&amp;apos;. 0. Great St. Helen&amp;apos;s, merchant, New to. }11 IL, J. HaIf MoQu-st. Piccadilly, master mariner, Juale s3. BANKRUP&amp;quot;TS. AN&amp;apos;DREWS, J. Litchuington, butcher, July 8. [Strtect and Co. Philpot-lht. May &amp;apos;27. AKERS, WV. Ittoxeter, Statford, laitclter, July IA, White Hai;&amp;amp;t and New Stac, UtIoxeter. LAvistice and Co. Khig&amp;apos;s 3IRichi-lVa|k, ItinplCe.] .I/vc Ii. ADCOCK, J. St. Marsy Axe, druggist, July 18. [Syd. dall, Aldersgate-st.j .11*7ncfi. AIIIIY, M. York, corn inerciant, July la. Red Lion, Y&amp;apos;ork. trE waks, ilattot (;Garden.] Jinm 6;. ANNTI CE, A. i ympstone, Devon, fellmonger, July 25, StAr, Exelcr. [Jones, Pumnp co. Temple.] .hurt 13. ASIIURY, J. Newcastletiupon.Ttne, dealer, Jnly Qg, White Hart and New Star, littoxetcr. [Alstice and f&amp;apos;. Terlude.J .J:i ne 1,. ALLEM, J. A. Barking, rope maker, Jildy I and 9. [Walker and Co. O&amp;apos; J ewr.3 J*.,w 17. 1B0WL&amp;apos;N arId CQ. Bristol, oilmen, July 3, Rumper, l1ristol. (l~ax and Co. D)oughlty-st.] May qi. BEDIFERN, D. Ashborne, Derbyshire, grocer. July R. (;ren Man Ashborue. (aleasdale and Co. New.inn.] May 47. BROOKS and Co. Kensingtnn, builders, July II. (&amp;apos;Walker and Co. Old Jvry.) Atay So. BRANI)ON, 1&amp;apos;. W. K. 9tockwell.Grcen, coacl me$. ter, July I &amp;apos;. [Renirdn and Co. Corbett-co. Gracechtirch-st.) June 9. DEND1)41.1,,&amp;apos;.Bfristol, irowimnrier. July15, tmn mer, Pristol. lSweet and Co. iiahsgbl)I&amp;amp;l-rst.3 Jaw. 5. B8EWEIT, J. Glsuctster, inmikeeper, joly to Swan, Hereford. [Edmunds and Co. Chancery-la. June 6. BOYES, B. Tokenlhouse.vard, merchant, July I0&amp;amp; LAllIan, Irederick&amp;apos;s-pl. Old Jowry.] June S. lAKERt W. IuCp cablaet maker, Jq1V eg,, Rook, Unenioqzth. (&amp;apos;Inigh, Bernard.st. Russell sq.] Juse. 13. 3AC l&amp;quot;, T. Landew&amp;apos;vYstradenny, Radnor, drover, July 7, A, a.id Q.-, King&amp;apos;s Head, lHerefrd. Ll&amp;apos;u&amp;amp;h, Serlsard-st. Russell.sq.] June is. IEESTON, a. Newport, vichutller, July 6, 7, and 91, Ied Lin, Newpoit. LBealalb and Co. Linclh&amp;apos;s&amp;apos;1811.1 Jlle1,. BADDERLEY. J. Nottinglwin, grncer. July 1o, II, Snd 93, George, Liverpool. ?Dacia and Co. P&amp;apos;13s. gravep.P T.mpldt&amp;apos;hir.1 JunM 17. DUILARD, J. laidistone, ictualler, July 99. eblyrnott, Hurrowts buildings, Blacsk;riars-road.1 June 17. BLACKBURN, J. l)uke-st. Aldgate, mercer, Au. clwt a fWilkl&amp;lt;, f lliattily r U. Jle 20. caRTIR., E. Ballast Qmity, (reenwit h, victualler, Julv i. [1&amp;apos;aktr, Grteekwit Is.] May 27. CH sIE, W ji;.. ;o.;port, intrchant, July A, Foun. tin, i&amp;apos;irtsmouth. LCollett and (&amp;apos;C. Chancery-la.] Alaj, &amp;apos;27. CU IP. rn. Gos ort, haittor, July H, F&amp;apos;ontain, Pnr:1ini(ith. Lbynne anti Co. Liucoln&amp;apos;s iiu.] Hu V, .. CORIVEY, J. Derhy, joiner, July It, King&amp;apos;s Arms, Pwet . (S.tva i, ire.tt Wincltaster-st.] .Mjay 3J. CIEIl&amp;apos;ILE, S.-; Blael &amp;apos;krna st. ilmanii, .luly 13. ( Partrid1ge, Blacknui)allt. Soutlhwark. J Julie 3. CkAGGS, W. Sciilcoatts. Yorkslhire, spirit mer. 0Iant, Jifly 22, / oQirgi, KitigStouiiuponl-jIuil [Edlgulids and C(i. ClCtawery-la.] June 10. CHl 11)WIVCK, J. Sttig;ate, Sutrrey, invichant, July COIL. INs, 5I. Itrk.-pl. Wtalwojrth, link masurac. turvr, Julu 4a.n1ii &amp;apos;2. L [&amp;apos;ithgctrldf, La&amp;apos;.IreC1ceCPouti. Sle IA. .1.1.oo 17. 1DA% ISE, J. Peiinbr-ke., corn merclant, July it, C&amp;amp;,;ite, f1.v(erftordwLtst. LJuncs, Gicat Winchester. fst. .111111 su. i) fIN ND), T. Newbury, lBerklshire, tiiphol lterer, Jul)y S. &amp;apos;Cannon und Co. Leiccster-pl. LtuiccaterFmj. I 114y y7 EVA J.S and (Co. W;oucestershirp, licrs Ju1 Il ilvjiub&amp;apos; HIedd, Glouue&amp;quot;tte. [Jcrkilus and Co. New. iltl.I .) Vfy :i. EYIkE, W. Newark, Nottlinghim, merchlanit, July I-S, Wh&amp;apos;lite H.lt, Nsttingiaum. LExliy atid Co. Furnival&amp;apos;s itun.) Ju.ie 3. }r t1l.kE trEN, J. oltoa&amp;amp;.l11.) *rs, anacnster, hatter, July 1t, White Waer, iMltnchiestcr. Lilurd, Tein1^ I .14&amp;apos;re fi. NNIU)ND05)SON, W. London st. Toltnlhaui-court. ri.id, a ptlw,.rv, July M liir~tie, Linicolui&amp;apos;ai1X11 1 Jupo 17. EDWAlIt 1 t, :. Conway, Carnarvonshiire, mertchant, July 6;, 7. and 29. Geoirgc, Livp rpuul. Lblackstock ari (&amp;apos;c. rempte.] June 7. FAUR.LIL, 1&amp;apos;. &amp;apos;IVWoolwichl, olpseller, July 8. [Wil. hamuuis, lied Iivsi-st:I .1l1y :7. FRJI`N [nd Co. Old Sf.uth-sea Howse, Flmad st. nftrchants. J1y 1i. [SI awe and Co. Tludor-st. Iflackhb ia.rs.]lty5 FORTY, I. &amp;apos;tSow on. ilte-Woll, Gloucester, sadler, July 2%. l.vi rh and Cos. New Bridge-8t.] Jame IS. GRAt .M, J. Niarddox-st. Han ovci -sq. tAilor, July 8. ,Zalmerr Crav s-inii-sq.] Affty 17)# REAES, P. St. P&amp;apos;aul&amp;apos;s 0hurs hyatd, cotton noann. faui1rer, July 8. Swa;ine and Co. Fredelik&amp;apos;s-pl. Old 3tw*ry.) Mal 27. DAISFORD), &amp;apos;T&amp;apos;. Wcst Laviiigton, hutcher, July I. Public itHoms, New SWurM. LPrice aud Co. Litt o&amp;apos;fn&amp;apos;N lIon.] Jimeq. GUTCH. %V. 1loj G;urdens, woollen draper, July lb. fTirner. Perry .st. Lde. ,rl q.r .Juu 93. 6AY KETE E. F. J Hati, dealt r and chapman, Jitly IS I) &amp;quot;sing, Carev-st.&amp;apos; JmeuS3. GRIEF. E P. F&amp;apos;srx st. S.irafn, dealer, July 4 and -i. fi .et and Co. Hasins;lhall.st. ] Jane 1o. CR1Y, V. AI-ltle, Ceimlwielanid, tallow chandltr, Jutq4, S. and Sf( , Black Lin, Wlhitehaven. LLowden, (&amp;apos;lement&amp;apos;s inn.] June iS. GOiW EI, T. Wtlthersfield, Essex. malster, July 29, White flart, Backing. [Urmly, Hiolburn-ctv, Giam&amp;apos;-innr j JuiftC17 GOWEI), S. 8. Wetherstleld, malster, July Q9, 11P~te Hart, Hocking. [(frontley, Gray&amp;apos;la..n.) &amp;amp;IBEtW)OD, 0. Kingston-upon.Hul1, merchant, Auist I George Kingston-upon-kull. [Sykea *;Jt&amp;apos;n. Aewdina. Jin 20. t~JINf;ToN, Jk. king&amp;apos;s Lynn, Norfolk;, MOTey sahtner, July *, Duke&amp;apos;s 11etd, gins&amp;apos;s Lynn. LWilli and Co. Wamfod-co. Throgmononsq .XVay 17. HILL., J. Bristol, grocer, Juily 11, Rummer, Bristol. LV&amp;apos;zard and Co. I incola&amp;apos;s.inn.] .Iqy A o. I URrLEY, A. Portsmouth, merchant JAly a5. [Atchesn, Great Winchestcr st.) Jge n HAIRRISON,W. Dobcros, addIlewarth, corn dftl, Juvly 15, Crown, Stafford. [AusticeandI Co.] King; Helnch.walk.] June S. HOAIL, J.. jun. Pcrcival-st. Soutliampton.sq. meal. man, .luly s5. [Stevens, Slun-College-gardenu, Alderma-bury.] HELIEWELI, J. Elland, York, woollen mAntfac. tuier, Juily 3, 4, avid i5, lTalbot, Halifax. Ligles. wirtl, ;rav-s-in5 I June Is. HACUERrY, P. Goodinan&amp;apos;s Stile, Churchi la. Wilite. clihApel. r: r;enter, July I and 29. ShfcSield, Great Pmesc ott-st. (oodnmai&amp;apos;s-fields.] June 17. IIARltRI, J. Yorksshire, apothecary, July 7, 1 , and 2W, Kitig&amp;apos;s Arms, Derby. lSavage, Great W&amp;apos;ikiches. t er-Rt.1 June 17. HiCKS, P. W. H. Birmingham, money scrivener, July, 9, Rein Deer, NVoicester. IHurd, Temple.] JUne 17. JAM FS, C. Cornhill. woollen draper, July l;, Holt aid Co. &amp;apos;I hrecdneedk..st.] Juste 3. JONES, S. Little Wild st. Liticoin&amp;apos;s-inn fields, cabinet maker, July Qiz. (Jennings and Cu. (&amp;apos;arey. st. lU&amp;apos;ncoln&amp;apos;s-inin fields.] June 10. KI NGSMI Ll., J. Rochester, leatlier seller, July I I (Ltwis, Miatkia. Fnicliturch-st.] M}a? 3u. KAYF, W. Liverpool, paper dea er, Jlyt 5, at Mr. Wood&amp;apos;s, Lower Castle-at. Liverpool. Lllacksiock and Co. Kiig&amp;apos;s Benich-walk, Tempit .] June 3. KELLY, E. flackl Uo la. l&amp;apos;addinlbton, builder, July 1trd 2Q,. (Blacklow, Frithi-st. Soho.] June 13. LiVE4 7, W. CVvetntry-st. Hatymarket, hatter, jilly 8. Haywood, &amp;apos;I&amp;apos;ook&amp;apos;s co. Chancery la.] A1a i7. LEWIi, T. Birminghlam, brass tfundvr, JU;Y lb Royal Birningham. LBleasdale and Co.ltew inn.1 Jtie 3. Li V&amp;apos;Al1, J. S. Norton-st. Portland-pl. jeweller, Jly 15. LPabsnsore, Warnford-co.] Juit 3. LU( As, J. L. Gosport, Southanil)t&amp;apos;, contract butchier, Ju!y 18, star, Go port. Lliriggs, Essex. 1t. strand.] June 6. LEONARD, T. Ebiston-sq. St. Pancra%, builder, July Q5. (Idwalvds and Co. Bluowsbury-sqj JAne S3. LAY, It. Taynton mill, Oxford, miller, July 23. BHrown , Nelson pl. City-rioad.) Jine iS. LYON, hi. Boston, silversinith, Jnly I and 29. ILodtiiugton uadC(&amp;apos;o. TeinplnlI June i7. * mACNANIAICA, F. Betlinal-Sreeu, stock-broker July . PBowden, Anigel co. Thrugronrtul)-st. AJu! 97. h&amp;apos;Pll9ItiON, W. Union.st. Surrey, Jutly 9. [Fow. MACKENZIE, W. st. .Matin&amp;apos;s-a. clhinaman. July 8. [Feaine and Co. Figtree.cu.Teuple.] Musp7. MORLEY and Co. IDoncabter, spirit merchants, July 25, Rein [)twer, IDoncaster. ?Slykes and Co. New-inn.] June 13. MORLEY and Co. D)oncaster, spirit inerchants, Ju. Iy 99, Rttin Deer, Doticastei. [Sykes ana Co. New. In Y.] lYu1e 17. A ANN, A. C. Great Garden-st. Wlhite chapel, suigar retitier, July I and gv. LGatty and Co. Atigel co. Tlhrogm..rton st.] June 17. MAUIISDEN. J. W;-ter et. Liverpodl, broker, July 4 and Auagust i. [lDavis, Lot hbury.) Juie 20. Al TICHEL1, J. Ulcoate&amp;apos;s-mill, Cumberlund, miller, July 1i$, 19, and August 1, Golden Lion, White. Iivvti. (lPearpon,Stuiple&amp;apos;s-inm.) Juneft. NICHOL, J. Old Jewry, merchant, July 8. EDanP and Co. Old firoad st.] Ncy* &amp;quot;7. N ICHOlSONj. o4lford Glouce.ster, mtdtster, July -0, Angel, Collord. Liierediti, Linculu&amp;apos;s-inn. June 17. OATH WA ITE, G. Pancras la. PuckleTsbury, merciant, July I and V9s. L13uurdillion and Co. Uidle Friday-st Juli 17. POIA.L.ASE, J. Bristol, mnerclant, July 8, Commer. cial if&amp;apos;otst Bristul. [Poole aud Lu. Gray&amp;apos;s.11r1. PA5tli;WM&amp;apos;. J. King-st. Holborn, victoaller, July IL. (l.obin sosand Co. Aubtin-fiiars.] Jupie 3. PADBU KY, J. Cirencester, silversmith, July 15, Fleece, Cirencester. ETIhomr ssn, Griy&amp;apos;o-inn-sq.] June S.&amp;apos; PA RKEk, W. Bristol, bacon factor, July 18, Rum. &amp;amp;qtr, lristol. j14141, &amp;apos;remplek. Jine d. PRICE, W.. *04eater, imiltitr, July IB, Grte Neu, Worester. [Caidaks sad Co. Gray&amp;apos;s.Inn.] June 6. PKAhI%, H. Rlaby, leicester, lier. July t8, Blue Bell, ivc sttr. LMkiustn, Klm ce.. Templo.j Jue 6. YAV&amp;apos;IOUI, 11. Westl)ury, Wilts, maltstr. July g. (lI&amp;apos;tiopso and Co. Lecall st. Goodmuaijt&amp;apos;s.ffij4 PRO`sER W. Jun. Worcester, grocer, July 2-, Rell, Worcester. IPhgi, 4eruard.At. RusselI s] Jwu 10. ael 3Js PAYNE. J. H. Bury St. Edmntins, Suffolk, grocer, July us, Angel. Bury St. Edinunds. ?Ilromley, Holborn co. tray&amp;apos;s iun. 1 June s. PURSIF, W. J. John-ast. Kent-road, victualler, July Ub. Halt, Coleman-st. Baiik.] June is. PINIC . Portseua, wiuc me chant, July 25, Royal Oak, Portsea. t&amp;apos;arrant and Co. Chaancery-la.] Juoe 13. PEAATE, W. P. Newport, sadler, July fi, 7, and Q9, IRed Lion, Newport. Llenbow and Co. Liucolu&amp;apos;s. inn.] JAne 17. PA&amp;apos; NIE, A. and 3. St. Jlohn&amp;apos;s-ot. Clerkenwell, flour factors, July 4 and 29. [lsaacson, Cannon-st.] June 17. PAMitTK DGE, W. Omhersley&amp;apos;, Worcester, maltster, July 13, 14, and Aigmist i, Rt M r. Hitucht.r&amp;apos;s. Diglig. Oree, Worceater. (l)arke and Co. I&amp;apos;riace&amp;apos;s at. filvdortl-row.] .June W~. POWEtRS, J. K. Rugel, Stafford, ij-iner, Augnaut 1, Crown, Rigoley. fxaIcy and Co. }Furni1s. inn. . fun 20. IRO 81&amp;apos;Ts, G. Rlodden Down, Somer~et, school. maister, July 8, (eog. VC, From,&amp;apos;, Selhnod. [iBridges, lied L.ioi Fq.] May 27. ggWI.EY. R. Newcastle-upon.Tyne. cork cutter, July8, Ot orge, Newr:astle upvn Tyne. (l, hie and Co. reinplk.) My 17. IgUsI1 ON. J. Liverpool, joiher Juily 15, Star and fGarter, livtrhool1. [Avisoii and Co. Hanovcr-st. Liverp(m1.] June 9. RAY. S. Tanniiigton, merchant, Jhly 15, Crown, uff&amp;apos;k. Llfromley, Holborn-co. Gray&amp;apos;s-aiun. IIN.c, S. Bristol, glass and china seller, July i5, Coinmercial Roomi, Bristol. [Vizard and Co. Lint- ln&amp;apos;s-inn.] Juner. RATCLl FI E, W. jun. Wetherley,Warwick, farmer, July 1i, Greeti A, jise, Worcester. [Cardales and C4,. Holborn co. Gray&amp;apos;s-inn.] June 6. RICH UtRDS, F. N1. Leicester, wine and liquor mer. chants Julyi8, White Hart, Leicester. Lince, Ni-w inn.] Juve G. ROu;ERtS, W. Oulney, Rucks, innkeeper, July 22. [I hormas, Fen-co. Fenchurcli.st.1 Jane to. I UL, R. Btirton-on-the-Water, Gloucerter, Tmiller, July I and 2,. %Vhitt- Hart, Worcester. [Bousfield, Biluiveric-st. hleet St.] June 13. ROBERTS, J. Oxford-st. silk mercer, July I and 29. [P) p ps, Aldersgatc-st.1 June 17. iu pocl&amp;apos;, ;.. ,B istol, maltster, July 19, Commercial Iooms, Bristol. [Edmunds and Co. Chancery-la.] June 17. ROBINS&amp;apos;, W. T. Kent-st. Southwark, printer, Juls I and W9. (Partridge and Co. Blackman-st.] Yunee i7. REID and Co. Great C(eorge.st. Tower-hill, ;nerchants, July I and 29. [Wegener, Fen-co. [en. church-si.] yune 17. REEtVES, D. Wardoqj-st. grocer, July 1 and 29. [Gatty and Co. Angel -co. Thrtognorton-st.] une 17RAWLINS, C. E. Bristol, grocer, July 4 and Augist 1, ( ommercial Rooms, Bristol. Tlarrant anid Co. Chancery-la.] 7use W. ItICKAB, T. Craike, Durham, Inn-keeper, Joly 4, S and Augutst 1, Royal Oak, Thirsk. tklortou and Gray&amp;apos;s Inn-sq.] 7une 20. SIO,1 JR IIGE, R. Tenderden, carpenter, July 8. tMeymott, Burrows-buidings, Blackfziars-road.] SH PARD, B. Chandoi-st. Covent-garden, uphr-l. *terer, Ju!y 8. [11urd, King&amp;apos;s Bcncl.walk.] May 07. SM ITH, W. Union-st. Snothwark, hatter, July 15. &amp;apos; Mhlichael Finch-la. Cornhill.] Jun 3. SOL.ONIOJN, 6. Queen-st. Dirminghim hardware. ala, July S. Issacs, Berry-at.. St. kary Axe.] yunt S. &amp;apos;IWY, J.T. Manchester. merchant, July 16, Bridgewater Arms, Manchester. (Carrat and Co. Chanc sa. y uteS. $CJAM , IB. B. Canngrck, StaxtoN l nn kaelr ImJTHq, W. Fustins t.iller. July Cs. swan 1::hcN eter. [Willikme m Co: Hatton-.gareu. at~~Fa S.go, ~lr Jl b l r4, J. L. Broadst.merCthantJil1yis. (&amp;apos;ro., CoptliaUIIc. 1Thr ognorton -4.1. ye 3.t 81LERS, W. H II-St. 1oplar. slop seller, July 14. [Conurteen ndiCo. Wdabrook.) y..s6 SITH1, W. Liverpool. merchant. July I IWO Yurl, Liverpool. [Kearsey mud Go. &amp;quot;hl o &amp;apos;t.] 7.ure %0. SNOAK tad Co. Tiverton, Somerset, mill4,J 92, C-anrcial Rooms. Brislol. EloirdIloR C &amp;apos;. L..ttle I I ialtv q.j J Un 10. SHEPHERID, 1. KTillpston-upon-Hull, Iucer July Y2, White Hart, Kingston-ujioni llI.(SA Nursiar-st. Cluncery-la.] 7one to. SWEET, MI. i .ineretshlire, ann-keeper, July w. Cominerc&amp;amp;l Rooms, Bristol. EPoole ano Co. 1rouys inf fsq.1 Yume to. 8COl &amp;apos;1T. Sutfol k-la. C&amp;apos;annon st. broker. July 94. L Bremrrid~ge aid Co. Der&amp;apos;s buildiiias, Holbaa lutne 13. SAUNDERS, J. Lnarn &amp;quot;th, bricklayer, July W. 11Delbary and Co. txite-It. lncoln&amp;apos;a-inn-flejdj Yune 17. SA )l)1 N (GTO!N, T. .Sitton BHaAett, Northampton. shire, saalesinan, July V, erge, Marikee 1t lip rollII h Ince, New inn-. I Ytune 17. STEAE^)iIAN, G;. NortlitivId. Wotrcestershire, farW er, July 2.&amp;apos;, Rein liver, Worcester. LIlurti, ter pie.] June 17. scor, J. Stratf.,rd, St Marq&amp;apos;s. Suttolk, shop-&amp;amp;Lvpr, July I a-id Q9. [Butlcr. Cvrnlai )s luv a7. SUN MU&amp;apos;s, C. Devonshire. !q. mnrchl4nt, July 4 ad August a. LKaye and Co. NLw Batik buildianp.3 .,u7Jp i0. SHORT, rE. G. Tottenhamcoart road, grocer, July 4 atid August !, ;;ale amt Co. bcd4tlrcl.t. &amp;amp;4t tord-ro%% .1 ue go. THWVAI&amp;apos;fE,, T. Hvtt Mill, D)urham, paper-naktcer Jtl) 4, QiWaC&amp;apos;s Head, North Bailey. Ltalale a&amp;quot;4 Co. King&amp;apos;s Bench-walk.] Ilap 27. TUCKER, W. P.rk-pl. LAmlnbth, dealer iii co&amp;quot;s. Juily B. [Pike, Gate-it. Lincolna&amp;apos;sinn-0elds. TAY LOR and Co. Bristol, grocers, July 8, Rqmumep* Bristol. [&amp;apos;I arrantanid Co. CIhanceryla.J) Alat 07. THOM .s, W. Tcliboraie st. oilifi, July I I. rJon&amp;quot; nnd C.. Great Nlary.le-Bone-s .4 May Sr. TAYLOR, D). P. Portsmouth, inonev scrivener, July 15, Crown, Sout hampton [Net ilefuld, NorfblL-st. Str.and.] yune S. THORP. J.juin. Manchester. druggist, July 15, Dvg, blanchlesatr. [CIwster, Staple-iuin.] Ynone 1. TAYLOR, J. Warwick-la. Lutcher, Ju y 15. [Lamb and Co Prilnce&amp;apos;sslt. Bank.] Yune 3. TIEMANN, W. Spicer st. Brick la. Spitallields, colour manautacturer, July gi. LPease, Salisbuyr sq. Fleet-st.] June 10. TATOrNI. ND. Gloucester, linen-draper, July is, lRam. (Goucester. 11 aylur, Clcinenit&amp;apos;s.inn.] yune 13. TAYLOR and Co. Liverpool, starch manufacturer, July I said August I, King&amp;apos;s Aims, Liverpool. (Blackstockand Co. Tcrnp)lle YuseM WILLIAMS, E. Bristol, upholsterer, July It, Rum. mer, Bristol. [Poole and Co. Groy&amp;apos;saims.. mEay so. WILIMAY, J. Birmingham, straw-hat manufaturer, July 15, U:nion, Birminghlam. [Hicks and Co. Bartlett&amp;apos;s-buildings.] Yue S. WILMOT, W. Clifhon Nottinghamshire, cattle dealer, July 29, Blue dell, Lelcester. EMakioano. Elm co.l&amp;apos;emple.] Yum to. WHITE, S. Dowgate-wharf, whiarfln ger, July 90; (Lamb and Co. Prince&amp;apos;s-st. Bank.) fume 10. WILLIAMS K Coppice-row, Clerkenwell, pAinter July ft. (Zook, Woodbridge-house, Clerkeuwell.j Yone I0. WALKER, 0. Stockport, Chester, fell-monger, July 25, Castle, Stockport. M ilue and Co. Templ.] yJue 13. WCOO, T. Goswell-st. Bedstead makler, July 4 and 29 r lHtids?)n, Winkwortl.-pl. City- (ad.) You 17. WA&amp;apos;TON, T. Margaret-st. Cavendish-siq brWkIatar. July 4 and August i. EHayward, To&amp;apos; s-co. Cur. sitor-st. (ChanicIry..l. JXse 90. YORKE, J. Kimboltoat, Huntingdog, corn neerChant, July 29, George, Huntin*dom. (3bptn. and Co. symond&amp;apos;s-ian.J Is 19.</FullText> </Record>