<?xml version="1.0" encoding="UTF-8"?>
<Record> 	<Version>Record_v1.0.xsd</Version> 	<RecordID>4600358</RecordID> 	<DateTimeStamp>20180928135447</DateTimeStamp> 	<ActionCode>change</ActionCode> 	<RecordTitle>Cover</RecordTitle> 	<Publication> 		<PublicationID>1722</PublicationID> 		<Title>The European magazine, and London review</Title> 		<Qualifier>London</Qualifier> 	</Publication> 	<Publisher>John Fielding</Publisher> 	<Volume>44</Volume> 	<AlphaPubDate>Sep 1803</AlphaPubDate> 	<NumericPubDate>18030901</NumericPubDate> 	<SourceType>Historical Periodicals</SourceType> 	<ObjectType>Front Matter</ObjectType> 	<ObjectType>Front Page/Cover Story</ObjectType> 	<Contributor> 		<ContribRole>Editor</ContribRole> 		<OriginalForm>Philological Society (London, England)</OriginalForm> 	</Contributor> 	<LanguageCode>ENG</LanguageCode> 	<ISSN>0958-8965</ISSN> 	<StartPage>[161]</StartPage> 	<EndPage>[161]</EndPage> 	<Pagination>[161]-[161]</Pagination> 	<URLDocView>http://search.proquest.com/docview/4600358/</URLDocView> 	<Products> 		<Product> 			<ProductID>1007574</ProductID> 			<HasFullText>true</HasFullText> 		</Product> 		<Product> 			<ProductID>1009130</ProductID> 			<HasFullText>true</HasFullText> 		</Product> 		<Product> 			<ProductID>10000001</ProductID> 			<HasFullText>true</HasFullText> 		</Product> 		<Product> 			<ProductID>10000297</ProductID> 			<HasFullText>true</HasFullText> 		</Product> 	</Products> 	<Terms> 		<FlexTerm> 			<FlexTermName>DerivedSubject</FlexTermName> 			<FlexTermValue>ENGLISH ESSAYS - 19th Century</FlexTermValue> 		</FlexTerm> 	</Terms> 	<FullText>EuIpa TH A IVaoazine, For [Fw&amp;apos;,cl,&amp;apos;i d it i Iwit h, i . xl?, 1&amp;apos;e, bcrtt .-, Y r (it , ht !&amp;apos; i(- . r &amp;apos; &amp;apos;, , ?. C v..-, v i , s Y,: itia. A-, J. Z. A ? I - W (. f I I. ; I . . J AND PULL!SZAI)I 14 XI~ iD , Mr Z- , ! I. ) At the BIILE, (i;)V&amp;apos;N&amp;apos;. .1d 1(i 11 UL 11O;, NX. 32, ( oNI. 1.. Purfoig t.w6o refide aroezad, ann tio wvl to b; f .&amp;apos;/ i. - .&amp;apos; it ii&amp;apos; :&amp;quot;te &amp;apos; a,. / ^ d. fil~el, tany loa-te JtJenit ts tluc, lFREF / 01 .8i4 { ,.t t *uj }.., ::t, ftee anJ everv PIPgt of Aftb&amp;apos; ? In-lice at TrwLo (Lanieas fer i.&amp;quot; &amp;apos;V f,- g t : [I *rL. e .e (A.en&amp;apos;r4 PViO Oce, (it .N&amp;apos;o 2&amp;apos;, $Ierloi tie Lane; 1&amp;apos; fianir&amp;apos;r, Lt :::. (L. :&amp;apos;r, u? *&amp;quot;1V Put j tlf} AlD /: rrdri..a,, , &amp;apos;1rw (,: G. inas /r A1a,; 1t, */ (Ly *r l9i O. Nu 2d^, Sbep4&amp;apos;,r,,r !4iIP ; toa &amp;quot; r Pit f tliand, ()&amp;apos;e (Je r..r ci.. : .in , ,i..&amp;apos; by .V1&amp;apos;. 84 I it, of t (;.*, P1 ci.L;;&amp;apos; at jo 3, pal I ,. ; &amp;apos; lit Cp pg (Ql &amp;apos; lit&amp;apos;,&amp;apos;, i AY Piru oft,-c !,a ls, .S &amp;apos;rTIIty Shdib41ie &amp;apos;ielf.n!e/;,i . J / I dJd</FullText> </Record>