<?xml version="1.0" encoding="UTF-8"?>
<Record> 	<Version>Record_v1.0.xsd</Version> 	<RecordID>4606197</RecordID> 	<DateTimeStamp>20180928135524</DateTimeStamp> 	<ActionCode>change</ActionCode> 	<RecordTitle>THE DRAMA.</RecordTitle> 	<Publication> 		<PublicationID>1722</PublicationID> 		<Title>The European magazine, and London review</Title> 		<Qualifier>London</Qualifier> 	</Publication> 	<Publisher>John Fielding</Publisher> 	<Volume>84</Volume> 	<AlphaPubDate>Nov 1823</AlphaPubDate> 	<NumericPubDate>18231101</NumericPubDate> 	<SourceType>Historical Periodicals</SourceType> 	<ObjectType>Review</ObjectType> 	<Contributor> 		<ContribRole>Editor</ContribRole> 		<OriginalForm>Philological Society (London, England)</OriginalForm> 	</Contributor> 	<LanguageCode>ENG</LanguageCode> 	<ISSN>0958-8965</ISSN> 	<StartPage>466</StartPage> 	<EndPage>470</EndPage> 	<Pagination>466-470</Pagination> 	<URLDocView>http://search.proquest.com/docview/4606197/</URLDocView> 	<Products> 		<Product> 			<ProductID>1007574</ProductID> 			<HasFullText>true</HasFullText> 		</Product> 		<Product> 			<ProductID>1009130</ProductID> 			<HasFullText>true</HasFullText> 		</Product> 		<Product> 			<ProductID>10000001</ProductID> 			<HasFullText>true</HasFullText> 		</Product> 		<Product> 			<ProductID>10000297</ProductID> 			<HasFullText>true</HasFullText> 		</Product> 	</Products> 	<Terms> 		<FlexTerm> 			<FlexTermName>DerivedSubject</FlexTermName> 			<FlexTermValue>ENGLISH ESSAYS - 19th Century</FlexTermValue> 		</FlexTerm> 	</Terms> 	<FullText>*T[IF. I)ItANMA. DRURY LANE I&amp;apos;TIE.17l1?E. &amp;apos;THlE winter theatres are now il fNll acttivity, strivitua&amp;apos; to obtain )uhb lie Cavotir, but Mr. E?llistoit still keep% the stuperiority lie obtained last seasoll, an ( ahnlost (&amp;apos;very night brings, him a.n overtlowin,, house. Since we wrote our last dramatic article, a Mrs. Il.,i,, formerly Miss Somerville, hlas made her re-appearance at this theatre after an absence of six years. As this lady aj)jears destined to superse(le Mrs. W. West in the more inmportatit characters in tragedy, we shall have fre(qluent occasions to appreciate hier talents ; her re-appearance was as Rianca, in Mr. Milinan&amp;apos;s tragedy of .IwE:io,ati(l her recept ion wits extremely flatterisig. We hear that Biaunca is Mrs. Itunn&amp;apos;s best character ; her perforinance was certainly not destitute of merit, althouLgh we think her aection in nany parts much too violent anl(d more ilad)ted to pleaste the&amp;apos; tlleries than thle pit ; niul, indeed, this wars fully proved by the audience, tile crenteel pirt ot whicha applauded ther onily once during the editire representation : however we 1111st, in *jt!%tiee to this lady, state that she{ lahoutred under a great disadvatata-c in not haviig itu ore able supporter in th1e character of Faz:io, which was confided to a very inconipetent perforiner. Mrs. Blnni&amp;apos;s talents ats a tragic actress, we thinik after seeing her in several characters, are not ot the first order, she is all extremely goodl secondl-rate actreso, anld as such would become a valuable ac(quisition to any theatre; the first rank in her profession, m hich she now aissumes, can only be assigned to her by the masinager throiigh necessity; Mrs. W. West tilled this high rank last season from the same causez in talent, and ill genius, if we may be allowed to profaimH the word ol the present occasion, these ladies are similar; in person, however, they widely differ, and for the tragic nmue(,, the taller and more majestic stature of&amp;apos; M lrs. lBunn, is muCIA more a(laptedl tham the smaller figure -and prettier face of Mrs. West. After the tragredy of Fa:io was pro.duced,a new grantd dramaof action, cal led the C&amp;apos;ataract ofth/c G;angc.,; or, the RajiA&amp;apos;s lDaulhtcr. We under-stand it to be tile production of M1r. Moncrief; hut it certainly adds; not one particle to his repulation. The story turns oti the custom which once ex isled amongst the proud and warlike race of the RBai- poots, of causitgr their infillt daig1i, ters to be inmolited at the nion)(q1t of their l)irth. Jam %ahewb, Rajall ot01 (i.l zerata, M r. Younire, at tlie Varnilest re. quest of his dying wife, consetlis to save from the common lot of&amp;apos; tenialjg, their infant daughter, Zamitie, Miss L, Kelly. She in reared up as a Printce, the secret of her sex being concealed. from all, save one or two faithful (omestics. III process of time a var b)reaks out between Acbar, EImperor of DOeli, Mr. Powell, and Jam Sahelb. For the purpose of terminating the coni. test, the Emperor offers the hand of his daulghter esIRsa, to the suppos~ef Prince Zamitne: when, after much hesitation, Jam Naheb confesses that thi e individual who had been reared as a Prince was, in fact, a Princess. M..r karra, Air. Wallack, the Zrand Wralbl mini of the tribe, hears this intelligencee with delight. lie falls incontinently in love with thie Princess, and, working onl the religtious scru)les of her uthlier, causes her to he carried to tile Pagoda of lBrahma, at Juggernautha. Here lie urg&amp;quot;es his passioln to the fair one-slie Ilulst either become his, or be sacrifieed to tile idol oil the banks of the C(Gg.1es. &amp;apos;Thie lady rejects the WIrahl nill&amp;apos;s suit, and she is, after a silly etfort to escape, carried to tile 1lace ot execution. Ilcne, howcevr, leu father, as-sisted by an English officer, Captfain M1ordaunt, and a body oftroops, dlef eit tle Bralinin&amp;apos;s party. InI tile midst of the conflict, thPe lady mounts a charger, and escapes tip the cataract of the Ganges, to the great delight of the galleries. The decorations of thlis splendid spectacle are extremely gorgeouis, and the scenery entitled to considerable praise, particularly the opening scene representing a field of battle, an(d a Hindoo cottage with the country of Guzerat in the distance, by Stallfield; also the mountainous sceniery and Mahratta encampment, by IRoberts. rhe bridal procession, in which a great many horses, richly 1aparisoied and well educated, were introduced, was splendid to excess, and well colldueted. Those who are pleased with showy exhibitions, and think that our chief metropolitan theatres are not degraded by such representations of tinsel, horses, flaming woods, and falling waters, will be highly delighted with the Cataract of the Ganges. T&amp;apos;ie Winter&amp;apos;s Tale has been repeated several tilies during the month to crowded houses. N1r. Mlacready, as Leontes, and Mirs. Bunn, as lfennoine, were the deief atralctioijs. This iiteresting romince, where the ulilitics of time andti pl1ace are sacrificed without mercy and almost to absurdity, 1)0ssesses such striking situations, that it w^ill seldoin fail to please when the performers are adequate to their respective charlcters. This is unusually the case at l)reenlt, the cast being particu larly strong. Macready&amp;apos;s Leontes we consider one of h is best characters; and althou-gh iii the earlier scenes his performance might be improved, in the last he is truly a good actor, exhibiting the strongrest emotions of anxiety, joy, and conjugal affectiou, with a fidelity to aiatitre to be surpassed only by Kean. The HIermione of Mrs. Bunn, though respectable, is one of those performances that have nearly equal claims to praise atid censure. In the first scene, act three, where Hermiona defends her cause in person before the king, Mrs. Bunn affords a good specimen of tender declamation, defending the character of an aspersed wife rather than the cause of am injured queen; she exhibits tenderness, spirit, and conscious innocence, but we iii vain expect the occasional proud bursts of defamed majesty; such as %ould become &amp;quot; A fellow of the roydl bed, wlvich owe A nioiety of the throne, a great king&amp;apos;s daughter, The mother to a hopeful priice,&amp;quot;_ The weak ness and monotony of tone consequent ou her recent ilhiess, &amp;quot;1 hurried Here to this place, i&amp;apos;the open air, before I have got strength of limit.&amp;quot; Should have been occasionally relieved by vivid flashes of more ardent and intense delivery; for though6 &amp;quot;ishe was tender as infancy and grace,&amp;quot; she possessed &amp;quot; the life of majesty.&amp;quot; In the statue scene her appearance was peculiarly impressive. The &amp;quot; life of majesty&amp;quot; which Leontes saw in the supposed marble was well sustained, and her garments hung from her shoulders with sculptural and classical propriety. Wlheue we have said this, our praise is exhausted; during the whole of the latter part of this scene she was unimpassioned, tame, and spiritless; all the tiue Leonilcs Was p)(r1ll jil&amp;apos; 1,6 t1- - 1 &amp;amp;8lttf-.iv 411 repeltltvl(&amp;apos;e and sivit(&amp;apos;(&amp;apos;B&amp;apos; ;tlitomiii, shWe wa.&amp;apos; nIothin;i blllt &amp;quot;6 beri.-aiin- imarble; ff IlsUnch so, t hat &amp;apos;we shoulid have tholl-11t li&amp;apos;11( O t&amp;apos;e of tIiiSt&amp;apos; lpj)paritionOs in w&amp;apos;iich SitAkspeare al))IoIu(1s, if 1A&amp;apos; onte. had1 iiot cl-Waimiied with exquisite pathos &amp;quot;-.-- these tears, that choke her *voice, Are hot and moist,-it is Ilertnione!&amp;quot; A sinruhtar circumstance, at least to ox singular, occurs during this scene. A burst of applause is always heard whet Mrs. Bunt turns her hea(lt very rapidly, as un indication of life restored by ihe power of music. Mlacready&amp;apos;s mixed cltotions of joy atd(l astonishitinit are filuely pourtrayed ; and it appears, front enquiries we were ait tile trouble of anakinig, that part of the ;audience apm plauded Mrs. Bunn, and the other part Mr. Mlacready; this united homage of course swells tile uot( of jxraise to the highest diapason; and, if they both deserved the homage, we would say with Dryden, let &amp;quot; both dlivide the crowis ;&amp;quot; but we are of o*iinioms that there is nothing, indre trickery and more faslse to nature, than this sudden turn of tle head, so lailded by tlhe galleries. It is a mereb effort of machinery, without sentiment or feelinig; an automaton might be made to do it bet ter. The soft atnd dulcet notes of melodious music steahli&amp;apos;r into the car almost imperceptibly, shoul( seem to auinate the stawlu vwith its kindred spirit, gradlual?,t risilng inito life, and isot imparting a comsvulsive atitectioma more appropriate to the loud voice of thunder, or the electrical shock of lighttin-, than to thle scarcely-breath. ing straius of isweetest, melody. When Mrs. Butuin repeats t his chmaracter again, we hope she will pronounce the word derivative properly, aund siot called it derivative. A tragedy front the lci of Mr. Knowles, author of Vir-inius, e(lntitled Caius Gracchu., has been produced at this theatre. The plot commences with the appearance of Vcelins, Mr. Yoummge, going to his trial, attended by the populace in whose service he incurred his present danger. When he arrives at tile tribummel, he is arraiilged by Opi. mius, Mr. Archer, the consul, and the determined eneemy of C7aiwu Gracchlus as well as V&amp;apos;efiius, who were both cmbaked(l in the same cause-the welfare of tile state, and the interests of the people. Roused by his friend&amp;apos;s danger, C(laius Gracclheus, Mr. 31Iacready, leave, time secluslon, Cromm &amp;quot;hich even tihe murder of his brother Tiberius had not drawn him, avid suddenly appears in the forum and ?)btains from the people the acquital of his and their frieind. The uenate, feariniZ the splenidid abili. ties of Caius, who seemed to them even more formidable thaui they had ever consid&amp;apos;,red his brother Tiberius, sends him out of Italy as Quastor, under the consul Opirnius, who was appointed trencral. Thisdepartue from bis native country gives rise to a domestic scene, in which Cajus takes leave of hie mother, Cornelia, Mrs. Bunn, his wife, Licinia, Mrs. West, and his son. In the second act Gracchus is act ! ied of having left the army without orders, but be easily refutes the accusation anmd is chosen tribune. Not being able to subdue the patriotism and influence of Caims by the usual means, the senate have recourse to artifice, and make use of Drusus, Mr. Pope, the other tribune, to undermine him in the affections of the people, by grantinig them greater largesses and beikefits. This aristocratical inanwtuvre works well on the chanizeablc people, amid a bold attempt is made to abro-ate the popular laws previously introduced by Caius: Opi. ,aius, the consul, takes the opportunity of insulting him, as he is proceeding&amp;apos; to sacrifiee, andi although Caius des. pises these insults his followers resent them, and in a tumult kill one of the Lictors, iMr. Howell. The folly and temerity of this act is seusibly felt by (Caius, who waits4 the result at the base of hiis father&amp;apos;s statue, until lie is prevailed upon to return home. His life heiiag demanded by the senate, as un atomieument for the twirder of their officer, hie is induced to put himself at the head of his followers, iii order to deretid the cause of himself and the peopie. For this purpose he rushes from the emubrauces of his wife, who, unlike a Roman lady, is stupified with fears for her husband&amp;apos;s safety, and, is led by Cormelia amid her attendants to the Temple of Diana, to reinain there during the tumult in the city. Caiwe and his partisans are defeated, and, finding his escape implossible he retires to the temiple, where, in the presence of his family, hie thrusts a dagger iuto his bosom, and, covering his face with his mantle, heroically expires; which collcludes the traigedy. The above abstract of the plot will be sufficient to shew how far the truth of history has beemi preserved or departed from. We hnave nfow to notice time principal p)torfolmers. 311. Macready has not dimniiiished h6is repti. tation by his personation of the cha_ racier of t&amp;apos;aius tGracchis, althougb he has not materially added to it. Like Virginius, it will be entirely his own, and in his country engagements will be very benicficial to lim; for, as it bein sacarcely more than a NMon1o. drame, he will be enabled to exhibit his talents to advantnae, without the danger of having his exertions Mate. rially injured by the inefficacy of the other performers, whose parts in the play are of very inferior importance. Mr. Macready is eminently sticuessful in his expostulation with Drusus, ihen he unmasks his treachery. We were, however, upon the whole surprised that the peculiarities of Caius Gracchus were not more cril ically exhibited; aiid we thought, especially in the first speech, that the actor sometimes blended the character of Tiberius with that of Caius, &amp;apos;who in behaviour was vehement and fiery, temperate and sol)er, brsvo, just, sel&amp;apos; - denying. simple in diet, and laborious; il his speeches he was accustomed to miove from one part of the rostrum to the other (not stationaryas aepresente(d by Mr. Macready), and occasionally to throw his gown off his shoulders, ilk language splendid and persuasive ; his diction copious, his thoughts just, and his expression full of dignity; in his discourse grave and elevated. This was the character of Caiu., as we flud it described in Plutarch and Livy; how far Mr. Macready acts up to thiis description, may be, perhaps, a matter of opinion. We are disposed to tluiiik most favourably of his performances in general, although ve would advise ; more close study of the original. The limited space we can afford to our thelatrical articles will not allow us; to point out the beauties and (defcts of this histrionic efibrt, which certainly is no discredit to the improvcl state of our dramatic talent. Alrs. Bunn&amp;apos;s Cornclia might have been much better ; her person is well adapted for a Roman matron, but we fear she has not sufficiently studied the character of that extraordinary people, and the peculiar complexion of their domestic manners, to acquire much coilmeidat ion. As she had but little to do, that little ought certainly to have beeti performed in a chaster and more classical manner. Mrs. West, in the character of Licinia, had much more to d10 than Mrs. Bunti, and, upon the whole, performed better; but still the same objection holds; she was not Rom&amp;apos;an. 11cr grieft, her tenderiiess., were too lU1restrainted, wo( much 1unm1lixed witlb that patriotic pride that always kept in subserviency the domestic feelin&amp;gt;. The prologue and epilogue wec re. ceived with s~tch decided marks of dis. UpProN&amp;apos;tioll that they have uot been repeated. COPENT GARDEN TEhATJr&amp;apos;E. LIKE its rival this theatre has pro. duced its galnd spectacle, which is cntitled in those veracious orgauns of public opinion, the play bills, &amp;quot;1; a New Grand Historical Play, with mujic.&amp;quot; The name of it is (Cortez; or, the (Conquest of M1erico. The music is by Mr. Bishop, and the scenery, dresses, and various pageantry have been got np under the direction of Mr. Fa-ley. The dialague of this piece is better than that of the Cataract at Drury-lane; and the sweet voice of Miss Paton, with her improving acting, certainly affordcd a pleasant relief to the noisy and glaring exhibitions of horses, and the firing of guns. The horses, which act a couspicuous part in this &amp;quot; Grand Historical Play&amp;quot; are French performers, imported from Paris, under the direction of their proprietor, Mr. Ducrow; in shape and stature they are certainly surpassed by their English rivals at Drury-lane, in docility and theatrical ability they are equally eminent. The play commences with a meeting of Spanish soldiery, and a conspiracy of two of their officers against the authority of C(ortez, Mr. Cooper, which, however, is soon quelled by the General; and, in order to prevent future mutinies, and to cut otf&amp;apos; all hope of return to Cuba, C&amp;apos;ortez causes the .5panish fleet to be burned; thus leaving no alternative to his followers but conquest or death. Ambassadors arrive from o1onleztuma, Air. Baker, bringinZ them golden p)resents, and offering every assistance for.their departure. The presents are accepted by the General, who, neverthelcss, refuses to depart till he has seen the Emperor Montezwima. In this em. bassy is Teluxo, Mr. Bonnet, a Mexican chief, who receiving a present of a sword from Cortez, strongly inveighs against the invaders of his country, threatening to tise the weapon he has just received for their destruction. The next act opens with the march of the Spaniards towards Mexico, and a battle ensues between them and the T&amp;apos;lascalauns and Mexicans, who are soon subdued. Teluixa, &amp;apos;with the aid of the priesthood of ChoItilar, plans a srheme for the (lestruetioi otf the invaders :a- they pass through that towut towatrd Mexien for, in consequence of tile defeat of the !Mexicans and their allivia, .In&amp;apos;uIcZuna 1o 10 loner objects to a favouralde recep)ti(n of (orte: and his troops into the capital of his empire. The Spanish C(hiieral is ap)prised of the threatened daiger by a Tiuaeatan, W&amp;apos;hose life lie had saved, and defeats it in time to rescue AHarina, 31ims Love, an Indian girl, who Was beloved by him, and who had previously beeCI doomed to be a sacrifice to theiv barbarous deitY. Ma1(trina, in the third act, rescues Corte- trom another snare by means of the ilnt-lliience mhe had olbtained of the enemy&amp;apos;s proceedings; and the triumphal entry of the Spaniards into Mexico conicludes the piece. This onttline of the btory does not include an iuiderplot, which contails the loves of two brothers, Zocotzin, Mr. Cooke, alid Araci.r, M1 r. Durtiset, for Arnuazitl, Miss PaMton, which is hehqtuered with the usual vicissitudcs of love and battle. ()nc of the most striking novelties of this piece is the manner i; whichs one of the Spanish cavalry, Mr. Ducrow, was thrown from his horse while passing over the bridge; so ulnintenutionaal and well mana-ed did the fall appear, that we were .t first fearful that it was real. The finalc of this piece is cCrtain ly much less titriking than that of th( Cataract at l)rury-lane. and we think this (left-ct to he the chief cause of its limited success. We cannot conclude our notice of this splendid exhihitiom without confessing that our principal pleasure is derived from the operatic department. The music confers great credit on Mr. Bishop ; and we never heard Mliss Paton to greatereflfct. Mfiss Love also deserved and reccived npplause; her part was originally de.. signed for Miss M. Tree, whose ta. tents would certainly be more attractive than those of her substitute. Mr. Cooper, in the character of Cortez, personatc(l the hero with considerable talent. Trhe dignity of a (Geteral-iii chief was well preserved without a particle af bombast or rant; his actioni and delivery were military, chaste, andl muattral; in fact there isnot a more uscful performer on the metropolitan sta-C. livme anu&amp;apos;ers of&amp;apos; thi. theutr( have vepr(o(dticeA the opern of the (&amp;apos;fibict, In order to aflbrd Mr. Sinclair an op. portunity of re-appearing before a London audience iu the character of Orlando, after an absence of six years in Italy, where he has been prosecuting his prolessionul studied . Tlue opera is so well known that our observations will be confined to the chief per. former.. The encreused reputation of Mr. Ninclair certainly produced in the amateurs of music, and in the public genieralIy, an intense desire to hear the voice of one of their nmusical favourites after so long a study of his art in a couutry most celebrated for vocal as well as instrumental music. onl his first night of performance he was hailed with such unequivocal, amid, we think we may inay aidd, uinbiassed applause, that ieither he nor his warniest fritiods could aniticipate any thi- i more ft.a vournble. We consider M1r. Sinclair ns very much improved sinee we lait heard him ; alid, without comparison, lie sumust he esteemield the secoiidl Entglish singer. He has not thme volumame, and the depth, and seeletess of tonse thato o peculiarly distiiguish Brahiam ; in scicuce, however, and tasteful cxcCutiowi we think hitu etlual to that uu- rivalled favourite, and, in appropriate action and graceful muanner, hi8 sUpe. rior. As we have not room for au elaborate criticism of his performance, we cannot express our opittion of Ili% merits more concisely, aind at the stanc time more comprehensively, thau by observing, that his siNging may be -compared to lBrabam&amp;apos;s, as the actiug of Yoummz may be compared to Kean&amp;apos;s; both very great in their different stiles, but iu positive and1 natural ex. celleuce pertectly diemimilar. The IIRtive geuius of lBraham is as much superior to the studied stile of Sinclair, as the natural flow of eloquence and pathos in Keau is saperior to the clas. sic1l, monotollous, and measured declaniatiou of Young. 1iss Paton, an 1&amp;apos;loretta, executed her entire part w ith admirable etIect. Sihe seemed to be inspired by the occasiou, and We are happy to state that her elegaut and natural acting was very little in. ferior in excellence to her brilliant musical cxecution. The engagement of Mr. Siuclar, alt lougb the terms up. pear very exorbitaut, is likely to turis out a very profitable speculatiou to the inamagers.</FullText> </Record>