<?xml version="1.0" encoding="UTF-8"?>
<Record> 	<Version>Record_v1.0.xsd</Version> 	<RecordID>4607318</RecordID> 	<DateTimeStamp>20180928135447</DateTimeStamp> 	<ActionCode>change</ActionCode> 	<RecordTitle>An ELEGIAC SONG.</RecordTitle> 	<Publication> 		<PublicationID>1722</PublicationID> 		<Title>The European magazine, and London review</Title> 		<Qualifier>London</Qualifier> 	</Publication> 	<Publisher>John Fielding</Publisher> 	<Volume>6</Volume> 	<AlphaPubDate>Sep 1784</AlphaPubDate> 	<NumericPubDate>17840901</NumericPubDate> 	<SourceType>Historical Periodicals</SourceType> 	<ObjectType>Poem</ObjectType> 	<Contributor> 		<ContribRole>Author</ContribRole> 		<PersonTitle>Mrs</PersonTitle> 		<LastName>COWLEY</LastName> 		<PersonName>Mrs COWLEY</PersonName> 		<OriginalForm>COWLEY, Mrs</OriginalForm> 	</Contributor> 	<Contributor> 		<ContribRole>Editor</ContribRole> 		<OriginalForm>Philological Society (London, England)</OriginalForm> 	</Contributor> 	<LanguageCode>ENG</LanguageCode> 	<ISSN>0958-8965</ISSN> 	<StartPage>238</StartPage> 	<EndPage>238</EndPage> 	<Pagination>238-238</Pagination> 	<URLDocView>http://search.proquest.com/docview/4607318/</URLDocView> 	<Products> 		<Product> 			<ProductID>1007574</ProductID> 			<HasFullText>true</HasFullText> 		</Product> 		<Product> 			<ProductID>1009130</ProductID> 			<HasFullText>true</HasFullText> 		</Product> 		<Product> 			<ProductID>10000001</ProductID> 			<HasFullText>true</HasFullText> 		</Product> 		<Product> 			<ProductID>10000297</ProductID> 			<HasFullText>true</HasFullText> 		</Product> 	</Products> 	<Terms> 		<FlexTerm> 			<FlexTermName>DerivedSubject</FlexTermName> 			<FlexTermValue>ENGLISH ESSAYS - 19th Century</FlexTermValue> 		</FlexTerm> 	</Terms> 	<FullText>An ELEGIAC SONG. By Mrs. C O W I, i; Y. HERE is my lover and my friend? V I bSurcly he will not Ihnlgcr lung; Bc early us&amp;apos;d to fek my cot, And checi nic w~iti his dulcet fong. tU&amp;apos;here is my lovcr and mv friend ? Saddcr the pelfivc twilight grows; Its latcl g;cal1s arc iiow n10 uore, Ttie fcrccch owl flAps, thc northiwjnd blows. Where is my lover and mnv friend P IL.rk! the: howrfic thundcr ical.&amp;amp; around; Ntdrer and louter arc its peals, &amp;apos;I hi livid lightnings fkini the ground. Wheic is my lover and my friend ? The filcit is palt, tl-e fky is clcat ; &amp;apos;ll leavc my cot and trace the path WhiLh ieach dcar cvctiing brings him here. W&amp;apos;herc is my lover and my friend ? Mv - vc dats o&amp;apos;cr the inead, the vale: Ile -. not thcre ! _U&amp;apos;hat caus&amp;apos;cl his itay ? I&amp;apos;.l chidc, nor lilczi to his takc. Whcte is mhy lover and my friend ? lkiiaps. lie loiters through the grove; I&amp;apos;il thither bend ny easer fleps._ G uide them, kind fortune, to my lovc I There Is my lwcyr and mv fricnd I know his der.r, fits graccful frmn; Yon loftv odk fulpports his hcad-Its foliage kept him fronm the florm. O0! frpak, my lover anol my fricad ! Se ! aanious (hio&amp;apos; the night I catme; I rcorn the babl&amp;apos;ling neigh&amp;apos;.ours talk, Nor h;^cd tsii cutnznent or their blame. Ogracious ioi&amp;apos; ! my hair uphcaves hott didit the blefting lightning ftnd I fink I oh nci-hbouis, dig the grave. I joir. y) lb% cr auid 111i frIcuc</FullText> </Record>