<?xml version="1.0" encoding="UTF-8"?>
<Record> 	<Version>Record_v1.0.xsd</Version> 	<RecordID>4610118</RecordID> 	<DateTimeStamp>20180928135447</DateTimeStamp> 	<ActionCode>change</ActionCode> 	<RecordTitle>WILTSHIRE.</RecordTitle> 	<Publication> 		<PublicationID>1722</PublicationID> 		<Title>The European magazine, and London review</Title> 		<Qualifier>London</Qualifier> 	</Publication> 	<Publisher>John Fielding</Publisher> 	<Volume>2</Volume> 	<Issue>8</Issue> 	<AlphaPubDate>Apr 1826</AlphaPubDate> 	<NumericPubDate>18260401</NumericPubDate> 	<SourceType>Historical Periodicals</SourceType> 	<ObjectType>General Information</ObjectType> 	<Contributor> 		<ContribRole>Editor</ContribRole> 		<OriginalForm>Philological Society (London, England)</OriginalForm> 	</Contributor> 	<LanguageCode>ENG</LanguageCode> 	<ISSN>0958-8965</ISSN> 	<StartPage>437</StartPage> 	<EndPage>438</EndPage> 	<Pagination>437-438</Pagination> 	<URLDocView>http://search.proquest.com/docview/4610118/</URLDocView> 	<Products> 		<Product> 			<ProductID>1007574</ProductID> 			<HasFullText>true</HasFullText> 		</Product> 		<Product> 			<ProductID>1009130</ProductID> 			<HasFullText>true</HasFullText> 		</Product> 		<Product> 			<ProductID>10000001</ProductID> 			<HasFullText>true</HasFullText> 		</Product> 		<Product> 			<ProductID>10000297</ProductID> 			<HasFullText>true</HasFullText> 		</Product> 	</Products> 	<Terms> 		<FlexTerm> 			<FlexTermName>DerivedSubject</FlexTermName> 			<FlexTermValue>ENGLISH ESSAYS - 19th Century</FlexTermValue> 		</FlexTerm> 	</Terms> 	<FullText>WilTS IIIR . March &amp;apos;, Watson Taylor, Esq. elected M. P. for Devizes, vice B. Eatcourt, Esq. BIIRT114.]-At Foyratt. the lady (it the Rev. P. Fox, *,1 a Pon-At DonheadR IRectory, the lady of tile Rev. W. I)olley. &amp;apos;)f a: moll. MAIR. I&amp;apos;VD.]-N. .1. F&amp;apos;ller, Ei q of Nestito Park, to Anile 51argaret, elldet daughter of tIe Ilon. J. Brown-At Mere, J. Newman, Jee. t,. MIIr.ry Jane, second daughter of J. leMdlare Esq .-The Rev. It. Cieemvso. to 3.Iatiltd., eIdest ilaulglter uf the( I;ate, T1. %&amp;apos;jizvetlt, Et;*t. (t&amp;apos;t calie. Dicvs.1_.At W6estlmiry. S;a ra I , vomimtte flaw. I t ar Al t ;e Slev. .1. M) vw e, x A t1 I; 4;,1, II-% tVe Itav. N. Idl itl. ! IAVl e;lN Ie: &amp;apos;Io tIae (&amp;apos;&amp;quot;U&amp;apos;tl),it bi IC</FullText> </Record>