<?xml version="1.0" encoding="UTF-8"?>
<Record> 	<Version>Record_v1.0.xsd</Version> 	<RecordID>4612031</RecordID> 	<DateTimeStamp>20180928135447</DateTimeStamp> 	<ActionCode>change</ActionCode> 	<RecordTitle>SONNET.--SUNRISE.</RecordTitle> 	<Publication> 		<PublicationID>1722</PublicationID> 		<Title>The European magazine, and London review</Title> 		<Qualifier>London</Qualifier> 	</Publication> 	<Publisher>John Fielding</Publisher> 	<Volume>87</Volume> 	<AlphaPubDate>Apr 1825</AlphaPubDate> 	<NumericPubDate>18250401</NumericPubDate> 	<SourceType>Historical Periodicals</SourceType> 	<ObjectType>Poem</ObjectType> 	<Contributor> 		<ContribRole>Author</ContribRole> 		<LastName>Stuart</LastName> 		<MiddleName>F</MiddleName> 		<FirstName>J</FirstName> 		<PersonName>J F Stuart</PersonName> 		<OriginalForm>STUART, J F</OriginalForm> 	</Contributor> 	<Contributor> 		<ContribRole>Editor</ContribRole> 		<OriginalForm>Philological Society (London, England)</OriginalForm> 	</Contributor> 	<LanguageCode>ENG</LanguageCode> 	<ISSN>0958-8965</ISSN> 	<StartPage>335</StartPage> 	<EndPage>335</EndPage> 	<Pagination>335-335</Pagination> 	<URLDocView>http://search.proquest.com/docview/4612031/</URLDocView> 	<Products> 		<Product> 			<ProductID>1007574</ProductID> 			<HasFullText>true</HasFullText> 		</Product> 		<Product> 			<ProductID>1009130</ProductID> 			<HasFullText>true</HasFullText> 		</Product> 		<Product> 			<ProductID>10000001</ProductID> 			<HasFullText>true</HasFullText> 		</Product> 		<Product> 			<ProductID>10000297</ProductID> 			<HasFullText>true</HasFullText> 		</Product> 	</Products> 	<Terms> 		<FlexTerm> 			<FlexTermName>DerivedSubject</FlexTermName> 			<FlexTermValue>ENGLISH ESSAYS - 19th Century</FlexTermValue> 		</FlexTerm> 	</Terms> 	<FullText>SONNET.-SUNRSz. I SAW him rise from out his couch of mis, Like a huge giant clad in burmishd gold, And the few clouds were tipp&amp;apos;d with yellow liglt, Soon as their foreheads the great day-god k us&amp;apos;dThey look&amp;apos;d dark mantles broidered in each fold. lHanging upon a spirit, awfil bright. The hill tops smil&amp;apos;d to see him, tie night, Overcome at oaoe, .su a tale long told. The shepher and the early husbadmen, Time out of mind his faithful chambins, Stood gazing upwad with enraptur&amp;apos;d ken, So very gorgeouseem&amp;apos;d hbis might unW&amp;apos;d ._ AI% all wsu bright, the vallis, rivers, p*l For twas hfteav&amp;apos;s eye gladd&amp;apos;ning a wadkin wend J. -Po S&amp;apos;UA ST. Mamb, 1825.</FullText> </Record>