<?xml version="1.0" encoding="UTF-8"?>
<Record> 	<Version>Record_v1.0.xsd</Version> 	<RecordID>4616997</RecordID> 	<DateTimeStamp>20180928135524</DateTimeStamp> 	<ActionCode>change</ActionCode> 	<RecordTitle>To the Editor of the European Magazine.</RecordTitle> 	<Publication> 		<PublicationID>1722</PublicationID> 		<Title>The European magazine, and London review</Title> 		<Qualifier>London</Qualifier> 	</Publication> 	<Publisher>John Fielding</Publisher> 	<Volume>71</Volume> 	<AlphaPubDate>Feb 1817</AlphaPubDate> 	<NumericPubDate>18170201</NumericPubDate> 	<SourceType>Historical Periodicals</SourceType> 	<ObjectType>Correspondence</ObjectType> 	<Contributor> 		<ContribRole>Author</ContribRole> 		<OriginalForm>OECONOMICUS</OriginalForm> 	</Contributor> 	<Contributor> 		<ContribRole>Editor</ContribRole> 		<OriginalForm>Philological Society (London, England)</OriginalForm> 	</Contributor> 	<LanguageCode>ENG</LanguageCode> 	<ISSN>0958-8965</ISSN> 	<StartPage>96</StartPage> 	<EndPage>96</EndPage> 	<Pagination>96-96</Pagination> 	<URLDocView>http://search.proquest.com/docview/4616997/</URLDocView> 	<Products> 		<Product> 			<ProductID>1007574</ProductID> 			<HasFullText>true</HasFullText> 		</Product> 		<Product> 			<ProductID>1009130</ProductID> 			<HasFullText>true</HasFullText> 		</Product> 		<Product> 			<ProductID>10000001</ProductID> 			<HasFullText>true</HasFullText> 		</Product> 		<Product> 			<ProductID>10000297</ProductID> 			<HasFullText>true</HasFullText> 		</Product> 	</Products> 	<Terms> 		<FlexTerm> 			<FlexTermName>DerivedSubject</FlexTermName> 			<FlexTermValue>ENGLISH ESSAYS - 19th Century</FlexTermValue> 		</FlexTerm> 	</Terms> 	<FullText>To the Fditor qJ the Eu ropean 3la-a-sine. *sa, A Slmalt and hops arc nowv liukely k l 1ug tO COItILIC the priciapial in&amp;apos;-redient4 inI oulr Fuatioual lDCVerastF , it is Aith some plearure t!a.t I oier a helping hand to the holder&amp;quot;4 of :i arlicle tiat has hitherto beei hleld in great disestecmn; as, by o doing. i 1ay also nssidt and comfitort those who canuUot affurd to pay tor expenils te ,uwdical :idv ice. I allude to the artit le ol quassia. This valuable commodity bha leein nuch abused and despised,mving chuiefly, I preoumme, to its having been -,enerallk 1,die&amp;apos;d forwaurd as a subutitfite; whereai. thad it becin guffiered to stand forth upun its own uerit%, it would have m.ade its way as a toast welcome auxil.ury in sowe of the most trying situati(ii1 (of life. Three strong. but simple, chlimls it ha% to public regard. First, the wood burned, powdered, and %cry finely sidted, furnishes a very cxcellelt powder for the teeth, harmatless in its iammzdiate use, and salutbry in its eflict for cleanming, sweetellin:g, and prcservim them from decay secondly, ar, troncg decoctioil of tile Cihps ot *uassia us a certain preventive and cure for chilblailiq (.about one pound of Chips, value 9d. to two callons of water is mifficientt ; and, thirdly, hult a wine g14iss ot mattvr in which qjuasia lhas twen towled. or lomr infilms. taken ian tle morning tfastingr is exceedingly conducivc to the retovatioli ot health, spiritq% and nppetite. uhouldl you coniler these plain, importauit. and ilmvxpvllsi v recci pts worth v to 1)v circ u lat cdi through tlie mediumn of% our % aluable chauiclt of comII- tI cauiIdtioni, I ill tallc thie lil)erty to c.,II,\ v., to NOi ille Ir(&amp;apos;%lt u&amp;apos;t IlV &amp;apos;V\. i&amp;apos;i cases of0a siil.uir n1;ture. I rc iilill, % our obedl eiit &amp;apos;n ra ilt, ,ad N olr octcas~iolial C&amp;apos;urreipu{l!fidet taCONt () M 1It. J a &amp;apos;2 .14, 1S31 7.</FullText> </Record>