<?xml version="1.0" encoding="UTF-8"?>
<Record> 	<Version>Record_v1.0.xsd</Version> 	<RecordID>4620117</RecordID> 	<DateTimeStamp>20180928135524</DateTimeStamp> 	<ActionCode>change</ActionCode> 	<RecordTitle>ZEMIRA; OR, THE FISHERMAN OF DELHI.</RecordTitle> 	<Publication> 		<PublicationID>1722</PublicationID> 		<Title>The European magazine, and London review</Title> 		<Qualifier>London</Qualifier> 	</Publication> 	<Publisher>John Fielding</Publisher> 	<Volume>52</Volume> 	<AlphaPubDate>Oct 1807</AlphaPubDate> 	<NumericPubDate>18071001</NumericPubDate> 	<SourceType>Historical Periodicals</SourceType> 	<ObjectType>Fiction</ObjectType> 	<Contributor> 		<ContribRole>Author</ContribRole> 		<LastName>Moser</LastName> 		<FirstName>Joseph</FirstName> 		<PersonName>Joseph Moser</PersonName> 		<OriginalForm>MOSER, JOSEPH</OriginalForm> 	</Contributor> 	<Contributor> 		<ContribRole>Editor</ContribRole> 		<OriginalForm>Philological Society (London, England)</OriginalForm> 	</Contributor> 	<LanguageCode>ENG</LanguageCode> 	<ISSN>0958-8965</ISSN> 	<StartPage>266</StartPage> 	<EndPage>269</EndPage> 	<Pagination>266-269</Pagination> 	<URLDocView>http://search.proquest.com/docview/4620117/</URLDocView> 	<Products> 		<Product> 			<ProductID>1007574</ProductID> 			<HasFullText>true</HasFullText> 		</Product> 		<Product> 			<ProductID>1009130</ProductID> 			<HasFullText>true</HasFullText> 		</Product> 		<Product> 			<ProductID>10000001</ProductID> 			<HasFullText>true</HasFullText> 		</Product> 		<Product> 			<ProductID>10000297</ProductID> 			<HasFullText>true</HasFullText> 		</Product> 	</Products> 	<Terms> 		<FlexTerm> 			<FlexTermName>DerivedSubject</FlexTermName> 			<FlexTermValue>ENGLISH ESSAYS - 19th Century</FlexTermValue> 		</FlexTerm> 	</Terms> 	<FullText>IKMIRA; THB FISHERMAN OF DELHI. ?e/is Oriental Tale. OT JOSEPH MOSER, ESQ. Chapter I. GEtIBNABAD,as every one knows, ia, or rather was, a town of considerable note in I nd o*l an, ranging along Ibo banka of the (itsovr, a mer of less stvportaoce for its commerce than for its fishery, from the product of which not only its immediate vicinity, but the aurroeiMitng country, were supplied, and, coamuently, employment afforded to ataWaiiapcc of fishermen. This town, which rose upon the deetlineof Delhi, of which, though at first coojy a suburb, it became, under the auaf ices of Cna-jbman, secondly its rival, SM**) afterward greatly its superior, was tho residence of the Great Mogul, of thc friacipal omrah*, and, of course, the Btglierorner oft he people; while Delhi, tteetapitsl, though distinguished by a palate mawnifieeot even in its decline, was jaostry Inhabited by Hindoos of thc inferior emote* or tribes, and among these rn very largo number of those w hose firing dopeaded upon their aquatic exOJtioas. Baring thus begun the topography of thia story, R will, in order to complete lt* ebe necessary to state, that ?gatnat the impending walls of the cBortb corner of tho battlements of the ancient hr y-growa tower was placed tho ctottag* of Birran, a fisherman, who, to ?se fis owa language, had been thc ofbis-kfe ** striving against I,9&amp;apos; and was scarcely more refer Ma industry than for his faintly.* On oao of tbe most beautiful mornings of aa oriental autumn. Zrrrcn left lal cottage, aad, loaded with bis nets, jerona***** *oi*ar**s ethe river. When be jn+txrnAmtke beach?which was jost at las taawavtfcat Ibo oblique rays of tho emit sha iring ojpward, bogan to gild teat tanoni of law aaiaoas, ibo miaarots of the mosques, and the tops of the trees which were dispersed within ant without tbe adjacent cities, and cont ri. buted to form one of the most picturcsi-ue views that ever was delineated hy the combined pencils of art and as. lure--every ohjtxt around seemed to smile, except Zifver i for he, alas! found that, notwithstanding his alacrity, tiie tide had too far receded, and that his boat was left upon dry laud. Although he knew that to move bis vessel rec j ui red considerable efforts, ho resolved to try what his own strength would effect. Foiled in this at tempt, he looked aronui! for assistance, but none of his coinp.iti&amp;apos;ons were near: he then, with collected force,endeavoured to impel tho boat toward tbe stream, but with as little success as before. Wearied at length withins repeated exertions, from which, he could not observe that he had derived any great advantage, he turned his face toward the brilliant luminary that was rapidly ascending, and at this instant tm idea smote his mind, that his misfortune was occasioned by his having, in the eagerness of his pursuit after gain, forgotten to ofter his morning orisons to the omnipotent Dispenser of* light and heat, the father and pro* lector of the mundane creation, wilora it had diurnally been his custom to adore under the symbol of fire: be therefore instantly prostrated himself upon the ea-th, and, in a pious strain, Koured forth his devotions. When bo ad finished his prayers he arose, and, to bis great surprise, saw standing by him a man of a most ancient and venerable appearance, fie seemed bowed with ape, was dressed in a robe of brown tied with a red girdle, his locks were silvered by the hand of time, and his beard flowed upon his bosom, while he supported himself upon a staff. Them was something in thc figure of this man that involuntarily inspired tbe mind of Zirri a with sentiments of awe and respect: be was about to prostrate himself again before him, when tho sage took his hand, saying, &amp;quot; Hold, my son, and do not degrade the deity hy addressing in a suppliant posture a man, perhaps, burthened with a greater load of sin than yourself: for 1 hafe listened with the utmost attention to your prayers, and find that at last you have clone well; although you would bavo coom much better, had your detention boon a pious impulse of your mimd rather thoa an act ot nocossi ty St had first neglected your religious y, and then called upon the Almighty to enable you to effect what yea found yon had not sufficient corporeal power to perform.&amp;apos;* ** I confess, oh father!** cried Zip* rsa* &amp;quot; that an ardent desire to procure tbs means of existence for my wife and eli Uren, was this n to ming the first sentiment of my mind. In the eager pursuit of my duty to them, I for a moment forgot my devotion to Him in ?vhose bands we all are, and by whose benignity we all exist/&amp;apos; *? 1 gathered the knowledge of this,&amp;apos;* returned the sage, &amp;quot; from your ejaculations t and as 1 rejoice to witness the baasility of your repentance, 1 wish to behold what eit&amp;apos;ect it has bad upon your strength.&amp;quot; Zi rr er again put his shoulders to the vessel, which glided to the river with tbe celeritv of an arrow from a bow. Ijarra which the sage observed, *? You now, friend, perceive the efficacy of your piety : prayers are never urged in vaia i they pass in an instant from the earth to the throne pf mercy, which is seated tn the highest heaven.&amp;apos;* 44 This,&amp;apos;* returned Zifff.r, 441 have thb morning ex uerienced 2 and the event of this blessed nour shall be a lesson to me for the remainder of my life; and warn me never to neglect my first duty.** 44 In this well-regulated frame of mind,*&amp;apos; said thc sage, 4k I should be inclined to leave you, hut that I wish* a little to inquire into your domestic circumstances 1 therefore**, as your time is your fortune, I will, in order to prevent a waste of this precious property, step on board your boat, which will also give me an opportunity to observe your professional succesei.1* The ready Zipper instantly tore some branches from the surrounding trees, with which he formed a kind of awning for the sage; and when he had accomaaoaated him in the best manner that circumstances would admit, he paddled. his vessel into the mid-stream, and prepared to cast his net. 44 You seem,&amp;apos;* observed the sage, 14 to be very poor.&amp;apos;* 44 1 am,*&amp;apos; returned Zipper t &amp;quot; this small vessel and ordinary tackle are nearly the whole of my property, and upon the success pf this morning&amp;apos;s draughts of tish the welfare of my family, perhaps, depends.** ? Thou;9 said tbe sage, *&amp;apos; I Httlo wonder at the anxiety with which won appear to pursue vour occupation. Your task seems an arduous one. If ave you not a son capable of affording yoo some assistance ?&amp;apos;* 44 I have,&amp;quot; replied the fis*wrman, 44 hut he is ifl.&amp;quot; He, during this dialogue, had drawn up bis net, but found his labour ins* productive: be threw &amp;quot;a look of dis* appointment around, then lifted up hts eyes toward heaven, and smote his breast. Thc sage said and did all in hts power to comfort the fisherman i and when bo saw him a little more composed, ad\rsed him to cast his net again. Zipper pro* pared-to obey him; and while bo waa clearing the meshes of the weeds1 wittt which they were entangled, thefortsef observed, &amp;quot; My friend, yon have twice mentioned your family : of how mano persons does it consist?&amp;quot; 44 1 have,&amp;quot; said Zipper, 4t a wife whom 1 dearly love, and dye childless, at home. 1 bari, alas! a daughter, bwats* li fol as the most beautiful of the YirgiaS of Delhi. Hut she is lost! gone fd* ever! &amp;quot; Where is she gone ? How was shf lost ?&amp;quot; cried tbe sage. 44 She was,&amp;quot; continued Zipper, &amp;quot; se&amp;gt; doced from her mother&amp;apos;s arms by Atvr, the son of Dara, the rich merchant| and bc has, 1 have been informad, car* ried her toa remote part of Indosiaw&amp;gt;*&amp;apos; 44 Could Aiur, do this?&amp;apos;* exclaimed the sage in the utuiont agitation. 44 Could he seduce your daughter) Why did you not complain to bi* fe* tber ?&amp;quot; 44 Alas !&amp;quot; returned Zirrmt, ?? tba complaints of a man so poor aa myself would scarcely have ascended to tfef preseucc-chamber of one so rfcb aa Dara.&amp;quot; 44 Yet/&amp;apos; said the sage, 4i they have this morning ascended much birhcrv 1 am informed that Dara is benevolent, and even generous i though to bare redressed your grievances would have been imperatively an act of justice. Tbe panishment of his soo, supposing yoor accusal ion of him was soe^stattt tated, would have been the discharge of a moral obligation, for which you bad a claim upon him of tbe highest antara, and which I make no doubt but that ho wojntd have answered with the moat rigid iiafaitiality. What ia your etusgbXer&amp;apos;e V9 &amp;lt;? Z**iaAr replied the fiihaamafo who, during this rime, had again drawn wp his net, which, as be dragged it into the boat, seemed much hea&amp;gt; ier than before, though, up rn au examination of its contents, he Ind titc mortihcation to lind that his stock offish was but little increased by this st-coml ventu&amp;apos;***: at thc same time,&amp;apos; he discovered thal the bulk and weight of bis draught wore produced by a large roll or bundle, which seemed of linen. . Astonished at this event, tbe fisherman turned his cargo from side to side: he was at first apprehensive t hat t he corpse &amp;apos; of an infant wasconcealed in it; but upon Squeezing the water from it, this did not appear very likely. At length the sage said to him, 4i 1 have a curiosity to see that bundle, or roll of cloth, opened: perhaps you may find within it some articles of sufficient value to make you amends for your ill success t h is morning.&amp;quot; Little persuasion was necessary to induce 2i rr er to examine the roll more ^exorately: a moment served to open its but the instant he had dont* so, horror was efiepictcd on his countenance. tbe most violent emotions seized his frame, and a convulsive tremor operated upon his voice, while he exclaimed, 44 My daughter, my Zf.mt tia&amp;apos;s habiliments l Sure she is murdered 1&amp;quot; These dreadful words seemed to have nearly as great an effect upon the sage, who repeated them, and added, 44 Hut how ia it possible that you should know ethe clothes of your daughter ?M 44 I know them weil f * exclaimed Zipper; 44 herc is her own work, nr*v ber own name embroidered upon some parts of them. This pattern was brr cdrawing; for. although in a low situation, her taste for &amp;lt;he arts of design and painting was exquisite.&amp;quot; 44 Was she so accomplished?&amp;quot; asked the sage. ** Soe taught the females of the vicinity both drawing and music,&amp;apos;* cried the minor i 4t a self-instructed genius, in works of fancy she was sf a rec Iv equalled. Had she been permitted to live at home trith us, she would have raised and supported her whole family by her ingenuity. Oh bea vaia, what a loss! 44 A loss indeed,&amp;apos;* said the sage. 44 What can atone for the loss of such a virgin to ber friends, to her country ?&amp;quot; 44 And now lost !&amp;apos;* continued Zipper j &amp;quot; seduced, inveigled from ber parental cottage by Atv p, and basely destroyed!&amp;quot; &amp;quot; Destroyed by Atue!&amp;apos;&amp;apos; exclaimed tbe sage, &amp;quot; impossible! If it were so, I would at once place myself in roar situation; 1 would, even if I were his father, as I h&amp;apos;m ted before, take care that substantial justice should be executed upon him, and that all the amends possible should be made to you.&amp;apos;* 44 Athr is rich.&amp;quot; 44 There are others,&amp;quot; continued the sage, 44 as rich as himself. I will in person undertake your cans?, and, if ii bc necessary* appeal to the Divan, Every feeling ol my heart ranges on your side; and if A ?we- has been guilts of the crimes of which you suspect brm, his riches, he shall find, shall avail him little; be shall, though exalted in hit station and surrounded hy hts friends, he punished like tbe meanest* the most friendless, individual! However, although I know him to be voluptuous nnd inconsiderate, 1 have n hotter opinion of his morals than to suppose be coull: be deliberately guilty ol such horrid crimes: therefor4, as voiu.ef* forts to obtain the means :d e\i lenee have been this mornm;* s?&amp;gt; unsuccessful, my advice is, that till ins lnsl&amp;apos;Tioui adair can be inquired. inlo, \ou should relinquish your occupation. Ymir mime, I think, is Zmfer ?&amp;quot; 44 lt is,&amp;quot; returned the f sherman; 44 but if 1 relinquish my calling, vtho will support my family ?&amp;quot; 44 1 will,&amp;quot; relunv.il tiie sagos 44 their ease and comfort shall bc mv care: and 1 fancy you will, in this respect, find them placed in better bands than your own. Receive for the presewt, O Zir% ppr ! this purse; it is full of gold.&amp;quot; 44 Of gold I&amp;quot; cried Zipfkr : 4&amp;lt; to whose benevolence do I owe this mass of wealth?&amp;quot; 44 No matter ! it is now your own!&amp;quot;&amp;apos; 44 Sure,&amp;apos;* exclaimed the fisbcrmau, 44 you are a celestial being !&amp;quot; 44 1 do assure you,&amp;quot; returned the sage, 4i thal I om a mortal like yourself, a man of many faults, though a disregard to justice, and a want of genr&amp;gt; rosily, are not, 1 hope, to bc numbered among them.&amp;quot; &amp;quot; Hut your bounty is so immense !** said Z i rr kr. 44 Spend it freely, my friend,&amp;quot; replied the sage *. 44 gold has wings, and wilt fly faster than you are aware of. Before that is gone, 1 will supply voa with more i therefore hasten to administer relief to your sick son, and to comfort your amiable wife and family.1&amp;apos; 44 Shall I steer the boat to shore?** 41 Not immediately,** replied the tsvei &amp;quot; for however ardently I may wish you to return to your cottage, I bare this instant observed what is in this part of the river ral lier an unosual sight. You see in the distance several vessels which are approaching toward us: as they come nearer, the foremost seems to be most superbly rik and painted, and the others appear to he attendant barges.&amp;quot; *? They unquestionably belong to some omrah of the court,&amp;quot; &amp;quot;said the fisher* avro, 44 Well,&amp;apos;* continued the sage, 44 let them belong to whom thev mav, I have a strong impulse within that leads me to observe them; therefore do not give any additional motion to your boat till they approach the shore, to which they seem to bf. steering. 1 may then, perhaps, direct you to speak to tbe people in one of them.&amp;quot;</FullText> </Record>