<?xml version="1.0" encoding="UTF-8"?>
<Record> 	<Version>Record_v1.0.xsd</Version> 	<RecordID>4620919</RecordID> 	<DateTimeStamp>20180928135524</DateTimeStamp> 	<ActionCode>change</ActionCode> 	<RecordTitle>Cover</RecordTitle> 	<Publication> 		<PublicationID>1775</PublicationID> 		<Title>The Irish quarterly review,  1851-1859</Title> 		<Qualifier>Dublin</Qualifier> 	</Publication> 	<Publisher>W. B. Kelly</Publisher> 	<Volume>8</Volume> 	<Issue>30</Issue> 	<AlphaPubDate>Jul 1858</AlphaPubDate> 	<NumericPubDate>18580701</NumericPubDate> 	<SourceType>Historical Periodicals</SourceType> 	<ObjectType>Front Matter</ObjectType> 	<ObjectType>Front Page/Cover Story</ObjectType> 	<LanguageCode>ENG</LanguageCode> 	<ISSN>2009-3039</ISSN> 	<StartPage>[lxxiii]</StartPage> 	<EndPage>[lxxiii]</EndPage> 	<Pagination>[lxxiii]-[lxxiii]</Pagination> 	<URLDocView>http://search.proquest.com/docview/4620919/</URLDocView> 	<Products> 		<Product> 			<ProductID>1007574</ProductID> 			<HasFullText>true</HasFullText> 		</Product> 		<Product> 			<ProductID>1009130</ProductID> 			<HasFullText>true</HasFullText> 		</Product> 		<Product> 			<ProductID>10000001</ProductID> 			<HasFullText>true</HasFullText> 		</Product> 		<Product> 			<ProductID>10000297</ProductID> 			<HasFullText>true</HasFullText> 		</Product> 	</Products> 	<Terms> 		<FlexTerm> 			<FlexTermName>DerivedSubject</FlexTermName> 			<FlexTermValue>IRELAND - Politics and Government - 19th Century</FlexTermValue> 		</FlexTerm> 		<FlexTerm> 			<FlexTermName>DerivedSubject</FlexTermName> 			<FlexTermValue>IRISH LITERATURE</FlexTermValue> 		</FlexTerm> 	</Terms> 	<FullText>THE IRISH QUARTERLY REVIEW.</FullText> </Record>