<?xml version="1.0" encoding="UTF-8"?>
<Record> 	<Version>Record_v1.0.xsd</Version> 	<RecordID>4621871</RecordID> 	<DateTimeStamp>20180928135454</DateTimeStamp> 	<ActionCode>change</ActionCode> 	<RecordTitle>EULOGY on the PAROCHIAL, or POOR'S, LAWS of ENGLAND.</RecordTitle> 	<Publication> 		<PublicationID>1722</PublicationID> 		<Title>The European magazine, and London review</Title> 		<Qualifier>London</Qualifier> 	</Publication> 	<Publisher>John Fielding</Publisher> 	<Volume>60</Volume> 	<AlphaPubDate>Jul 1811</AlphaPubDate> 	<NumericPubDate>18110701</NumericPubDate> 	<SourceType>Historical Periodicals</SourceType> 	<ObjectType>Feature</ObjectType> 	<ObjectType>Article</ObjectType> 	<Contributor> 		<ContribRole>Editor</ContribRole> 		<OriginalForm>Philological Society (London, England)</OriginalForm> 	</Contributor> 	<LanguageCode>ENG</LanguageCode> 	<ISSN>0958-8965</ISSN> 	<StartPage>27</StartPage> 	<EndPage>28</EndPage> 	<Pagination>27-28</Pagination> 	<URLDocView>http://search.proquest.com/docview/4621871/</URLDocView> 	<Products> 		<Product> 			<ProductID>1007574</ProductID> 			<HasFullText>true</HasFullText> 		</Product> 		<Product> 			<ProductID>1009130</ProductID> 			<HasFullText>true</HasFullText> 		</Product> 		<Product> 			<ProductID>10000001</ProductID> 			<HasFullText>true</HasFullText> 		</Product> 		<Product> 			<ProductID>10000297</ProductID> 			<HasFullText>true</HasFullText> 		</Product> 	</Products> 	<Terms> 		<FlexTerm> 			<FlexTermName>DerivedSubject</FlexTermName> 			<FlexTermValue>ENGLISH ESSAYS - 19th Century</FlexTermValue> 		</FlexTerm> 	</Terms> 	 	<FullText>For the EUROPEAN MA6AZNKB. ]EULOGY on, the PAROCHIAL, or Poo A&amp;apos;S, LAWS Of ENGLAND. Ir [HE. following observations on the &amp;apos; parochial, or poor&amp;apos;s, laws of EngIIId, however inad(eqluate to the dignity andl imrportance of the subject, is tile result ot attentive and mature deliberation. &amp;apos;T&amp;apos;hesc celchrated laws, originating in the niost rtfinied and disintcrested inalional benevokunce, have b)een the ccmennt to the coml)poncnt parts of that ^at and heauliftil edifice-the BnaTmim (&amp;apos;CoNw&amp;apos;t1&amp;apos;rrloN. (t&amp;apos; fIhat advan1lUge is it to the gross of manikind, that their persins andI property are protected by the law fromi insult aud raipacity I P&amp;apos;crstmal protectlitn, in all -tovern. mnclis, is only to be purchased with r)operty ; anti pr4)wrty, in all civilicd blatS, will b(! c&amp;apos;r eqiuial to its own prlIcetion. TI lhese observatiows will be 1 Mid umore gemlrally correct and f )rcible, mhen a)plied to, shat are called, I r-ec Cov1erucnti. Evegy )crson -l etS, &amp;amp;eery per)CYEin admits, tbat thre miuore jealmls, ary, and tenacious, a state is of admini,46tre qu v(}lal justice, the more pb otractedl, e s e &amp;apos;e, aud vexatious, m III be its tcuor. LDCpotic goi CrontIUs are very summary in their legal proceedings and juridical decisions tilupm property ; and, more particularly, thoc where civilization and the sciesnces hlnic madte slow progress. Such are, ier. haps, all the Asiatic and African %tates, and the vast Ottomnan empire. Here, a day is appointed to. hear and determine the cause or grievance; Ihe parties separately urge their claim al( defence; wit nesges on each side are examitied ; replications, even to the ro4esit abuse, and, sonetimes. fighting, are matle: thi&amp;apos;s farce of litigation is ptit an end to by a sudden atward, ntM. Cadi, or judge, is for ever rid of tl business. If he be a good and honest maii, his decisioti will lie, as niearly as losWible, the restilt ol truth ; if he ie m bIEd or dishonest man, it will he tfhe (lictate of venality. iltaL in cit her c.aset, troini the fallibility of human reamon, it aiuist he often naijust anldl prematuare. In civilized and free stats, justice is, in general, slwv, and, cons(cqientyI, exp)ensive in her journey. Hence it is that, an these countries, any thinking 1allu will suffier a slight injiry rather then seek legal redress; aud a poor tratn niust suffer a great wrong, Cor the want of means to establish it such in a court of justice. The poor then, even in EngTland, must be the algve ofthe rich; it is a melancholy trut h, it mnuit be confessed ;-but it is the natural consequence attendant on power; and what can he miore powerftul thian money ?_ To compensate the poor, then, for the neguaive share they have in the otate, some advantage should be held out to thein, by a government professing equaliy of law. This advantage the poor of England have, in those laws of which we are Bow treating. bieltered by these, they cannot sink beneath the op )rt&amp;apos;ssion of the tyrant, the rigtour * the seasons, or the inhumanity of the rich. In sickness, in embarrassment, in debi. litude and age, they hasc in these a nie. ver-failing asylum- they lhave every incentive to industrl, osotwithstatding, from their wide-exitcaded iaaflu net and salutary operation-all ranks anld de. grees arc interested to promote their flppliness aml inderendence ; tor all r:anks and cl.euscs must ultimately coAmtribite towards their necessary $u11pport. &amp;apos;Ihe interest becomei imorc concentrated aaad imperati e, and ascends still higher -The Jarud(&amp;apos;r moust be indmlged, that the labouring poor way obtain under him a proper andi comnfortablbe niainienance-the landed gentlenian, thelelore, beconmes his patron,, not his opvrrsaor. Life, health, vigour, and prosperity, inalusto Lhenaclve% iauto every miellber of the conmunity ; and thle poor of EnglanldI feel a conscious dignity, equmal to the virtue of patriotismu in the most elevated, when they can liv( independentlv ol tIlat bounty ivhiclh the benevolent spirit of their law has, from the noblest and mnost geterous conmideration, awarded to thein. The selfish and illiberal meanly endleavour, 1by ridiculing Itle many errors that arise from their misapplication, and the uinletllnc and corrupt practices too often sltlered to escape with impltnity in their execution, to cast afln oilli)) Oni the wimole svstem ; nav, somec have licentouisly and4 sncrilegioulllyv (tared to assert, in the Irish House of ConllioIs, When Ireland posit&amp;apos;ssd an indeprnd&amp;apos;tn itegaIalure, that they were no better thtan the lauaghing-stock of Europ)e. Such doctrine niiulht be well adapted to on ciliate the good opillioll and approl)ation of the landed proprietors of li cland, % hose vices are, tu general, too ruitiiiusil expensive to k&amp;apos;ase them even the wish of nnaking so great a sacrifice at the shrine of unational ltitsice, as an sudop; ion of such laws would require:Ndt ihat menot real worth and integrity aiotuld tie duped into such an opinion, is imiatter of serious conctrrn. What I shall %e forego all laws. tho~e guardians dif mitr civilizalioi, happiness, and exist* e1ce, bIecause, il) sOlie occasions, tIhvV mav be, or are, perucried an(l abused! ahall the divine propJensity to charity in the human breast be extinguished by Cold -bloodetl sophistry, because somc worthless objects may occasionally profit by its misapplication I-In a word, shall we batimh relipon and nmorality 11rom the world, becau&amp;quot;e hiypocri~s mAy, for a time, assume their semblance, and so cheat ts of our lovc an(l ve. ncraliomn I-All hiuman institutions are fallible and imewriect i and the best argumncu tonr thit&amp;apos; i&amp;apos;wpediency and propriely of the pu&amp;apos;or&amp;apos;s lans ic, that, dlespigiAt of the Iallblililt of our nature, thM opposition ,f the tsifeeliuig and seltih, and the resoltutons ,is ich lhine Colvillsed thes (C.ulries since their tirst adoption, th 7v tclebrate(l laws hate fostertd the iritti.i (onsliution, alinost from its birth Mt &amp;apos;it-uid mind ra. tivwal liberty, h1ic btreitgtbevcd with its strength, havc followed it throngh all its progress to perfection, and have signally contributed to the formation olihe imost powerful, enlightened, and politic people, that ever rose on Ili ultsteady and evan scent basis of comncrce. It&amp;apos;, instead of distracting Ireland with heats and animiiosities, about Utopian and visionary expcdieitts of conciliating the atrections of that too long opp)ressed and dleluded people it, sincerely and warinly interested for their substintial prosperity and happinesic, her native patriots and British friends would exert themselves, with a p)ortioil of that ardour and perseveraice, which they exhibit in a cause it hre a versy lilniledfi-w con only 1cap, .)r CV(&amp;apos;n hope. adllly1ge, to obtaill for Ireland soeine niodiicdtions of parochial l]as-if they would convince the peasantry of Ireland thlt an alnlelhoration of their wretched and pitial)le state i# the real ad(l only objeat they have in view, lby their unwearied and laudable zeal to servc their country- let them, for a short seta.oii, lay !) those Cl:uins, to concede whic&amp;apos;h so inclih rulticlance is manifested b) the government. The PaUSe, l)y giVillng rlnkljrtpljil 1&amp;apos;,y t cool amid dispassionate contsi(lderatioll onl tle magnitude -ind ce %pedienry of the uiea,! sure, it is p)ossible, inight bWt prod utllve of good to all parties. In the tranquil interval, let them runite their pomrtful, talents and influenzce to erect, in ev ery good and virtuous Irish bosomn, but above all in the warimt allt&amp;apos;(tios of tile Irish peasan t rv, a. . 1 uio mteint otf their justice, dlisintere^esdniess, amtid hulnanlit, by giving to thein thNi :a:i fluin to repose in,-at least, after a protmracted life of toilsom e, painlul, and too often illrequlite(l, labour. This cannlot possibly be mitlaket ftor [ le sugrest ~n of palrty, or Sneering malevolence, as well Kl Onwin t lepot&amp;apos;elry j oft he country must be an eifectual bar to its practica. bility ;--it this plca of&amp;apos; poverly, in tile present day, be1 adinitted a good and unanswerable OlC, we fear Irrtlald will be long, very long indeed. it hhildl froin tie boon lie reconlineln ; but ue know it a contracted, stlfislh, an11d univenerous pica, foun11ded o3n wl1)rreparSvmlt at iOn, amid Iave the Itillest coni0 iCliOo, t hat I rt&amp;apos;tandj can only be rescuied from hiur present (itraction and misery. alid cordially uilted to England liy. thus ad-called for Sud benficccn wm&amp;apos;eabtre. 0</FullText> </Record>