<?xml version="1.0" encoding="UTF-8"?>
<Record> 	<Version>Record_v1.0.xsd</Version> 	<RecordID>4623595</RecordID> 	<DateTimeStamp>20180928135454</DateTimeStamp> 	<ActionCode>change</ActionCode> 	<RecordTitle>CABINET OF FASHION, WITH ELEGANT COLOURED ENGRAVINGS.</RecordTitle> 	<Publication> 		<PublicationID>1657</PublicationID> 		<Title>The Lady's monthly museum, or Polite repository of amusement and instruction : being an assemblage of whatever can tend to please the fancy, interest the mind, or exalt the character of the British fair. / By a society of ladies., 1798-1828</Title> 		<Qualifier>London</Qualifier> 	</Publication> 	<Publisher>James Robins</Publisher> 	<Volume>3</Volume> 	<AlphaPubDate>Jul 1799</AlphaPubDate> 	<NumericPubDate>17990701</NumericPubDate> 	<SourceType>Historical Periodicals</SourceType> 	<ObjectType>Review</ObjectType> 	<LanguageCode>ENG</LanguageCode> 	<ISSN>2043-3514</ISSN> 	<ISSN>2043-3506</ISSN> 	<StartPage>60</StartPage> 	<EndPage>64</EndPage> 	<Pagination>60-64</Pagination> 	<URLDocView>http://search.proquest.com/docview/4623595/</URLDocView> 	<Products> 		<Product> 			<ProductID>1007574</ProductID> 			<HasFullText>true</HasFullText> 		</Product> 		<Product> 			<ProductID>1009130</ProductID> 			<HasFullText>true</HasFullText> 		</Product> 		<Product> 			<ProductID>10000001</ProductID> 			<HasFullText>true</HasFullText> 		</Product> 		<Product> 			<ProductID>10000297</ProductID> 			<HasFullText>true</HasFullText> 		</Product> 	</Products> 	<Terms> 		<FlexTerm> 			<FlexTermName>DerivedSubject</FlexTermName> 			<FlexTermValue>ENGLISH FICTION - 19th Century</FlexTermValue> 		</FlexTerm> 	</Terms> 	<FullText>CABINET OF FASHION, WITH ELEGANT COLOURED ENGRAVINGS. PLATE I. FiJ Figurr. Muflin round drefs, trimmed round the neck with lace; loofe, full Ikeves, with white or coloured fatin bands at the bottom; filer&amp;apos; band round the waiat. The hair diawn clole up behind, and large curls or folds on the top, interwoven with a filver bandeau, with two large ofirich feathets. Necklace confifting of three rows of pearls, with a top;At in the middle. Shoes and gloves firaw colour. Second Figure. The fame drels, of yellow muffin fpotted with filver; with the flecyvs drawn up on thc arm. PLATE 11. Ftfrj Fbgure. Long cambiic mufin drci, drawn cloic fOund the neck, with full frill. Straw hat, of various fhapcs, trimmed with ilac, &amp;amp;c. Secoxd Fwe. Clofc pink nu~n robe, wid Iong white muflin cloak trimmed with lce, and fMiil frill round die neck. Wbite nuflin bonoct, and long veil of white liace, o mufin. PLATE I1H. Round beaver dofc cap, and feat# is fo with gd chain-band round the crown. Gcold band or mufis craim round the nec. Bh1h green, or cvbeau jacket and peii. coat with velvet callar, and double rowsof N4JVfod Bail, ~It butionb, ibo tan kileer gloves; haIf4xoe of &amp;amp;$pan~iior Moromc leadher; a f 1l quanity of hair aqyw ua round the cap. REVIEN 6 / I 61 // / It &amp;apos;/ / &amp;apos;I // / l/ I , ) h / all, f /I Z. - / 1/ ,&amp;apos;#. //1//f~ /i 7 -,/ &amp;apos; /f, X ( /Vg/,o /~/,dF/wjo/ , h B uz/asg/ I,/</FullText> </Record>