<?xml version="1.0" encoding="UTF-8"?>
<Record> 	<Version>Record_v1.0.xsd</Version> 	<RecordID>4624598</RecordID> 	<DateTimeStamp>20180928135502</DateTimeStamp> 	<ActionCode>change</ActionCode> 	<RecordTitle>THE WAY TO KEEP HIM.</RecordTitle> 	<Publication> 		<PublicationID>1657</PublicationID> 		<Title>The Lady's monthly museum, or Polite repository of amusement and instruction : being an assemblage of whatever can tend to please the fancy, interest the mind, or exalt the character of the British fair. / By a society of ladies., 1798-1828</Title> 		<Qualifier>London</Qualifier> 	</Publication> 	<Publisher>James Robins</Publisher> 	<Volume>4</Volume> 	<AlphaPubDate>May 1800</AlphaPubDate> 	<NumericPubDate>18000501</NumericPubDate> 	<SourceType>Historical Periodicals</SourceType> 	<ObjectType>Poem</ObjectType> 	<Contributor> 		<ContribRole>Author</ContribRole> 		<OriginalForm>BRIDGET</OriginalForm> 	</Contributor> 	<LanguageCode>ENG</LanguageCode> 	<ISSN>2043-3514</ISSN> 	<ISSN>2043-3506</ISSN> 	<StartPage>399</StartPage> 	<EndPage>400</EndPage> 	<Pagination>399-400</Pagination> 	<URLDocView>http://search.proquest.com/docview/4624598/</URLDocView> 	<Products> 		<Product> 			<ProductID>1007574</ProductID> 			<HasFullText>true</HasFullText> 		</Product> 		<Product> 			<ProductID>1009130</ProductID> 			<HasFullText>true</HasFullText> 		</Product> 		<Product> 			<ProductID>10000001</ProductID> 			<HasFullText>true</HasFullText> 		</Product> 		<Product> 			<ProductID>10000297</ProductID> 			<HasFullText>true</HasFullText> 		</Product> 	</Products> 	<Terms> 		<FlexTerm> 			<FlexTermName>DerivedSubject</FlexTermName> 			<FlexTermValue>ENGLISH FICTION - 19th Century</FlexTermValue> 		</FlexTerm> 	</Terms> 	<FullText>THE Air To KEEP HIM. A LOVER, when he firft effiys A . A Lady&amp;apos;s heart to gain, A thoufand tender fears betrys, And talks of icalous pain: All day he fighs, and (ighing (weass That love, and hope, and anxious cares, Deflroy his peace, his nights moleft, And agoniLe his feeling breaft! If not believ&amp;apos;d, he ardent pays Obedient homage flill ; And ev&amp;apos;ry gentle grace difplays To gratifv her will: Where&amp;apos;er the goes, he follows true; And if (he flies him, he&amp;apos;ll purfuee; And if ibe frowns, he&amp;apos;ll hill adore; And if fih fcorns, he&amp;apos;ll doat the more ! * RuffU&amp;apos;s Down, 1G. of Wight. MMS U~~~~~Lt Lct her another kindly treat, lie fighs in hopelefs pain; Let her his eves with coldnefs meet, And ev&amp;apos;ry glance difdain: Let her avoid him, wayward ; prone To favour all1-fave lie aloncLet others fee her always glad; But let An find her evei fad I &amp;apos;I&amp;apos;bw, would you keep a lover flill, Unkind and carele&amp;amp;s pyove; For man ii true, while treated ill; And coldnds foflcrs loye I-Spitrn hitr with harfhnc6f-and he fighs; Muft ersi c, when rnoft crofi: itwara with kindnefs-and he Hies; Adwte: him-AuW he&amp;apos;s lut ! Intwa r.</FullText> </Record>