<?xml version="1.0" encoding="UTF-8"?>
<Record> 	<Version>Record_v1.0.xsd</Version> 	<RecordID>4629235</RecordID> 	<DateTimeStamp>20180928135454</DateTimeStamp> 	<ActionCode>change</ActionCode> 	<RecordTitle>DIRECTIONS TO THE BINDER.</RecordTitle> 	<Publication> 		<PublicationID>1722</PublicationID> 		<Title>The European magazine, and London review</Title> 		<Qualifier>London</Qualifier> 	</Publication> 	<Publisher>John Fielding</Publisher> 	<Volume>72</Volume> 	<AlphaPubDate>Dec 1817</AlphaPubDate> 	<NumericPubDate>18171201</NumericPubDate> 	<SourceType>Historical Periodicals</SourceType> 	<ObjectType>General Information</ObjectType> 	<Contributor> 		<ContribRole>Editor</ContribRole> 		<OriginalForm>Philological Society (London, England)</OriginalForm> 	</Contributor> 	<LanguageCode>ENG</LanguageCode> 	<ISSN>0958-8965</ISSN> 	<StartPage>584</StartPage> 	<EndPage>584</EndPage> 	<Pagination>584-584</Pagination> 	<URLDocView>http://search.proquest.com/docview/4629235/</URLDocView> 	<Products> 		<Product> 			<ProductID>1007574</ProductID> 			<HasFullText>true</HasFullText> 		</Product> 		<Product> 			<ProductID>1009130</ProductID> 			<HasFullText>true</HasFullText> 		</Product> 		<Product> 			<ProductID>10000001</ProductID> 			<HasFullText>true</HasFullText> 		</Product> 		<Product> 			<ProductID>10000297</ProductID> 			<HasFullText>true</HasFullText> 		</Product> 	</Products> 	<Terms> 		<FlexTerm> 			<FlexTermName>DerivedSubject</FlexTermName> 			<FlexTermValue>ENGLISH ESSAYS - 19th Century</FlexTermValue> 		</FlexTerm> 	</Terms> 	<FullText>DIRECTIONS ITO THE BINTDERa. FrontispieceOpOwra House Colonnade and Waterloto Place, to face the TiIle-page. Portrait of Mr. William Blanchaird ....--. Portrait of Lord ExmouLi.... - .-9 Portrait Gil LWord oIch&amp;apos;vluicr 9n... ? -...-. ......... .... 193 Portrait of 1r. WilIia I haundersl --- -. -.........e..------- 291 Portrait of Dr. Coller...?..... . . SS3 Portrait of Charles MIlks, !q .?. ? . 425 P&amp;quot;rtrait of Becston Long,, Ebq. ....... .-*.. . 4</FullText> </Record>