<?xml version="1.0" encoding="UTF-8"?>
<Record> 	<Version>Record_v1.0.xsd</Version> 	<RecordID>4631359</RecordID> 	<DateTimeStamp>20180928135524</DateTimeStamp> 	<ActionCode>change</ActionCode> 	<RecordTitle>MRS. INCHBALD.</RecordTitle> 	<Publication> 		<PublicationID>1657</PublicationID> 		<Title>The Lady's monthly museum, or Polite repository of amusement and instruction : being an assemblage of whatever can tend to please the fancy, interest the mind, or exalt the character of the British fair. / By a society of ladies., 1798-1828</Title> 		<Qualifier>London</Qualifier> 	</Publication> 	<Publisher>James Robins</Publisher> 	<Volume>4</Volume> 	<AlphaPubDate>Apr 1808</AlphaPubDate> 	<NumericPubDate>18080401</NumericPubDate> 	<SourceType>Historical Periodicals</SourceType> 	<ObjectType>Review</ObjectType> 	<LanguageCode>ENG</LanguageCode> 	<ISSN>2043-3514</ISSN> 	<ISSN>2043-3506</ISSN> 	<StartPage>199</StartPage> 	<EndPage>199</EndPage> 	<Pagination>199-199</Pagination> 	<URLDocView>http://search.proquest.com/docview/4631359/</URLDocView> 	<Products> 		<Product> 			<ProductID>1007574</ProductID> 			<HasFullText>true</HasFullText> 		</Product> 		<Product> 			<ProductID>1009130</ProductID> 			<HasFullText>true</HasFullText> 		</Product> 		<Product> 			<ProductID>10000001</ProductID> 			<HasFullText>true</HasFullText> 		</Product> 		<Product> 			<ProductID>10000297</ProductID> 			<HasFullText>true</HasFullText> 		</Product> 	</Products> 	<Terms> 		<FlexTerm> 			<FlexTermName>DerivedSubject</FlexTermName> 			<FlexTermValue>ENGLISH FICTION - 19th Century</FlexTermValue> 		</FlexTerm> 	</Terms> 	<FullText>MRS. INCHBALD. The talents of this charming writer have long been justly estimated by the public ; her two |M&amp;gt;pular novels, 41 A Simple Story,&amp;quot; and &amp;quot; Nature and Art,&amp;quot; cannot be perused without delight and satisfaction. She now dedicates ail her talents to the stage, and we sincerely hope that her sanguine expectations will meet with the desired success; and tiie evening of her life be unclouded by such difficulties as obscured her earlier preispccts. She has lately been occupied in arranging a new edition of all the popular dramas, and we have reason to believe that the undertaking has proved extremely advantageous.</FullText> </Record>