<?xml version="1.0" encoding="UTF-8"?>
<Record> 	<Version>Record_v1.0.xsd</Version> 	<RecordID>4637915</RecordID> 	<DateTimeStamp>20180928135454</DateTimeStamp> 	<ActionCode>change</ActionCode> 	<RecordTitle>LINES ON CASHIOBURY PARK.</RecordTitle> 	<Publication> 		<PublicationID>1657</PublicationID> 		<Title>The Lady's monthly museum, or Polite repository of amusement and instruction : being an assemblage of whatever can tend to please the fancy, interest the mind, or exalt the character of the British fair. / By a society of ladies., 1798-1828</Title> 		<Qualifier>London</Qualifier> 	</Publication> 	<Publisher>James Robins</Publisher> 	<Volume>3</Volume> 	<AlphaPubDate>Sep 1807</AlphaPubDate> 	<NumericPubDate>18070901</NumericPubDate> 	<SourceType>Historical Periodicals</SourceType> 	<ObjectType>Poem</ObjectType> 	<LanguageCode>ENG</LanguageCode> 	<ISSN>2043-3514</ISSN> 	<ISSN>2043-3506</ISSN> 	<StartPage>138</StartPage> 	<EndPage>139</EndPage> 	<Pagination>138-139</Pagination> 	<URLDocView>http://search.proquest.com/docview/4637915/</URLDocView> 	<Products> 		<Product> 			<ProductID>1007574</ProductID> 			<HasFullText>true</HasFullText> 		</Product> 		<Product> 			<ProductID>1009130</ProductID> 			<HasFullText>true</HasFullText> 		</Product> 		<Product> 			<ProductID>10000001</ProductID> 			<HasFullText>true</HasFullText> 		</Product> 		<Product> 			<ProductID>10000297</ProductID> 			<HasFullText>true</HasFullText> 		</Product> 	</Products> 	<Terms> 		<FlexTerm> 			<FlexTermName>DerivedSubject</FlexTermName> 			<FlexTermValue>ENGLISH FICTION - 19th Century</FlexTermValue> 		</FlexTerm> 	</Terms> 	<FullText>LINES on cashiobury park. YE who love thc rural scene, A waterfall and prospects green ; Ye who love the rural shade, Where nought but pleasing sounds invade Waters dashing from the stoop, Or thc bell from distant sltcep; Ye who love such scenes to mark, Haste to Cashiobury Park. Sweet about thy shades to rove, Chesmit* spreading far above; Sweet to bear tile distant chime, And the rising hill to climb ; Sweet Philomel here mtcIIs hi* throat. And drown* the wnc-dman&amp;apos;s humble note . While echo bears the mastiffs hark, Tho* tar from Cashiobury Park. Sweet to loiter here awhile, And view beneath the Gothic pile; Sweet to feel tlie healthful breeze, Whispering through the stately trees; Sweet tlie blackbird&amp;apos;s song to hear, From the wood iu notes most clear; Sweet to listen to the lark. Each morn in Cashiobury Park. Tho&amp;apos; no thronging crowds advance, Or airy sprites lead on the dance; Yet &amp;apos;mongst thy trees, when clad in green, Merry groups are often seen ; Here good humour oft prevails, Aud laughter echoes in the gales; Did fashion call, what crowns would hark, And haste to Cashiobury Park. Would Fashion&amp;apos;s votaries hither hie, Here are scenes to please the eye, Gardens here with sweets abound, Appearing like enchanted ground ; Beauties opening to thc view, Down the shady avenue; Sweet to waticleM* he rc till dark, And muse in Cashiobury Park. To sing thy noble owner&amp;apos;s praise, &amp;apos;Tis their&amp;apos;s who write in loftier lays; But I an humbler path must claise, A simple and unlettered muse; Yet I will wish in uncouth lay, His years may happy roll away; O may no ill the future mark, But Hy from Cashiobury Park.</FullText> </Record>