<?xml version="1.0" encoding="UTF-8"?>
<Record> 	<Version>Record_v1.0.xsd</Version> 	<RecordID>4641312</RecordID> 	<DateTimeStamp>20180928135649</DateTimeStamp> 	<ActionCode>change</ActionCode> 	<RecordTitle>THE COUNTRY CLERGY MAN.</RecordTitle> 	<Publication> 		<PublicationID>1657</PublicationID> 		<Title>The Lady's monthly museum, or Polite repository of amusement and instruction : being an assemblage of whatever can tend to please the fancy, interest the mind, or exalt the character of the British fair. / By a society of ladies., 1798-1828</Title> 		<Qualifier>London</Qualifier> 	</Publication> 	<Publisher>James Robins</Publisher> 	<Volume>7</Volume> 	<AlphaPubDate>Jul 1801</AlphaPubDate> 	<NumericPubDate>18010701</NumericPubDate> 	<SourceType>Historical Periodicals</SourceType> 	<ObjectType>Fiction</ObjectType> 	<LanguageCode>ENG</LanguageCode> 	<ISSN>2043-3514</ISSN> 	<ISSN>2043-3506</ISSN> 	<StartPage>35</StartPage> 	<EndPage>42</EndPage> 	<Pagination>35-42</Pagination> 	<URLDocView>http://search.proquest.com/docview/4641312/</URLDocView> 	<Products> 		<Product> 			<ProductID>1007574</ProductID> 			<HasFullText>true</HasFullText> 		</Product> 		<Product> 			<ProductID>1009130</ProductID> 			<HasFullText>true</HasFullText> 		</Product> 		<Product> 			<ProductID>10000001</ProductID> 			<HasFullText>true</HasFullText> 		</Product> 		<Product> 			<ProductID>10000297</ProductID> 			<HasFullText>true</HasFullText> 		</Product> 	</Products> 	<Terms> 		<FlexTerm> 			<FlexTermName>DerivedSubject</FlexTermName> 			<FlexTermValue>ENGLISH FICTION - 19th Century</FlexTermValue> 		</FlexTerm> 	</Terms> 	<FullText>TUE COUNTRY CLERGY MAN. A 8RETCH PROM NATUMK. Vlion soon or late they reich that coast, O&amp;apos;er lif&amp;lt;**s rou^h ocean elriv&amp;apos;n; Mcy thev rejoivT, no wand&amp;apos;ccr lost: A family in lleav&amp;apos;n! ?OB*:RT BL&amp;apos;RNt. NEAR a village embosomed within the mountains of Wales, stands the cottage of Pardon Henley. It is situated in one of those romantic spots which thc&amp;apos;bounteous hand of Providence frequently forms for tho enjoyment ed* man. I might hore fill a page with accounts ot the flowery meadows, winding streams, and green pas* tines, that surround it; but why should I attempt to disclose a scene to which no mortal pen can do justice ? why should I vainly try to delineate the performance of an Aitist whose works no human eloquence* cati describe? I will therefore be content with sfiyin^ that it was such a residence as tho Grecian philosopher * would have inhabited for the contemplation of Nature. Nothing was wanting that art could bestow, and Ceres seemed to have fixed upon it as one of her favourite spots. * Democritus.--- He wat born at thc ? Hy of Abd era in Th tc*, and lived to t&amp;apos;vc agc of ninety-nine years-, constantly ridiculing the aniictr men displayed in pursuit of riches and other sublunary enjoyment*. Afier travelling into foreign countries, he returned home, and lived constantly iw a smut house and garden, that he might be the bettor enabled to era &amp;apos; tiiy his favourite pursuit of learning. * A very A very sultry day in the month of Jul) was siuccedrd by a stormy evening; the hail dropped with the greatest violence, whilst the thunder aud lightning seemed to contend which should most display its terrific powers. The inhabitants of the cottage, ever alive to the impression of humanity, hung lights in the windows for thc guidance of any unfortunate friend or traveller who might Ix* wandering through the mazes of the mountains, which at that hour (setting aside the horrors of the tempest) were always extremely dangerous. The Parson was on his knees by the fire, not wasting his time in idle expressions o( terror, but commending himself to that over-ruling Power who never forsakes the virtuous. His wife was beside him, and each arm embraced a child ; when a servant on horseback approached the gate, and requested shelter for a magnificent equipage, which in a few moments arrived. Thc Parson rose to welcome his guests: tbe chariot door opened, and a lady entered the cottage, followed by a gentleman in regimentals. The Parson placed chairs, and left bis wife to amuse them, while he assisted the*, mtv ants to adjust thc horses in a neighbouring barn ; which being finished, he returned, and the officer thus addressed him : 44 We arc much o ligcd by the friendly shelter you have aiforded us, and particularly so, as the light in the cottiigc windows proves that you were actuated by those feelings which ought always to inhabit the human breast. If you can point out in what manner 1 may serve you, I shall willingly show my gratitude by performing your request.&amp;quot; 44 I thank you. Sir,&amp;quot; said the Parson : &amp;quot; to-morrow I may perhaps take adv antiope of your offer; but it is now toft late in the evening, or I would ask you a few que-stions.&amp;quot; 44 Be it so,** replied the stranger (whom we shall distinguish by the name of General Brigade) ; &amp;quot; and as the storm is now subsiding, any house of refreshment thut is ut hand ] shall proceed to* u There 44 There is a small inn,&amp;quot; replied Henley, ?* about a milo distant, but not large enough to accommodate all your servants : if you and a part of them will be content to lodge there, the remainder can stop ai my cottage/&amp;apos; The General approved the proposal, and, having received a direction from Henley, and promised to call in the moremi;, on his way to thc next county, departed, leaving two of the domestics behind him. The little company now drew close to each other. The Parson brought forth a bottle of his best ale, and the conversation turning on the General, Stephen, one of the men, said,---44 He has a noble soul: they who live near him aro hippy. \Ve felt the eticcts of his good disposition when we fought under hi* banners in thc field; but now that wc are enlisted in lils private service, we sec that his life is a glorious ono indeed/&amp;apos; Vou have been soldiers, then ?*&amp;apos; Yes,&amp;quot; was the reply. Pray, what corps did you serve in?&amp;quot; &amp;quot; Our master,&amp;quot; replied Stephen, &amp;quot; besides beinj on the list of staff-oftipers, is Colonel of thc ? ? ? regiment of infantry ; and he, taking a liking to us, got our discharge some time back/&amp;apos; &amp;quot; Did you know one Charles Henley in that regiment?&amp;apos;&amp;apos; demanded the Parson. &amp;quot; 1 knew him well/&amp;apos; cried Stephen, with a melancholy sigh: &amp;quot; poor fellow! I loved him too, and bathed his wounds with many a tear.&amp;quot; &amp;quot; Was he wounded, then Vf Stephen endeavoured to smother his grief, and feebly answered,?&amp;quot; He died iu the battle of Alkmacr!&amp;quot; 44 My misery is now complete]&amp;apos;&amp;apos; exclaimed Henley. &amp;quot; That unfortunate youth was my son, and you have unintentionally raised a storm in my breast which years of sorrow will scarcely be able to calm/9 The good man&amp;apos;s affliction may be lek, but cannot be described, and thc remainder of the night Was paused in lamentation. lamentation. The General, on entiling, next morning, !&amp;lt;nmd tho whole family in tears, and, with a tune oi surprise, demanded the cause. Old Henley could not reply at tho moment, but Stephen acquainted his master with the fact. Tho brave commander turned aside to corneal thc tear that started from his eye, and then tried to soothe the pangs of his host. 44 Consider,&amp;quot; said he, 4&amp;lt; that it isa dispensation of Providence, from which none of us are secure ; and when you reflect x&amp;gt;n ihe fate of vour lamented son, let it alleviate your distress, in know that he perished covered with laurels of honour!&amp;quot; 1 lonley enquired if he had attained any superior rank. 44 On his first entrance into the regiment,&amp;quot; iv plied the (belicia), &amp;quot;he was yet a boy ; nevertheless his conduct won so much ibo esteem of his ollie ors, that they recommended hun to mv not kv, ami in a few months he was promoted to the rank of Serjeant. In that memorable battle where he fell, he performed prodigies of valour, which I olwerved, and intended to row arti. The enemy pressed hard upon us on every side, and were almost wholly kept at bay, and, in fact, driven back by the diviMon of vour son, owing to the wonderful exertions I perceived him make. When they were repulsed, I could no longer contain my admiration, but, stepping forwards, was going to otler him my congratulations with a promise of mv warmest patronage, when he received a shot, and droppod by my side! Moderate your transports, my good friend?it is a debt wc must all pay; and you, alas! are not the only one, by thousands, that have a friend or a child lo lament by the fortune of war.&amp;quot; 44 Ah!&amp;quot; sighed the miserable ecclesiastic, &amp;quot; misfortunes press boavy ou me. To-day I receive the news of a beloved son&amp;apos;s death; to-morrow 1 shall be easton the world without the shelter of a home !&amp;quot; *4 Kxplain yourself,&amp;quot; said thc General; &amp;quot; you awaken my curiosity.&amp;quot; Henley Henley began ns follows.?*4 Though my present situation, without doubt, appears extremely humble, yet, believe, nie*, Sir, 1 have seen better day*. 1 am curate of ibo village church, and in addition to this was tenant of a Mnall farm eui the brow of yonder heath, where I parsed my lime in the most happy manner; for I saw that my pe?sscssieuis were as fruitful as those of my neighbours, ami that 1 should be enabled at my death to place my children above tlie reach of want. Hut I must digress from mv Mon, in order te? bring forward amit her character who lias been the ruin of invself and family, the* murderer of my son, and whom (God forgive nie) I should treepientlv have cursed, had it not been incompatible with the diameter ed&amp;apos; anv virtuous man, more especially one who professen himself a disciple ot Christ. 44 At a short distance you may perceive -the residence of Sir Frederic Harley, Lord of the Manor in this neighbourhood. At the time I have been speaking of he had not succeeded to his estate, but he at last caine down into these parts to inherit it. Nursed in the lap of affluence, and taught from his earliest years to expect inexhaustible* wealth, he looks with disgust on those beneath him, anet considers them merely as objects devoted to his will and pleasure. Were the feelings of his he art amiable, he wouhl have it every day in his power to prove himself the truly gieat and good man: but that, unhappily, is not the case; and, being united to some of the most powerful bundies, he triumphs in his guilt with impunity. ** I was amongst the first who fell tho effects of his oppression. My lands dui not then belong to him, but, under pretence of a wood hindering tlie prospect, and that he! wanted various part* altered for thc convenience of hunting, he purchased it of my landlord at an exorbitant price, and began to take such steps in regard to my property ns I ebel not think consistent with justice. I, of course, murmured ; and, enraged at my insolence, as he termed italie seized on my cattle and other articles of traffic for sollie trifling tutting arrears of rent, and compelled nie to quit my house without those few privileges which the law allows in such cases. I brought an aition against him, but his riches procured him thc advantage ; and, after a tedious delay, which I endured with the greatest anxiety, I found that I was vanquished; and the little savings of my industry, that I had fondly looked on as destined to preserve my family from necessity, I was obliged to part with, to shield tn\ self from the horrors of a jail. 44 Time passod on, and no better fortune opened to my va\v; but I bore my troubles with resignation, because it is a rac t imprinted on my mind, lhat the punishment of tbo iniquitous oilendi r i&amp;gt; certain, though slow ; aud that a vfa.y of tried arrives when he le;ist expect it. Meantime, mv children approached the ago of maturity, and as they advanced iii years advanced in truth and goodness. Poor Chat les distinguished himself by every act of kindness that a virtuous child can show toward the author of its being. 1 should havo trailed him for the church; but not being aide, from the narrowness of my income, to support him in a genteel manner at thc university, 1 determined to educate him myself until he arrived at a proper agc, and ?hon rix bim with some respectable merchant. But one unfortunate circumstance disappointed my hopes, and left me no alternative but gloomy despair. 44 Since my roasting his arbitrary conduct, Sir Frederick had cherished more hatred against me than ever. Implacable ami malicious jn his resentment, he still persecuted me; and, one day, happening to pass by when 1 was amusing myself in my garden, insulted me with every act of scorn that roan could invent. I became enraged, and replied in a style which his rank would not permit him to overlook ; and, leaping the small hedge that separated us, he attempted to strike me. Charles, who was now seventeen, and possessed great bodily strength, could not bear to act his father treated so unworthily, and, rushing from the ftflour, endeavoured to prevail ou Sir Frederick to quit the the premises: the latter answered his entreaties with a seven* blow. Charles, whose* indignation was roused, ibrew the Haronet on the ground, and, stamping erne foot upon his breast, would undoubtedly have sacrificed hun tn the beat of Ins passion, had he not been withheld by my persuasions. Sir Frederick rose, but, not daring to oncounter us any longer, returned home. I dreaded thc; clleets ot bis anger, and wished Charles to fly to a mon* distant pail ot tbe country ; but his noble mind disdained so mean an action: he resolved to brave the vengeance of our tv rannic lord, and protect me tor the future with equal courage*. ki The hour cd&amp;apos; dinner arriving, we hastened to our frugal meal, but bad scarcely sat clown, when t li ree men entered, and torc* my son from us in spite* of our cries. I followed, ?ind, aller walking some miles, we reached a n?agistratc&amp;apos;s, where Sir Frederick stood to confront us. Ile was iii st heard, ant! told his tale with such aggravated falsehoods, that it was with difficulty I could lestrain my rage. Charlo* had then a slight hearing in his own defence, and I gave my evidence in the most circumstantial manner ; but tho justice was bribed by our adversary, and I heard wit!* burren* that my unfortunate hoy must either servo hi** country as a private soldier, or be committed to prison, and tried at the next assizes for an assault on the life of Sir Frederick. I would have had liinj^ accept thc latter part of the proposition, and rely on the wisdom of a higher Tribunal; but he shuddered at the idea of an ignominious nial, and boldly replied, that he would tight thc enemies of Ci real Britain. A party cd&amp;apos; your regiment being at thc? time! recruiting in thia neighbourhood, bo wiv.o incorporated with them ; and the rest of his life&amp;gt; you, Sir, are bet* ter acquainted with than myself. 44 From that time Sir Frederick secerns bent on ray ruin. I was in hopes that in this hovel I should have a little peace, by reason that it was not on his own cstato; but a few days ago he purchased it, with some land adjoin- Mg* ing, and hi&amp;apos;s again vented his fury, by giving me notice to quit it. 44 You see, Sir, my troubles have been numerous, and no resource has hitherto presented itself to save me from the most abject misery; on the contrary, I perceive myself approaching nearer and nearer to the gulph. Can you wonder, then, at my repining? or that, in spite of manly fortitude. I resign all hopes of better days ou earth, and only look for happiness in the grave V 44 Let it be my task,&amp;quot; cried the General, who had listened attentively, ** to endear you to existence. It is the duty of a commander to be also the friend of his soldiiTs; and how can he fulfil it better than by attending to the wants of their relatives, as far as lies in his power. Accept this purse?it will be of use until 1 can serve you in a more effectual way ; and you cannot feel more pleasure in receiving, than i do w bestowing it.&amp;quot; (To be concluded in our next.)</FullText> </Record>