<?xml version="1.0" encoding="UTF-8"?>
<Record> 	<Version>Record_v1.0.xsd</Version> 	<RecordID>4644639</RecordID> 	<DateTimeStamp>20180928135524</DateTimeStamp> 	<ActionCode>change</ActionCode> 	<RecordTitle>LETTERS FROM A NORTHUMBERLAND CURATE</RecordTitle> 	<Publication> 		<PublicationID>1657</PublicationID> 		<Title>The Lady's monthly museum, or Polite repository of amusement and instruction : being an assemblage of whatever can tend to please the fancy, interest the mind, or exalt the character of the British fair. / By a society of ladies., 1798-1828</Title> 		<Qualifier>London</Qualifier> 	</Publication> 	<Publisher>James Robins</Publisher> 	<Volume>21</Volume> 	<AlphaPubDate>Jan 1825</AlphaPubDate> 	<NumericPubDate>18250101</NumericPubDate> 	<SourceType>Historical Periodicals</SourceType> 	<ObjectType>Correspondence</ObjectType> 	<Contributor> 		<ContribRole>Author</ContribRole> 		<OriginalForm>A NORTHUMBERLAND CURATE</OriginalForm> 	</Contributor> 	<LanguageCode>ENG</LanguageCode> 	<ISSN>2043-3514</ISSN> 	<ISSN>2043-3506</ISSN> 	<StartPage>38</StartPage> 	<EndPage>44</EndPage> 	<Pagination>38-44</Pagination> 	<URLDocView>http://search.proquest.com/docview/4644639/</URLDocView> 	<Products> 		<Product> 			<ProductID>1007574</ProductID> 			<HasFullText>true</HasFullText> 		</Product> 		<Product> 			<ProductID>1009130</ProductID> 			<HasFullText>true</HasFullText> 		</Product> 		<Product> 			<ProductID>10000001</ProductID> 			<HasFullText>true</HasFullText> 		</Product> 		<Product> 			<ProductID>10000297</ProductID> 			<HasFullText>true</HasFullText> 		</Product> 	</Products> 	<Terms> 		<FlexTerm> 			<FlexTermName>DerivedSubject</FlexTermName> 			<FlexTermValue>ENGLISH FICTION - 19th Century</FlexTermValue> 		</FlexTerm> 	</Terms> 	<FullText>LETTERS FROM A NORTHUMBERLAND CURATE No. ir. (Continued from Vol. XX. page 331.j Sir. On my return from Oxford, it was proposed by my friendsthat with a view to my further preparation for residence at College, I should be placed in the family of a clergyman ir? a distant part of our county: a plan to which I could have inpossible objection. The Rev. E-, was the rector of a small parish, over which he bad for nearly, forty years, presided as friend and minister. Ere tbe improvements in our country roads, W?d, was in a state of complete isolation from the suriminding towns and villages. The greater part of its population bad never passed beyond the limits of their own parish of course, they were rude, even to barbarism. It has often amused me, when my venerable tutor has related tales of &amp;quot;olden tmir&amp;apos;s,&amp;quot; and recounted by what efforts and measures he had. gradually brought bis parishioners to a practical acquaintance with the modes and habits of civilized life. The influence he possessed over them would appear almost incredible to our modern clergy. Me was their friend, as well as their minister: bis days were devoted to their interests, temporal and spiritual?In affliction, he was their refuge; in difficulties, theil oracle, lu him their poverty found its alleviation ; and their necessities, a benefactor. He was to be found, not only, on the Sabbath, in the pulpit, but, daily, in every house where bis advice, sympathy, or assistance was needed. In this laboui of love he was aided and seconded by his family, consisting of two sons and four daughters. They were his messengers ot mercy to the chambers of sickness, and to the abodes ot poverty and wretchedness. As this was the only family ot respectability or education in tbe village, it maintained its authority and influence during half a century; and, by its exampie, raised the untaught peasantry into gradual comfort ami respectability.?At tbe time of which I am now speaking, an example of so much worth, learning, and piety, in our clergy, was indeed rare.?My friend, therefore, shone a luminary of no ui&amp;apos;.wi magnitude: but though worthy, and fitted to dobo nour to a mitre, be never advanced higher in clerical honours than being a country clergyman. y[r#-had been originally educated at Oxford ; and was intimately known, and most highly respected, by some of tin brightest ornaments of that university. Me was deeply read ?n theological learning; with tbe various beauties (d&amp;apos;classical literature, be was intimately&amp;apos; familiar; the History of Europe, in its darker ages, was his constant study; and to elucidate some of its more mysterious events, was bis delight. In ihe controversies of the church he was well read, and never failed io convey, in his conversation, both amusement and instruct ion to his family circle.?Such was the person with whom I was placed, and from whose example and lips I was to receive those maxims of conduct, as well as lessons in learning, preparatory to my future entrance on the world. To add to the felicity of my situation, my friend Jones was prevailed upon to make one of our literary circle: with him I, literally, look sweet counsel. We planned our future life; and sketched out for ourselves those schemes of visionary bliss, which delight, while they deceive, the youthful mind. Here I first learned what I bael long suspected?Jones&amp;apos;s growing regarel for my youngest sister.?They were, in every way, worthy ed&amp;apos; each other; and their subsequent union, and lengthened lite, passed in the most unabated enjoyment of connubial happiness, is one of the few circumstances by which my own chequereel and unfortunate existence bas beeu rendered tolerable, anel, comparatively desirable. At the close of the long vacation, Jones and myself set off for a short visit to our respective families, ere we proceeded to Oxford ; ami though my heart beat high &amp;gt;t the prospect of a cap and gown, yet I confess, sir, I felt a very painful reluctance as we tore ourselves from the hospitable roof of our venerated tutor, and pursued our way towards the neighbouring market-town, to await tbe arrival ed the stage. A few short hours, and we were safely embosomed rn our respective families; from whence4, after a short sojeuirn, we departed for Alma Mater. You must, now, sir, allow me&amp;apos; to answer what each reader has, no doubt, already enquireil, Where bas poor Louisa been during this bing interval? lam ashamed, sir, to acknowledge, tbat, during my residence in Wiltshire, 1 bael ceased correspondence with her; bow I was deservedly punished for my neglect, will hereafter appear. Upon reflection, I am convinced, tbat he who can trifle with a woman&amp;apos;s feelings, is not only unworthy a woman&amp;apos;s love, hut becomes, thereby, a very heinous transgressor against the laws beith of honour and justice; and when the victim of neglect thereby becomes the* victim of pining disease, I am of opinion that a conscientious jury would not greatly err were they to return a verdict of wilful murder against the guilty trifler. Would, sir, that such had been my sentiments at tbe period of which I write: much of my long lite would have passeel in peaceful feeling, undisturbed by the keen sense of dishonourable neglect towards a worthy and exemplary woman. On my arrival at College, the novelty of my situation, and the* many engagements, both of pleasure and business, by which I was surrounded, kept me in perpetual occupation. I diligently attended lectures, and chapel; studied Aldrich; reael Grotius; became a disciple of the Stagyrite; admired tue beauties of Pindar and /Eschvles; wrote themes with admirable taste; and, in short, was pronounced, by my fellow collegians, in the high road to preferment. To my own folly, Mr. Editor, my failure is alone attributable?forgetful of the advice and example of my friend Jones, I contracted a friendship with a gentleman commoner of our society; a young man of amiable manners, but weak understanding; who had tbe misfortune Xo have4 just succeeded to very large West-India property, by which he was enabled to indulge in every kind of idle and extravagant expenditure. He was unable, fVom want of common attention, to get up the college lectures; and, as I was considered by my idle fellow-student a clever fellow, he generally obtained my assistance in his preparation for the lecture room. Mason was a man of much eccentricity of character. He was a compound of extravagance and meanness. He would expend hundreds in self-gratification, and yet grudge the necessary expenditure ed* pence. His parties were the most splendid in the College; but bis servants were tbe worst paid. He was given to self indulgence, but unwilling to pay its price. Chapel begun regularly at seven o&amp;apos;clock, both winter and summer; and, as Mason was too tender to brave a December&amp;apos;s morning without a fire, the scout was engaged to have erne really each morning, before the chapel-bell tolled; but so scanty in general, was the supply of faggots, that although there wat a glorious blaze, it was too transitory to produce the cheering fire; a second and a third, anel even a fourth application, was often needeel, before John found it convenient that the lire should light. Mason often boasted that his half faggot sufficed for bis morning&amp;apos;s purpose; but be omitted to state how often tim half fagged; was required. Mason was, at this time, in love; the object ed&amp;apos; bis affection was a young lady of gooel family, but small fortune, in Leicestershire. He made no secret ol bis attachment; em the contrary, he used to iutroduce her name at all his parties, anel hand round, for approbation, certain amatory verses, in which her virtues were celebrated. Unfortunately one poem gained a degree ed* publicity, but little expected and as little elesired. Some mischievous wag scat a copy, enriched with variorum notes, to Munday&amp;apos;s, in the High-street, who, after striking off a hundred copies, was dircctcel to forward them to our Hall just in time for dinner. The parcel being opened, as usual, by our Senior Fellow, its contents were distributed down the tables.?I forget, at this elistanee oi times all particulars, save one note on the title, lt was announced as the production of John Mason, esq. E. U.S. anel, on the* latter abbreviation, it was stateel that a difference of opinion existed among critics, as to its import. Sonic, according to its more common usage1, considereel it as announer^ ry &amp;apos; ing the author to be &amp;quot; Fellow of the Boyal Soe&amp;apos;mtv.&amp;quot; Others regarding the poem as an amatory one, were dispeled to rentier these mysterious capitals into &amp;quot; Fellow Hemarkably Sincere,&amp;quot; thus paying a compliment to the sincerity of bis passion. Differing from these authorities, however, the&amp;apos; edi I &amp;gt;r oi the poem, from personal acquaintance with its author, natured to suggest, as a more appropriate rendering, that it should be&amp;apos; considered the production oi John Mason, esej. (F.U.&amp;apos;*v) &amp;quot; Fellow Remarkably Stupid.&amp;quot; Upon the annunciation of this latter interpre tacmn, by the Pneses, the whede hall was convulsed with laughter; each man lookeel at his fellow, to diseover the author of the sarcasm, whilst poor .Mason, stung by the bitterness of the joke, ami roused into furious indignation, retired unobserved to bis room; whither I followed him at the most convenient moment.?An appeal was soon made&amp;apos; to the Tutor, but every oflbrt te&amp;gt; discover the author of the paper being unavailing, Mason withdrew his name* from the College books, and, *oon after, removed to Cambridge. This event, trivial in itself, was attended by circumstances, both present and future, by which my fortune in life was to be materially affected. My intimacy with Mason had begun te&amp;gt; lessen the frequency of my visits to New-college; and would, dembtless, ultimately have gradually estranged me from Jones It bael nieireeiver begun to affect me in the estimation of my tutors; anel, in fact, bael nearly plunged me into insurmountable difficulties. I was em the brink of ruin: my remittances from home, Imwever punctually made, could not satisfy the various calls of ceieiks, and livery stable-keepers; my College bills were in arrear; my tradesmen were clamorous; and, meireover, Mason, on quitting College, had requested pay ment of a loan with which he had accommodated me. In this dilemma, I unconsciously stole into the Combination room, and taking up a London paper found an advertisement which heh! out a promise of the desired relief?&amp;quot; Pecuniary accommodation to gentlemen of respectability on tbeir personal security.&amp;quot; Urged hy my necessities, I hastened to London, and having prevailed on Mason to answer for my respectability, and goodness, I obtaineel the promise of a loan, on annuityr, from themoney-leneler. As the deeds would take a few days before completion, an advance of money was solicited and obtaineel to meet the unexpected expences of my protracted visit to Lonelon. As I had no real security to offer, the terms couhl not be matter of hesitation or remonstrance, on my part., and I was assured that, considering all things, twenty-five per Cent, must be deemed moderate?The dreael of exposure, and the fear of dunning, ineluced me to risk future difficulty, to avert present disgrace?I had retired to my hotel on my return from tim theatre, whither I had repaired to dissipate the anxiety and wretchedness to which I was a prey, when, on entering the coffee-room, I was met hy Jones Upon expressing nay surprise at enir unexpected meeting, he informed me that business as unexpected had brought bim to town, and that a casual meeting with Mason had maele him acquainted with my abode. After supper he gently chid me for the want of confiilence which my unexpected departure from College, unknown to him, manifested. He reminded me of tbe former, unreserved communication which had subsisted between us on all points, liot what, above every other argument, most powerfully affected me, w as, that my departure front College, unknown to the Dean, was likely to involve me in the&amp;apos; most painful consequences. Then for the first time, it occurred te&amp;gt; me, that, I bael left my College in a paroxysm of distress and agony se&amp;gt; overwhelththg, as to bave forgotten the usual application for leave4 of absence As my friend stated the accomplishment oi bis business in town, he solicited my immediate return with bim, promising bis powerful interference with our tuteir on my behalf. Alter excusing myself from an immediate compliance&amp;apos; with this proposal, on the&amp;apos; plea of unfinished business, into thf nature ed which Jemes bad te&amp;gt;o much honour anel delicacy to enquire, A I agreed to leave town by the next evening&amp;apos;s mail. Early in m the following menning I attended, by appointment, to receive the stipulated loan, and to sign the annuity deed. But here a new ami insurmountable difficulty arose?I was yet a minor !! The objection operated, on my agitated mind, like&amp;apos; an unlookeelfor death-warrant. My ruin was ned only impending; it was sealed.?I was, however, assured that after tlit* lapse of the six weeks kedore my attaining my majority, the same accommodation would be granted, upon the same terms. Upon this promise my mind resteel, anel I dcterinincel to avert this impending storm by offering my promissory notes, payable in Duke-street, to my various creditors: in dependence on the* promised loan for the means of discharging them. Lulled into something like repose by this ingenious anel ready plan of deferring the evil day, I was punctual at the* Old Bell, where be dug joined by Jones, I proceeded to Oxford. Upon reporting my return to thc College authorities, I was summoned before our master. Dr. Wetherell, I have before observed, was a man oi amiable anel easy manners: but on this occasion, be assumed an unusual sternness anel severity ed&amp;quot; manner.?In extenuation of my misconduct, I pleaded the severe illness ed a relation; hythe unexpected tidings of wbieb, I was so far overpowered as to have failed in making the proper application for permission to be absent. Although a strict disciplinarian, the Doctor was nevertheless ready to admit any reasonable excuse, as an apology for inadvertent conduct. After a severe reproof, however, I was informed, tbat my future conduct would determine what notice should be taken of my preMjit breach of College discipline.?After suitable&amp;apos; expressions fd&amp;quot; thanks for bis lenity, and promises of future* watchfulness and observance* of good order, I was about to retreat, when the* Doctor retained me in his presence, whilst be added. ii Vening man, let your present escape from rustication prove an rfleetual warning to you.?By the Dean, I am informed, that your tutor&amp;apos;s bills of tbe last and preceding terms remain undischarged; anel, that your expenditure exceeds the College limitation?the latter you will do well to abridge immediately; yemr bills must be discharged forthwith.&amp;quot; Mere, Mr. Edited*, I terminate the history of my adventures foi the pre sent month, and am, sir, Your obedient servant, \ Northumberland Curate,</FullText> </Record>