<?xml version="1.0" encoding="UTF-8"?>
<Record> 	<Version>Record_v1.0.xsd</Version> 	<RecordID>4646392</RecordID> 	<DateTimeStamp>20180928135447</DateTimeStamp> 	<ActionCode>change</ActionCode> 	<RecordTitle>Book review</RecordTitle> 	<Publication> 		<PublicationID>1657</PublicationID> 		<Title>The Ladies' museum</Title> 		<Qualifier>London</Qualifier> 	</Publication> 	<Publisher>James Robins</Publisher> 	<Volume>3</Volume> 	<AlphaPubDate>May 1832</AlphaPubDate> 	<NumericPubDate>18320501</NumericPubDate> 	<SourceType>Historical Periodicals</SourceType> 	<ObjectType>Review</ObjectType> 	<LanguageCode>ENG</LanguageCode> 	<ISSN>2043-3514</ISSN> 	<StartPage>227</StartPage> 	<EndPage>230</EndPage> 	<Pagination>227-230</Pagination> 	<URLDocView>http://search.proquest.com/docview/4646392/</URLDocView> 	<Products> 		<Product> 			<ProductID>1007574</ProductID> 			<HasFullText>true</HasFullText> 		</Product> 		<Product> 			<ProductID>1009130</ProductID> 			<HasFullText>true</HasFullText> 		</Product> 		<Product> 			<ProductID>10000001</ProductID> 			<HasFullText>true</HasFullText> 		</Product> 		<Product> 			<ProductID>10000297</ProductID> 			<HasFullText>true</HasFullText> 		</Product> 	</Products> 	<Terms> 		<FlexTerm> 			<FlexTermName>DerivedSubject</FlexTermName> 			<FlexTermValue>ENGLISH FICTION - 19th Century</FlexTermValue> 		</FlexTerm> 	</Terms> 	<FullText>1ALIS O VTH t IA RLY AG u. By the Auad/wr of &amp;apos;&amp;apos; BraiLnbletye Ionse,&amp;quot; &amp;apos;&amp;apos;&amp;apos; Zi&amp;amp;lla,&amp;quot; ,c. J3 Vots. 1&amp;apos;indon, 18.32 Henry Colhuru and Richard B~entley. That Mr. Horace Smith is decidedly :4 mau of genius, no one, we think, will venture to question, but that that genius bat been much over-rated is certain. I&amp;apos;lere is alr enthusiasmi in taste as well as il every thing else, and oine lwersons whooe redevtionis are not very deep frequetl-y consider that the author who pleases tlhezin must tie cessarily, in conplinient to their owa discernment, be e(qu:l, if not superior, to all otlers, however emiinent their station in the literary world. Sutch is the case with Air Srldi. Ble his sub ject what it nmay, from his lively deescriptions, the adroitness with which hie ruanages the incidents of lhis plot, and the agreeubleness of his stvle, lhe is sure to pleuse. Now this power of pleasing, although very delightful in aU author, is by no means a proof that hie is entitled to be ranklicid widi the greatest of our imaginative writ rs. B1ut to the work before us. The three voluiues contain live different tales, making some of the cha. ructeristics of the first five centuries &amp;apos;Their order and title are as follows:-tst. Ihe Involuntary Priphiet ; t2ed TIheodore and T&amp;apos;ii Iosa; 3d. Olotf andl Brenhilda; 4th. Sebastian and Lydia; 5th. The Siege of Cater-Broc. The last, perhaps, from circumstances, is more likely to claimn our interest and to awke our sympathies; but they are all more or less amusing : we will not, howevei, destroy the l)leasure of the reader of these tales by giving a garbled outline of any of them. Suffice it to say, that they abound in incident aid varied description; and, as a specilnenl of tle stvle, we give thle following extract tioin the fourth-it is descripstive of thle strange and romantic first meeting of the hero und heroine, Sebastian and Ly*lia ; nor hereby sliall we in thle least destroy the general interest of the plot My father, intending ime to follow li;s own parofession ((hat of a sculptor), often sent me to Alount Ida to select blocks of marble from its quarries-a commission which I delighted to receive, since I had always been passionately fond of hunting, and seized these opl)p)rtuniities for indulging in my tfaivourite 1)astime amkong the woods and defiles of the uouritain. I had pur. chased several hounds, which J lett in charge of tbe qularrinen whene I was obliged to return to Lyssa; where, however, I seldom remnined long without seeking sonie pretext for revisiting_ the mountain, and giving zzyself up to the pleasures of the : Iiea. * Ujoui uIe occabion, 1ii , 4Id)5 i&amp;apos;Jt less staunch than fleet, pursued a wild h..ar of unusual size into that maze of caverns and subterranean quarries in the vicinity of (incs*1s, Which. is supposed to be a remnant of the celehrated Cretan Labyrinth. With all the ardour of a youthful hunter I plunged into their recesses, and it was not until I found ms st&amp;apos;lt enveloped in darkness, while the cry of tle df^gs threading thle windirws a-hIead( of 1ll., grew every inoment more faint, thast I slackened my pace, and beganI to question the prudence ot advancing. A momeut&amp;apos;s dleliberation, and the recollection of the miany victims who were said to have perished in these entangled excavations, decidled me to make my way out, ai resulution, however, which it was much casier to form thain to execute. One false turnininlvolve(l me it dIifliculties, from which extrication seemed to be almost hopeless, for thle daikness was now so dense that I could oniv grope my way with my hands, while I was comptlT!eil to tet] with my feet before I advanced. Ist i should blo precipitated ilito some ot the pits that had proved fatal to many previous wanderers in this cavernous wivlderiiesr. 4&amp;quot;From time to time I still caught the distant cry of my dogs, hut even this at lenth ceasillh, I w as lett alone amid a silence af1d1 (laDklness equally profound. W\earied %%ith iny previous efforts in the Cthae, 11nV limnbs almost !efused to bear me fo waid; n;v hopes of deliverance grew more aiunt as ni bod pdil p e&amp;apos;sdeclined; and at length, withl all ind(1esIti dble sickuess of heart and prostration of&amp;apos; spirits, I abanidoned inyself&amp;apos;, atter innumerable etfl;rts at extrication, to the miserable conviction that I must inevitably perish of&amp;apos; hunger in those dreary caverns ! still I crawled slowlv forwiard, occasionally shouting as loudly ns I could, in tihe hope that somine of my dcgs might hear ne, aid listening to theechoes of my own voice, as they died sullenly away anlidl the remotest vaults. At last, in return to ray cries, I caught a faint shriek, ap)pearing to proceed tron some female at no great distance. Invigorated and encouraged by this unexpected sound, I hastened towardfs it, hailing afresh, and receiving as often a noauning answer, until I couxld dittinctlv hear a female voice ejaculating.-&amp;apos; Iii thle uiane of&amp;apos; Jupiter and oft all the go(ls, h Ip) me, help me!&amp;apos; So piotound wais the darkness that no object could be recognised, but I still advanced as rapidly as my strength would allow, for [ forgot in the momentary excitement the (lhrger of pitfalls alnd abysses, when I encountered and grasped the trembling hallnd of a wonan, who again murmuted, &amp;apos; Save :i1e, ol save nme!&amp;apos; and inmediately after. wards fell into my arms in a state of in. sensibility. U Unable to support her weight, I sank to the ground, my bosom throbbing with amazement, compassion, and a vague feeling of awakened bop)e. Why I should imagine it I know not; or whyv, at such a forlorn crisis, a thought of personal attractiouis shoul(d cross my mind, but I enter. t~aited a firm persuasion that she wNhom I clasped in my arms, and pressed involui. tarily to my heart, was young and beatiti1ul; and there was at first something soothiriog in the idea that I should have such a being tor the companion of my misfortunes, even it&amp;apos; we were (doomed to perish together. Quickly rejecting this selfish consolation, I thoughlt only of restoring her suspended facultics, in order that I might devote my own remaiuinc, energies to the accomplish. ment of hier deliverance; for a new hope, both for her and for myself, now sprang up w-vithin me. I turned her features towards the stream of air that gushed through tbe caverns, but she still remained for some time motionless and inanimate. My own perils were momentarily absorbed in those of the fair uiiknown, thus strangely thrown into my arms; and I hung with the deepest interest over a face which I was utterly unable to distinguish, listening to catch the tiist murmur that might escape from her lips. &amp;quot;Participation iany imminent danger or distress, throwing down all the barriers of reserve, cements at once, by the mere force of sympathy, a friendship which under other circumstances it might lhave required a considerable lapse of time to establish. Wh1jere the parties are of different sexes, this ,attachment naturally assunmes a more tender character, and I already telt tor my unseen ccmpanion a warmth of affection that gave a thrill to my heart, and seemned even to invigorate my exhausted frame. With a delighot that mad1e me utterly forget for the moment the life-involving peril in wbich we were both lplaced, I felt her at length move in my arms, when after a deep sighl she murmured-&amp;apos; Stranger, whosoever thou art, I implore thee to pity and protect me!&amp;apos; &amp;quot;&amp;apos;Dearest friend!&amp;apos; I replied, &amp;apos;for as such doth my yearning bosom already acknowledge you, I swear to be your protector, and to effect your extrication from this dreary labvrinth, or to perish with you.&amp;apos; &amp;quot;&amp;apos;0 Jupiter Sodalities !&amp;apos; exclaimed the unknown, &amp;apos; for this timely succour I vow to thine altar two of the fairest heifers in the whole Island.&amp;apos; &amp;quot; When she first found herself in iny nrms, sthe involuntarily shuddered, alndl making an effort to rise, declared that slhe felt sufficiently recovered to renew the attempt at finding her way out. &amp;apos;T here is not a moment to be lost,&amp;apos; she exclaimed. I I have been already nmany hours immersed in these hideous vaults, in which I must soon find a grave if I cannot recover the clue to the entrance.&amp;apos; So sayiug, she leaned upon my arm, the only support sho would receive ; and va&amp;apos;lh(i, or rather faltered forward. Being now in great measure restorel by renovated hope, I was enabled to assist in) weaker companion, cheering her with tlhe assur;tnce that we should soon get a glimpse of light, and emerge from our gloomy prison. Still, howvever, we did but cross arid recross the complicated involutions and sinuous meanderiiigs of the maze, until she declared that she must again rest awhile in order to collect strentth for fresh exertions. Availing myself of this interval, I inquired what was the nature of the clue to which, during our toilsome progress, she had made frequent allusion, requesting also to know by what fatality sihe had becomie entangled in the same subterranean net witlh ariyelt&amp;apos;. ?&amp;quot; &amp;apos; Alas !&amp;apos; she exclaimed, I leave no excuse to offer for my folly but an idle female curiosity. According to an old tradition in the Island, there exists at the extremity of these Tierplexed and intersecting tunnels a spacious grotto, whose dim shadowy light, being reflected on all sides by pearly shells and running waters, is sufficient to reveal in its centre, an .ancient statue of the Miinotaur. Here, on invoking the invisible genius of the place, they who have been bold or lucky enough to penetrate into his hidden temple, may receive in audible sounds a revelation of their future tortune. Although none were known to have succeeded, while many had peiished in the attempt, I had always felt such an invincible desire to accomplish the adventure, that I at length decided up)on the execution of mny purpose, without comniunicating my design, or seeking a companion; for I wished not to implicate others in an undertaking which I knew to be fraught with peril. 1 provided myself with a lighted torch and a ball of twine, that by tbe same means which had enabled Theseus to escape from the ancient labyrinth, I might safely thread the maze of its ruins. With these precautions I bo&amp;apos;dly plunged into the dark abysses, carefully evolving the twine as [ proceeded ; in which mainner 1 had made consi&amp;apos;derable progress, when a current of air extinguishing my torch, I found myself&amp;apos; in total darkness, and in the agitation of the moment, I let fall the ball of twine, which I heard rolling down the slope I had just been ascending. In the vain attempt to recover it, I only became more deeply entangled in these inextricable windings, wherein I have beet wandering ever since the early morning, and it must now, I should conjecture, be near the time of sunset. Ah me! hiapless and wretched that I am ! I shall iiever a,,ain see the beautiful sunset, nor iny father, nor my friends. I am lost ! I an, lost ! I am doomed to be buried alive in th&amp;apos;.se gloomy regions of everlasting iiida &amp;quot;At the prospect of this terrible diotzi .S buist into tears, leaned her head u)on iny shoulders, and %vept without control. FEndeavouring to animate her with. hopes, in which I myself scarcely ventured to indulge, I expressed a confidence that we should ultimately effect our deliverance, and conj ured lher not to abandon the courage which had fir3t prompted ber to the enter. prise. Bodily exhaustion, however, had suiperinduced mental depression, alnid she reMained utterly inconsolable, until, her finer ear catching a sound which was inatidible to mine, she started up, exclaiming-&amp;apos; I heard a noise V&amp;apos; With breathless anxiety we both listened, and in a few seconds could distinctly recognise the cry of a dog, though faint and far ott. Little as we could calculate upon any relief from such a source, the echo sent a thrill of delight through both our bosoms. Upon my bitunting excursions I always carried au ivory whistle suspended to my neck, which I now blew shrilly, and with an inefiable p)leasure heard it replied to, still more audibly, by the advancing dog. I continued to blow my whistle, the barking was renewed still more vehemently, it approached with increasing rapidity: I could now distinguish the cry of my favourite bound, I shouted out its name, and in another minute the faithful animal, half frantic with joy, leaped upon me, exprebsing its delight by a thousand caresses. My trusty guardian and preberver ! never surely did any of thy race more truly deserve the name of Pl&amp;apos;ulux !&amp;quot; At the mention of this word, the recumbent hound, which had been steadily look. ing in its master&amp;apos;s face as if listening to his narrative, started up on its hind quarters, beat the floor witb its heavy tail, pointed its ears, and uttered a familiar whine of recognition, after which it slowly resumed its former posture. id My fair unseen, contir ued Sebastian, &amp;quot;I hom you will easily conjecture to bave been no other than the beautiful Lydia, scarcely less rejoiced than myself, iu the first instance fondled and embraced the panting quadruped; but a few moments&amp;apos; reflection dispelled many of her sanguine aoticipations, for she began to tear that the dog was not less bewildered and lost than ourselves, and that, instead of a liberator, we had only found a fellow-sufferer to be the companion of our denth. I No,&amp;apos; said 1, confidently, I1 know that dog well, and I will cheeraully trust my life to him; for the me sagacity and inscrutable instinct that conducted him bither, will enable him to unravel the mazes of this ill-fated labyrinth. Oh ! that I were as confident of your strength to follow, as 1 am of his caadcity to lead us safely back into the light of day!&amp;apos; Never till this moment did I discover flow completely the powers of the body depend upon the mind. U&amp;apos;uder the magic influence of hope, Lydia, who had been previously spiritless and exhausted, hurried forward with alacrity; and if she still clung to mny arm, it seemed to be rather for protection than support. Fearful of losing this sole chance of our extrication, she wihlied me to retain the dog by his collar, lest be should again escape from us; but I assured her this precaution was quite unnecessary, as even force itself would not drive him from my side until we emerged from our subterranean prison. Nor was my confidence misplaced. Our guide, so far from evincing any disposition to quit us, invariably paused where the difficultiet of the way impeded our progress, sonietimnes stopping and turning us aside, whenever, as we conjectuieed, tor the darkness was to our eyes impenetrable, our straighttorward course might have exposed us to pitfalls, or other dangers. During his advance, be generally maintained a quick cheerful cry, which I knew to be of good omen, as a sign that he felt himself to be in possession of the scent; but, as we reached some of the sharp and intricate windings, lie was sometimes evidently at fault, the barking ceased, and we could hear him anxiously snuffing at the ground in various directions. &amp;quot;*&amp;apos;These were moments of fearful Buspense ;-we both knew, for Lydia, like myself was a follower of the chase, that the scent was lost, that our lives depended upon its recovery ;-aud you nmay judge, therefore, how joyfully our hearts beat against our bosoms, whea the sharp yelp ot our guide proclaimed that it was again found. Alter several of these thrilling il. terruptions, we began to perceive a faint glimmering of light: it gradually increused -the cry of the dog became louder and more vehement-he quickened his pace. Exerting all our remaining strength, we ran rapidly after him; and at length, emerging from the black jaws of thle laby- rinth, we foutid ourselves upon the green sunny knoll, over wbich I remembered to leave bounded in my pursuit of the wild boar. Our ccstacy at being thus suddenly rescued from the murkv grave, and restored to life and light, I b;hall not attempt to pourtray.&amp;quot;</FullText> </Record>