<?xml version="1.0" encoding="UTF-8"?>
<Record> 	<Version>Record_v1.0.xsd</Version> 	<RecordID>4650312</RecordID> 	<DateTimeStamp>20180928135447</DateTimeStamp> 	<ActionCode>change</ActionCode> 	<RecordTitle>Book review</RecordTitle> 	<Publication> 		<PublicationID>1662</PublicationID> 		<Title>The Literary journal, and general miscellany of politics, science, arts, morals, and manners,  1718-1719</Title> 		<Qualifier>London</Qualifier> 	</Publication> 	<Publisher>J. Limbird</Publisher> 	<Volume>1</Volume> 	<Issue>38</Issue> 	<AlphaPubDate>Dec 1818</AlphaPubDate> 	<NumericPubDate>18181201</NumericPubDate> 	<SourceType>Historical Periodicals</SourceType> 	<ObjectType>Review</ObjectType> 	<Contributor> 		<ContribRole>Author</ContribRole> 		<LastName>C-D</LastName> 		<MiddleName>G</MiddleName> 		<FirstName>S</FirstName> 		<PersonName>S G C-D</PersonName> 		<OriginalForm>C--D, S G</OriginalForm> 	</Contributor> 	<LanguageCode>ENG</LanguageCode> 	<ISSN>2043-3735</ISSN> 	<StartPage>590</StartPage> 	<EndPage>590</EndPage> 	<Pagination>590-590</Pagination> 	<URLDocView>http://search.proquest.com/docview/4650312/</URLDocView> 	<Products> 		<Product> 			<ProductID>1007574</ProductID> 			<HasFullText>true</HasFullText> 		</Product> 		<Product> 			<ProductID>1009130</ProductID> 			<HasFullText>true</HasFullText> 		</Product> 		<Product> 			<ProductID>10000001</ProductID> 			<HasFullText>true</HasFullText> 		</Product> 		<Product> 			<ProductID>10000297</ProductID> 			<HasFullText>true</HasFullText> 		</Product> 	</Products> 	<Terms> 		<FlexTerm> 			<FlexTermName>DerivedSubject</FlexTermName> 			<FlexTermValue>ENGLISH LITERATURE - 19th Century - History and Criticism</FlexTermValue> 		</FlexTerm> 	</Terms> 	<FullText>TAe Reelve of the Pgrenees; a Poem. London. is 18 . Turs nanies which stand foremost in the list of living poets are those of Byron and Scott; there is a charni wh ich runs through their poetry, that none of their conteinporaries possess. They have had a great number of imnim tators. but none of thent have succeeded. The majestic grandeur of Byron, and the smoothness and s8inphicitv of Scott, will aIways leave, at a hopeless (i-stance, the host of imiitattors. Tlhe p~oem l)eiore us is writtent in the n naiuer of&amp;apos; Lord Bv&amp;apos;ron, atlnd, indeed, passages may be p)ointed out, i.m almost every pagres which appear to have been takemi froim the Corsair, the Giaour, Lara, the Siege of Corinth, &amp;amp;C. Mansel, the hero of the piece, is left wounded andl dving in the field of battle : &amp;quot;Helpless he tics upon liii bloody lair, No coinraide&amp;apos;s watchful eye to guard him tilL rC, Tbeir lhearts are cold, their gall~int spirits flo(wit Aud if, indeed, he breathe ..he breathes aloue.&amp;quot;Tue description of the field arter the action, is, perhaps, the best p).art of tile poemn:&amp;quot;Arotamid tbey lie, In every horrid forin, That havoc scatters in its wildest stormThere, blasted by the shells exploded force, Black-elbrunk-aid withered, lies a ghastly corse! Another, torn by tie wiide booming ball,! Enabowell&amp;apos;d, dothi tbe shrinikiiig soul appal, And there a group, deep gasli&amp;apos;d and gory red, Still gvasp the clotted blades by which they bled; Their foreheads still a stern defiance lower, Stampt with the fury of their dying hoiir. Aud straining arms, arotind their foemen tell The inortal strife in which they struggling fell; Nor could the icy hand of death tinfold The iron grasp of tlmat fell throttlibg bold. And one there is, stretched out like marble pale, Whmose bloodless lips declare a mournfil tale, And silent seem to tell, as flames decay, ) Did life&amp;apos;s last trembnling pulses faiiutly play. And ayrop, by drop, like shadows, steal1 away.&amp;quot; Every reader of the Siege of Corinth Wj &amp;apos;I recoguize, in the following lines, df*r &amp;apos;bing the wolves Ceeding upon the -%d the dead, a very close imiyting oa, ord Byron_ &amp;quot;tatio If&amp;apos; L tw&amp;apos;ining troop of wolves are &amp;quot;6At length a a seen, &amp;apos;b eyes of fiery gleam, Maggy and gaunt, WI, -s fe.st they bireak, RioeIng, ou their luscik, is&amp;apos; L-ot tbimrt tdake; I Awl in !itepurple gore tht Nkh (I osin I ley Iith fus ning jiws tel SIIa. A IM, uin th1W white fir.ia b,,t, t1. t dhl if, Slvo. pi). 64. A There, o&amp;apos;er a youthful form, that naocks at life, Gorging andi growling, urge the wratiglitig St r1Ife&amp;apos; Tlaose inanly limbs, where #hone a matchless grane, Disjoiuated, torit-are left without a trace.&amp;quot; Mansel is rescued from his dangerotls situation, by the appearance of Count Alba, &amp;quot;&amp;apos;The Recluse of the r Pyrenees,&amp;quot; bv whose assistance he is conveye( to his (the Count&amp;apos;s) castle.m h -ere &amp;quot; As Manse past, he caught a basty giglht , f wbat lie hardly knew by thaft faint light, A forms, it seem&amp;apos;iI, where every female grace That bloominge beauty owns-that love can trace, Rose like a beamning vision of the night ! And vanished, like a vision, from the sight; As falling, stars, that dazzle and depart, Before a bountding, pulse can leave the heart.&amp;quot; This lady proves to be the Count&amp;apos;s dauyhter, and, of course, Mansel iustatitly falls in love with her. One !nicht, he wanders from his couch, t hrough the galleries of the castle, and neets with the object of his wishes, kneeling before an altar :_ &amp;quot;It was the form he loved-but oh! bow al tered, Beautiful ! in transparent light she shone, ITbo&amp;apos; inore than deadly p1de-yet fair to look upou. Tunmultmous lpassions maddened in his mind,, Anid reason to the dream her charge repign&amp;apos;d ; In rapture wild, he had that form embraced, But felt a grasping hand restrain his haste; In solemn tone, a voice exclaim&amp;apos;d &amp;apos;Forbear;&amp;apos; Startincg, he turn&amp;apos;d, and found Count Alba there.&amp;quot; The Count now relates his story.On the day fixed for his marriage, he was obligred to fly his country; and, on returning, &amp;quot;No matter by what chance-or how-or why,,&amp;quot; finds that his intendeld wife bad taken the veil :&amp;quot; Lattrina there &amp;apos;be solemn vow had given, &amp;apos;rhat she would only breathe and live for Heaven. For me that vow she broke-with me she fledAnd from that faital day our joys were dead. The hunters round the toils so sure hadl set, That though her feet escap&amp;apos;d tthe circling ue ts The poisou&amp;apos;d arrow iii her heart she bore, Which fester&amp;apos;d there until it bear no more.&amp;quot; 0 s * * 9 * * &amp;quot; One beauteous infait bud she left below, One drop of comfort in my cup of woe; Here shall she bloom in solitary shade, Far fiom nthe storm by burning passion made, * &amp;apos;lol smiling, lures us on to fancied joys, Then, with a tiger&amp;apos;s bound, at once destroys.&amp;quot; A nd thus ends the poem.- We are left il (loulbt ;as to the (vstjfiv of&amp;apos; thle hero of tle picce; hit, ill a iiot(, tile aim 1t jor ^;os. ys-1 &amp;quot;if&amp;apos; ;l lo. zay fmtlh ( itIONt! tt as to thcl 1u1i: rijle t&amp;apos;tA of. tilt-Se C .&amp;apos;- | - s, tile m.va dr aaaay, pel&amp;apos;- haps, have some future opportunity of satisfying it.&amp;quot; This manner of ending &amp;quot;ithis strange eventful history&amp;quot; is an imitation of the &amp;quot;t Corsair ;&amp;quot; and we are also taught to expect a second As Lara&amp;quot; in the sequel to this poem. It is stated, the author is preparing for the press a poem to be called the &amp;quot;&amp;apos; Iron Chest.&amp;quot; We shall be able to see, when that work is published, whether it bears any ana. logy to the &amp;quot;Recluse of the Pvrenees.&amp;quot;, The rhyme is sometimes deficient; for instance-scorn&amp;apos;d and asharn&amp;apos;d... flame and plain-mien and bearn-.. noon and bloom-&amp;amp;c. &amp;amp;c.-We are at a loss to guess the meaningp of &amp;apos;&amp;quot; f&amp;apos;aiXt.. ing, tigers,&amp;quot; &amp;amp;c. ; wreathling in the dust.&amp;quot;-Qu. Whetherought it not to be writhing.-Upon the whole, how. ever, the author promises soinething. better in future, and there are, undoubtedly, many highly poetical pas. sages interspersed through it.-It is dedicated to the Prince of Saxe-Co. bou rg. S. G. C&amp;apos;--D.</FullText> </Record>