<?xml version="1.0" encoding="UTF-8"?>
<Record> 	<Version>Record_v1.0.xsd</Version> 	<RecordID>4651037</RecordID> 	<DateTimeStamp>20180928135524</DateTimeStamp> 	<ActionCode>change</ActionCode> 	<RecordTitle>INDEX TO THE THIRD VOLUME.</RecordTitle> 	<Publication> 		<PublicationID>1657</PublicationID> 		<Title>The Ladies' museum</Title> 		<Qualifier>London</Qualifier> 	</Publication> 	<Publisher>James Robins</Publisher> 	<Volume>3</Volume> 	<AlphaPubDate>Jun 1832</AlphaPubDate> 	<NumericPubDate>18320601</NumericPubDate> 	<SourceType>Historical Periodicals</SourceType> 	<ObjectType>General Information</ObjectType> 	<LanguageCode>ENG</LanguageCode> 	<ISSN>2043-3514</ISSN> 	<StartPage>323</StartPage> 	<EndPage>326</EndPage> 	<Pagination>323-326</Pagination> 	<URLDocView>http://search.proquest.com/docview/4651037/</URLDocView> 	<Products> 		<Product> 			<ProductID>1007574</ProductID> 			<HasFullText>true</HasFullText> 		</Product> 		<Product> 			<ProductID>1009130</ProductID> 			<HasFullText>true</HasFullText> 		</Product> 		<Product> 			<ProductID>10000001</ProductID> 			<HasFullText>true</HasFullText> 		</Product> 		<Product> 			<ProductID>10000297</ProductID> 			<HasFullText>true</HasFullText> 		</Product> 	</Products> 	<Terms> 		<FlexTerm> 			<FlexTermName>DerivedSubject</FlexTermName> 			<FlexTermValue>ENGLISH FICTION - 19th Century</FlexTermValue> 		</FlexTerm> 	</Terms> 	<FullText>IN DEX 1o0 TIlNE THIRD VOLUME. NEW AND IMPROVED SER lE.s. PROSE. ADULATION, or The Nabob, by Edward Lancaster, 163 Ambassador, or Princess and Peasant, 118 Birtlhs, &amp;amp;c. 48, 96, 144, 192, &amp;apos;240, 322 Convict, the, by the Hermit in London, 112 Comets, the Expected, 314 Danvers, Mrs. Butler, Biographical Sketch of, 222 Deaths, &amp;amp;c. 48, 96, 144, 192, 240, 322 Drama, Notices of the, 39, 91, 139, 185, 233, 316 Elpliin Briarby, by Edward Lancaster, 205. Fashion, Mirror of, 46, 94, 142, 190, 238, 320 Fate of Genius, 129 Fine Arts, Notices of the, 38, 90, 232, 316 Flowers of Chaumont, the, by Bertie Ambrosse, 253 Floral Games, the, by Charles May, 152 Il Padre Sant Amor, by the Hermit in London, 218 -ondon -1- - Concluded, by the Hermit in London, 285 Last Love, by the Hermit in London, 160 Leaves from the Chronicles, No. V. by Hal Willis, 280 Lilla, by Lord Glentwortb, 198 Lone Grave, the, by Miss G. Vincent, 290 Marriages, &amp;amp;c. 48, 96, 144,192, 231, 240, Mole-H1ills and Mountains, by Edward Lancaster, 269 Musical Reviews, 44, 87, 134, 184, 320 Notices of New Books, 33, 83, 130, 178, 225, 309 Novice of Milan, the, 74 Renegade, the, by WV. C. Taylor, M.A. 1 Reverses, by the Author of the &amp;quot;E Events of a Voyage,&amp;quot; &amp;apos;294 Salome Corri, by Edward Lancaster, 49, 97 ,Saracen, the, or the Lost Son, by Charles May, 247 Science, 314 Silver Gondola, the, by Hal Willis, Studentat-Law, 106 Sketches from Life, by Mrs. Hlofland, No. VillI. 66; No. IX. 145; No. X. 193; No. XI. 241 Widow&amp;apos;s Tear, the, by the Hermit in Iondon, 63 Winner Wears, the, by Edward Lancaster, 18 POUJRY. Archbishop Cranmer, the Death of, by G. Russel, 59 Bachelor&amp;apos;s Fare, bv Horace Smith, 812 Canzonet, by James Knox, 117 Canzonet, by James Knox, 160 Comparison, a, 163 Death, by Barry Cornwall, 8&amp;apos;2 Deserted, the, by F. IV. N. Baytey, .;06 l)o not forget, by C(harles Aluy, 1 Dying Girl to her .1lother, the, b1 7 lis Jewsbury, h31 Ellen&amp;apos;s Grave, &amp;apos;ib Fallen Chief, the, bv th, flonN. Irs. Nort,,it, 1 28 Friendship, by Wm. Mlinot, Jul). 1l Holy Well, the, by F. WV. N. Bayley, t268 I bae naebody now, by J. Hogg, 224 Imitation of the Fourth Ode of Horace, by WV. MI. Jun. 24t; It was a dreanm, by &amp;apos;f. H. Bayly, 81 Lady of the Castle, the, by MIrs. Hemaxis, SO? Last lay of the Hermit, to toe, by the Hermit in London, 159 Last Book, the, bv the HIon. Mrs. Norton, 31 Lines to &amp;quot; Fairy,&amp;quot; by Miss L. 11. Sheridan, 197 Lizana, by Airs. J. S. Prowse, 306 Loreiizo&amp;apos;.s History, by L. E. L. 30.; Love, by Wm. Mfinot, Jun. 151 Lover&amp;apos;s Reverie in a Ball Room, the, by Alirs. Cornwell Baron Wilson, 81 Love&amp;apos;s Trutlh, by AIrs. J. S. Prowse, Vt2?3 Miargaret, by H. C. Deakiin, 176 Melancholy, by Samuel ltogers, 31 AMemory&amp;apos;s Wreath, by J. S Clark, 32 nliy Gascony Maid, by J. Knox, 280 loonliglt, by the Hon. Mrs. Norton. te23 My Mfinstrel Harp, farewell! by James Knox, 74 Oh, it wait not in Angter, by John S. Clark, 117 Oh! Mourn not that my loolks are Sad, by * &amp;apos;m. Minot, Jun. e 17 Oh, sweetly cling my thoughts to thee, by F. V. N. Barloy, &amp;apos;25 Palaett, the, by Delta, 1 U7 Recollectionsof Childhood, by D. Aloir, 8l Relic, the, 73 Repentant False One, the, by the Rev. r. Dale, 176 Reproach me Not, by J. F. Bacon, 290 Sea-boy in Battle, the, by Edward Lancaster, 29 Self-devoted Nun, the, by r. H. Bayly, 176 Shepherd Boy&amp;apos;s Song, the, by the Ettrick Shepherd, 130 Sicilian Captive, the, by Mrs. Hemans, 303 Sigh, the, by Lord Glentworth, 6.5 Solace of AMusic, the, by Wim. Minot, Jun. ill Soldier&amp;apos;s Grave, the, by J.. E. L. 225 Song, by Mrs. Hemans, 80 -, by the Ettrick Shepherd, 81 ,byL E. L. 82 ----, by H. C. Deakin, 1&amp;apos;I8 --, by T&amp;apos;. H. Bayly, 223 -~-, by WVm. M. Jun. 285 Sonnet, by Mrs. Hofland, 105 Spirit of Song, by T. H. Bayly, 308 Stanzas on the New Year, by Miss Landon, 30 Stanzas, by Delta, 177 The Far Off, Happier Land, by J. S. C. 253 Think not of me, poor Page, by T. Haynes Bayly, 306 &amp;apos;lo ---, by Win. Minot, Jun. 105 To a Butterfly near a Tomb, by Mrs. Hemans, 224 To a young Lady in Sorrow, by T. K. Hervey, 129 WVidow, the, by Mrs. Hofland, 203 When the Kye comes Hame, by the Ettrick Sheplerd, (304 ARILi(&amp;apos;JS BY TIH FFOLLOWING WRITERS. PR OSIE. Anibrobse, Bertie, got&amp;gt; E. M.S. 118 Glentworth, Lord, 198 Hermit in London, &amp;apos;lThe, 6:i, 11e, 14*, I ru Hofland, Mrs. 66, 145, 193, 241,28.5 Lancaster, E. 18, 49, 97, 163,204, 269 May, Charles, 152, 247 &amp;apos;raylor, W. C. I Vincent, Miss, 290 Willia, Hal, 106;, 28( W., J. P. 294 X. 74 POETRY. Bacon, .. F. g29) Bayly, T. Haynes, 81, 177, tS3, 306, 308 Bayley, F. W.N. 225, 268,3006 Clark, J. S. 3S, 117, 253 Cornwall, Barry, 82 Dale, Rev. Thomas, 176 Deakin, H. C. 128, 176 Delta, 127, 177 Ettriek Shepherd, 81, 1SO, 304 GCleiatwortb, Lord, 6.$ Hemans, Mrs. 80, 224, 30, 307 Hervey, T. K. 129 Hermit in London, The, 159 Hogg, James, 224 Hofland, Mrs. 10a, 203 Jewsbury, Miss, 31 Knox, James, 74, 117,160, 280 Lancaster, Edward, 29 Landon, Mliss, 30 1. E. L. 82, 2a5, 305 MNay, Charles, 17 Minot, William, jun., 1o, 105, 111, 1i1, 217, 246,285 Moir, D. 81 Norton, Hon. Mrs. 31, 128, U23 Prowse, Mr&amp;quot;. J. S. 223, 306 Rogers, Samuel, 3i Russel,G. 59 Sheridan, Miss L. H. 197 Smith, Horace, 8&amp;apos;J Wilson, Mrs. Cornwell Baron, Of REVI1EWS OF BOOKS. Album Wreath, the, 230 Altrive Tales, Vol. 1. by the Ettrick Shepherd, 226 Anatomy of Drunkenness, byR.Macnish, 8.5 Annual Biography and Obituary, the, 83 Beulah Saline Spa, an account of, 230 Byron, Life and Works of, by &amp;apos;Thomas Moore, 85 Cabinet Cyclopedia, 36, 86, 130, 178, 225, 309 Chameleon, the, 181 Easter Gift, by L. E. L. 226 Enigmettes, by Mary Kerr Hart, 8ti Framlingliam, by James Bird, 38 Georgian Era, 178 George the Fourth, Memoirs of the Life and Reign of, 180 Messiah, the, a Poem, by R. Montgomery, .L11 My old Portfolio, by H. Glaford Bell, 181 New Year&amp;apos;s Gift and Juvenile Souvenir, the, 37 Practical Examinations of the immediate treatment of the principal emergencies that occur in Surgery, &amp;amp;c. by W. S. Oka, M. D. 38 Poland, a Poem, by T. Campbell, 133 Phrenology, Catechism of, 134 Queer Book, a, by the Ettrick Shepherd, 314 Quintus Serventor, 131 Romance of Reality, by L. E. L. 33 Tales of the Alhambra, by Wasbington Irving, 314 Tales of the Early Ages, 227 Time&amp;apos;s Telescope for 1832, 86 Usurer&amp;apos;s Daughter, by a Contributor to Blackwood&amp;apos;s Magazine, 37 REVIEWS OF MUSIC. Arise and follow me, my love, V31 Bride of Erin, the, 320 Cadeau, The, 45 Concise Instructions for performance on the Royal Seraphine and Organ, 231 Give me Woman, give me Wine, 69 Harmonia Sacra, 231 Harmonicon, The, 44, 87 Harper&amp;apos;s New Brass Band, 90 He never said he loved, 232 It comes o&amp;apos;er the Heart, 89 I met him in the happy Throng, 89 La Bouquet, a second set of Quadrilles, 90 Melodies, 45 My Native Home, 89 Oh, come to the Casement, 320 Papuccie, 3SO The better Land, 184 The bright Summer Time, 89 Thle Hour is come, 18.5 The Sea Maiden&amp;apos;s Song, 89 The Forget Me Not, 90 The Orb of Day, 232 Weippert&amp;apos;s Original Paganini Quadrilles, 184 Weipport&amp;apos;s Grand Waltzes, 184 Young Ladies&amp;apos; Book, The, 134 NOTICES OF THE FINE ARTS. British Gallery, 38 Byron Gallery, the, 232, 316 Exeter Hall Exhibition, 233 New Frame Tablets, for Mounting Drawingst 90 EMBELLISHMENTS. Viaw or DoauD rhoM irm HAaBov~a, 1 Evc Dres, 46 sod, do. 46 Bel Dre, 46 Walking Dos, 46 The EPXAOuS 3D PAINITER, 49 PORTRAIT O JOHN ST. JOHN Loxo, E&amp;amp;Q. M. R. S. L.M. R. A. S. Page 1s of Sup. pimownt Moning Dre, 94 Waldig Dress, 94 Be Dros 94 The&amp;amp;&amp;gt;L~l d PNDIAW PIPES, III Oper Dreo, 14 Or Drs, 142 Bail Dess1, 142 Dianer Drs, 142 Venming Desso 14! VJZW NSA it DaaRWaNTW Alrau, Loj~oiz,14b SKATCH, 145 Dinner Dress, 190 Ball Drew. 190 Evening Dres, 190 Concert Dres, 190 PORTRAIT OF Mat. BUTLER DANVs&amp;quot;, 212 SKETCH, 193 Ball Dress, 238 Walking Dien, 238 Evening Dress, 238 Summer Riding Dress, 238 TnE VILLAOG FESTIVAL, 241 TzE DEPARTURE, 247 8SETCH, 253 Public Promenade Dress, 320 Evening Dress, 320 Carriage Dress, 320 Morning Dress, 320 Young Lady&amp;apos;s Dress, 30o SUPPLEMENT. Now System of Mr. St. John Long, No. 1, No. 2, No.3, N. B. The Music may be Bound at the Eud of the Volume. END OF VOL. 1.</FullText> </Record>