<?xml version="1.0" encoding="UTF-8"?>
<Record> 	<Version>Record_v1.0.xsd</Version> 	<RecordID>4655119</RecordID> 	<DateTimeStamp>20180928135637</DateTimeStamp> 	<ActionCode>change</ActionCode> 	<RecordTitle>TO CORRESPONDENTS.</RecordTitle> 	<Publication> 		<PublicationID>1662</PublicationID> 		<Title>The Literary journal, and general miscellany of politics, science, arts, morals, and manners,  1718-1719</Title> 		<Qualifier>London</Qualifier> 	</Publication> 	<Publisher>J. Limbird</Publisher> 	<Volume>2</Volume> 	<Issue>44</Issue> 	<AlphaPubDate>Jan 1819</AlphaPubDate> 	<NumericPubDate>18190101</NumericPubDate> 	<SourceType>Historical Periodicals</SourceType> 	<ObjectType>General Information</ObjectType> 	<LanguageCode>ENG</LanguageCode> 	<ISSN>2043-3735</ISSN> 	<StartPage>63</StartPage> 	<EndPage>63</EndPage> 	<Pagination>63-63</Pagination> 	<URLDocView>http://search.proquest.com/docview/4655119/</URLDocView> 	<Products> 		<Product> 			<ProductID>1007574</ProductID> 			<HasFullText>true</HasFullText> 		</Product> 		<Product> 			<ProductID>1009130</ProductID> 			<HasFullText>true</HasFullText> 		</Product> 		<Product> 			<ProductID>10000001</ProductID> 			<HasFullText>true</HasFullText> 		</Product> 		<Product> 			<ProductID>10000297</ProductID> 			<HasFullText>true</HasFullText> 		</Product> 	</Products> 	<Terms> 		<FlexTerm> 			<FlexTermName>DerivedSubject</FlexTermName> 			<FlexTermValue>ENGLISH LITERATURE - 19th Century - History and Criticism</FlexTermValue> 		</FlexTerm> 	</Terms> 	<FullText>TO CORrPLSPonyDENTS. &amp;quot; Stanlas, bV M0ontgomcliy,&amp;quot; andl stanzas &amp;quot;On a Passion-Flewer,&amp;quot; were thie oily two nfticlcs in outr precedlin Niumber whichi properly belonged to the headl of FufIT1VE POETRV. The otlhers, accidentally placed in their compant, were the communications of Correspondents. It alwaNy give3 u4 jlevasure to henr from n. His Letter on Quackery is in progress towarils its appearance. We ;re not suirprized theat lie thtinks tlhe conhmunieations of othfers less interestint than his owni. E. I W. shall appear b)efore long. We must tell this correspomldent the jlaiaa truith. Msis commnicawtion is soniewhbere l)bricl amnnid a liefap of similar favouirs, t(le mnairuitude of tte whole of wliicli, and d to ast ivt dattes uf niatiy o11 t01e CololM)MICt pairts, fill us nt 011CVC with terror auid (com3punction. A firiend who recent ly heheld the pi;e, eonwratfiis&amp;quot;tel us thereupon at once(, locauls it inanifvsted the numibier of our- friends auml readers1, and lecause it lbe&amp;apos;spoke the literai&amp;apos;N habits which are so widely difuitsed anioncr the public. The last consderationa is alwavs a favottrite one with us. ()Or pper is *;At only a P.APER Io&amp;quot;r. Ai,r,, but, a PAPER BY AL; a Pic-nic of the Towii anl Country. For oiirselves, we have only to sit. at the hielill, and lhold the tilier, and cast a look, fi-om time to time, at the cmiipass and the sails ; auid our little bark performs, as it were by herself, lwr modest and careless voyage. Complete Sets of the LITERARY JOURNAL, No. 1 to No. 40, may now be hadl of the Puiblisher; in separate Number s, price Sixpence each; Quarterly Parts, I and IIl, price Seven Shillings and Sixpence eachi, and Part 11, price Eiglht Shillinms ; orentire Volumes, handsomnely lialf-1)01111(1, in roaii, uncut, price Twenty-five ShiIllimrs. The Map of thie Polar lteaions, printed in No. 2, naay also l)e had separately.</FullText> </Record>