<?xml version="1.0" encoding="UTF-8"?>
<Record> 	<Version>Record_v1.0.xsd</Version> 	<RecordID>4657519</RecordID> 	<DateTimeStamp>20180928135637</DateTimeStamp> 	<ActionCode>change</ActionCode> 	<RecordTitle>"In vain we fill the sparkling Bowl," a favorite Anacreontic song, sung by Mr. Burrows, at Free-mason's Hall, composed by J. B. S hroeder.</RecordTitle> 	<Publication> 		<PublicationID>2952</PublicationID> 		<Title>Monthly magazine, and British register, Feb. 1796-Dec. 1798</Title> 		<Qualifier>London</Qualifier> 	</Publication> 	<Publisher>Printed for R. Phillips</Publisher> 	<Volume>4</Volume> 	<Issue>21</Issue> 	<AlphaPubDate>Aug 1797</AlphaPubDate> 	<NumericPubDate>17970801</NumericPubDate> 	<SourceType>Historical Periodicals</SourceType> 	<ObjectType>Review</ObjectType> 	<Contributor> 		<ContribRole>Editor</ContribRole> 		<LastName>Aikin</LastName> 		<FirstName>John</FirstName> 		<PersonName>John Aikin</PersonName> 		<OriginalForm>Aikin, John, 1747-1822</OriginalForm> 	</Contributor> 	<LanguageCode>ENG</LanguageCode> 	<ISSN>2043-4537</ISSN> 	<ISSN>2043-4510</ISSN> 	<StartPage>135</StartPage> 	<EndPage>136</EndPage> 	<Pagination>135-136</Pagination> 	<URLDocView>http://search.proquest.com/docview/4657519/</URLDocView> 	<Products> 		<Product> 			<ProductID>1007574</ProductID> 			<HasFullText>true</HasFullText> 		</Product> 		<Product> 			<ProductID>1009130</ProductID> 			<HasFullText>true</HasFullText> 		</Product> 		<Product> 			<ProductID>10000001</ProductID> 			<HasFullText>true</HasFullText> 		</Product> 		<Product> 			<ProductID>10000297</ProductID> 			<HasFullText>true</HasFullText> 		</Product> 	</Products> 	<Terms> 		<FlexTerm> 			<FlexTermName>DerivedSubject</FlexTermName> 			<FlexTermValue>ENGLISH FICTION - 18th Century</FlexTermValue> 		</FlexTerm> 		<FlexTerm> 			<FlexTermName>DerivedSubject</FlexTermName> 			<FlexTermValue>ENGLISH FICTION - 19th Century</FlexTermValue> 		</FlexTerm> 		<FlexTerm> 			<FlexTermName>DerivedSubject</FlexTermName> 			<FlexTermValue>ENGLISH LITERATURE - 18th Century</FlexTermValue> 		</FlexTerm> 		<FlexTerm> 			<FlexTermName>DerivedSubject</FlexTermName> 			<FlexTermValue>ENGLISH LITERATURE - 19th Century</FlexTermValue> 		</FlexTerm> 	</Terms> 	<FullText>&amp;quot; In vain we fill the pajrkling Bowl,&amp;quot; a fa. vorite Anacreontic long, fung by Mr. Bur. rows, at Free-malon&amp;apos;s Hall, compofed by J. B. &amp;amp;khroedcr. I -. ? S. Longman and Broierip. This little fportive produftion, tho&amp;apos; not in the firft rank of excellence, poCe LeW ficffes aconfiderable degrce of merit. It is recommnendcd to the public by its pleafant flowing melody, chara~teriflic 1pirit, and wvell -chofen bafs.</FullText> </Record>