<?xml version="1.0" encoding="UTF-8"?>
<Record> 	<Version>Record_v1.0.xsd</Version> 	<RecordID>4660115</RecordID> 	<DateTimeStamp>20180928135454</DateTimeStamp> 	<ActionCode>change</ActionCode> 	<RecordTitle>TO LADIES AT HOME; BY A FRIEND TO WOMAN.</RecordTitle> 	<Publication> 		<PublicationID>1657</PublicationID> 		<Title>The Lady's monthly museum, or Polite repository of amusement and instruction : being an assemblage of whatever can tend to please the fancy, interest the mind, or exalt the character of the British fair. / By a society of ladies., 1798-1828</Title> 		<Qualifier>London</Qualifier> 	</Publication> 	<Publisher>James Robins</Publisher> 	<Volume>20</Volume> 	<AlphaPubDate>Jul 1824</AlphaPubDate> 	<NumericPubDate>18240701</NumericPubDate> 	<SourceType>Historical Periodicals</SourceType> 	<ObjectType>Feature</ObjectType> 	<ObjectType>Article</ObjectType> 	<Contributor> 		<ContribRole>Author</ContribRole> 		<OriginalForm>C</OriginalForm> 	</Contributor> 	<LanguageCode>ENG</LanguageCode> 	<ISSN>2043-3514</ISSN> 	<ISSN>2043-3506</ISSN> 	<StartPage>13</StartPage> 	<EndPage>17</EndPage> 	<Pagination>13-17</Pagination> 	<URLDocView>http://search.proquest.com/docview/4660115/</URLDocView> 	<Products> 		<Product> 			<ProductID>1007574</ProductID> 			<HasFullText>true</HasFullText> 		</Product> 		<Product> 			<ProductID>1009130</ProductID> 			<HasFullText>true</HasFullText> 		</Product> 		<Product> 			<ProductID>10000001</ProductID> 			<HasFullText>true</HasFullText> 		</Product> 		<Product> 			<ProductID>10000297</ProductID> 			<HasFullText>true</HasFullText> 		</Product> 	</Products> 	<Terms> 		<FlexTerm> 			<FlexTermName>DerivedSubject</FlexTermName> 			<FlexTermValue>ENGLISH FICTION - 19th Century</FlexTermValue> 		</FlexTerm> 	</Terms> 	 	<FullText>TO LADIES AT HOME; BY A FRIEND TO WOMAS. *? Home! sweet vale of life, where wisdom loves to dwell With friendship, peace, and contemplation joined.&amp;quot; Having passed a few pleasant hours, the other evening, with a small party of fair friends, who, hy a happy chance, I found not only at home, but with all the gently complacent feelings, attached to that sweet retirement from tin* bustle of the world, smiling in their faces, I took the two last numbers of The Ladies&amp;apos; Monthly Museum out of my pocket, and, as apropos to the occasion, read to them the few pages which contain the &amp;quot;rational Thoughts on the fashionable Term called Coming out.&amp;quot;?The perusal produced much amusement; exciting sportive remarks in some, and sensible rejoinders in others; while, indeed, most seemed sorry the writer had cut his observations so short, when he just appeared ready to open all the arcana to woman, of rationally charming.?Two or three of the party, it must be confessed, shook their heads, and declared the old cynic meant to prevent women from trying to charm at all.?&amp;quot;If that privilege be denied us,&amp;quot; cried they, &amp;quot;our sceptre is lost with man; for, unless woman can a little bewilder his brain by the spells of beauty and the graces, he generally feels more inclined to treat her as a slave, than regard her as a companion.&amp;quot; Pardon me, ladies, but that I deny.?And also permit me to say, that &amp;quot;to bewilder his brain,&amp;quot; or to charm his fancy and his reason, are two different operations. The mistress of an hour may find her interest in doing the one; the wife of his bosom, must study to effect the other. ?I have been a husband; I am now a widower; and meaning, for the one dear sake, to remain so, may now be allowed to be a disinterested councillor to the fair sex on this talent of rationally charming.?And since the author of Thoughts on Coming out, has thought fit to lay down his pen, I trust he will deem it rather a compliment, than aa encroachment, that a friend to woman, true as he may be, takes up the cast gauntlet against the follies of the times, and thus addresses a few thoughts to Ladies at Home. While writing of the degree of consequence in the scale of creation that may be assigned to the human form, Divine, as poets may term it, two extremes are sometimes adopted; one, exalting it to the first rank; others, degrading it to the last; but the golden mean, the true opinion, must hold a more equal balance?Astrea&amp;apos;s self, were she to take the scale, must weigh the rival merits some way in this wise:?The body, being as much a part of the human creature as the mind, must be respected as its helpmate, at least; it is, in fact, the medium through which the soul sees, feels, and acts.?By its outward expression of our internal thoughts, we convey to others, a sense of our opinions, hopes, fears, and affections: we communicate the love excited within ourselves; and, in the participation, kindle it responsively in others: we enjoy, not only the pleasures of the senses, but the delights which shoot from mind to mind, in the glance of an eye, the pressure of a hand, the whisper of the heart. ?Shall we then be exonerated in despising this obedient vehicle of all that passes within the invisible soul? Shall we contemn it, as a mass of encumbering clay, a piece of incipient corruption, fitter for the charnel-house, than the bosom of a being created an Image of God.&amp;apos;?These ascetic ideas may be consistent with the cold superstitions of the ancient heathen stoics, or with modern fanatics, who see neither beauty nor joyfulness in the wrorks of the bounteous Lord of nature; but the fair judging mind, which acknowledges a beneficent purpose in all the Creator has formed, while it disdains the idolatrous devotion which the voluptuary pays to his corporeal half, regards that indeed interior composite part of himself, as man, with the respect due to it as the instrument his Maker has made for the developement of the soul&amp;apos;s powers?powers which spring in time, to grow through all eternity,? &amp;quot;Reverence thyself!&amp;quot; saith the sage of old; and he pronounces the command, not only with reference to the mind, which dictates, but to the body, which executes.?He who created the human frame, constructed it not only for usefulness, but adorned it with loveliness; and what he has made so pleasing, shall we affect to despise ??Indeed, the very approving, and innocent pleasure we all feel in the mere contemplation of beauty, whether in man or woman, a landscape or a flower, is a sufficient witness that the gratification which pervades most hearts, on seeing beautiful objects, was implanted there by the Divine Framer of all things, as a principle of simple delight, as a motive finsocial attraction. To this end, then, my gentle friends, I seek to turn your attention?from exhibitions in a morning, and mere assemblies at night,?upon yourselves; but not only to the cultivation of your mental self, to that also of its fair and moulded clay, the sacred temple of the mind; the inferior variety of yourselves, indeed, which vanity too often inclines you to egregiously overvalue, while a mistaken humility, on the other hand, would as frequently lead you to neglect as altogether worthless.?Mothers, of the most estimable stamp, may, perhaps, look grave at this my opponent stimulous to ?uch variety.?But I call them to recollect, that it is &amp;quot;good all tilings should be in order;&amp;quot; and that if female youth are not taught in which way they are to conduct themselves, to please that part of the creation for whom they were expressly formed to be &amp;quot;the better half,&amp;quot; they will fall into the by paths, and cross roads, which must inevitably lead to the worst consequences.?Even the outside of a woman, that is, her dress as well as demeanor, give evidence of what are really the habits of her soul. But this is a period, when absurdity, shamelessness, and cupidity, in the shapes of tire-men and tire-women, range themselves in dangerous ranks round female loveliness and propriety; and to preserve these feminine graces in their purity, few men would think it beneath their dignity to wield their pen.?A learned philosopher even, observes on the subject, that &amp;quot;taste requires a congruity between the internal character, and the external appearance; and the imagination involuntarily forms to itself an idea of such correspondence. First impressions, (he observes,) are, in general, of considerable consequence; I should therefore recommend the female world to take care that their personal aspects should not convey a forbidding idea to the most superficial observer.&amp;quot;?Another writer, the very oracle of the graces, has declared that &amp;quot;a prepossessing exterior i? a perpetual letter of recommendation/* To shew how different such an exterior is from a vain, or an extravagant shew, is one purpose of my present discourse to my Ladies at Home; and I trust in their good sense tor the result of my reasoning; namely, that while the gift of beauty may be considered an advantage to be grateful for; it is only an advantage, while used with maidenly discretion, which virtue, in the female bosom, regards modesty as grace, simplicity as elegance, and holds consistency as thc charm which rivets the once-attracted heart of a well-judging man. That I may do thoroughly what I mean to do at all, I shall not make apologies for entering rather minutely into the details of my subject.?Hence I remark, that 1 have often blamed as impolitic, as well as um and hi, the austerity which condemns all pleasurable attention to personal mien and adornment.?Is it not more reasonable to direct the youthful mind to that just medium between negligence and nicety, which preserves the person in health and comeliness, than by leaving a young woman ignorant of the real advantages of these possessions, render her liable to learn the truth in the worst way, from those who might teach her to overrate her gifts from nature, or, perhaps, to affect what she did not possess, by meretricious arts5?Indeed it is always dangerous, as it is unjust, to give disguising representations to young minds; for once finding that their instructors have designedly led them into the dark, they are ever afterwards inclined to suspect their evidence; and error, disappointment, and open disrespect, become the usual consequences.?Let girls, advancing to womanhood, be told the true state of the world into which they are going.?Let them know its real opinions on all the subjects connected with themselves, as women, companions, friends, relatives.?But fail not to shew them, at the same time, where the fashions of the day might lead them wrong; where the laws of heaven, and the bent of society, would keep them right.?Listen to me, ye mothers!?Let religion and morality, be the basis of your daughters&amp;apos; characters; the artists may then adorn the structure, without any danger to its fabric.?When a girl is clearly instructed in the great purposes of her existence, that she is an immortal being, as well as a lovely woman, you may, without fearing ill impressions, shew her, that as we admire the beauty of the rose, as well as esteem its medicinal power, so her personal charms will be dear in the eyes of him, whose heart i&amp;lt; occupied by the graces of her yet more estimable mind.? We may safely teach a well-educated girl, that virtue ought to wear an amiable aspect; that it is due to her excellence, to adorn her comely apparel.? But she must never cease to remember, that it is Virtue we seek to adorn?not a merely beautiful form; for that, if without the charm of intelligence*, is a frame without a picture, a body without a soul; a statue, which we look on and admire, pass away, and forget.? We must impress upon her principles, that while beauty attracts, its influence is transient, unless it presents itself as the harbinger of that good sense, and purity of heart, which can alone satisfy the lover, and secure the affections of thc husband.?&amp;quot;But how are we to proceed in all this?&amp;quot; enquires my fair friends. &amp;quot;How,&amp;quot; added one, smiling, &amp;quot;unite the toilette with such grave graces??I fear the little sylphs of the first, would fly, like scared birds, from thc heavy atmosphere of the other!&amp;quot;?turn to my next page, m\ dear yoting lady, and you shall see! (To be continued.J</FullText> </Record>