<?xml version="1.0" encoding="UTF-8"?>
<Record> 	<Version>Record_v1.0.xsd</Version> 	<RecordID>4662993</RecordID> 	<DateTimeStamp>20180928135447</DateTimeStamp> 	<ActionCode>change</ActionCode> 	<RecordTitle>To the Editor of the Monthly Magazine.</RecordTitle> 	<Publication> 		<PublicationID>2952</PublicationID> 		<Title>Monthly magazine, or, British regster, Feb. 1800-June 1836</Title> 		<Qualifier>London</Qualifier> 	</Publication> 	<Publisher>Printed for R. Phillips</Publisher> 	<Volume>7</Volume> 	<Issue>41</Issue> 	<AlphaPubDate>Jan 1799</AlphaPubDate> 	<NumericPubDate>17990101</NumericPubDate> 	<SourceType>Historical Periodicals</SourceType> 	<ObjectType>Correspondence</ObjectType> 	<Contributor> 		<ContribRole>Author</ContribRole> 		<LastName>Busby</LastName> 		<FirstName>Thomas</FirstName> 		<PersonName>Thomas Busby</PersonName> 		<OriginalForm>BUSBY, THOMAS</OriginalForm> 	</Contributor> 	<Contributor> 		<ContribRole>Editor</ContribRole> 		<LastName>Aikin</LastName> 		<FirstName>John</FirstName> 		<PersonName>John Aikin</PersonName> 		<OriginalForm>Aikin, John, 1747-1822</OriginalForm> 	</Contributor> 	<LanguageCode>ENG</LanguageCode> 	<ISSN>2043-4537</ISSN> 	<ISSN>2043-4529</ISSN> 	<StartPage>35</StartPage> 	<EndPage>36</EndPage> 	<Pagination>35-36</Pagination> 	<URLDocView>http://search.proquest.com/docview/4662993/</URLDocView> 	<Products> 		<Product> 			<ProductID>1007574</ProductID> 			<HasFullText>true</HasFullText> 		</Product> 		<Product> 			<ProductID>1009130</ProductID> 			<HasFullText>true</HasFullText> 		</Product> 		<Product> 			<ProductID>10000001</ProductID> 			<HasFullText>true</HasFullText> 		</Product> 		<Product> 			<ProductID>10000297</ProductID> 			<HasFullText>true</HasFullText> 		</Product> 	</Products> 	<Terms> 		<FlexTerm> 			<FlexTermName>DerivedSubject</FlexTermName> 			<FlexTermValue>ENGLISH FICTION - 18th Century</FlexTermValue> 		</FlexTerm> 		<FlexTerm> 			<FlexTermName>DerivedSubject</FlexTermName> 			<FlexTermValue>ENGLISH FICTION - 19th Century</FlexTermValue> 		</FlexTerm> 		<FlexTerm> 			<FlexTermName>DerivedSubject</FlexTermName> 			<FlexTermValue>ENGLISH LITERATURE - 18th Century</FlexTermValue> 		</FlexTerm> 		<FlexTerm> 			<FlexTermName>DerivedSubject</FlexTermName> 			<FlexTermValue>ENGLISH LITERATURE - 19th Century</FlexTermValue> 		</FlexTerm> 	</Terms> 	<FullText>to the Editor of He Monhb Magazin:e. SI1 R. T IHERE are prejudices, the removal of which requires a previous prepa. ration of the public mind. Before even an attempt be made tragic ally to fubdue cftablifhed errors, it is necefflary to render people willi/bg to be convinced. No lironger inftance can, perhaps, be adduced of a fettled adherence to one opinion, at leaft onl fcientific frbjets, than that which we find in certain mu icalamateurs; I mean the partifans of the old fboo/. Thev are fo involved in their partiality to bvhat is called anci.*ent mt/ric, as abrolutely to be pertuaded that all genius neceffary to the produ.ion of found harmony and original melody has long fince beei% extin&amp;amp;l; to be a mno:lern, is to be difqualified for their approbation. The names of Purcel, Handel, Corelli, and Gemniniani, inftead of being held forth as ftimulatives to rivalthip, or tu imitation, are hung in Ierrgrem over the heads of living compofers; and are onl employed to check thofe exertions which they ought to excite and encourage. Fortunately, this fubje&amp;amp; of complaint has not exifted in the fame degree in literature, or the other arts and fciences. Here the fields of improvement hav.c been left fairly open, and the endeavour to furpafs former works has, under due encouragement, given birth to more ufeful difcoverics and nobler fyfiems of thinking thaei thofe known to our forefathers. Had the injufl tice I am pointing out been cxercited too vards the groat mafiers above cited; had thcy, becaufe they were moderns, beeu coniidered as incapable of fucceeding to the merits of their profetlional anceftors, fo great a difadvantage muft, in fomc meafure, have fupprelfcd thote talknts which they fo forcibly difpl~yed. ! Perhaps, in no province of the harmonic art has this obflacle to dawning ta! lent more formidably obtruded itfelf among the lovers of ancient mluic, than in that of oratorial compofition. itidi them it is not fufficicnt to allow that Handel&amp;apos;s facrmd dramas hav&amp;apos;eheen hitherto unequalled; we are obliged to grant that he towers above every thing to be cxpelAed from future geniis; and that in this departnient all human ability muft fink befo)re him. &amp;apos;[h is preudice, Sir, has umhappily cxetended itfelf to fome modern profeffors ot eminence; alnd am intimAte with a aimiftr of high and deferved rcpute, who, on being prercd by hi; friends to cvwpofe an oratorio, tria, &amp;quot; No pnaL man ought to attempt fuch a talk after Mr. Handel.&amp;quot; No one, I believe, admires more than myfelf the hitherto unrivalled excellence of that illufrious Ger. man; yet, I have been careful not to fuf. fer that admiration to inflil the fear of be. ing loft in the blaze of his tranfscendent powers; nor to thwart the hope of exhibiting fame faint beams lincclipfed by his fplendour. It was with this emulous fpirit that Beaumont and Fletcher, undazzled by the radiance of &amp;quot; nature&amp;apos;s fweeteft child,&amp;quot; afpired to his path of glory, and run Their brilliant courfe round Shakefpeare&amp;apos;s golden fun. Prompted by the fame fentiment, I bave been laborious in my art, and my produCtions in marnufcript are voluminous. The day is approaching on which I pro. pofe to make my firft appeal to the public judgment; I am confcquently deeply interefted in the removal of a prejudice which oppofes every modern effort to en- fure apphauf intho fublirner walks of the fcience. He who at the moment he is preparing a facred compofition for public performance, is told by th ;Advocates for the mufic of the laft age, that no man, after Handel, vil1 ever be qualified to compofe an Oratorio, cannot but feel the weight of an opinion fo detrimental to himlif and every future compofb. It wvas therefore my with, through the Wne. dium of your widely-circulated publication, to fbften the obduracy of this pre. julice; and to expatiate on the injurious nature of an attachment, which, while it obflruits the prelent candidate for re&amp;quot; putation, deprives the public of the noblest efforts of living talent. Let my then hope, Sir, that 1 may induce the friends of an. cient harmony to liften wxith impartiality, if not with indulgence, to the compofi. tions of thofe moderns who revere the old mailers, and &amp;quot;&amp;apos;ho endeavo~r to form their flyle on the fame great bafis. I THOMAS BUSBY. Wu , - - - - Vauxrba// Road, Jan. -. - . mwt.</FullText> </Record>