<?xml version="1.0" encoding="UTF-8"?>
<Record> 	<Version>Record_v1.0.xsd</Version> 	<RecordID>4666158</RecordID> 	<DateTimeStamp>20180928135502</DateTimeStamp> 	<ActionCode>change</ActionCode> 	<RecordTitle>To the Editor of the Monthly Magazine.</RecordTitle> 	<Publication> 		<PublicationID>2952</PublicationID> 		<Title>Monthly magazine, or, British regster, Feb. 1800-June 1836</Title> 		<Qualifier>London</Qualifier> 	</Publication> 	<Publisher>Printed for R. Phillips</Publisher> 	<Volume>23</Volume> 	<Issue>153</Issue> 	<AlphaPubDate>Feb 1807</AlphaPubDate> 	<NumericPubDate>18070201</NumericPubDate> 	<SourceType>Historical Periodicals</SourceType> 	<ObjectType>Correspondence</ObjectType> 	<Contributor> 		<ContribRole>Author</ContribRole> 		<OriginalForm>INQUISITOR.</OriginalForm> 	</Contributor> 	<LanguageCode>ENG</LanguageCode> 	<ISSN>2043-4537</ISSN> 	<ISSN>2043-4529</ISSN> 	<StartPage>25</StartPage> 	<EndPage>25</EndPage> 	<Pagination>25-25</Pagination> 	<URLDocView>http://search.proquest.com/docview/4666158/</URLDocView> 	<Products> 		<Product> 			<ProductID>1007574</ProductID> 			<HasFullText>true</HasFullText> 		</Product> 		<Product> 			<ProductID>1009130</ProductID> 			<HasFullText>true</HasFullText> 		</Product> 		<Product> 			<ProductID>10000001</ProductID> 			<HasFullText>true</HasFullText> 		</Product> 		<Product> 			<ProductID>10000297</ProductID> 			<HasFullText>true</HasFullText> 		</Product> 	</Products> 	<Terms> 		<FlexTerm> 			<FlexTermName>DerivedSubject</FlexTermName> 			<FlexTermValue>ENGLISH FICTION - 18th Century</FlexTermValue> 		</FlexTerm> 		<FlexTerm> 			<FlexTermName>DerivedSubject</FlexTermName> 			<FlexTermValue>ENGLISH FICTION - 19th Century</FlexTermValue> 		</FlexTerm> 		<FlexTerm> 			<FlexTermName>DerivedSubject</FlexTermName> 			<FlexTermValue>ENGLISH LITERATURE - 18th Century</FlexTermValue> 		</FlexTerm> 		<FlexTerm> 			<FlexTermName>DerivedSubject</FlexTermName> 			<FlexTermValue>ENGLISH LITERATURE - 19th Century</FlexTermValue> 		</FlexTerm> 	</Terms> 	<FullText>To the Editor of ti &amp;apos; onthly Magazine. SI It, J SILOU I) be verv much olAiacd to an of&amp;apos;t your IlUmerojuS cOrI&amp;apos;elpoI&amp;apos;)(ldets U- 110 COU1ldl - iOI&amp;apos;II mle, thrl&amp;quot;)ugh} the mledill of urlll&amp;apos; valuable Ml&amp;apos;itCci&amp;amp;qAny, *What P)nicC or potenutate fiil u d(ldelyeId h1im`elt to lls fulj;Cts i&amp;apos;n the plural nutmber, WC a lways Ie S il 1&amp;apos;0C)1aIIL11SLtV(01S ; and ow Iona It hais been thre pratice otf u&amp;amp;t hiri lk) printers, to priat fuch pro11ouns with a capitIl lettcr, inl thd mantcir in WhiiCh it jS the CuI1i01 11only to deiI!rIId I ei ILLL SLu&amp;apos;P1t U?K LME BL( jG ? l /idtehall, IANQUISITOR. Decenbe, 3, 1806. _.....mom</FullText> </Record>