<?xml version="1.0" encoding="UTF-8"?>
<Record> 	<Version>Record_v1.0.xsd</Version> 	<RecordID>4667117</RecordID> 	<DateTimeStamp>20180928135637</DateTimeStamp> 	<ActionCode>change</ActionCode> 	<RecordTitle>For the Monthly Magazine.</RecordTitle> 	<Publication> 		<PublicationID>2952</PublicationID> 		<Title>Monthly magazine, or, British regster, Feb. 1800-June 1836</Title> 		<Qualifier>London</Qualifier> 	</Publication> 	<Publisher>Printed for R. Phillips</Publisher> 	<Volume>24</Volume> 	<Issue>164</Issue> 	<AlphaPubDate>Dec 1807</AlphaPubDate> 	<NumericPubDate>18071201</NumericPubDate> 	<SourceType>Historical Periodicals</SourceType> 	<ObjectType>Poem</ObjectType> 	<Contributor> 		<ContribRole>Author</ContribRole> 		<LastName>BINHAM</LastName> 		<MiddleName>P</MiddleName> 		<FirstName>J</FirstName> 		<PersonName>J P BINHAM</PersonName> 		<OriginalForm>BINHAM, J P</OriginalForm> 	</Contributor> 	<LanguageCode>ENG</LanguageCode> 	<ISSN>2043-4537</ISSN> 	<ISSN>2043-4529</ISSN> 	<StartPage>471</StartPage> 	<EndPage>471</EndPage> 	<Pagination>471-471</Pagination> 	<URLDocView>http://search.proquest.com/docview/4667117/</URLDocView> 	<Products> 		<Product> 			<ProductID>1007574</ProductID> 			<HasFullText>true</HasFullText> 		</Product> 		<Product> 			<ProductID>1009130</ProductID> 			<HasFullText>true</HasFullText> 		</Product> 		<Product> 			<ProductID>10000001</ProductID> 			<HasFullText>true</HasFullText> 		</Product> 		<Product> 			<ProductID>10000297</ProductID> 			<HasFullText>true</HasFullText> 		</Product> 	</Products> 	<Terms> 		<FlexTerm> 			<FlexTermName>DerivedSubject</FlexTermName> 			<FlexTermValue>ENGLISH FICTION - 18th Century</FlexTermValue> 		</FlexTerm> 		<FlexTerm> 			<FlexTermName>DerivedSubject</FlexTermName> 			<FlexTermValue>ENGLISH FICTION - 19th Century</FlexTermValue> 		</FlexTerm> 		<FlexTerm> 			<FlexTermName>DerivedSubject</FlexTermName> 			<FlexTermValue>ENGLISH LITERATURE - 18th Century</FlexTermValue> 		</FlexTerm> 		<FlexTerm> 			<FlexTermName>DerivedSubject</FlexTermName> 			<FlexTermValue>ENGLISH LITERATURE - 19th Century</FlexTermValue> 		</FlexTerm> 	</Terms> 	<FullText>F?, the .lIt311o)l thlil burzine. LOVE thy subjug ting will, (A S .VcCL Supcnse tlat klce)&amp;apos;st from ill, Tru:-,-.jclji1g! palnting, is thy pJil! ,.i1lli , ca1tjl, is t;.e gain We th ws !i.h t ou wouid&amp;apos;st relieve.-and tost InAtl&amp;apos; , j , .. Iin nd i. lost. AI1 lI t:cu s a*L 1r, cert.iin Woe, t&amp;apos; nit* eti t ftill iior know 0): Qt~ier CUt!)..4s)Jt thintk thee kind, .r 4l t ut thce, *r ze., or find&amp;apos;- i:e tny flut s!ing sway prevails ~ h- 3l h.e u ln J oy d j :t d-oeA&amp;apos; .iI N. t 1 i tj it&amp;quot;.) Muit thy 4hortenea rcip. AVV ;Y tthse it&amp;apos;.l&amp;quot;.s3 *hcn ao ,^ia Thou com&amp;apos;st to visit in my brest, I&amp;apos;ll Oive thee plce, and rul., and rest. Fur oh, when next I sigh with thee, Too much to hope, to be set tree. Since thou resign&amp;apos;st to Peace thy care, I&amp;apos;ll hail the blessing with a tvar, Which grntitutdc shall pay-the while, I thank thee for this parting smile. J. i&amp;apos;. BIN AS.</FullText> </Record>