<?xml version="1.0" encoding="UTF-8"?>
<Record> 	<Version>Record_v1.0.xsd</Version> 	<RecordID>4668835</RecordID> 	<DateTimeStamp>20180928135454</DateTimeStamp> 	<ActionCode>change</ActionCode> 	<RecordTitle>TO THE COMET, Now so beautifully conspicuous.</RecordTitle> 	<Publication> 		<PublicationID>2952</PublicationID> 		<Title>Monthly magazine, or, British regster, Feb. 1800-June 1836</Title> 		<Qualifier>London</Qualifier> 	</Publication> 	<Publisher>Printed for R. Phillips</Publisher> 	<Volume>24</Volume> 	<Issue>164</Issue> 	<AlphaPubDate>Dec 1807</AlphaPubDate> 	<NumericPubDate>18071201</NumericPubDate> 	<SourceType>Historical Periodicals</SourceType> 	<ObjectType>Poem</ObjectType> 	<Contributor> 		<ContribRole>Author</ContribRole> 		<LastName>LOFFT</LastName> 		<FirstName>C</FirstName> 		<PersonName>C LOFFT</PersonName> 		<OriginalForm>LOFFT, C</OriginalForm> 	</Contributor> 	<LanguageCode>ENG</LanguageCode> 	<ISSN>2043-4537</ISSN> 	<ISSN>2043-4529</ISSN> 	<StartPage>470</StartPage> 	<EndPage>470</EndPage> 	<Pagination>470-470</Pagination> 	<URLDocView>http://search.proquest.com/docview/4668835/</URLDocView> 	<Products> 		<Product> 			<ProductID>1007574</ProductID> 			<HasFullText>true</HasFullText> 		</Product> 		<Product> 			<ProductID>1009130</ProductID> 			<HasFullText>true</HasFullText> 		</Product> 		<Product> 			<ProductID>10000001</ProductID> 			<HasFullText>true</HasFullText> 		</Product> 		<Product> 			<ProductID>10000297</ProductID> 			<HasFullText>true</HasFullText> 		</Product> 	</Products> 	<Terms> 		<FlexTerm> 			<FlexTermName>DerivedSubject</FlexTermName> 			<FlexTermValue>ENGLISH FICTION - 18th Century</FlexTermValue> 		</FlexTerm> 		<FlexTerm> 			<FlexTermName>DerivedSubject</FlexTermName> 			<FlexTermValue>ENGLISH FICTION - 19th Century</FlexTermValue> 		</FlexTerm> 		<FlexTerm> 			<FlexTermName>DerivedSubject</FlexTermName> 			<FlexTermValue>ENGLISH LITERATURE - 18th Century</FlexTermValue> 		</FlexTerm> 		<FlexTerm> 			<FlexTermName>DerivedSubject</FlexTermName> 			<FlexTermValue>ENGLISH LITERATURE - 19th Century</FlexTermValue> 		</FlexTerm> 	</Terms> 	<FullText>ORIGINAL POETRY. TO THE COMET, .Nsv so lcautf2!y tcnspicuus. 1LTUSTRIOUS Visitant !-.:\nl art thou Cohile From pat&amp;apos;i whcre f.intly gleams our polar ray; 0n,. imnage of those glories to convey Aw.1ting Ij .in .n I.i: etctuevil 1 ome? Whcirt nlt i&amp;quot;. r s-t()lil aprwi&amp;apos;oh, i~or cluuds., nor , on But i !;, iave, t-t a %\ i .&amp;apos; ur.adhi- 1 , ri t xj ls3 ot po *u!c t ciLt r j ht as J1&amp;apos;c L. ;;&amp;apos;1ori %\oven in licavec.&amp;apos;.s iaijt Of ILy ,ft-barniMn3 ttrn we think not A!- .-c,;rittIohn eri! wi.! tr)uS l Lr.; Nor view tOee, with transcendant beauty endiluei Pestilence portendihg, famnine blood But rEthe: deem an oib so fair as thou To us, anid other worlds, cisplenses vital :ood. * _ O .. - - . Oct.23 1807. C. LorrT. x Aj~rec..jzy to tlac .+uI.rne suggetiionL Newton : that comets returni&amp;apos;1g in their orbitS, rec!uit the atmscspl.te of our earth, and Of otticr IldI.&amp;apos;LtS ixear which they pass. TbJI they a, , I u r 1 rdur?;ing planetsp wondc fllyl1 a(j uted in their orbits, seems not 0111 p&amp;apos;rovCd 1, t&amp;apos;he comtt ot jtito returning in 17.)9, as pred;cted 1)y Wilc; but a COflA&amp;apos; rison of tl-t fot 1 (6?7 with that of 1797, a pcLiod of one hundred and ninety yCars11 Stuport, it is apprehenf1ed) by fartbtr C?&amp;apos;D fiin fltion) thdi, b~;autifSul thCeory</FullText> </Record>