<?xml version="1.0" encoding="UTF-8"?>
<Record> 	<Version>Record_v1.0.xsd</Version> 	<RecordID>4671923</RecordID> 	<DateTimeStamp>20180928135655</DateTimeStamp> 	<ActionCode>change</ActionCode> 	<RecordTitle>To the Editor of the Monthly Magazine.</RecordTitle> 	<Publication> 		<PublicationID>2952</PublicationID> 		<Title>Monthly magazine, or, British regster, Feb. 1800-June 1836</Title> 		<Qualifier>London</Qualifier> 	</Publication> 	<Publisher>Printed for R. Phillips</Publisher> 	<Volume>39</Volume> 	<Issue>269</Issue> 	<AlphaPubDate>Jun 1815</AlphaPubDate> 	<NumericPubDate>18150601</NumericPubDate> 	<SourceType>Historical Periodicals</SourceType> 	<ObjectType>Correspondence</ObjectType> 	<Contributor> 		<ContribRole>Author</ContribRole> 		<LastName>Philo-Park</LastName> 		<PersonName>Philo-Park</PersonName> 		<OriginalForm>PHILO-PARK</OriginalForm> 	</Contributor> 	<LanguageCode>ENG</LanguageCode> 	<ISSN>2043-4537</ISSN> 	<ISSN>2043-4529</ISSN> 	<StartPage>[385]</StartPage> 	<EndPage>388</EndPage> 	<Pagination>[385]-388</Pagination> 	<URLDocView>http://search.proquest.com/docview/4671923/</URLDocView> 	<Products> 		<Product> 			<ProductID>1007574</ProductID> 			<HasFullText>true</HasFullText> 		</Product> 		<Product> 			<ProductID>1009130</ProductID> 			<HasFullText>true</HasFullText> 		</Product> 		<Product> 			<ProductID>10000001</ProductID> 			<HasFullText>true</HasFullText> 		</Product> 		<Product> 			<ProductID>10000297</ProductID> 			<HasFullText>true</HasFullText> 		</Product> 	</Products> 	<Terms> 		<FlexTerm> 			<FlexTermName>DerivedSubject</FlexTermName> 			<FlexTermValue>ENGLISH FICTION - 18th Century</FlexTermValue> 		</FlexTerm> 		<FlexTerm> 			<FlexTermName>DerivedSubject</FlexTermName> 			<FlexTermValue>ENGLISH FICTION - 19th Century</FlexTermValue> 		</FlexTerm> 		<FlexTerm> 			<FlexTermName>DerivedSubject</FlexTermName> 			<FlexTermValue>ENGLISH LITERATURE - 18th Century</FlexTermValue> 		</FlexTerm> 		<FlexTerm> 			<FlexTermName>DerivedSubject</FlexTermName> 			<FlexTermValue>ENGLISH LITERATURE - 19th Century</FlexTermValue> 		</FlexTerm> 	</Terms> 	<FullText>2o the Editor of the Monthly AMa~asinc, SIR, Dunce Island, Sierra Leone Riter; January 11, 1815. TIE information and amusenient which I have derived froin readyig your valuable Magazine, at this distance front Englanid, have induced me to ofTer you a few remarks on a part of Africa, which, as far as I know, have not been published in Europe. Much, indeed, has been written about the colliv of Sierra.Leone. Dr. Win. terbottom ehas been copious on this sub. ject; but, of the island from which I now write, thought its neme inay have transpired, many interesting facts remain to be recorded, which, I have little doubt, &amp;apos;Will gratify that portiOn of your numerous readers who delight in geographical enquirics This sitall island, interesting for its commnitiding position, is situated about twelve itviles fromn the mouth of the Sierra Leoiet river, which empties into the Atiatic, at about eight degrees of north latitude, avid about thirteen de. grees ef west longitude. Surrounding Dance Island, and within a few miles of it, lie seven or eight other islands, of Varius florimns and extents, but all larger than itself; these, however, are comn nionly catled the &amp;quot;I&amp;apos;dependencies it Dance Islaiid,&amp;quot; as they all belong to the same person, and are regulated by what. ever auelhrity may preside at Lance Island. II&amp;apos;.sso is their principal, and is about six or seven miles in circumference. Banoe Island, though it was formerly tonmidered the seat ot government of the #iver in which it is situated, is extremely small, scarcely more than three-quarters Of a nyle in circumference. It is of an irregular formii, rising in the highest pVt About forty or fifty feet above the level of the river, and is strongly fortified by regur batteries and forts, mounted Withb henvy cannon, situated chiefly on tbe western side, fromn which alone it Cftld be attacked. The houses and beildit in this islanid are few in. number, but they are excellent in their construction and Wm. terials, and, by a judiciets ndapttion to the climate, are indeed rendered as con. &amp;quot;ellient rehidences as in any of our.Vest. indniat plantations, or even as good as Ruropenn lhabitatiotis; tiaty also ptuess some degree even of elegnce, are f 4ed of stone, plastered in the inside, ind kept perfectly white and clean. They are only two stories high, like mnst tro pical buildings, but the roomns are lofty and spacious. Two hundred peopl c&amp;amp;uld be entertained with comfort an urm of tlhe principal diauing rooms. Store. houses, for British good, which used to be sent to this country in gresc quantities, were erected here many year ago; these, and a mapgine for guise powder, with tie houses for the occupa. tion of the various Persons who formierly resided here to superintend the faotory. and tie habitatinas of a few black re. sidents and donestic., constitute the nmass of buildings in this place. There is a good beaaci here fAr build ing and repairing vebsels of moderate tonnaite. When this is required to be done, the vessel is run on sbtre at high water, and the falfinii of the tide leaves her dry. The tide flAws aind ebbs about twelve feet perpendicular. Excepting this plIce for building and repairing vessels, there is no other convenience of the kind on this part of the African coast. The anchorage is good; but the channel, from the mouth of thle riVer, is of difficult navigation, and is never proached without the assntance of aa experienced pilot. S-.h ansitanc . bcw. ever, is always easy to be btained. a the black natives, many of whom ha bees brought tip to that employmeus. some .pots of this island would admit of cultivatiaa but I do not 6nd tbh4 &amp;apos;even at die mos ipriod of it commerce, there was ueb growqs it, except iin a few kitcheowgrdeb. &amp;apos;[hi&amp;apos;, I presume, to aria fir soil la . f of the aeighbouring islands being ofi a better quality, on *which yams, rice, cassnda, and fruit, are cultivated, and canveyed here ii sbrzial boats kept for that purpose. The produce of Tasso, anti the other dependencies of Bance Island, are cottOfll coffee, rice, indigo, and some of the most flvourite tropical fruit, but not in great abundance, such as pine-apples, oranges, plaitains, plums, bananas, &amp;amp;-c. &amp;amp;c. No)thing can lie superior to the cotton of Tasso, whichs is by far the most excellent plantation for that article of any on the windward coast of Africa, but it has never been cultivated to the full extent of the capabilities of the place. The coffee also is of the very best quality; but unfortunately it is liable to the saine observation respecting its cultivation as time cotton. The indigo is equally excellent in quality with any imported fromt our colonies, and the flavour of its fruits are no-where celled. These islands were formerly well supplied with cows, sheep, goats, and poultry; but neither of these can now be procure(d, except at very high ,prices, as the whole of these possessions Jave been for some years suffered to fall into neglect, the abolition of the -slavc-trade having withdrawn the attention of tihe proprietor. We have nao horses in these islands, zior do they thrive %vell lhere. They are *ometimes brought fro(i the Cape de .Verd islands, or trown the more northern coast of Africa, but, becoming einaciatett, teoy soon sicken and die. Mules answer better, isoth for pleasure and la+,our; but even these are of bad apgearemiCe, are few ill number, of little strengttI, and of course afford no great profit. At Sierra-Leone, hfowerer, soine of the officers contrive to keep tideraLly decent horses; tout tbeis is diue at al very con.*iderable expense. Through alinost all he countries in tbis part of Africa, the labour of every kind is manual; anti it would be as uncommonuo here to see a team of horses conveying large loads of gone or timber, as toi witness il) Londoll gangs of men carrying ponderous bodies. The slaves here carry in their hands, &amp;quot;r on their heads, all their buitbeas; amti, when great weights aire to be moved, there is 10o wanit of numbers to apply to mihe work, which they perform with admirable dexterity. As to the populahmtii of these islands, I fiud the same difficulty in coming at any thitg like certainty wIich I hIave aspcrlaeced ill all ,Atitan settlCmeats. The black native$ do tot i 9 counted;&amp;apos; indeed, they wl ,,, tl)emrselves in any way to be enumerv I should suppose, hbwever, ihat 6ft f or eighteen hundred is full as ngn as they ever contained, at one aid ti same time, and they are now Wuced to a tenth of that number. During te most 41lvrishing period &amp;quot;of tdt 1 nable traffic, the slave trade, frq tId, place, the proprietors of this island tw from seven to eight hundred nane, people, called Gramesgo, who wqb slives, colnstantly at work ?W tlem. These Grwtctas were an highier ardft of slaves, if there can tie gradattions in slavery! nhey were broughit up i shipwrights, hlacksmitrls, weavers, jo. crs, carpenters, bricklayers, and n various other arts; but, since the .4 lition of the slave-trade, these art4za1 have been dispersed amnol)g the wi. rounding nations, and are to be nu u the Mandingo, Sooson, Ballam, and &amp;apos;f. marry cougtries. I have seen a tewof them here, whose workmanship I do examined, and I consider it not ifterior to the same kind of work done by L. ropean artizans. These people had thr wives anp families, and lived in SOM degree (if comfort; yet they were s5h. ject to be sold, torn from all they 4 dear, an)d sent to the West Indies, wn. ever it suited the arbitrary will or tlde pecuniary interest of their stone heatt overseers. What ai eternal (lisgrac to mankind, thalt this traffic in humnn W sshould ever have beets p)ermitted ! It s impossible for any one in England, who -never-was an eye-witness of the ulG* trade, to iorin any adequate idea of i intrinsic horrors! The men in this vicinity are of hM stature and strongligabed, particuiart the Mlandiogoes; many of Ohem go naked. The women, when young, are gener*r wery pleasing, and some of theae an esteejed handsome, while tbey encouirW no comparison with the fair compkii1 and loveliness of Europe. They ar ot the iniddle size, or rather below it; tbqW whole figure is erect, graceful, alid tive; their countenances very cheneil with fine %% hite teeth; aud they eare* markahly careful of their person%. 2W vious to marriage they go ahtut alW naked; but they are nevertheles, lal full extent and m eanling of the qual.% perfectly nmde t. An tmmnwdebt Ic or an improper ti ord, never is coW or uttered by them, I aietErklWinstance of public prontistmlD law inadepe&amp;apos;adenS ABlock &amp;amp;#UlesWhuS; I whereVer I have known this cursal of ,ccmt t&amp;apos; ecir t i l Africa, it has either welnll s ar tls&amp;apos;* settlemelitt or io places ,here Ile iaties have been corrupted by 1he Chiri&amp;quot;&amp;apos;&amp;quot;lS. Atter ih. v sre married, the women in, these cow&amp;apos;I rimes wear a slight covering croin te waist diwmwards, but all the upper part of hie body bstill remains uncovered. Tbey are patterFss of fidelity to their bus. tb3ds, tetween whom and their childreli their otfectiolns and labour are divided and dev&amp;apos;tcd. I have seen instances of tenderues jo these women, thpat would Iave done bomir to the hearts of the b-esedicated females in Europe. I cannot venture to extend the limits of thbs Ittter; or I could give very in. h, terestinz ainstaices of strong and disin. ir terested affection among the black inha. t1 biants, especia4lly in the Soosoo nation. C Bance island, and its dependancies, v re the property oi ALEXAVDEft ANDER* a joN, esq. ot Philpnt-hmiie, Lotidon ; who, 3, itipartwerslhip with his late hrother, oc. t cupied wnd improvedl them for carrying I on the slave trade, anid also for general I commercial purposes, till that execrable I traffic wvai abolished by the BritilI lee gislaturv. Thiese possessisfns were vested 1 ni the father of the presetit proprietor, by Act of Parliament, in the early part of the king&amp;apos;s reign. Messrs. Andier.sons, at various times, laid out above 40,0001. an these islands, merely in buildings. They hald many ships constantly navi. gating to and froin England tind the West Indies to Bance island ; and thouiands of slives were annually transported from this little spot. To the honor of Mlessrs. Andersons, it must be acknowledged that they carried on this dreadful traffic in its least terrific and inhuman forms; and, by their instruc. tions, the tragical horrors of the middle passage were, in some degree, miithrated. This place, when the slave trade was legal, put on all the pompous appearance of . military.commercialf depot. The agent of the proprietors was placed s governor over the whole; and through him every act, both civil and military, Wag adiniiistered. When the slave-ships were loading with their ill-fated victims, It was the custom of the governor to haVe large parties to dinner at his house, Wore whicl, the British flag wns hoisted, Slid the airs of a band of music proMoted the circulation of the flowing goblet! But, since the abolition of the &amp;apos;!are trade by England, a solemn, deep, ind radical gloom and silence has for Ser1 jia st 3ear# [l&amp;apos;ng over tlhit tii&amp;apos;ldlar place. The ships oon d i a ha hammer was sklenced-thc houses wee deserted-tIhe swunds of revelry wer stopped-the oar, ulhe hIe, aid Sb spade, were laid asitdatmaul idlenes Wnnt, and ruin, cluined e&amp;apos;nlpire elver all that was 3notionl and asiuety.-.all, on a sudden, about three years uao, &amp;quot;e wera surprized by tule arrival of a mlfit&amp;quot;7 party, recruiting for certain Westeltiqi corps, sent for the purpose of packai n black soldiers ons the coast of Afrii The governor sent the party to iakW possession of this island, and it las since become a barrack and depot foer ALAC5 RECRUITS! Every intelligent and feeling peson here views this bysten, of recrumitmip a S nost cruel expediemt; midI l esitate no to pronoiunce it, in principle and tendenq cy, equivalent to tile slave trade itsef while it is susceptible of 1oia1iy irrenweiv ahle abuses. There are tvo modes of making these blnck soldiers The frst is to give vwhat is called a bhunty of i few pounds; or, in lieu of mooey, some paltry trinkets, beads or shewy anides; upon the acceptance of&amp;apos; which, the igne rant native slave is induced to take aR onth of anlegianace to-(l blush it write the honoured nanre,)-not one word of wkich does he understumut. Ile then bE conimes a vlunteer- soldier for life, and is sentl off tt time West Niflies in the finst trantsport ready to sail with recruits The way in which this power may b abused, is by the officers making presents to the neighbouring chiefs aid kingis, who would not scruple to lorce their slaves to become recruits ! The other mode of getting recruits it by turning the captured slave, (who am conldemned at Sierra Leone) into sol diers, after beinlg captured *in this coast from thre Portugue!c amid Spaniards. Some thIoutlan(1s of these umfortunale wretch( s(wloom you go.sd people at home believe to be liberated) have been thes b-rought in amnd condemned. Thme whole I of the able-bodied men are mnarched tp from the slave-ship, and, after passing tthrough time form of an oath, they bos coine soldiersfor life: the law expresly I, denying to captured slaves, the bendt oof &amp;quot; limited serrice.&amp;quot; WMen the elees , of such a law is known ii England, I 1, cannot doubt but a sense of justice ad , humanity will kead to its enrly repeal or ) modification. It only remailes for me to Sugi% that it would be as wise as just, in ths friends of Africa, to tarn thei WsnisS littCitiQva to t1l reme4y of tb many W&amp;quot;M *vils which are consequent on the abolitin&amp;quot;I of the %lave trade, a measure which iis theory is delightful, desirable, and proinising-but which, in its uninodified effects, has been productive of ruin, oppression, and misery. S&amp;apos;,me atonement is due to the people of Africa for the wretchedness which the vicinus prosperity of tbc West Indian plantstions have inflicted on this vast continent; and I conceive no hetter plan could be adopted than for a benevolent government to possess itself of Bance nland and its dependencies, on which all the captured slaves taken on this coast sunight be placed in a state of immediate freedom, instead of teing convertedl, nolens volens, into soldiers ! Mere they might be rendered happy and usful at a simall expence, an(d the philanthropists and legislature of England would thseu be entitled to the b.lessings of thousawds of their fellow men, whose mode of blavery ha9s hitherto been cbanged chiefly in name and forlm. PHILO- PARK. ** An interesting POSTSCRIPT to this ralva.le commuxication, relative to the cdimak and halh of this coast, shalt appear in our next.</FullText> </Record>