<?xml version="1.0" encoding="UTF-8"?>
<Record> 	<Version>Record_v1.0.xsd</Version> 	<RecordID>4672557</RecordID> 	<DateTimeStamp>20180928135637</DateTimeStamp> 	<ActionCode>change</ActionCode> 	<RecordTitle>SEPARATION.</RecordTitle> 	<Publication> 		<PublicationID>2952</PublicationID> 		<Title>Monthly magazine, or, British regster, Feb. 1800-June 1836</Title> 		<Qualifier>London</Qualifier> 	</Publication> 	<Publisher>Printed for R. Phillips</Publisher> 	<Volume>17</Volume> 	<Issue>113</Issue> 	<AlphaPubDate>Apr 1804</AlphaPubDate> 	<NumericPubDate>18040401</NumericPubDate> 	<SourceType>Historical Periodicals</SourceType> 	<ObjectType>Poem</ObjectType> 	<Contributor> 		<ContribRole>Author</ContribRole> 		<OriginalForm>CLEMENTINA</OriginalForm> 	</Contributor> 	<Contributor> 		<ContribRole>Editor</ContribRole> 		<LastName>Aikin</LastName> 		<FirstName>John</FirstName> 		<PersonName>John Aikin</PersonName> 		<OriginalForm>Aikin, John, 1747-1822</OriginalForm> 	</Contributor> 	<LanguageCode>ENG</LanguageCode> 	<ISSN>2043-4537</ISSN> 	<ISSN>2043-4529</ISSN> 	<StartPage>256</StartPage> 	<EndPage>256</EndPage> 	<Pagination>256-256</Pagination> 	<URLDocView>http://search.proquest.com/docview/4672557/</URLDocView> 	<Products> 		<Product> 			<ProductID>1007574</ProductID> 			<HasFullText>true</HasFullText> 		</Product> 		<Product> 			<ProductID>1009130</ProductID> 			<HasFullText>true</HasFullText> 		</Product> 		<Product> 			<ProductID>10000001</ProductID> 			<HasFullText>true</HasFullText> 		</Product> 		<Product> 			<ProductID>10000297</ProductID> 			<HasFullText>true</HasFullText> 		</Product> 	</Products> 	<Terms> 		<FlexTerm> 			<FlexTermName>DerivedSubject</FlexTermName> 			<FlexTermValue>ENGLISH FICTION - 18th Century</FlexTermValue> 		</FlexTerm> 		<FlexTerm> 			<FlexTermName>DerivedSubject</FlexTermName> 			<FlexTermValue>ENGLISH FICTION - 19th Century</FlexTermValue> 		</FlexTerm> 		<FlexTerm> 			<FlexTermName>DerivedSubject</FlexTermName> 			<FlexTermValue>ENGLISH LITERATURE - 18th Century</FlexTermValue> 		</FlexTerm> 		<FlexTerm> 			<FlexTermName>DerivedSubject</FlexTermName> 			<FlexTermValue>ENGLISH LITERATURE - 19th Century</FlexTermValue> 		</FlexTerm> 	</Terms> 	<FullText>SEPAR ATION. TjHO&amp;apos; fep3ration is decreed Our fwceteat plcafurts to impede, A nd all our blifsdettroy ; We will not think on what is pafi, Nor let the ptefent mis&amp;apos;ries blafl Our hope of future joy. For hearts were deflin&amp;apos;d to unite; And though the union fuffer blight In tl)is imperfea fiate, Fututity wvill change the fcene; There Malice (hail not lurk between, Nvr dark. niilrutls create. 0 &amp;apos;tis a change I often view, When Fancy pairnts with brilliant hue, And colours alldivine ; When by Imagination&amp;apos;s aid, In feas of perfe blifs I wade, And cal l enjoyment mine. Fricndihip fhall there not prove a dream, An ufelcfs or uncertain theme, For (hall not all partake ? Yes, there nmv Spirit, unconfin&amp;apos;d, Shall (!are avow its kindred-mind; Nor frorm the blifs awake ! Ye hour s which hinder my repofes Fly fafi, nornmu!tiply my woes, But let me gently glide O&amp;apos;er the chill wavcs of Deith&amp;apos;s dark firearm, &amp;apos;Till they are loft n the bright theme Ofjoys fo vafi and wide. ID -. L- %.- 1 CLEMLENTINAt latI, ya. 3804.</FullText> </Record>