<?xml version="1.0" encoding="UTF-8"?>
<Record> 	<Version>Record_v1.0.xsd</Version> 	<RecordID>4672359</RecordID> 	<DateTimeStamp>20180928135637</DateTimeStamp> 	<ActionCode>change</ActionCode> 	<RecordTitle>Back matter</RecordTitle> 	<Publication> 		<PublicationID>2952</PublicationID> 		<Title>Monthly magazine, or, British regster, Feb. 1800-June 1836</Title> 		<Qualifier>London</Qualifier> 	</Publication> 	<Publisher>Printed for R. Phillips</Publisher> 	<Volume>39</Volume> 	<Issue>269</Issue> 	<AlphaPubDate>Jun 1815</AlphaPubDate> 	<NumericPubDate>18150601</NumericPubDate> 	<SourceType>Historical Periodicals</SourceType> 	<ObjectType>Back Matter</ObjectType> 	<LanguageCode>ENG</LanguageCode> 	<ISSN>2043-4537</ISSN> 	<ISSN>2043-4529</ISSN> 	<StartPage>480</StartPage> 	<EndPage>480</EndPage> 	<Pagination>480-480</Pagination> 	<URLDocView>http://search.proquest.com/docview/4672359/</URLDocView> 	<Products> 		<Product> 			<ProductID>1007574</ProductID> 			<HasFullText>true</HasFullText> 		</Product> 		<Product> 			<ProductID>1009130</ProductID> 			<HasFullText>true</HasFullText> 		</Product> 		<Product> 			<ProductID>10000001</ProductID> 			<HasFullText>true</HasFullText> 		</Product> 		<Product> 			<ProductID>10000297</ProductID> 			<HasFullText>true</HasFullText> 		</Product> 	</Products> 	<Terms> 		<FlexTerm> 			<FlexTermName>DerivedSubject</FlexTermName> 			<FlexTermValue>ENGLISH FICTION - 18th Century</FlexTermValue> 		</FlexTerm> 		<FlexTerm> 			<FlexTermName>DerivedSubject</FlexTermName> 			<FlexTermValue>ENGLISH FICTION - 19th Century</FlexTermValue> 		</FlexTerm> 		<FlexTerm> 			<FlexTermName>DerivedSubject</FlexTermName> 			<FlexTermValue>ENGLISH LITERATURE - 18th Century</FlexTermValue> 		</FlexTerm> 		<FlexTerm> 			<FlexTermName>DerivedSubject</FlexTermName> 			<FlexTermValue>ENGLISH LITERATURE - 19th Century</FlexTermValue> 		</FlexTerm> 	</Terms> 	<FullText>I I* C OnM=I,,CG iVM 04 ned J. L ck eock ; J. nJ. Jr.A. .: 1N.: t7&amp;apos;rusrplant; P ;cj;-;-g-j:&amp;apos; F&amp;quot; .LdXCKCElcX; J. Banuna~ixe; 4. Z. - J.K.; W &amp;quot;&amp;quot; lilll; II. Naie; J. Jexismpg; T&amp;apos;. Dick; li.R.I; dl Jfl&amp;apos;d Eku~se on the Grectial Dnurna; the Prolla &amp;apos;iaiion of NPJwsa qf f&amp;apos;Iwa; Ik~lasI &amp;apos; 9.tM &amp;apos;&amp;apos;U( f #e teock&amp;apos;s; antd Mitii~,8 Thnmvi.; wWa Mhe Memsoir itt jf k~ %Sher persona, Are beees v r4d~ly d~efered. No4iw&amp;apos; feia k~ cgttie,, 4.c. sk&amp;apos;ueLd veacl us by the lOtI..-Aimtcu * W JOr~ ~a.rciv~r t) lIke, cuimditiom of ike uenmsfa &amp;apos;*,disti&amp;amp;41 yiU be W Wp--k oriv fact rtidive t0 the 4tffI o iwc,.dedwrsanaimev4~ 4*-; ax4i~cvtc -h ~dexi tn our~ 4rst forty voliume *9 in rrM</FullText> </Record>