<?xml version="1.0" encoding="UTF-8"?>
<Record> 	<Version>Record_v1.0.xsd</Version> 	<RecordID>4685591</RecordID> 	<DateTimeStamp>20180928135454</DateTimeStamp> 	<ActionCode>change</ActionCode> 	<RecordTitle>A S of Psalm Tunes, with some Select Pieces, and an Anthem, composed in a familiar style, and figured for the Piano-forte, &amp;c. by Thomas Clark, Canterbury.</RecordTitle> 	<Publication> 		<PublicationID>2952</PublicationID> 		<Title>Monthly magazine, or, British regster, Feb. 1800-June 1836</Title> 		<Qualifier>London</Qualifier> 	</Publication> 	<Publisher>Printed for R. Phillips</Publisher> 	<Volume>35</Volume> 	<Issue>237</Issue> 	<AlphaPubDate>Feb 1813</AlphaPubDate> 	<NumericPubDate>18130201</NumericPubDate> 	<SourceType>Historical Periodicals</SourceType> 	<ObjectType>Review</ObjectType> 	<LanguageCode>ENG</LanguageCode> 	<ISSN>2043-4537</ISSN> 	<ISSN>2043-4529</ISSN> 	<StartPage>69</StartPage> 	<EndPage>69</EndPage> 	<Pagination>69-69</Pagination> 	<URLDocView>http://search.proquest.com/docview/4685591/</URLDocView> 	<Products> 		<Product> 			<ProductID>1007574</ProductID> 			<HasFullText>true</HasFullText> 		</Product> 		<Product> 			<ProductID>1009130</ProductID> 			<HasFullText>true</HasFullText> 		</Product> 		<Product> 			<ProductID>10000001</ProductID> 			<HasFullText>true</HasFullText> 		</Product> 		<Product> 			<ProductID>10000297</ProductID> 			<HasFullText>true</HasFullText> 		</Product> 	</Products> 	<Terms> 		<FlexTerm> 			<FlexTermName>DerivedSubject</FlexTermName> 			<FlexTermValue>ENGLISH FICTION - 18th Century</FlexTermValue> 		</FlexTerm> 		<FlexTerm> 			<FlexTermName>DerivedSubject</FlexTermName> 			<FlexTermValue>ENGLISH FICTION - 19th Century</FlexTermValue> 		</FlexTerm> 		<FlexTerm> 			<FlexTermName>DerivedSubject</FlexTermName> 			<FlexTermValue>ENGLISH LITERATURE - 18th Century</FlexTermValue> 		</FlexTerm> 		<FlexTerm> 			<FlexTermName>DerivedSubject</FlexTermName> 			<FlexTermValue>ENGLISH LITERATURE - 19th Century</FlexTermValue> 		</FlexTerm> 	</Terms> 	<FullText>.,&amp;apos;Psalm Tunes, with some Select Picces, ;:A&amp;apos;n the,,:, cIrposed in afamiliar sty&amp;gt;ep _fiured &amp;apos;, - the Piazo-fcrte, ecu by L7o- mas Clark, Carterbury. 5s. (tJ talls coilectiomn we d.oinot speak in kerms if distlilrt~l~ilived praise. Thie mvI, dies &amp;apos;Mle deficient in origiaalhLy, Rti(d t(ie combinatimis are- not tho)se tf a rwaster. Aln anthem, properly so caied, iO mne of the noblest productions witichl iiMIC is capible of producing; and, if tile piece heic p)reene(1 to us under that tit e, etiriied the (dentlinattiOm, S C should iiot witlihold our applhuse.</FullText> </Record>