<?xml version="1.0" encoding="UTF-8"?>
<Record> 	<Version>Record_v1.0.xsd</Version> 	<RecordID>4685358</RecordID> 	<DateTimeStamp>20180928135502</DateTimeStamp> 	<ActionCode>change</ActionCode> 	<RecordTitle>PHYSICO-MORAL and POLITICAL ILLUSTRATIONS and APOPHTHEGMS; written in the year 1797; by MR. LAWRENCE.</RecordTitle> 	<Publication> 		<PublicationID>2952</PublicationID> 		<Title>Monthly magazine, or, British regster, Feb. 1800-June 1836</Title> 		<Qualifier>London</Qualifier> 	</Publication> 	<Publisher>Printed for R. Phillips</Publisher> 	<Volume>46</Volume> 	<Issue>319</Issue> 	<AlphaPubDate>Dec 1818</AlphaPubDate> 	<NumericPubDate>18181201</NumericPubDate> 	<SourceType>Historical Periodicals</SourceType> 	<ObjectType>Feature</ObjectType> 	<ObjectType>Article</ObjectType> 	<Contributor> 		<ContribRole>Author</ContribRole> 		<OriginalForm>Ecce</OriginalForm> 	</Contributor> 	<LanguageCode>ENG</LanguageCode> 	<ISSN>2043-4537</ISSN> 	<ISSN>2043-4529</ISSN> 	<StartPage>395</StartPage> 	<EndPage>397</EndPage> 	<Pagination>395-397</Pagination> 	<URLDocView>http://search.proquest.com/docview/4685358/</URLDocView> 	<Products> 		<Product> 			<ProductID>1007574</ProductID> 			<HasFullText>true</HasFullText> 		</Product> 		<Product> 			<ProductID>1009130</ProductID> 			<HasFullText>true</HasFullText> 		</Product> 		<Product> 			<ProductID>10000001</ProductID> 			<HasFullText>true</HasFullText> 		</Product> 		<Product> 			<ProductID>10000297</ProductID> 			<HasFullText>true</HasFullText> 		</Product> 	</Products> 	<Terms> 		<FlexTerm> 			<FlexTermName>DerivedSubject</FlexTermName> 			<FlexTermValue>ENGLISH FICTION - 18th Century</FlexTermValue> 		</FlexTerm> 		<FlexTerm> 			<FlexTermName>DerivedSubject</FlexTermName> 			<FlexTermValue>ENGLISH FICTION - 19th Century</FlexTermValue> 		</FlexTerm> 		<FlexTerm> 			<FlexTermName>DerivedSubject</FlexTermName> 			<FlexTermValue>ENGLISH LITERATURE - 18th Century</FlexTermValue> 		</FlexTerm> 		<FlexTerm> 			<FlexTermName>DerivedSubject</FlexTermName> 			<FlexTermValue>ENGLISH LITERATURE - 19th Century</FlexTermValue> 		</FlexTerm> 	</Terms> 	 	<FullText>For th1 3Jilnt,&amp;apos;,Alt Maazine. FIiYSlC0 .MOIMAL anld POLITrICAL ILIUS&amp;apos;I&amp;apos;IIA rl([NS all( AOP[f1 rEGOMS; written } tkt&amp;apos; qJca 179&amp;apos; ; by MRft. LAWRENCE. &amp;apos;Co2diiet?&amp;apos;#ed fromn p. 216.) s (f reli-ions or mnoral, so of civil i )&amp;quot;emlllhent,thic olst itmportait and tl~ia~et~l iltlwh1enl divestedl *o llt lfefisd additiomis, are perrcetry iiiti&amp;apos;l to the meanest Ihiunman catv it!: Ilbut, (&amp;quot;vezi gri-atin&amp;apos; them (obscure, t e I(Wvost iiidividtial l-issesses the right, 1,: ) n&amp;apos;a tural . d(lepityl :r (leniti? iis Amp&amp;apos;1 t1&amp;quot; 1o a01 d dJ(*e puty: dleny hli in IU1&amp;lt;, ; UL1III&amp;apos;:kl ;;l np1 has provided bi i l&amp;apos;W l4t^Uici Ceoij c, and a resouirce, &amp;apos;1 the *&amp;gt;%&amp;apos;ir or&amp;apos; hlis own arm. rl&amp;apos;lis rig&amp;gt;$t (iiafts(s it sell&amp;apos; q)ontaneotisly from tIt&amp;apos;l, it i jijlt. to the society at large, &amp;quot;&amp;apos;&amp;quot;&amp;apos; !is&amp;apos;OSSC&amp;apos;S ilnerently anied impre,ti&amp;apos;ly, theC right to elect its own ~t Thrr lor public servants, and con~(Th~d t cahir them for mnal-admib e other articles alltided to by our oorrtv i&amp;apos;? d Wut will fuit our Cornucopia. nistration, or even for any cause, of tine justice and expedience of which, the society alone, duly represented, is tine sole competent judge. Inn the case of revolutions, as indeed of every other human act, tle only relative quetions are of justice and expedience. It is the strong hold of our common. p)lCc politicians, that t/e nea eir to trutv in the abstract, the farther Ji]on it ia practice; b)ut these indiscriminating ob. servers do not discern that position to I)e merely a predicate of tlic sophisticated and unstable state of society. Takingr the above maxim in its proper seMse, a convenient inurder or a profita aI)le robbery, if well skreened by right orthodox learninmg rom the understanding or tile prophane vulgrar, are good lractical things. For example, can any worldlingr doubt the justice of thle slave-trade, of colonial slavery, or of a good profitable war, defended as thev may and have b)cen, o0i holy Scripture authority ? But it would be a mutost wicked, profligate, anid unl)ardomnal)le thingm, nay, matter of hangring, to rob or muider wvitthouit the proper Sanctioni, There yet arise, at evcry period, iti civilized society, certain Simple fanatics, wiho, however well they may recognize truth in her state of nu(lity, it is clear, know nothiing at all of her in lher practical or political garl. It&amp;apos; truth and right 1)e mere convermtiosal terms, entirely dependent on the i mitiAic andi varying opinions and( sel)earte iNtercsts of mankind, their very eC.;Selnce is lost, they are but temjorary aw1, arbitrary dicta, of no greneral obligation; thence treachery, fraud, pillage, even Silr(ler, may change their nature, and become not barely indifferent acts, but meritoriolus. It h&amp;apos;as been well said, as in mechatpics, the 1nost simple machines arc the easiest of operation; so in morality and 1i&amp;apos;lIitics, the nearer a system approximate to simple truth, by so mnuch is it the more easy of execution, more safe and more durable. It is silly in tIne extreme, whether in ermine, iii lawn sleeves, or in the quaker garb, to prattle or (Irivel about tile experience of its practical utility, prcviously to the -allowance and establishment of human righlt. It is thne deliberatiom of a not too-honest ju(Igc, as to tile convenience of doing impartial iustice; of a discrete and circumspect public defaulter, as to the practical use ofd disgorgint the full amount of his corrupt anid secretly Obtained pemisimis anhl ciuoluuIeCIts, Crrl1lu:iI5flts, a proceeding *wlhiWcl, h1ow#&amp;apos;% ei&amp;apos; jlwst ailni j)Iausible ill tIhCoFI , miight lnve ^very ill pr-actical eficeto (o tile p;ivate interests and elljo0&amp;apos;elnts of&amp;apos; his (own-11 personal aristocracy. To copy nature herselt&amp;apos; in her first and grawil displav from universal l icenseI, .imressioll SoCply beintr rep)ressed, s)o1itC:uaeoisiv resulls universal ordedr. To sFPCk 01 piractical tbCIIerits inl society, ,s colntradisl inguiished froi natural rights may h)e deemed a very dccenit opy of tle system of thle hn(1toirnablic societies rAf JBawshIt. aildl Pad(ltdilglo, lIt onl account of tile probability that thesc last aie the copy isits. &amp;apos;V lie i)retendcd imlpracticability (f fo~nditl r al lneW governIIIme(qnt upo)za1 thle principles of universal truth, or of reform izig an aitiquated antd su peranntuated o01W to, the same stan(dardl, is diheer iionsense and knaverv. All ,,wvPr))le1nftS must be fionded in, eznd defrn:ded l^y, force; which is inlinitely better antl more see;mel-v ( eIployed in tlie Si1lpport of tjistive tlI:%,I aIg,;tilst it ; ;id tile pp[ositioln e&amp;apos;(i&amp;apos;- arises Iromi the initertistd(l teiv: uand, tir liomti any lasthiig iischliefs and iolanlCflijCj (&amp;apos;fS Jlmy&amp;apos;itgr w compaiiied a nearer appro()ac to I utl ;m(1 l)Iilnicple ill re0illul26i1ohim 0o *overimuents, the experiemlle ot all limes lii-is Itrov&amp;apos;d tile il)V;i ;|i)ae IC&amp;apos;.Ii t, I gICat(&amp;apos;l&amp;apos; SeCullrity to pwrolely as well as to libert.&amp;apos;{. &amp;apos;Th&amp;amp;er*van cv iclmitl be i1o Such thing as prniftival per uti on ill ai. humall sys11ill ; all apl)U)tOtC 1o theoletical pwerf ctionl thurc( Illa ald ev*er oulgilt 1o !)CwhiiCh is Simply3p). ti(&amp;apos; C know&amp;apos;le1dge and( admiission cf tivun-rsa&amp;apos;rl ig lit: und&amp;apos;er a gowerimeait cslabhlicSed o()I tle Illost ptbilrct prillcip1es, tile pracltical errors w ever bc sufli iienly nu11 merous; iln what a comnpo:ll(le ratio thezn must tely exi-st, XIl(&amp;apos;le Imotlh prii!ciple and prauctice arc de(tsifvi, w here thle 1oiildiiolms themijb~elvesare ro ittvi Otur ;aw( stmrs %vere pere:c etly yirplit ill tVivr lavotirite adage of tiv? danger of vellwvliti- t611dallit;lis. W~ithouit a certailltv as to their ade.ilute aild efficient ubs1- iltite. It mltte(it-l little to them &amp;apos;wihether the flock were 14ed by Ilie iose aid s!x&amp;apos; areil by a (!4) inveoal ioi of bishop)s, (r aa ; ssemiblb of fis imies; f biet her they were taxed by anl arhitrar3 executi s, *W (C\(iscd I)y an aristocrittic am1d hypocriticadl larliamen t oft horotrig-monmgers &amp;quot;&amp;apos;hethler whe vere bullied bLy tile wrongltad~et (%|&amp;apos;1iarles, or the &amp;apos; long-hlea&amp;quot;Ided (&amp;apos;roincil: hlut tle - Wind of poflitics has ba;&amp;gt;pi1) hiigcdsince a cetuill attist, however unlearned, &amp;apos;Is in1structed m, kind in the use of the trme political CO111pEss, or lniivelsal PIolitlial tot4l l{evolutioi s are Ialwlad:(is, w1ili 1)0, efeetm;ted witl as little daina~geah,, lbloo(lkheld as 0(Cciir il a fasliiolialI, i..miglisli ( it1(1l: . leetiilmr, hI)ilf a scuiw hal&amp;apos;l1(&amp;apos;ss shots, and a b elilltill iu tile 1iC1wsplphers It is iii the( ihghest (degree abslurd, al!l c vil es gross insvlesibility to the ilatill i&amp;apos;l proresl ofS Othil Ihl~Il iliiiprO~ (&amp;apos;mldClt to lwasX~ oif tile i limmcmlte wis(doml (if 4past a.&amp;quot; Ot&amp;apos; the il lic ti ( eN Cm Cele(MT t ;Of ancient system. M&amp;apos;. E rkiie ?ns X t&amp;apos; gait ly t1m(1 fin&amp;apos;cibl)y x xpusvd 1his ht,11 inl his trmet n the l1Thg~iish lolsew oil Comiimons. Messrs. lliui&amp;apos;k, G&amp;quot;6hiies, tMl, Jpissett, haive oily couffi-med the nori in anl optinion, thltat tley tilierlselves hawo never comII)preliellded thle 1new priliciple, whilst they supposedI them well ku11 ii to t110 :mcietits. If ailiy exceplimli, c1l he imlade, iti itimst b)e in imour (if t1h Ittdiaii lrepublics (f the middle utns-. whichi, however, may lie styled Itmodcr, &amp;apos;Thc democnrcy of&amp;apos; th1o : e(&amp;apos;icilt ( * IC(:&amp;apos;i11 Citi(s (&amp;apos;OnSiSt(&amp;apos;d Cither (f tile C&amp;apos;.(,&amp;apos;1 MAlll t1 IThllmiCa1 (domiliitial 011 o0 tlil h1id, 1! (t thlat sIrio lis ik i(1 of I-eprepentaoii , vhichl has existed ill N;at&amp;apos;iOilS dcgr1c&amp;apos;t.s ill -il comitries : namely, certaiii pieople. chiefly of raink and property, preprcseutlu thlcmselves, extene(l 1l licI t eresct&amp;apos;Stal iul a(d libitunq, .11nd bestowed pr&amp;apos;ecisely tiat ke&amp;apos;gree of&amp;apos; liberty 1p)0 11 the peoulC at largc whlich&amp;apos; thelly eN eiml. 11ww1d I)dst secure thoei own interests azit&amp;apos; McN(f1poly. Th1huS &amp;apos;were the aciCitet GcrMaiits represei.ted, in more cOi&amp;apos;-tt plirasc, enslaaved, by a miiitiao 1&amp;apos; pe1 y. ihe v5lry idea( ot th1e ? powt&amp;apos; of FITC cedeit conlvey s also thc i(IteaZ of t breadi of principle, sinc&amp;apos;e it sigrlnifics the imaphicit adoption of solie 1l&amp;apos;Ule wh 1Mli P0S sil)ly Iw-Iy not (q latin .te itN ,jI1A iC. &amp;apos;11)0 lielxl -I l p of olilicial&amp;quot;i is a -wailt of (liscrimilhIatioI 1betWeen avl &amp;apos;oida. ble or factitious, and r.Mdlw.&amp;apos;a anld &amp;quot;i&amp;quot;a voidable, cvils; between the, pernallet evils or a defect in prillciPkC. &amp;apos;1and1 tle casiml, but unavoidtible, (dcccts iu raxe ti cc. Althotigh tlhe late fikslhionablxle PlrPop Sitiin o4 the pe 11ettiilit3 of&amp;apos;i nlil, il is uniiiniited sense, be a chimeaa, atid a most loliseiIisical1 one it itndubitablY is; it i&amp;apos; nevertheless, tRic blounden dty thf ma to labour incessantly, uiutil he -&amp;quot;ttahhl time nearest possible I)oizlt to perfectiol. hOt oily with regard to tile icqmirefCnfntS of hil nelt&amp;apos; indlividaldiv, h)t those gcncr;dlY of tle couminuily to wilie IIgr5. .A , OlClml!llc.t 0 A goverflcr llt l)Cinfl 011Ce founded ou jid 01&amp;apos; 1IiV1&amp;quot;1l prlIdillciiles. tile systemn ;i ( meanis .tccountsable for aniy crros ivl practic(, which m1aiy sUpervente, All*I wjhicll eai Only hc aml1Penldcd Iby t he itmlpoeljlllit otf pu ilie Inol als. TIo s j)tlat sitciI (if tective - pi-tctice call 1ptiit ijoin tle theoretic truth ot thle sysswlem, is, equ&amp;apos;liV Iationadl as to .s)pecululte 11,01 tht1 insecurity and pr obalde fiall of IItoiSC, from I hie knowlcd&amp;apos;c ot its haivillg ; sid ttli&amp;apos;I(IaiOll, ail of its hav&amp;apos; inig l)been t&amp;apos;Ct(&amp;apos;d accordillgr to thile- purest and a jpovkrd princip)les 0o at&amp;apos;lehitcctirc l.c i) rorilir the practce ice a stte, v; 1liu tile ftil(l dincistal pli-i inCiles ot it&amp;quot; (&amp;apos;1Tverlnellt aleC Viciouls, is; hilt to ieed, mtaiOlislh, :iad si l h . ilfi-ct ion : it is a hindl 01t Br elm;irll Si- Steil] ()&amp;quot; po~lit ic s. Tc sh(Izlx&amp;apos;igr 01f i 1i0i~l1 bt( t)oo(t, and a!1 th!ose dire c.ilarmitics liece!.s.aritiv ittW1mhilt 11poil tVic recovel- ot o )IlI rI:,t by foce of ari..s, 9 i-(, ! most jilstty 41i1i solIely to be laidI to the1? clhalrge (AV t!,iosc lho. ll(on whIalto scct rf)Zet(lcC, evell tIA&amp;quot;t t iylOl&amp;apos;clIlCe, have OppOp C(t I he (ciilflS of p)lubliC jilltic(. &amp;apos;thls all tile, 11111rors of the&amp;apos; I J ncIh IiCeolutioll are 1111,4 juist!y attriltuitable to tile %%icke(lC&amp;apos; il&amp;quot;.K,[)t{ilt(&amp;apos;t\, .bllill~swlil N 9 ot tile 011 lalist(cracy o &amp;apos; it couitrv, which r-OdCRA(l Una~vtoidableI the iisk of Stich T&amp;apos;hie po)olitiv&amp;apos;l coflmml on-w!.e nf-t1,at !.f&amp;apos;2 ?&amp;apos;)Uiitst is best Iwliclt&amp;apos; ))I&amp;apos;oduueS nuast IW el , r~zlg()(vfis int winduly ;It b tlest t:i I rwtica ootl tic Ilit . icit.ilft 11;f &amp;apos;&amp;apos;J&amp;apos;s ill P incilei ()I&amp;apos; 1&amp;apos;i&amp;apos;.rilt U~e ~;~ .rISflce-.-- ti~u111 aui&amp;amp;~ tlsci( , r i&amp;gt;lit anti zIr(l!gs justice, and il)llsI Ilc, arc&amp;quot;T muere (flhl&amp;quot;&amp;apos;vtib)le awl Comlven&amp;apos;j;iit termis at tiie &amp;apos;Pti&amp;apos;&amp;apos;z, and (1 iseretioji oft j)ilweS, tili&amp;apos; js, i~lz~r di~xol~lw tist~s, atd co-wtltl(1 ri110 fiI0ts &amp;apos;1 [)I&amp;apos;%Ctical bcnc&amp;apos;its of soIt, Ire &amp;quot;&amp;apos; g rral politiecal ac(el)Wji t :d \&amp;apos;, IIOi?()tJ4:l}y &amp;apos;Illd tat siucce u ves ii ttil&amp;apos; h1ig&amp;apos;hI(bI &amp;apos; l.asss, a 1 lIOrni4u:4 tl.-it l}1-! . a&amp;quot; the l1li(1le I.;, a s -illd 11, ;ar ia aWith ta tla bfllillS. (Idreaded. aild il4 di(&amp;apos;llt --I- -o VW, ,I&amp;apos;l,, 4., - - y -Ecce! ( -1 le continued.)</FullText> </Record>