<?xml version="1.0" encoding="UTF-8"?>
<Record> 	<Version>Record_v1.0.xsd</Version> 	<RecordID>4687879</RecordID> 	<DateTimeStamp>20180928135637</DateTimeStamp> 	<ActionCode>change</ActionCode> 	<RecordTitle>To the Editor of the Monthly Magazine.</RecordTitle> 	<Publication> 		<PublicationID>2952</PublicationID> 		<Title>Monthly magazine, or, British regster, Feb. 1800-June 1836</Title> 		<Qualifier>London</Qualifier> 	</Publication> 	<Publisher>Printed for R. Phillips</Publisher> 	<Volume>32</Volume> 	<Issue>221</Issue> 	<AlphaPubDate>Jan 1812</AlphaPubDate> 	<NumericPubDate>18120101</NumericPubDate> 	<SourceType>Historical Periodicals</SourceType> 	<ObjectType>Correspondence</ObjectType> 	<Contributor> 		<ContribRole>Author</ContribRole> 		<OriginalForm>G C</OriginalForm> 	</Contributor> 	<LanguageCode>ENG</LanguageCode> 	<ISSN>2043-4537</ISSN> 	<ISSN>2043-4529</ISSN> 	<StartPage>545</StartPage> 	<EndPage>546</EndPage> 	<Pagination>545-546</Pagination> 	<URLDocView>http://search.proquest.com/docview/4687879/</URLDocView> 	<Products> 		<Product> 			<ProductID>1007574</ProductID> 			<HasFullText>true</HasFullText> 		</Product> 		<Product> 			<ProductID>1009130</ProductID> 			<HasFullText>true</HasFullText> 		</Product> 		<Product> 			<ProductID>10000001</ProductID> 			<HasFullText>true</HasFullText> 		</Product> 		<Product> 			<ProductID>10000297</ProductID> 			<HasFullText>true</HasFullText> 		</Product> 	</Products> 	<Terms> 		<FlexTerm> 			<FlexTermName>DerivedSubject</FlexTermName> 			<FlexTermValue>ENGLISH FICTION - 18th Century</FlexTermValue> 		</FlexTerm> 		<FlexTerm> 			<FlexTermName>DerivedSubject</FlexTermName> 			<FlexTermValue>ENGLISH FICTION - 19th Century</FlexTermValue> 		</FlexTerm> 		<FlexTerm> 			<FlexTermName>DerivedSubject</FlexTermName> 			<FlexTermValue>ENGLISH LITERATURE - 18th Century</FlexTermValue> 		</FlexTerm> 		<FlexTerm> 			<FlexTermName>DerivedSubject</FlexTermName> 			<FlexTermValue>ENGLISH LITERATURE - 19th Century</FlexTermValue> 		</FlexTerm> 	</Terms> 	<FullText>To the Editor of the Mlonthly Magazine. SIR. b T seems now to be generalily admitted, that water destroys every speccit c.f Ivirus, aiid, in suone degree, I 1LItuer tn - self, it tx1ay be attributed to the humike exertions of&amp;apos; individuals in Newspajoer and AiIag.ziiie communicaatils. Above twenty years past, I *was fully commeeti(edI of the truth, frin the comm?timc)&amp;apos;,&amp;apos;;lti4z isi of a friend who lutid residied lolit. at Smyrna anrd Damascus, %viwilut 0cver bein&amp;apos; under amy apprefihctsioi of beimp infecred by the plague, 4-owi1 t o the&amp;quot;&amp;apos;, simple precautioti of passilng e.cIy thilgP that camle iiito the house tbougih Water, at the time thait disorder raged ; this &amp;quot;:sI% also communicated to ine, I II cIt&amp;apos;IIV1satioln with tlihe litutiane HIowardI, .t Naples, wvhcn we were conversitns o11 tbe sul ject ot tile ga;lCy-shlaves ht~lsvilai; alt coltifirned lv l-lut ardls opinion, *% ho, onl that parimlciple, was theti re-solvliig to visit the plague-hospitals at Constantiiople. At ny return to England, a scarlet fe%-cr broke out in a school in my nmighbour hood, %hlich twice returnea with (fie schl&amp;apos;ars, although the roomn wert, %% lhitewashed, the house new painted, the biaitkets scoured, &amp;amp;c. &amp;amp;c. Anid * .t, at laSt stopped by putting aill thle r:tr. Ineilts of tile school-bovs, evtii tn thats a~ ,giove!, uinder water as they rctur ned. This fever was brought int( my o0%%n falmily, ly a person who had Leen i-% 11icnit Is absent from the p)atient, after nursing one in that verv coutajious disease, and would have cO:fluu nicated itself to my whole h;)use, b1Ad 1 no-t checked its progress by this ex;C dient. I therefore tiouglit it a duty to ulti. fish all I knew on that subject, and coat. tinued to do so every spriny .n all thse papers I could get at i -&amp;quot;I&amp;apos;d, I liave reu(son to beleve, with great utility. I &amp;apos;% t;ndcit seems to. be too gencr. &amp;apos;.y knom&amp;apos;l ri ; ed reed much further votice. Oni featherbeds, the humane Dr. Buchanl long since yive UsefuI hints, (for what T&amp;apos;homas &amp;apos;l-ron * rote on that subject, near a centuairy ago, stemed to btne l)een forgot;) but there is a mode of communicati g iMfctjon that seems to me to hav&amp;apos;e hi thei-to vsccpet thre observation of us all; (and nothing can be considered as uo. important, that relates to the security of the public IhealtI)-I mean by the %%*)oIlen gartuents thoat come immediately froin the fraines, or the hands of knitters, wiLtout going through the slightest ablution, and wl -hich many peopIe nre but loo apt to wear witliout tirst washing, bcause they appear outzardly so pure. Amnong tbese are drawers, socks, knit w;Iistcoatso to wear naext the skin; and stockings of all sorts. These articles are unide troM wool, first sputa in poor cot. tages, where often snallplpox, and typhus, and scarlet-fever, reigns; then the worsted is delivered to the framne-work-knitters, mWany ot whrom work at tlles with these diseases upo? them, and otten deposit their goods, * hen fi6ished, ill chambers highly infecte(l. They are also packed probably by hanmds, which, though clean, are not free irom contagion; the very clildren, when infected with the sinallpox, cainoe tie preventedl from handliln t?hein. Let us reflect therefore, that, as iw~thi:ng is more adapted to receive virus than w oulleI) garncri&amp;apos;,, who5e surface fhici new is a complete set of elastic Spl ingS,, little strigils, tliat, on being tandled3, sweep the surfaces of all bodies they come in contact with, and tience are so adapted to receiv&amp;apos;e the perspiration of, the body that wears them. Let us but a nmonment reflect on this, and see if it *would not be common prudence to itunierve ull such garments in water before mvLariing themn, or sufferilg thewl to lIe hanl(dl(l luch ill our houses, or ICl1td ailmong our linen. The precaution would cost nothing, ar;d, I venture to say, the chnnce of seurit! IS w ortzh te paits, as there can be litti&amp;apos;e doubt thlat all the cowntgious ijart ot any &amp;apos;Cirus, it ainy there vveie on1 them, to us imperceptible, would be conpletely destroyed by the operationt, -n! we see even tie effect on matter intended for inoculation, when exposed 1ow, to d danmp atmosphere. l r I have not now the smallest doubt, tli,-t the poor, Wiho labour in agriculture, o0%e a great part of the health thelenjoy, to tilt tItiunCIcy of tht&amp;apos;r exposure to the rains, that heavenly shower-bath, wlich the rich and the luxurious So carefully avoid. Bristol, Dec. 1, 1811. _ _000fm o. Cl</FullText> </Record>