<?xml version="1.0" encoding="UTF-8"?>
<Record> 	<Version>Record_v1.0.xsd</Version> 	<RecordID>4688713</RecordID> 	<DateTimeStamp>20180928135447</DateTimeStamp> 	<ActionCode>change</ActionCode> 	<RecordTitle>To the Editor of the Monthly Magazine.</RecordTitle> 	<Publication> 		<PublicationID>2952</PublicationID> 		<Title>Monthly magazine, or, British regster, Feb. 1800-June 1836</Title> 		<Qualifier>London</Qualifier> 	</Publication> 	<Publisher>Printed for R. Phillips</Publisher> 	<Volume>41</Volume> 	<Issue>279</Issue> 	<AlphaPubDate>Feb 1816</AlphaPubDate> 	<NumericPubDate>18160201</NumericPubDate> 	<SourceType>Historical Periodicals</SourceType> 	<ObjectType>Correspondence</ObjectType> 	<Contributor> 		<ContribRole>Author</ContribRole> 		<OriginalForm>T Y</OriginalForm> 	</Contributor> 	<LanguageCode>ENG</LanguageCode> 	<ISSN>2043-4537</ISSN> 	<ISSN>2043-4529</ISSN> 	<StartPage>21</StartPage> 	<EndPage>25</EndPage> 	<Pagination>21-25</Pagination> 	<URLDocView>http://search.proquest.com/docview/4688713/</URLDocView> 	<Products> 		<Product> 			<ProductID>1007574</ProductID> 			<HasFullText>true</HasFullText> 		</Product> 		<Product> 			<ProductID>1009130</ProductID> 			<HasFullText>true</HasFullText> 		</Product> 		<Product> 			<ProductID>10000001</ProductID> 			<HasFullText>true</HasFullText> 		</Product> 		<Product> 			<ProductID>10000297</ProductID> 			<HasFullText>true</HasFullText> 		</Product> 	</Products> 	<Terms> 		<FlexTerm> 			<FlexTermName>DerivedSubject</FlexTermName> 			<FlexTermValue>ENGLISH FICTION - 18th Century</FlexTermValue> 		</FlexTerm> 		<FlexTerm> 			<FlexTermName>DerivedSubject</FlexTermName> 			<FlexTermValue>ENGLISH FICTION - 19th Century</FlexTermValue> 		</FlexTerm> 		<FlexTerm> 			<FlexTermName>DerivedSubject</FlexTermName> 			<FlexTermValue>ENGLISH LITERATURE - 18th Century</FlexTermValue> 		</FlexTerm> 		<FlexTerm> 			<FlexTermName>DerivedSubject</FlexTermName> 			<FlexTermValue>ENGLISH LITERATURE - 19th Century</FlexTermValue> 		</FlexTerm> 	</Terms> 	<FullText>To the Editor of tMg Blouy Magaztin SIR, T HE knowledge of thee times and seasons was early enjoined, and that in respect of civil and religious iustitutions, for so it is recorded, and said of the heavenly luminaries, &amp;quot; Let them be for signs, and for seasons, and tor days, and years.&amp;quot; The book of Geness indisputably proves, that the eOmputa.tion of days, and weeks, and months, and years, were the original divisions of time, known and practised among the antediluvians, which at least supposes so much of astronomy and chronolog to have bcuii uuderstood. The great parent of the human racc, -endowed by the Almighty Creator with the most perftect powers of ikind and understanding,. vas divinely instructed. in the klowledgeoftliigs,-hiowtlieworldwas made, and the operation of the elements; the begriwing, endirg, and midst of the times, the alteration of the turning of the sun, and the ohange of the easons; the circuits of ?ear, and the posit of the stars.* rhe intitution of the Sabbath taught men to number the dayis Book of Wiidom, chzaps v% an4 and Adam, we may be assured, kept an exact registcr of the times, and his longlived successors after him, to Noah, who delivc ed the same to posterity. Astronomy was very early cultivated by the Chaldeans and Babylonians, according, to the testimony of Porphyrius and Callisilienes; and the former asserts, that the observations of the Chaldean astronomers then extant, viz. in the time of Alexander the Great, had been preserved 1903 years Simplicins, an accredited author iu these matters, re. lates, that Callisthencs was comminsioned, at the rcquest of Aristotle, to fetch from Babylon the records of those ohservations. The Book of Job shews that thc Cluddeans wvere, in his time, ago quainted. with astronomy: &amp;quot; He slretelb. etlh out the north over thie empty place, an(l Ihaugeth the earth upon nothing. I y his spirit lie hath garnished the hceaveins; his hand bathl formed the crooked serpent !&amp;quot;t &amp;quot; Caust thon bind the sweet ;inuenecs of Pliades, oF loose the bands ot Orion &amp;apos; an&amp;apos;st thou bring forth .Mazzaroth iii his season, or upide Arcturn;s &amp;apos;With li&amp;apos; 1 o;Oils? Knowest thon the ordi13;&amp;amp;JIC(&amp;apos;s~i ol hcavcz and canst thou, set 1t14&amp;apos; domuitticti thercof in the earth ?&amp;quot;+ T1h lavniit exjvolstuhatfins of tlhe poPhet Isaiah, challeinghig and eXPOSHIri tile vain pretellsiozts of tile Chakldean astrmlogers, sufficiently proves the study oif the stars lo have, e(TcI1 &amp;apos;I common pro fession aniong thei: &amp;quot;Iet now tlle astrolot~ets the: stal-grazers, tle monthly brtigno;ti~t lors, sitAd ip, .ond save thee, U I;thB0l1! from tile thiilngswhichj sh]all cosme i upM thee!&amp;quot; The Chaldean astrononiers were the first discoverers of tile eliil )lie, Pefio(l(4 othe sutl and inoon ; it M as wilh t1hem tile (~ Ciee of eclipses, was first knonw n, c ailed th {e &amp;amp;&amp;apos;os,or Chaldean c Cle, cortainimig two hu ndrcd and tweath-three synodical inonths, or eighteela Julianin +ears, ten days, (WIhen the cCle conlt.ils five leap days, and 1k(enll 41;t&amp;quot;&amp;apos;I s iv&amp;apos;l 1ie same e)-cle cont;:inss fi-r leap dals.) seven lhours, fr%1-thre&amp;apos;e wlillttCs, (tltli&amp;apos; {iulth : il i~nehllime aln correspondilenit new ll;O blfs, tlul mjons, and eclipses, return Dgaia.4 &amp;quot;&amp;apos;he S&amp;quot;&amp;quot;Os is mentioned by llfil- lil. ii. ol his -Natiral History, and 8%-lellus;, Chronogr. p. 17. Ville Straichuius&amp;apos;s Chronoloy of the Clatftean Ep~och, book iv. cthap. iv. t 3oh, cli. xxvi. * Cth. xxxi!. Isa. ch. xlvii. 1 Ste. &amp;apos;.toues Aihthmat. Diet. art. Ixlcipse. The Egyptians, the ancient rivalq of the Assyrians in antiquity, arts, and empire, must be allowed some claims ii the early cultivation of astronomy. Their most ancient observations include a period in which happened three hun. dred and seventy-three eclipscs of the sun, and eight hundred and thirty-two eclipses of the moon, and this period descends down to the time of Alexander of Mace. don, bu~t the commencement of it is not known. Gassendus relates from Diodorus, anmong the more memorable astrono. mical instriuments used by the ancients a stupendous orrery made in Egypt, and plundered by Cambyses about SOt years before Christ. This is (lesclibed as a great circle of gold, of a cubit thiekness, and three hundred and sixft-five cubits in circumference, on iWlhich were inscribed the zodiacal signs, with the three hundred and sixty-five days of the solar Year, and the hours of the rising and setting of the sun .and stars. The Idcryptian astronoiners are supposed to have first ascertained the apparent diameter; of the sun and moon, and to have determined the solar year. Their instrument b-y which they observed the apparent diameter of the sun, is (lescribed by Sacrobius as a marble concave hemisphere, adjusted with thc horizon, and gradllated Within according to the ho rary or meridian distances; with this they observed the risingr arid setting sun at the time of the equinoxes, watching the moment whjen the upper limb of the Sull&amp;apos;S disc aJ)peared in the horizon, and what lines his shadow made until his loIver limb appeared; by this rude method, only perfected by long and continuied( obsernation, they ascertained the sun&amp;apos;s apparent diameter at 33 min. 15 sec. of the circle, whichli is about thle 48th part, and neaily agrees with the determination of modern astronot mers, who have assigned the same at a mean 32 min. 05sec. and at most 32min. l9sec. Macrohius; sy&amp;apos;S, they computed thie sun&amp;apos;s apparent diameter to be the niith part of an hour; but, according to Ptoleny, the ancient geographers nunibered their meridians to every third part of anll hour, or distance ot five degrees of lonigitude; now the ninth part of such (dilision of five degrees gives tie number albove stated, Viz. 33 mi. 15 seC. A h&amp;apos;ich reconciles Macrobius, and corrOctSx a most sensible en or. &amp;apos;1Fhe Greeks received frim the IlIqlpdeanis and -&amp;apos; gyptians; as to the Gre-. cHaRIs, 4i ps Gassedldus, tholmgh some tiave tholno,,1ht they .lh-riilt put ii also a claim to the houour of beintg the authorm of this admit-able scicnce, yet by the judg1ment 4 of even Plato himself they are ti lay by the pretence of competition. &amp;quot; For (saitlh lie) the first that made sydercal inspections was a barbarian; a more ancieut nation than our own bred those mexi who first devoted their minds to thlat studyr, in respect of the sammerlike serenity -trnd perspicuity of the air, such as Lgypt enjoys, and Syria, where all the stars are clearly visible, and no clouds nor mists obscure the beautirul tfacc of helaven.&amp;quot; Among the Greeks, &amp;apos;1Thales the Milesian, who flourished in the 159tlh Olympiad,* was tbe earliest fimcd for the science of numbcrs, geometry, and astronomy. He is said to have ol)served the apparent dianfeter of the sun, wvhich he computed at the 720th part of the great circle or zodiac, supposed diiided into 360 degrrees, anld conseq(uenltly comtputcd thc same at 30 ininutes; and after him Aristarcihus and Archimedes concluded on the saine lulantity. &amp;apos;IThxales also ol)served the nature and courses of eclipses, whlich, lie calculated to exactness, and is satid also to have determined the solar year of 3%5 days; thits. was hie the first of astronomers ainong the GCreeks for scienlce, but the last and greatest was Hipparclhii s. Hlipparchus thlc Vthintijan flourisiled albout the 160th Olymnpiad ;t he has been called the prince of astr&amp;apos;OIOiners, from his discoveries, improvelentx, and(l reformatio:l of the science. Pliny makes frequtent and honorable mention of this great man, and places hiim in the numl)cr of those sublime gcniuises, who, by the prediction of eclipses, shewed that men ought not to be surprised at this phenomenon. Hipparchus; extended his favourite science beyond Thales, and others of his countrymen, for he made aim ephemerides for six hundred years to conle; heso carefully observed what concerned eclipses, that hie found out the proportions of their intervals; lie observed that the eclipses of the moon might return at five Vontlis end, and those of the sun at seven. He is also greatly admired for his knowledge of time stars, and for having described their number, situation, and magnitudes: and also for putting posterity in a capacity for discoverintg not only whether they appear or disappear, but also whether they change their place * Vid. Martin&amp;apos;s Biographia Philosophica. t BONfQrN Christ 49. and station in thle heavens, and increas. or decrease. He endeavoured to re. duce to rule many discoveries he made, and invented new instruments, whereby he marked their places in tbe heavens. Finally, le re;rxn mended the knowledge of the lteaineis as worthy the study of mankind, and wlhat would reconpence the greatest labours of auy who should be able to Whotlmon those knysteries. Pliny aud others called him, on this, account, the GOmfdeud of Nature; the eulogies he bestows upon the astrotoners. uponI that occasion seem to be well grounded, which may be rcad thus-.,&amp;quot;Illustrious men ! uay nIore than nien, who first discovered the laws by which those divinities were governed, and first :set tree the mliiids of nien who used to fremble at eclipses, 1eariug thcy auugured terrible calamities, or the ex, inctiou of those glorious luminaries. Dail! ye interpreters of heaven, Icartied in the nature of all thing-s, auid the discoverers of a subject whiere&amp;apos;by &amp;apos;oU hlac ov&amp;apos;er. come both gods andt ene ! tbr what Mortal, seeing tlhose thllnsg s, anld tdiz statc(l lah)otirs of the stars, will not be cJtent w ithl tlhe zeces~it to which their own nature is subjected !&amp;quot; Fron IThales to fI ippareims elapsed a pcriod of about 400 years, dluizji which interval flourisi ed nu any eminent plilosoiliers and matheui atic &amp;apos;ans tamotig the Greeks, several of whomn were eminent for their knowledge and skill in astrononoy. Anaximander, a disciple and successor of Thales, first publicly taught and explained the obliquity of the zodi-ac, and invented the Gnomon. Clcomedes wrote on the magruitude amid dimensions of the earth, and of the celestial circles of the heavens; tIne motions of the planets anrd stars, the zodiac, anid eclipses. Aristarclhus invented sundials of a nev construction, and wiote a. treatise on the magnitude and dis. tance of time sun and moon. Cleostratus and Mlcton reformed the Greek calendar by adjustments of the lunar cy-cle; and Etudoxus and Callippus added hi their theories to the number of the i celestial spheres. . But more particularly have the mow dern astronomers consulted the ancients in their most difficult and elaborate cal_. t culations, wherein ouly a lapse of ages can assist in the determination of tie o more slow and complicated motions of the heavenly bodics.&amp;apos; Thales and&amp;apos;Anaximander knew the obliquity of the zodiac in their time, about 400 year lbefore the Cbrisfian era, but bywhatquan. fit, tity I find not. Emratosheneis, Iilrariall to 4 Itolemeis E&amp;apos;vergetes I. about the year of Cluist 190, by the help of the armil- i Inry sphlere in the I&amp;apos;trticus of Alexan.&amp;apos; dria, dejfined the obliquity of the zodiac to be twelty-three degrees aid fiftv-one millutes, which If ipparchus and P1 olenJi constantly followed. &amp;quot;Tule oJliquiitv of the ecliptic,&amp;quot; says M1. de la (&amp;apos;m i( &amp;quot; is SlIiejCt to some smitall pcriodic variatiods, besides what appearcs in comparing tile modern observations With tClose % hiul have bwei SucceSSivCly ma(le by different astronomiuers for above twenty Centuries; whlcreby it is tound to (lerease conitinually, but so slow as to be less than a minitite in each ceaitury.&amp;quot;* The wvorks oi modern aistroioiners may be (o)suIlted thercon. I-le reckons the obliquity at 23 de-. 28 miii. 3.,sce. the obfiquity tor the year 1815 is stated at 23deg&amp;quot;&amp;apos; mi-%vc absolute deere:ase ill so smull a quantity could not be sat1y dlcternihicd without tCe observ:ations or the ancients. NIaldit&amp;apos;s P&amp;apos;tolelimwts, conet on!v called I&amp;apos;toleiny, a ceb!e l)rated jdiloso pher antd m:ntheiniatician!, vras born at PeluvAinlnI, anid tuighlit ;wtrolnomy :t Alexativlraa. iii 1g] .;, t. 1 lo(btislf.cd in the tine of the Emperor Anitullnus, and dicd about tile -year or our Lord 147. lie is si::id to be ot royal exttaction, an11d has aPA% fays b&amp;apos;en rek ( l;ted thep lwE of astrotnotmtrs ax wnu the al jlCj( tlt, anldl ill his works has left us an etitile bO(lV of that science. His boeok. calldt1 Aimagestum Jngw.vm, or the great Cons&amp;apos;trl!#&amp;apos;tioti of AM athlenitial Astrouioy, will perpetuate his tiaine to latest )oste it&amp;apos;. Thlis- wreat woirk is dix ile into tlhirtelu books: ill tile first hle trea-ts or thle eartI alld&amp;apos; its sphritcial figureC atnd sititationi in respect to other planetary boldies ill tho avstem, and also ot tlhe &amp;apos;several iraiagri. Marv eircles of the same, Withl their distalees fron the cquator. Ile also treats of the righlt and olitqlle asceiision Ot&amp;apos; tle heavenly bodies ill a rigrt sphere. Iis thle secoId bock lhe treat:i of thle habtlit.ble parts of the th, aecordIiiY to thhe latitudes of places; and ao of thle 11hlenoin1ena of the lhea-enlliv bodies (lpulid ing thjereon. It, tle th-ird bookli e tre ats ,of the magnitude of thle yca, and of the unequal motion of thle sun thlroughl thle zodiac-. It thle santec book he givnes the mectlod of&amp;apos; e0otnn)tilig, the nienul motiol, Elements of Astrnnomiiy, translated by Jul1u Robertson, F&amp;apos;.xo art. 474,. of the sun, and has calculated tabl&amp;apos;e thereof, and likewise treats of the iue.. quality of days and nights In the fouirtl book lie ireats of the lunar motions; he gives tables for finding the mean motions of the moon, as atso of her latitude and longitude. In this book likewise hie compares thre timnes of a great number of eclipses mentioned by Hlipparchtus, Callippus, and others; lie has computed the l)laces of the sun and moon accord-, ing to their mean motions, from the first year of Nabonazar king of Egypt to hli* ownu time. Iu the fifth book he treats of the Astrolabe, and of the eccentricity of the lunar orbit, and the inequality oC the moon&amp;apos;s motion according, to its dislanec ftron the sun. He also gives tables, and an universal cation of the ine-* quality or the lunar mot ions, with a general cal ulation relating thereto. In! the sixth book lic treats of the conjunctions. and oppositions of the sun and moon, wvith tables for computing thie mean time when they happen; also of the boundaries ot solar and linar eclipses, and the method of coniputngthlem. In the seventh book lie treats otf the fixed stars, and of the methods of (descril)ig them, hi their various cojisiellatiomis on the surfiice of an artificial globe. lHe rectifies the places of the stars to his own timje, and shiews how dificretit they were fromn what they were. in the timies of &amp;apos;l&amp;apos;iniochiaris, I-lipparchus, Aristillius, Callippus, and otwhe&amp;apos;s. &amp;apos;T&amp;apos;hew lie gives a catalogue of the numbwr of the stars in each of tlie northern constellations, witlh their latitude and longittido ini thlc ecliptic, a-nd the numblber of. stars of each inagiiitude in the several Coiistellatioiis. Iii thle eig&amp;apos;lith book lie gixes a (.atfalogtue of thle fixed stars, and thje number in each constellation in the southern hemisphere, as also of the twelve constellations of thle zodiacs &amp;apos;This catalogue of stars is the first that w-e heave extanit, and is the most valuaIle I)9trt of his works. In the ninth book lie treats of the order of the sall, illooli, *11si6 planets, 9With their periods, and tallbles of the mean motions -)f thie 1iie pIllwets, of %vhich lie respectively treats in their order in the remaining books. h&amp;apos;llis lCanmous work of Ptolemy Was l ripgally wrritten in Greek, and has been translated into Latin by several I hands, tie last of which way by Trapentius, and wvas published by his sOA I at Easil, with a dedication to Pope. $ tus. This particiflar account of P MY&amp;apos;s elaborate worjk 1. hac Al purposely couacetd e.dected from Martin&amp;apos;s Biogyiaphlia 4 p/a ohophica9, With a view to gR&amp;apos;atify the 1 lovers of astroiiorny in an article so cu- 1 rious vad interestingm. &amp;apos;l&amp;apos;. i&amp;apos;. i 10, C(ratte-court; .Jan. 1816.</FullText> </Record>