<?xml version="1.0" encoding="UTF-8"?>
<Record> 	<Version>Record_v1.0.xsd</Version> 	<RecordID>4692031</RecordID> 	<DateTimeStamp>20180928135454</DateTimeStamp> 	<ActionCode>change</ActionCode> 	<RecordTitle>AN ADDRESS TO THE RIVER DART.</RecordTitle> 	<Publication> 		<PublicationID>2952</PublicationID> 		<Title>Monthly magazine, or, British regster, Feb. 1800-June 1836</Title> 		<Qualifier>London</Qualifier> 	</Publication> 	<Publisher>Printed for R. Phillips</Publisher> 	<Volume>35</Volume> 	<Issue>237</Issue> 	<AlphaPubDate>Feb 1813</AlphaPubDate> 	<NumericPubDate>18130201</NumericPubDate> 	<SourceType>Historical Periodicals</SourceType> 	<ObjectType>Poem</ObjectType> 	<Contributor> 		<ContribRole>Author</ContribRole> 		<LastName>Kyne</LastName> 		<FirstName>Abraham</FirstName> 		<PersonName>Abraham Kyne</PersonName> 		<OriginalForm>KYNE, ABRAHAM</OriginalForm> 	</Contributor> 	<LanguageCode>ENG</LanguageCode> 	<ISSN>2043-4537</ISSN> 	<ISSN>2043-4529</ISSN> 	<StartPage>40</StartPage> 	<EndPage>41</EndPage> 	<Pagination>40-41</Pagination> 	<URLDocView>http://search.proquest.com/docview/4692031/</URLDocView> 	<Products> 		<Product> 			<ProductID>1007574</ProductID> 			<HasFullText>true</HasFullText> 		</Product> 		<Product> 			<ProductID>1009130</ProductID> 			<HasFullText>true</HasFullText> 		</Product> 		<Product> 			<ProductID>10000001</ProductID> 			<HasFullText>true</HasFullText> 		</Product> 		<Product> 			<ProductID>10000297</ProductID> 			<HasFullText>true</HasFullText> 		</Product> 	</Products> 	<Terms> 		<FlexTerm> 			<FlexTermName>DerivedSubject</FlexTermName> 			<FlexTermValue>ENGLISH FICTION - 18th Century</FlexTermValue> 		</FlexTerm> 		<FlexTerm> 			<FlexTermName>DerivedSubject</FlexTermName> 			<FlexTermValue>ENGLISH FICTION - 19th Century</FlexTermValue> 		</FlexTerm> 		<FlexTerm> 			<FlexTermName>DerivedSubject</FlexTermName> 			<FlexTermValue>ENGLISH LITERATURE - 18th Century</FlexTermValue> 		</FlexTerm> 		<FlexTerm> 			<FlexTermName>DerivedSubject</FlexTermName> 			<FlexTermValue>ENGLISH LITERATURE - 19th Century</FlexTermValue> 		</FlexTerm> 	</Terms> 	<FullText>AN ADDRESS TO TIMS RLVER DAAT. By ABRAHA!M Kl4NE. SPIRIT of the DL)A T I to meCt thle Vern31 year,, WX&amp;apos;hose early blossoms deck the frozen pair, ClJiv o&amp;apos;ev the surlice of thy imnpid sphere, Led by thy Naiads and their lepid tWuin). Arise, briglt Pow&amp;apos;t ! behold Favoniussprinm, Ie rend tVe fetters of a brumal spell, To strip its demon of his trigid wings, Anid bind him to an hyperborean ccll. Smile on the boundares of thine oozy lyd, I)ll&amp;apos;use the treasures of thy copious urn; For, blest by tfle anj Flora&amp;apos;s fairy tread, ?drthl&amp;apos;s slumb&amp;apos;ri3g stor s with varicd cl ar i 11;5 r ctu r n. TlrlnslecF ~ strcwn ! clad with the robe Of LPvsiun; Cigns . here\cr thy brnnches roll Dee ,. n tIhe de&amp;apos;l, %vvitre soft-torn&amp;apos;d ecljoe siflnu &amp;apos;I hby, ildeut MUi;nrs levate tlhe 500l And where the shepherd tunes his Doric reed, Biest with the glow of sweet screnity, 1o Fame unnfUvon, yet ktiown to virtuc&amp;apos;s meed, Be mine to (dwell with solitude and thee ! L.n.l@,n, 1812.</FullText> </Record>