<?xml version="1.0" encoding="UTF-8"?>
<Record> 	<Version>Record_v1.0.xsd</Version> 	<RecordID>4695877</RecordID> 	<DateTimeStamp>20180928135637</DateTimeStamp> 	<ActionCode>change</ActionCode> 	<RecordTitle>MODERN BIOGRAPHY.</RecordTitle> 	<Publication> 		<PublicationID>2952</PublicationID> 		<Title>Monthly magazine, or, British regster, Feb. 1800-June 1836</Title> 		<Qualifier>London</Qualifier> 	</Publication> 	<Publisher>Printed for R. Phillips</Publisher> 	<Volume>53</Volume> 	<Issue>369</Issue> 	<AlphaPubDate>Jul 1822</AlphaPubDate> 	<NumericPubDate>18220701</NumericPubDate> 	<SourceType>Historical Periodicals</SourceType> 	<ObjectType>Review</ObjectType> 	<LanguageCode>ENG</LanguageCode> 	<ISSN>2043-4537</ISSN> 	<ISSN>2043-4529</ISSN> 	<StartPage>519</StartPage> 	<EndPage>524</EndPage> 	<Pagination>519-524</Pagination> 	<URLDocView>http://search.proquest.com/docview/4695877/</URLDocView> 	<Products> 		<Product> 			<ProductID>1007574</ProductID> 			<HasFullText>true</HasFullText> 		</Product> 		<Product> 			<ProductID>1009130</ProductID> 			<HasFullText>true</HasFullText> 		</Product> 		<Product> 			<ProductID>10000001</ProductID> 			<HasFullText>true</HasFullText> 		</Product> 		<Product> 			<ProductID>10000297</ProductID> 			<HasFullText>true</HasFullText> 		</Product> 	</Products> 	<Terms> 		<FlexTerm> 			<FlexTermName>DerivedSubject</FlexTermName> 			<FlexTermValue>ENGLISH FICTION - 18th Century</FlexTermValue> 		</FlexTerm> 		<FlexTerm> 			<FlexTermName>DerivedSubject</FlexTermName> 			<FlexTermValue>ENGLISH FICTION - 19th Century</FlexTermValue> 		</FlexTerm> 		<FlexTerm> 			<FlexTermName>DerivedSubject</FlexTermName> 			<FlexTermValue>ENGLISH LITERATURE - 18th Century</FlexTermValue> 		</FlexTerm> 		<FlexTerm> 			<FlexTermName>DerivedSubject</FlexTermName> 			<FlexTermValue>ENGLISH LITERATURE - 19th Century</FlexTermValue> 		</FlexTerm> 	</Terms> 	<FullText>MODERN BIOGRAPHY. THE NEAPOLITAN PATRIOTS. T HEkiingdlomi of Naples must undoubtedly have excited, by its continual political changes, some curiosity among other nations. Neverllelcss, it has been hitherto almost as little known to them, as if separated from the rest of Europe by extensive seas or deserts. GBut would it not prove useful to the unhappy Neapolitall people to be broughlt into greatcr notice? We think it may. Naples has never for many agcrs been free, nor yet absolutely enslaved. Thougrh in past times the -Neapolitans, whenever too cruelly aggrieved in their pcrsons, and in their property, lhave mutinied, the ignorance of the times only allowed them to seek by force a temporary alleviation from oppression, and a changre of governors. Sometimes they went even so far as to seek the re-establishnient of certain franchises, whicli, according to the ideas of those times, were considered as privileges rather fihan as imprescriptible rights. Thiese franchises, in lhemselves of small importance, were quickly again violated, for want of any political liberty which Might have guaranteed their possession. Tf1e pcoplc endured for a while, then rose anew, and committed the same political errors. Under the viceregal government, the Neapolitans were unacquainted with any other cry of liberty but tluis,-Perish the bad goiernment; and conscientiously believed that they remained faithful to the prince, while they drove away his corrupt ministers. This is showin by a Curious document in the Neapolitan archives, entitled, 7&amp;apos; l7irty-si:x revolu6iO18 of the mostfaithful city of -Naples.&amp;quot; Now that tlhe change of times has revealed to every one the only true reInedy against bad government, even the.Neapolitalls have learned to exclaim, &amp;quot;Live the Constitution.&amp;quot; Rel)Cls! (answer tile Holy Alliance,) know ye not that this nfew sp)ecies of revolutiOu is so much the more crimi.11. als its effects are of longer dura11011? It is already more than thirty Years that the Neap)olitans have aspired to, witholut being abli to obtain, a free governlent. And it seems that their rapid transitions from dejection to fury, and trollu lethlargic submissioni to illefliost unexpected and generous indignation leave Europe still ini doubt whcther they (lo or (o not as yet deserve the blessings of frecdomn. &amp;apos;This people, however, is ripe for liberty, but it cannot by its single efllort tiake all Italy independant; and only ftrom the want of this independance, alter having destroyed domestic despotism, it has sunk under a double and fi-tr severer yoke than before. Tue sanmo destiny threatens every other Italian state which does not unite tlcese two inseparable objects. The patriots, who for thirty years have laboured to establish liberty in Naples, are little known. These mcni, not inferior to any set of patriots in the wish to make their country by their endeavours free, happy, and respected, have experienced the fate ot&amp;apos; all who arc unsuccessful. Sometimes they have remained unnoticed; sometimes they have becn spoken of merely to be reviled; and sometimes, finding themselves alike unfortunate and calumniated, they have become diffident of their own l)owers, and have sunk into discouragement and despair. All things yield to fortune; not only the opinion of others, but even the opinion we entertain of ourselves. Yet these men had infinite difficulties to overcome, and experienced nothing but ill-fortune. We shall give a brief account of thle life of those who, as public men, or as men of letters, are least known, and most deserving of notice. MATTEO GALDI. MATTEO GALDI was president for the first month of the parliament of tile two Sicilies, during the last revolution. He was born at Coperchia, a village of the province of Salerno, the Sth of October, 1766, of respectable but not wealthy parents. Havingr completed his first studies, lie adopted the profession of an advocate, which, in consequence of the immense farrago of laws, of Roman, Norman, Angevine, and vice-regral origin, with which the kingdom was overwhelmed, has always at Naples been of more imPortance than it deserved, until the period when the French system of legislation was introduced there in 1809. Galdi by his uncommllon learning and severe Probity gave lustre to a career, whicl at Naples has too often perverted the heart and contracted thc understanding. But thle young Ualdi had1 had too muinh good sense and purity of&amp;apos; character not to becoine a l)artizanl of liberty, as soon as the (Cxamj)le of the French revolution, awoke in Eurol)e at first toutes kcs esperances de la vertlt. All the efforts of the patriots in Naples wvere then confined to the secret discussion of thieir political opinions; alnld in pilttino up) their prayers to Hleaven for the confirmation of liberty in France, andl its extension in somc way 6r otlier over Italy. Mitt even this was sufficient under a despotic govecrnmnent, too long- uncointroled, to Cxj)ose the most *&amp;apos;irtuous of men to impr&amp;apos;isonment and death. WVhIeni persecutioi began the younng Galdi, being little known, succeeded in escapilng f&amp;apos;om it, andi took reltrge in France in 1734. Necessity oI)gired him to embrace a military lire, then become the universa] profcssion or the French. But he did not at all disfinguish himself in this career, which so little accorded With his leading, inclination, viz. the sttd(ly of philosophy, and the worshiip of the muses. &amp;apos;l&amp;apos;wo years after lie returned to Italy, holding a commission on the staff in the French arm1. Ile then quitted the military profession, and was electeld professor of Public Law in Brera. Hardly had lie obtnilled this distinctiollf, When IIe w-Cass a)ppoihtC~i by the Cisalpine Riepl)ub)liC envoy to Holland, in the year 1799. Ile was retained on this Political IiXs~ion for nine ycars iii Amsterdam, ulwhere he deserved w-cll of &amp;apos;the nation by his QUadro Politico, or political picture of its history. Beimn high, ii tlhe estimation of tile Cislpine Repblic, ajid then of the King, of Italy, lhe was invested with the order of the iron crown. In thle year 1809, soon after Murat obtainied the crowii of Naples, Galdi &amp;apos;Was recalled to his own country, was Promotecl to thle highest places in time ad ministration, and decorated w ithi Mte order of the two Sicilies. At first lie was appointed Intendant of the province of Molisi, an(l in the fbAlowintg year was transferred in tile s;ame capacity to Calabria-citra.* Time gvernmnent of Galdi w;as nuld ndeUitable. lienever lent himself in any degtree to the many violences whlicl, *The office of Intendant (consists in tile supreme adminiistration of a province, aid auiswet&amp;apos;b eutnlely to thA ot PIrvfii&amp;apos;c ini Lrance. for reasons ol&amp;apos; sat-e or from wanoIn ot power, disgrraced the reign of the two FrenchI prinzces. outthough pr ferred and caresscd by the absolute govcrnment, his soul arbhorred it in secret. Like a tcw other noble public characters among his countrymen, b could not forget that hie began his ca. reer as a republican; nor be consoled when he reflected, that so many pros mnising, hopes of universal freedom had only (ilded in a detestable tyranny, Hlcice lie longed to retire from tl troublesome an(l often invidious duty ot&amp;apos; an Intendant to the swecter occu. pllionis of literatuire. When ageneral direction of il)blic instruction wasin. stituIted iii Naples, Galdi was chosen to preside over it, and continued three ye:ars in that situation. He improved both tIie method and substance of pubs lic instruction as far as was possible inder a first minister who interfered, with every thing, an(l who in all his flttenmjts considered show morc than real utility.* &amp;apos;]&amp;apos;lic restoration of 1813 took place, ati1d tlie, systcl of&amp;apos; pblibrc instruction, ill whllich lectures on Iublic law, as well as on many other subjects of general interest, had ever been waptiug, w1&amp;apos;as then altered for the worse, and T)ecCalC even more confined and illi beral. Oic half of the professors&amp;apos; chairs was dedicated to ecclesiastical eruditiofl, and the other half was shared between law and p)hysics, as if the state required only a generation (f physicians, lawyers, and pricsts. I y .su1c h1 cxclisivio studies indocile youth was to bc tagrlht unlimited obedielic or at least to b)e kept far from tile forbidden knowledge of jpublic aflairs. G;aldi then found hie tiust give tol) hi office to a courtier, more calculated l&amp;apos; presidc over the teachingr of suc arts. Sonictimes fic wvas still consulted, as a matter of complimcnt. The revolutipnl of 1820 follouct Caldi, in that time Of uIlliversal Suspcion, received a (louble paroofeofw te tnist reposed in hini by his fellow IV zens; having been choseli, by ,car. ani unanimity of sufl&amp;apos;ragcs, dcputY f&amp;apos; the Parliament for the j)rovifle ot Na l)ics, where he resided, and supPfCJenttary deputy for tile ]provineCf Salerno, in which hle was born.t go was the first to speak in the prcpand tory Junta of RepresentatiVsa * * Count Z1ir ho. 1t See the Constitution of tilc Cortet&amp;quot; was elected by them president of the Junta itself, and afterwards of the Parliament. But harrassed by the conti. 1nal vicissitudes of our times, and already sinking under ill-health, Galdi behaved more like a philosopher than a statesman. He wanted, especially, that vigour of nmind which wIas requisite for not being lulled into security by the fallacious compliances, with which the old absolute government seemed to acquiesce in the new liberty of Naples. The very first words of the President breathed nothing but peace and moderation. &amp;quot;The nation of the two Sicilies (said he,) will convince every other nation of the earth that she knows how to be free. By virtue and justice she will dissipate those malignant clouds which seem to obscure the propitious star of liberty now rising on our horizon.&amp;quot; Justice and moderation were fully practised; but of this favourable prediction nothing proved to be prophetic but the lofty expressions it was conveyed in. At the first opening of the Parliament, held the 1st of October, 1820, atNaples, in the magnificent church of Spirito-Santo, amidst an immense concourse of people, the President Galdi received the oath then solemnly renewed by King Ferdinand, to the constitution of the state. Oh! how august was that ceremony; but, alas I it was nothing but a ceremony! The King was seated on the throne: the President Galdi stood oh his right side, holding in his hand the Gospel; two secretaries of the Parliament tendered to the King the written form of the constitutional oath. The King then rose, and, placing his right hand on the Gospel, repeated that oath, which was applauded by all the spectators, with loud cries of &amp;quot;Long live the King and Constitution.&amp;quot; An oath heard by a whole nation, and by all Europe; and which neither the Austiaj bayonets, nor military courts, can easily efface from the memory of the Neapolitans. The President Galdi then addressed the King in a complimentary discourse, as required by the CoUstitution. This speech was deservedly taxed with pedantic redundancy. It was derived too much ab Oto, It began with &amp;quot;t the eternal laws by which Providence ordered and regulates the system of the universe;&amp;quot; &amp;apos;et on witb &amp;quot;seas and lakes dried upt anId new continents arising from the boOM of the waves :&amp;quot; then followed &amp;quot;mountains lowered, and gcnerations swept away and renewed, over the face of the globe;&amp;quot; and many other cosmological truisms, a little out of place. Nor were forgotten &amp;quot; the sensibility of man, his sociability, the fa. mily, the city, and the state.&amp;quot; He then added, &amp;quot; that from the end of the last century, affairs in Europe had come to such a point, that it became necessary to recompose the compacts of society.&amp;quot; And finally, &amp;quot;that the constitution of the Cortez is the fruit of long experience, and of whatever had been best taught by politicians for seventy years.&amp;quot; The Holy Alliance, however, was, and will ever be, of a different opinion: so much learning was given to the winds, or rather only served to make princely impatience sooner weary of parliamentary speeches and acts. But what was indeed shocking, was the declaration of the President Galdi, &amp;quot; that it was impossible to add or take away a single cornerstone of the Constitution, without spoiling or even destroying the whole.&amp;quot; The Constitution of the Cortez had been granted to the nation, excepting such modifications as its representatives should resolve upon and decree, in order to adapt it to the kingdom of the two Sicilies. Such had been the apparent motive of these reforms; but that fair pretence covered a deter. mined design of increasing as much as possible the power of the crown, by means of a timid or servile Parliament. Now at these words of the President Galdi, every sanguine hope - to Cheat the deluded people with a show Of liberty,* began to fail, and was soon completely counteracted by the patriotism of the Parliament. Foreigners oughttojudge with indulgence of this speech of the President Galdi; which, besides being the first of the kind at Naples, procceded from a man already enfeebled in mind, and too learned to speak on that dazzling ceremony with the sobriety of a statesman. He could not even keep himself to general terms, as he was bound to do. The King having recommended &amp;quot; that nothing should be altered in the public administration, or in the system of judicature, and that no religion but the Roman Catholic should be tolerated in the kingdom;&amp;apos; the Prsiident Galdi hwried * Venice Preserved. SU to to reply, &amp;quot;that the representatives of the people were firmly convinced, that many reforms required by experience, if performed with mature deliberation, would prove very useful to the state; and that the princes and people of the two Sicilics had ever professed religious moderation so far as not to disturb the peace of any one.&amp;quot; Thus hinting the intention of the parliamentary majority to attempt that religious toleration at Naples, without which it is very questionable whether a Catholic state can become, or long continue, free. The parliamentary career of Galdi was not distinguished eCillier by sagacity in discerning the very perilous situation of the two Sicilies, become free, or by boldness of counsel ill attempting to extricate them, if not with perfect success, at least with greater honour. His conduct, like that of the majority of the Parliament, consisted in pertinaciously sticking to the constitutional right, let what would be the daily increasing difficulties of the state, or in transgressing it only from a feeling of indulgence for power. Galdi little believed the war of aggression against Naples, alleging the very affirmation of the ministry, &amp;quot; that firmness and moderation on the part of the Parliament would overcome every diplomatic difficulty.&amp;quot; He trusted also that the force of liberal opinions in Europe should add some weight to justice, if justice alone should not prove stlflicient. Yet this man, now so credulous, had grown old amidst the artifices and outrages of politics. One principal cause, however, of the ruin impending over the free goveniment of Naples did not escape himn; Damely, the criminal jealousy entertained by Carrascosa against William Pepe, which was the secret spring of his whole conduct, both as a minister and as a general. Galdi was often heard to exclaim, in the secret committees of the Parliament, &amp;quot; the very powers of this man, for which we most trust him, will A turn against our country.&amp;quot; Galdi had been long employed both at home and abroad under the French government; hence he had contracted that esprit de corps, which is so natural to men united in the same interests, and so conspicuous in that compact body of public functionaries, first started up in the French republic, and then increased to a swarming number k by Bonaparte, in support of his power. Galdi looked upon all th sItcr ofieccs left by the French asneeessa and upon all the men who filled theia as patriots, because they had been the companions of his political career. This blind predilection for the agents of power was called by the people at Naples, &amp;quot; the maladyoffunctionaries 10 Galdi obstinately opposed any re. trenchment in the public offces, al. thougrh imperiously demanded both by the embarrassment of the finances, anr still more by the nature of a free go. vernment; and, on every occasion, he judged with an impolitic mildness the faults of the ministry. When the executive government failed in tie attempt to overthrow the constitution by the message of the 7th December 1820, by which a vague and &amp;quot;condi. tional&amp;quot; promise was substituted for the acknowledged law of the state. The king was left to depart the kingdom, and the representatives of the people were fbrbiddcn any longer lo delibe. rate; the ministers fell, and it was pro. posC(l to im[)each them in parliament Two of them, most guilty according to law, Count Zuirlo of the home department, and the Duke of Campochiaro for foreign affairs, were called to the bar to answer for that treasonable coup de maiJ. Galdi, though the secret enemy of Count Zurlo, then defended him. From the tribune, addressinghis discourse to the young men in the galleries, who, from their virtuous wanttof corrupting experience, could hardly suppress their indignation at seeing those illustrious criminals acquitted, lie said to them, &amp;quot; Let him who feels his conscience frce from any fault ac cuse the fallen ministers wvith severit.&amp;quot; This new proof of the amiable philoso&amp;quot; phic character of Caldi, shows, at the samc time, that he little understood or remembered bow necessary it is, for establishing liberty where power bas long been unrestrained, to set a high example of legal severity upon the powerful. That desperate attempt at a coulnter-revolution, having remaned unpunished, brought the parliament into contempt with the court. The friends of the public caus were e couraged, the domestic enenteS be came more daring, and succeeded a l ast, by secret negligences or open act1s in overturning the constitutio14 it w$&amp;apos;as by delivering up tbe state to a foreign enemy. Galdi did ol )uir&amp;apos;tf the king&amp;apos;s departure. The MAPitY tihe l)arliameut, most of t Ie pDb mjen, and of the bet patriots, were de. ceived like hiniself. &amp;apos;The peo)le alone, who, by the very narrowness of their notions, are often better judges in pa rticular cases than many statesmen, the people were not deceived as to the eflcts of the king&amp;apos;s departure. Although tlhe message of tlme 7th of Decemrber imported both the abolition of tile existing constitution, and the intended departure of the king, the first popular cICs in the vestibue of the parliament Were, &amp;quot;Lct not tle king tdepart!&amp;quot; as if they foresaw that so great a blunder ilt political conduct would prove far more irremediable than any attempt against thle constitution. However, the English and French fleets anchored in time bay of Naples; four or five thousand soldiers of the guard, feady to fall upon the people, and, above all, the firm determinalion of time kingr himself, leave it still doubtful whether it would have been powsible, or useful, to prevealt his departure. When finally, after many fallacious expectations entertained by the good Neapolitans from justice, time riglht of nations, and similar principles, childish, whenever unsupl)orted by power, the congress at Laybach (sclIf-constitutedjudges in this cause,) sentenced that the free government should be immediately put down at Naples, wil. igly orby force; and that, even if the nation consented to her own infamy, fifty thousand foreign troops should enter thle kingdom to secure the duration of absolute power. 1&amp;apos;lben, indeed, all awoke from their long credulity, somc designed to betray their country, and many became panic-struck. But Galdi, though he had now scarcely any farther hope in the safety of tlhestate, was not-intimlidated.- Yet his courage still was, as it had ever been, that of a l)llilosopher, rather than of a statesman. He attempted not to seek in the boldness of parliamentary counsels any safety to the natioll fror(l its impending ruin, but he seemed to resign hinisell to fortune. Already sinkinig under the fatal effects of a dropsy, lie (lid not find in his breast a daringness equal to so great a Pubjlic dammer, but lie felt the confidence of Philosophy, whiclh hle had evpr practised. Seeing thle king in the hands of the enemy, a pow erful Austrian army advancing towards tile t~tier~tliepleriexities of the Regent, and the little trust that many,L who were to manage the defence of the nation, deserved, Galdi exclaimed to his friends: &amp;quot; I shall not long still be the sport of tyranny.&amp;quot; And he now better foretold his own death, than he had before the safety of his country. After the engagement of Rieti, and the disbandment of the Ist corps&amp;apos; commanded by William Pepe in the Abbruzzi, all the old abettors of despotism, and the false friends to liberty, hastened to ruin every thing in a few days, to render vain the many means of defence which yet remained to the nation, and to strive for the. reestablishment of that absolute power, from which some expected a reward, and others a pardon. Treasonable expectations, however, were now, in many cases, disappointed, as they have often been in all times. But Galdi remained honourably firm to his duty as a representative and as a citizen. Every artifice was lpraetised to have the parliament dissolved, that it might not retire into Calabria or into Sicily, as had been already resolved upon. In the continual secret committees, one of the deputies, possessed of the most influence, treated the public cause as desperate, advised every one to retire; And, when out of doors, endeavoured, aside, to alarm one after the other, by the most insidious exaggerations. Much less would have been sufficient, under such circumstances, to have dispersed most of those men, of upright intentions indeed, but little experienced in, or accustomed to, political storms. From the 10th of MaTch, 1821, they diminished day by day, till at length the corps of Carrascosa being also disbanded, only twenty-four deputies remained assembled in parliament at Naples, with a ..noble constancy, but useless to their country. Galdi was among them. At the very moment when many, recollecting thie legal massacres which closely followed the Neapolitan republic twenty-three years ago, would have ardently wished to have their names, if possible, obliterated from every political act. Galdi, being confined to his house by infirmities, sent repeated messages to the parliament, during the last day of its political existence, to have his name mentioned in the verbal process, as present at the intended solemn protest. This protest, wbich, in our day, is perhaps the most instructive monument of a high ppliticial injustice, and of unavailing virtue, Acas was made before God and men, thie morning of the 14th of March, 1821, while the enemy was defiling in the streets of Naples. The name of Galdi was written witt those of the twentyfour deputies, who signed it. If this, dangerous honour had been denied him, he declared lie would be carried dying into the parliament. Galdi survived but a short time the misfortune of his country: patriotic grief, even more than his bodily infirmities, de. prived him of life some months ago. lie was a man of mild manners, an excellent husband and father, and a good citizen. He spent the hours of his domestic life in the education of his two daughters, whom the study of literature did not rob of the dearer graces of their sex. Galdi was a man of great learning, of a good understanding, but possessed of an indifferent taste in speaking and writing. He was a member of all the academies at Naples, and of some other literary societies in Upper Italy and Holland. He composed many works, which the limits of this article will only ai ` to enumerate. 1. On the necenity of establishing a Republic in Italy a juvenile work, but full of origonij. published at Milan, 1796,andtrang. lated into French. 2. Reflections on the Helvetic Constitution. 3. Changes of the Italian Stage. 4. Economicd Relations among Free States, trans. lated into French. 5. The Politica Picture of Holland. 6. On the Con. mcrce of Holland: this work, perhaps his best, was inserted in tbe Acts of Incorraggimenso at Milan, and trans. lated into French. 7. Thoughts on Public Instruction. Three Essays upon economical subjects, and one on a new geographical division of the two Sicilies. He composed alo se. veral poetical tracts in different stles, inserted in the literary journals of Italy, but little esteemed. Some other Essays by Galdi, on economical and legislative subjects, are not yet pub. lished. Such was this distingshed Neapolitan.</FullText> </Record>