<?xml version="1.0" encoding="UTF-8"?>
<Record> 	<Version>Record_v1.0.xsd</Version> 	<RecordID>4697797</RecordID> 	<DateTimeStamp>20180928135637</DateTimeStamp> 	<ActionCode>change</ActionCode> 	<RecordTitle>An Introduction to Systematical and Physiological Botany, by Thomas Castle, F.L.S.; 1829.</RecordTitle> 	<Publication> 		<PublicationID>2952</PublicationID> 		<Title>Monthly magazine, or, British regster, Feb. 1800-June 1836</Title> 		<Qualifier>London</Qualifier> 	</Publication> 	<Publisher>Printed for R. Phillips</Publisher> 	<Volume>8</Volume> 	<Issue>46</Issue> 	<AlphaPubDate>Oct 1829</AlphaPubDate> 	<NumericPubDate>18291001</NumericPubDate> 	<SourceType>Historical Periodicals</SourceType> 	<ObjectType>Review</ObjectType> 	<LanguageCode>ENG</LanguageCode> 	<ISSN>2043-4537</ISSN> 	<ISSN>2043-4529</ISSN> 	<StartPage>455</StartPage> 	<EndPage>456</EndPage> 	<Pagination>455-456</Pagination> 	<URLDocView>http://search.proquest.com/docview/4697797/</URLDocView> 	<Products> 		<Product> 			<ProductID>1007574</ProductID> 			<HasFullText>true</HasFullText> 		</Product> 		<Product> 			<ProductID>1009130</ProductID> 			<HasFullText>true</HasFullText> 		</Product> 		<Product> 			<ProductID>10000001</ProductID> 			<HasFullText>true</HasFullText> 		</Product> 		<Product> 			<ProductID>10000297</ProductID> 			<HasFullText>true</HasFullText> 		</Product> 	</Products> 	<Terms> 		<FlexTerm> 			<FlexTermName>DerivedSubject</FlexTermName> 			<FlexTermValue>ENGLISH FICTION - 18th Century</FlexTermValue> 		</FlexTerm> 		<FlexTerm> 			<FlexTermName>DerivedSubject</FlexTermName> 			<FlexTermValue>ENGLISH FICTION - 19th Century</FlexTermValue> 		</FlexTerm> 		<FlexTerm> 			<FlexTermName>DerivedSubject</FlexTermName> 			<FlexTermValue>ENGLISH LITERATURE - 18th Century</FlexTermValue> 		</FlexTerm> 		<FlexTerm> 			<FlexTermName>DerivedSubject</FlexTermName> 			<FlexTermValue>ENGLISH LITERATURE - 19th Century</FlexTermValue> 		</FlexTerm> 	</Terms> 	<FullText>Memoirs of the Reformers, British and Foreign, by the Rev. J. W. Middleton, 3 vols. 18mo.; 1829.- -As mere narratives, tnese little volumes may bc acceptable enough to numbers; for we know not where so full an account, as to bare facts, and the common estimate of thlelm, in so small a compass, of so many of the Reformers, is to be found. But they are the representations of a partfian. They are written in a spirit of confiding admiration, and credit is every where given for untainted purity in all the motives that impelled them all-no scrutiny is ever instituted. The author would evidently think such a course profanation. The individuals are all angels; and every thing tending to shew any of them were men of like passions with ourselves, is carefully kept out of sight. They are considered as the especial agents of Providence, before whom events gave way to further their agency. We do not, of course, by this, deny that they were agents of, Do deuce; for we believe all created beihgs aw strictly and unexceptably so. What we mean is, that there is really no sound reason to suppose these men, any of them, were, taken out of the common course of thigsl and invested with more than mortal and na.. tural powers. They were men, in the most favourable view, who acted according totheir convictions and their temperaments; and many of them braved danger, and bat. tled with obstructions in prosecution anddiffusion of principles, which seemed to them a duty incumbent upon themselves, and of service to the world; while others, obvious. ly, first or last, were actuated by the coarser. considerations of aggrandizement oR of dis. tinction. Now we see no reason upon earth-no becoming one, we mean-why. their motives and measures should not be freely canvassed; we know no good that is to be accomplished by a contrary course, and plainly much that is bad must arise from it. The only useful purpose of .history and biography is to make the conduct of eminent individuals come in aid of our experience; and if that conduct is to be partially, and therefore unfairly exhibited, so far are the very things which are des. tined by nature to assist our conclusions per.. verted, and the only valuable purpose 6f presenting them to us defeated. The writer of these volumes-written, doubtless, with what lie considers -the best intentions, but surely with a mistaken ob. ject-is perpetually apologizing, instead of fairly discussing, as far as facts and motives are to be got at, and estimating their ge. nuine value. Cranmer, for instance-why should lie, in the teeth of known facts, andthe invincible evidence of circumstances, be represented more like an angel than a mor. tal, when his conduct, in repeated instances was contemptible and scandalous, and, in the person oflan adversary, would have been;&amp;apos; we venture to say, so described by this very writer ? But he, like thousands, filled with professional prejudices, considers the end as sanctifying the means; for, on any other principle, to justify and purify Cranmer is impossible. The very act which introduced him to Henry was that of a tinie-serviog person, catching at an opportunity of bringing himself to the notice of the sovereign. He gave himself up, readily and coarselyt. as his willing tool. I[le continued to do so, after receiving the grand prize of his subsserviency, through the remainder of Henry&amp;apos;s reign-he submitted to his caprices-he, furthered his iniquitous acts-he shared inm the plunder of them..he did and undid at,.. command. Think, too, of the wretched&amp;apos; Lambert&amp;apos;s case. In Edward&amp;apos;s reign, when. he had almost every thing, ecclesiasticaUY, his own way, we find him burning heretics, even a woman (Mr. M. makes not the slhrt-y est allusion, of course, to these things)* and at the end of it, caballing with Now.. thumbegland in his political schemes; POP is 3Iiee reign, when he, in his turn, beme the victim of tyranny, six times re.auting. The truth is, as one of the fithers pd founders of the Church of England, hie may command the admiration of blind adherents; but, as a man of integrity, firmam) and disinterested views, he has no QWm to any independent man&amp;apos;s approbation. Hie must be regarded as one unscru. pulously pursuing his interests and ainbi. tion. So often called upon, as he was, to do what the common feelings of honour must have told him were unjustifiable, he yet, we find, chose to do them, rather than renounce his honours. Yet this is a person to be held up to admiration-&amp;quot; to give the world assurance of a man !&amp;quot; To the reformers, generally, the world, beyond all question, is largely indebted: they taught men-but then that was not their object, nor was it taught on principle -to fling off the pressure of unduc authority,&amp;apos; and make use of their own understandings. Though this was the effect, it was not, we say, their object; for while they laboured at exposing to contempt and scorn the infallibility of the pope, there was scarcely one of them. who was not disposed to set up his own. While contending for the exercise of private judgment an(d the eternal rights of conscience. in their own case and that of their steady followers, scarcely one of them was prepared to allow the samlle liberty to others. No! the lives of the reformers require still to be written in a different tone, and their conduct measured by another standard-the same as that of other men. They were, for the most part, vigorous men-the natural leaders and instuctors of their kind; but their actions require searching and sifting, before any accurate deductions can be drawn from them, and any useful examples be held up for our instruction.</FullText> </Record>