<?xml version="1.0" encoding="UTF-8"?>
<Record> 	<Version>Record_v1.0.xsd</Version> 	<RecordID>4707877</RecordID> 	<DateTimeStamp>20180928135637</DateTimeStamp> 	<ActionCode>change</ActionCode> 	<RecordTitle>Mr. John Fuller.</RecordTitle> 	<Publication> 		<PublicationID>2954</PublicationID> 		<Title>Monthly repository of theology and general literature, 1806-1826</Title> 		<Qualifier>London</Qualifier> 	</Publication> 	<Publisher>C. Fox</Publisher> 	<Volume>9</Volume> 	<Issue>102</Issue> 	<AlphaPubDate>Jun 1814</AlphaPubDate> 	<NumericPubDate>18140601</NumericPubDate> 	<SourceType>Historical Periodicals</SourceType> 	<ObjectType>Feature</ObjectType> 	<ObjectType>Article</ObjectType> 	<Contributor> 		<ContribRole>Author</ContribRole> 		<OriginalForm>E</OriginalForm> 	</Contributor> 	<Contributor> 		<ContribRole>Editor</ContribRole> 		<LastName>Aspland</LastName> 		<FirstName>R</FirstName> 		<PersonName>R Aspland</PersonName> 		<OriginalForm>Aspland, R., 1782-1845</OriginalForm> 	</Contributor> 	<LanguageCode>ENG</LanguageCode> 	<ISSN>2043-457X</ISSN> 	<ISSN>2043-4561</ISSN> 	<StartPage>365</StartPage> 	<EndPage>366</EndPage> 	<Pagination>365-366</Pagination> 	<URLDocView>http://search.proquest.com/docview/4707877/</URLDocView> 	<Products> 		<Product> 			<ProductID>1007574</ProductID> 			<HasFullText>true</HasFullText> 		</Product> 		<Product> 			<ProductID>1009130</ProductID> 			<HasFullText>true</HasFullText> 		</Product> 		<Product> 			<ProductID>10000001</ProductID> 			<HasFullText>true</HasFullText> 		</Product> 		<Product> 			<ProductID>10000297</ProductID> 			<HasFullText>true</HasFullText> 		</Product> 	</Products> 	<Terms> 		<FlexTerm> 			<FlexTermName>DerivedSubject</FlexTermName> 			<FlexTermValue>LIBERALISM (RELIGION)</FlexTermValue> 		</FlexTerm> 	</Terms> 	 	<FullText>Mir. John Fuller. On Wedlnes(lay, May 25th, at his house, in Palsgrave Place, Temple Bar, aged 33, Mr.Joir; FuLLER, Surgeon. Dentist, and author of&amp;quot;I A Popular Essay on the Stracture, Formnation and Mauagernett of the Teeth.&amp;quot; Illus. trated with engravings, and pub. lished in 1810. He was brought UP t0 a. mechanical trade, but POSwing a strong ta.-te for scientific pursuits, he cultivated it with such assiduity and success as to be enabled to establish himself in % reputable profession, to which he did&amp;apos;bWonur; not. more by they judgmeth and skill which be evint* Id tlby. an integrity of conduct *bich-iuspired all who know him with confidence and esteem. His mind was stored with various knowledge, and his conversation *xlhi. bited a discrimination otf j(Itgn)ent and an clevated corrtctnebs of thought and feeing. I-le had ex. ainined the evidences of the trutlh of divine revelation, and after readiing much on the subject on both sides, was fully batistied with them. As to his religious senti. ments he was a decided Unitarian. Two (lays before his (death having declared his convictioii tliat he should not recover, he was asked whether his mind was made up as to his future state. lie answered that lhe was perfectly easy on that point ; adding emphatically, &amp;quot; If it were not so, it wo.uld be too late now. I have no idea o1f a dcatli bed repentancc.&amp;quot; His last moments of apparent self collecto edness, after paroxysms of severe suffering, werc expressive of an entire resignation and composure of mind; to which maity he added the utterance of a short tribute of respect for a long known and highly valued friend who stood by him. The address at his interment was delivered by his friend Mr. I John Marsom ; and the Rev. J. | Gilchrist, of Worship Street, on % whose preaching Mr. Fuller usu. ally attended, in a discours adapt. ed to the occasion, gve S bW16f t but decided and compttehlndive t testimony to the superiotity otb&amp;apos;s mental powers and acquiremenfti a and the solid worth of bis charac. ter. His loss to his nearest re. latives, including, a young &amp;apos;ad&amp;amp; a helpless family, with their afflited e, mother, must be irreparable. And # on the minds of all who had the t happiness of being intituatel 460 i quanlted with bhin his tWed virtues, the generous and benevo. lent interest he took in the con. cerns of others, his unostentatious but interesting manners, will leave a lasting impression of heartfelt esteem and regard, which, *while it is mixed with sentiments of the deepest regret, is yet full of con. solation and hope. May they, in the removal of this su great an earthly treasures, hear the voice which solemnly warns them to lay not up for themselves treasures on earth, but in heaven, where dis. ease will never waste, nor the spoiler death destroy. E.</FullText> </Record>