<?xml version="1.0" encoding="UTF-8"?>
<Record> 	<Version>Record_v1.0.xsd</Version> 	<RecordID>4712599</RecordID> 	<DateTimeStamp>20180928135637</DateTimeStamp> 	<ActionCode>change</ActionCode> 	<RecordTitle>SOCRATES.</RecordTitle> 	<Publication> 		<PublicationID>2952</PublicationID> 		<Title>The Monthly Magazine</Title> 		<Qualifier>London</Qualifier> 	</Publication> 	<Publisher>Printed for R. Phillips</Publisher> 	<Volume>6</Volume> 	<Issue>33</Issue> 	<AlphaPubDate>Sep 1841</AlphaPubDate> 	<NumericPubDate>18410901</NumericPubDate> 	<SourceType>Historical Periodicals</SourceType> 	<ObjectType>Feature</ObjectType> 	<ObjectType>Article</ObjectType> 	<Contributor> 		<ContribRole>Author</ContribRole> 		<LastName>Barham</LastName> 		<FirstName>Francis</FirstName> 		<PersonName>Francis Barham</PersonName> 		<OriginalForm>BARHAM, FRANCIS</OriginalForm> 	</Contributor> 	<Contributor> 		<ContribRole>Editor</ContribRole> 		<LastName>Heraud</LastName> 		<MiddleName>Abraham</MiddleName> 		<FirstName>John</FirstName> 		<PersonName>John Abraham Heraud</PersonName> 		<OriginalForm>Heraud, John Abraham, 1799-1887</OriginalForm> 	</Contributor> 	<LanguageCode>ENG</LanguageCode> 	<ISSN>2043-4537</ISSN> 	<StartPage>243</StartPage> 	<EndPage>259</EndPage> 	<Pagination>243-259</Pagination> 	<URLDocView>http://search.proquest.com/docview/4712599/</URLDocView> 	<Products> 		<Product> 			<ProductID>1007574</ProductID> 			<HasFullText>true</HasFullText> 		</Product> 		<Product> 			<ProductID>1009130</ProductID> 			<HasFullText>true</HasFullText> 		</Product> 		<Product> 			<ProductID>10000001</ProductID> 			<HasFullText>true</HasFullText> 		</Product> 		<Product> 			<ProductID>10000297</ProductID> 			<HasFullText>true</HasFullText> 		</Product> 	</Products> 	<Terms> 		<FlexTerm> 			<FlexTermName>DerivedSubject</FlexTermName> 			<FlexTermValue>ENGLISH FICTION - 18th Century</FlexTermValue> 		</FlexTerm> 		<FlexTerm> 			<FlexTermName>DerivedSubject</FlexTermName> 			<FlexTermValue>ENGLISH FICTION - 19th Century</FlexTermValue> 		</FlexTerm> 		<FlexTerm> 			<FlexTermName>DerivedSubject</FlexTermName> 			<FlexTermValue>ENGLISH LITERATURE - 18th Century</FlexTermValue> 		</FlexTerm> 		<FlexTerm> 			<FlexTermName>DerivedSubject</FlexTermName> 			<FlexTermValue>ENGLISH LITERATURE - 19th Century</FlexTermValue> 		</FlexTerm> 	</Terms> 	<FullText>SOCRATES. A TRAGEDY, IN FIVE ACTS. BY FRANCIS BARHIAM, ESQ. &amp;quot; Socrates fuit is, qui omnium eruditorum testimonio, totiusque judicio Gruce, cum prudentiA et acumine, et venustate et subtilitate, turn vero eloquentiA, veritate, copiA, quam se cunque in partem dedisset, omnium fuit facile princeps.&amp;quot;-CicERo. PREFACE. THIS tragedy of &amp;quot; Socrates&amp;quot; was written in 1840, as an experiment, how far it was possible to revive the British taste for the classic drama, once so admired and beloved. It was especially composed for the perusal of Mr. Macready, who was understood to be inclined to favour such experiments. In justice to that gentleman, and in answer to those who have dropped insinuations to his prejudice, I frankly state that his treatment of this particular play was, throughout, generous and honourable. He appears to have read it attentively, and freely recommended it to Mr. Webster, the manager of the Haymarket, for more merits than perhaps it possesses. Though the tragedy thus recommended by Mr. Macready has been rejected by Mr. Webster, he has given me no fair cause to complain. He has a perfect right to form his own opinion, and very probably that opinion may be correct. That these gentlemen may stand acquitted from any charge of discourtesy with regard to their treatment of this drama, I shall take the liberty of quoting a few passages from the correspondence on the subject. Mr. Macready&amp;apos;s letter to myself, dated October 7, 1840, is as follows:&amp;quot; Dear Sir,-In reply to your inquiry, I beg to inform you, that I have read, and with much admiration of the character, learning, and poetry displayed in it, your tragedy of Socrates. But I think it right to express to you my opinion, that the public taste is not yet sufficiently educated to relish the representation of such a work; and that until, with the spread of knowledge and enlightenment, the many become more apprehensive of the philosophic, the poetic, and the minuter shades of character, &amp;apos; Socrates&amp;apos; must remain a dramatic poem, and not be an acted play; winning for you the admiration of individuals before it addresses itself to an assembly. I have offered this tribute of explicitness to your judgement, which, I trust, will kindly appreciate my motive in so doing. At the same time it is offered to you alone; and I shall have the greatest pleasure in presenting the MS. to Mr. Webster, the manager, as one deserving the most respectful attention. Waiting your instructions to guide me, I remain, dear Sir, Yours very faithfully, M A &amp;quot; W. C. MACREAD.&amp;apos; In consequence of my request, the MS. was sent to Mr. Webster, accompanied, as I afterwards found, with the following note from Mr. Macready, which I have vanity enough to quote, though it may be more flattering than true. It is dated Oct. 14, 1840 :&amp;quot; Mr. Macready presents his compliments to Mr. Webster, and begs to forward him the enclosed tragedy of &amp;apos; Socrates,&amp;apos; to which he requests his particular attention, as written upon a bold and novel plan, and as being the work of an accomplished and profound scholar.&amp;quot; Mr. Webster has, in very civil terms, returned me this tragedy; nor do I blame his decision in the least degree. The drama is now published, however, that the public may judge whether this decision be correct, and whether plays of this nature are fit for representation or not. 67, Chancery Lane. INTRODUCTION. Desirous of advancing the reform of the drama and the stage-a reform so warmly advocated by Jeremy Collier and other writers, I venture to publish this tragedy. The moral purpose of the drama (say the critics) should be to represent the struggles and triumphs of virtue. I know no ancient character better fitted to illustrate this moral purpose than Socrates, the wisest of the Greeks. This drama is a historical tragedy: it represents Socrates in all the more striking passages of his biography; its range of incidents extends through a long series of years. Like Byron&amp;apos;s DreamIt curdles a whole life into an hour.&amp;quot; I know that this is carrying the poetic license a long way; but the dramatist, in order to be effective, must be free; and when free, he will trample on the fetters of the unities whenever he pleases. I conceive these artificial bonds resemble &amp;quot; biscuits and pie-crust,&amp;quot;--they are made to be broken. In the following play, I have therefore violated the unities without remorse. I represent Socrates as he lived in the days of Pericles, and trace his subsequent career in association with Alcibiades, Plato, and Xenophon. My favourite, Grotius, says, &amp;quot; I undertook to write a tragedy, because our age is less fruitful in the loftier forms of the drama, than other kinds of literature; and the example of Euripides, Epicharmus, and Ennius, induced me to aim at much variety, as a source of dramatic interest.&amp;quot; In this respect, I have endeavoured to emulate Grotius, whose Adamus Exul, the finest of all Latin tragedies, I have recently translated. A new dramatic era is dawning on us; the public demands it, and it must be. For myself, I confess my wish to initiate a nobler series of tragic dramas than those which have been in fashion of late years. I should be pleased if Mr. Macready, for whose talents I have a high respect, would introduce the revival of ancient classic dramas. The play of &amp;quot; Socrates&amp;quot; is sent forth as a feeler of the public taste in this particular regard; if it succeeds, the most actable tragedies of Eschy- lus, Sophocles, and Euripides, might successfully be adapted to the English stage, with their magnificent choruses. Perhaps 1 ought to add an apology for the bold employment of supernatural agencies. Believing, with Goethe and Coleridge, that the principle of awe or terror is a necessary ingredient in the loftier forms of tragedy, I could not dispense with it; the example of other tragedians, likewise, prompted me to appal, if not to please. The public will now decide whether this tragedy of&amp;quot; Socrates&amp;quot; is at all worthy of the subject. I have sought to soar to the highest sphere of the drama, for my motto is, &amp;quot; aut Ceesar aut nullus.&amp;quot; This motto, however, I wish not to monopolize-I would have all dramatic authors take it to themselves, and write their best, for the sake of the best. For such authors, I cherish an emulation, rather than a rivalry. If. rivalry it must be called, let it be the generous rivalry of brethren, each striving by noble means to accomplish noble ends. Fellow labourers in dramatic literature should rather assist, than obstruct each other&amp;apos;s progress. It is because I cherish this sentiment, that I have eulogized many portions of the plays of Knowles, Talfourd, Bulwer, Stephens, Horne, Heraud, Tomlins, and other eminent dramatists. All of them have great-very great merits; and the censure that some critics have past on them, is, in my opinion, equally unjust and ungenerous. Those who best know the difficulties which dramatic authors labour under, will be ready to make most allowance for their works. It is no easy thing to interest the public by any literary effort; and those who succeed in rescuing the people from apathy and indifference, should be pardoned for the venial errors to which all men are liable. In this play of &amp;quot; Socrates&amp;quot; I have endeavoured to condense most of the principal facts and reflections that occur in the memoirs that Plato, Xenophon, Plutarch, and Cicero have left concerning him. Those who may wish to examine further into the history of this extraordinary man, may consult Brucker and Stanley&amp;apos;s &amp;quot; History of Philosophy&amp;quot;Charpentier&amp;apos;s &amp;quot;s Life of Socrates,&amp;quot; translated into English by CooperWigger&amp;apos;s &amp;quot; Life of Socrates&amp;quot;-Balzac&amp;apos;s &amp;quot; Socrates Chretienne&amp;quot;-the &amp;apos; treatises written on the Religion of Socrates-and the Demon of Socrates. There are also several dramas on the death of Socrates, k some of which are worthy of attention. I know not whether &amp;quot; Socrates&amp;quot; will be considered a good acting tragedy; but as it was my special effort that it should be so, I have studiously avoided the display of learning, and endeavoured to be simple and familiar, even to a fault. I hope that I shall not be severely satirized for this objectiveness. The necessity of things compelled me to it, and that necessity is of divine institution. From Deity himself we learn the proverb, &amp;quot; ars est celare artem.&amp;quot; The occult metaphysics of creation hie reveals not; but he reveals the creation itself-resplendent, beautiful. Ars est celare artem. The metaphysician or the philosopher who would succeed in the nineteenth century, must not be a theoretic, but a practical man. He must keep the subtle elaborations of abstract trains of thought altogether to himself; he must exhibit only their result, and that in the most palpable imagery. How many a man of genius has been ruined for want of this power of realizing his dreams-of investing them with the language of plain common sense-of bringing them home to men&amp;apos;s bosoms and business, and assimilating them to the practicabilities of life as it is. No other means of success is left open to an author-he must stoop to conquer. Cicero was obliged to recollect that he was not speaking to the scholars of the Academy, but to the dregs of Romulus; and I have likewise to remember that I am not writing to the Doctors of the University, but to the hoi polloi of cockneyism. There is one point more which requires a remark. The French tragedians have declared that a tragedy should maintain a uniformly dignified and majestic style of expression. I don&amp;apos;t agree with their dictum; I would rather trust to the example of Shakspere in his Hamlet, and mingle the sublime with the beautiful, the beautiful with the ridiculous. If in this respect I have erred, I have erred on principle and system, for I have studiously emulated those rapid transitions and vivid contrasts which form Shakspere&amp;apos;s most marked characteristics. In thus steering from the grave to the gay,and from the lively to the severe, we also imitate nature, which places in immediate juxtaposition the august and the familiar, the terrible and the absurd. Such is my defence against the charge of incongruity to which I have voluntarily exposed myself. I know not why Tragedy may not smile amid her tears, and why she may not be allowed to play the fool on occasion, as well as those who act, and those who listen to her. To the critics of the press I have only to express my thanks for their past courtesies. As I have personally always endeavoured to speak as kindly asconscience allowed of my literary brethren, and have protested against the vehement recriminations which so often spoil good fellowship, it is probable enough I may share the usual fate of pacificators, which is not the most dainty. Still some of the critics may yet survive, who judge rather by rules of art, than by impulses of passion. To such I would say-&amp;quot; If they find the play of &amp;apos; Socrates&amp;apos; better than its competitors, let them praise it better-if worse, let them abuse it worse.&amp;quot; PERSONS REPRESENTED. MEN. SOCRATES. CRITIAS. GENIUS ORP DEMON OF SOCRATES. ARISTOPHANES. PERICLES. MELITUS. CHIEREPHON. ANYTUS. SOPHOCLES. LYCON. EURIPIDES. HIERARCH. ALCIBIADES. PRIESTS. CRITO. HERALDS. PLATO. WIZARD. XENOPHON. GYMNASIASTS. PnIDON . WOMEN. PYTrHIA. EUPHROSYNE. ASPASIA. CHLOE. XANT1PPE. WITCH. &amp;amp;C. &amp;amp;C. SOCRATES. ACT I. SCENE I.-Athens. SOCRATES solus, basking in the sunshine. Philosophers have many a pleasure-knownFelt-by themselves-which to the vulgar world They rarely express: and when they do, how seldom Do the hearts of men respond !-Ay, at this moment There is a rapture in this sunshine-spreading Its hot o&amp;apos;erwhelming lustre over Athens Which they conceive not;-Unto me it is Symbolic of the incommunicable flame Of Deity ! It seems to embrace me, like The beatific vision of Olympus, Transforming what it shines on, to its likeness; It enters into my very soul, and makes A summer of my conscience !-I rejoice To anticipate the eternity when I Likewise shall be as a sunbeam. Enter CHNIREPHON. Socrates! SOCRATES. Who speaks ? CHASREPHON. Who but your old friend, Cheerephon ?-Prithee descend from transcendental flights Among ethereal essences, and listen To one of the common herd of men, whom you So heartily despise. SOCRATES. No, ChwerephonYou do yourself much wrong by such misplaced Humility;-know your own worth-esteem yourself;True self-esteem excels all fame, all wealth, All beauty. You are something better far Than the hoi polloi. CHASREP1ION. Thank you, noble sage, Such eulogy from you is worth the hoardingI&amp;apos;ll give my memory a special charge To keep it safe. I had a curious question That troubled me, and I would seek solution From the wit of Socrates. SOCRATES. Then tell it me, Frankly, and frankly will I do my best To interpret soothly. CH&amp;amp;REPHON. To the point, then, at once;Who, think you, is the wisest of the Greeks ? You have taught noble scholars,-&amp;apos;and sage sophists Of the chiefest name. SOCRATES. Nay, Chaerephon, thy question Is quite beyond my scope-&amp;apos;tis not in mortal To answer surely; to the Gods alone Belong such mysteries. If you&amp;apos;d know aright, Haste to the Oracle at Delphi, and Consult Apollo&amp;apos;s prophetess. CHSREPHON. I will; &amp;apos;Tis not a very arduous imposition For a truth-searcher;-tell me, my dear Socrates, What think ye of the state of Athens ?-People Who deem themselves Solons in politics Tell me strange tales. SOCRATES. In faith, good Cheerephon, The state of Athens trembles. Once she stood Strong in the strength of monarchy: her kings Condensed into one element of valour Her scattered forces. Since our monarchs fell, Ambitious chieftains in perpetual strife Have grappled the supremacy. Their tenure Has been most fickle chance; and the cement Of their authority, their rival&amp;apos;s blood. Oft have I said as much to Pericles, Our brilliant, bold, victorious usurperThe scourge of the aristocracy-the favourite Of the populace. His pomp will dwindle fast; The very faction, whose vile prejudice He hath puffed and pampered for his proper uses, Will turn against him :-ay, the state of Athens Is Fortune&amp;apos;s foot-ball, and the whim of the mobThe breeze that blows the bubble of our lives, Any way but the right. CHAEREPHON. You argue ill For the Athenians. Let the better hope Scatter these vapourish prognostications,I&amp;apos;ll take the brighter side; so let us leave All croaking to the ravens.-Now for Delphi. SOCRATES. Farewell, good Chlierephon. CHAREPHON. Till we meet again. SCENE Ii. Enter PERICLES and SOPHOCLES. PERICLES. Well met, my Sophocles: my eager soul Has been so fired by politics and war, That now she longs to bathe in the cooling streams Of Hippocrene. After the hard debates, Cheerings, hissings, and hootings, that still ring On my ears, &amp;apos;tis quite refreshing to encounter A poet. SOPHOCLES. Ah ! my Pericles, your knack Of flattery is unrivalled, it has raised you To all you are; beware, lest it may sink you To all you may be. P ERICLES. Now, sweet Sophocles ! Don&amp;apos;t moralize. On the stage &amp;apos;tis well enough; But, by the faith of the stars, when off the boards &amp;apos;Tis a fashionable nuisance. SOPHOCLES. A tragedian Ismnothing without morals. But I see Your humour-you would talk with me as doth A brother with a brother. PERICLES. That I would; I want a heart in which to pour my ownA sympathy-a sometbing I can&amp;apos;t find In the coarse throng of senators and soldiers. I&amp;apos;m sick, my Sophocles, of what they term Great men, and public characters, with all The pomp of circumstance. SOPHOCLES. I see how it is; Your hot ambition has been surfeitedAnd your rich hopes wherewith you decked yourself, Have been so richly crowned-you are oppressed With the weight of your honourst Athens owes to thee Her Parthenon and palaces ! To thee, Our mightiest bow themselves ! Thy ageNay, do not blush; believe me-by the Gods, I swear I the age of Pericles will be, By thronged posterity, in future centuries Most honoured. PERICLES. Ah ! dear friend, it may be honoured, But not for Pericles. I&amp;apos;m sick at heart; When I look back on my career of glory, What do I see ?-at home a crushed nobility, Crushed by my crushing-fallen off, and sunk In name and honour: a mad populace, Drunk with the poison cup of flatteries I mix&amp;apos;d to lull them into criminal dreams Of bribery-perjury-that I might steal Their filthy suffrages;-&amp;apos;twas I that did it. SOPHOCLES. My Pericles, you do belie and slander Your better self. There were far nobler purposes In the centre of your soul, which urged you on To your great darings. PERICLES. Well, perchance there were A few such aspirations. Yet, oh, Heaven! How horribly have they been prostituted In coming into action. SOPHOCLES. I&amp;apos;ll not hear you Speak that against yourself, which your worst foes Would smile to hear. PERICLES. Yet is it all too true; The blight of Heaven hangs o&amp;apos;er us; conscience tells m e I&amp;apos;ve erred, and this cursed plague-this pestilence Which now rages at Athens, is the symbol Of divine anger. SOPHOCLES. Nay, the pestilence May have far other other causes. PERICLES. No, my Sophocles, Everything warns me. Is not Athens leagued In ruinous warfare with the states of Greece? Are not our Grecians armed against each other In fratricidal wars ? while foreign enemies Laugh in their covert hate, waiting the hour Of our self-wrought exhaustion, for the assault Of their barbaric prowess. SOPHOCLES. List to me, Dear general-be advised by a steadfast friend; It now is many years since you embarked On the sea of heroism. You know the nature Of this strong, fierce, all conquering element. Those who once launch on this tempestuous tide, Must sail right on, or founder. Think not now To turn, and veer, and hesitate. You&amp;apos;ve cast Your life upon the stake, and you must stand The hazard. Fame and infamy are merely The synonyms of valour and fear. Be true To yourself: dash on like the storm-weathering ship Before the lash of the hurricane. If Pericles Must fall, let him fall gloriously, the victim Of fate, without one stain of the mental weakness That men call penitence. PERICLES. Ah ! Sophocles, Thou counsellest like gay Aspasia; I fear you both are wrong. Friend Socrates Would not advise me so: and, by my faith, Euripides would give you a smart sarcasm, If he but heard you. SOPHOCLES. What of sweet Aspasia, The brilliant, beautiful courtesan ? PERICLES. For shame, To call my wife-the mother of my childrenBy such a name. I am just going to call At the Pyrwus; if your time is free, Come with me. SOPHOCLES. Be it so; we will go together. The hot clouds threaten thunder; but no matter, Rough weather shall not frighten us. Come on. SCENE III. A Thunderstorm among the Mountains of Phocis. Enter CHEREPHON and GUIDE. CHAREPHON. The gods are gentle to their worshippers; What need I fear this tempest? Yet a storm Like this, might serve to make a parricide A little conscience-sick. GUIDE. Ay, my good master; Full many a time the priests have told me, that Great Jove is angered when the thunder peal Rings o&amp;apos;er the mountains. Hearts of innocence Should not think so. To me, &amp;apos;tis Heaven&amp;apos;s own music; And when it echoes round me, I am filled With a strange joy. But I could cite a man, To whom the very name of thunder was Like a death-stroke. I did travel with him once In such a storm as this, on these same hills; And when pale lightnings glared upon his face, He trembled so-that I was half afraid To look at him. That man had a foul secret Upon his memory. The Areopagus Made him confess it,-&amp;apos;twas a brother&amp;apos;s murder,Blood for blood was the sentence-and lie died. CHAMREPHON . That crash again-faith, &amp;apos;tis a glorious peril, And the bold mind frankly encounters it. There on the horizon&amp;apos;s verge the difficult peaks Of old Parnassus glitter. By the Muses! I will forswear all incredulity Henceforth-and trust the fables of our sires. Ay, even now, methinks the Olympian deities Hold revels there-the rich ambrosial banquets That dear rhapsodial Homer sung about. But tell me, my good guide, how many stadia Remain to Delphi. GUIDE. Patience, worthy sir; These mountain tracks are not so delicate As your Athenian promenades, and you Must bind the winglets of swift Mercury Over your ancles, if you think to reach Delphi without some straining. Rest awhile, For you must climb the ridges of two hills Ere you arrive. But if your honest guide May act the inquisitive, what brings you here To invoke the Oracle ? CHALREPMON. Guide, thou hast served me Right faithfully; I&amp;apos;ll answer thee as true. I&amp;apos;m going to consult the oracle Who is the wisest of men. GUIDE. A pretty questionMore easily asked than answered. I remember We once had seven wise men; now to find one, Requires an oracle. Is not Minerva, Whom you Athenians so monopolize, Able to tell you ? Or if she refuse, Can&amp;apos;t your philosophers, with their grave brows And tattered stolas, solve you this same riddle? They explain every thing. CJXRrEP H ON . Yes, every thing But the thing you want, whatever that thing be. Guide, to speak feelingly, I&amp;apos;ve been sore vexed With those sophistical prigs. Night after night, We listen to their homilies, till all The little virtue we before possessed Is fairly evaporated; and just to atone For suffering their dull prosings, do we plunge Deeper in luscious damned debaucheries, That sting like scorpions. So I turned my back On dissolute Athens, and with thee I bend My steps to Delphi. GUIDE. I cry pardon, sir; My ignorance has often envied much You gentlemen of Athens. 0, how sweet, Thought I, those hours must be, when learning breathes In the ears of beauty, and her smiles repay Wise saws with merry frolics! CHAIREPIIONN. Many things To the untried seem fair, which, once experienced, Pall on the sense. I know-I know it allAnd turned away disgusted.-Ay, by Heaven! I&amp;apos;ve more enjoyed this toilsome, desolate ramble, Exposed to the blast of the striving elements Of mother Nature-I&amp;apos;ve enjoyed it more Than all their fopperies. Nature&amp;apos;s above art; And if I live, I&amp;apos;ll live to redeem lost time, Seeking a better wisdom ;-therefore now I haste to the Oracle. GUIDE. I&amp;apos;ll bring you there; Rouse thee, and follow me;-here is the track. SCENE IV. Temple of Delphi. Enter Two PRIESTS. FIRST PRIEST. Brother, how liked you the stormn? In all the years I&amp;apos;ve dwelt at Delphi, never have I Seen Such a battle of the clouds. Parnassus shook To his very centre: from his towering peak, A lightning-splintered crag fell crashing down Amid the sacred groves; and much I fear The safety of our Temple. SECOND PRIEST. Peace to thy heart ! Fear nothing !-knowest thou not that Delphi bears A charmed life ? This spirit-haunted soil Cannot be violated. Great Apollo&amp;apos;s self, Bright lord of the sweet, ever blooming heavens, Circles it round with his omnipotence;Dread not the thunder; sooth to say-it bodes Much good to the tripod. FIRST PRIEST. Prithee tell me how? SECOND PRIEST. There is a sympathy &amp;apos;twixt heaven and earthA strange mysterious law, in which the power Of Phaebus is confest, by the high bards And esoteric hierophants, who framed The initiations; -therefore our Apollo Is oft invoked by a most subtle name. Canst thou tell me which? FIRST PRIEST. Nay, speak it freely to me; My tongue is never traitor to my ears. SECOND PRIEST. Elector is that name. Ay, keep it close Beneath the seal of silence;-breathe it not Without these hallowed walls-Mysterious essence Of light and darkness! which our Orphean sages Term electricity-treasure of the wise, Marvel of fools;-&amp;apos;tis unto thee the fame Of Delphi is most due. FIRST PRIEST. Thou speakest strangely; My heart warms in thy confidence;-say on. SECOND PRIEST. Thou knowest the rest. Thunder and lightning are But the divine Elector of the skies, Wooing the kindred elements of earth; And when the thunder bellows round the hills, Mark you ! our Pythian prophetess is then Doubly inspired. FIRST PRIEST. True, I have noted it, But little recked the cause. SECOND PRIEST. If my thoughts err not, Thus they interpret:-Well our ancient sires Knew that the metaphysical genii, good and ill, Reside in physical ethers, which, to them, Are even as our bodies to our souls. Well, such an ether found they ages ago, On the slope of this volcanic mountain. Quick And subtle was its influence. The fables Tell us the goats that browsed about the spot First caught the intoxication ;-their weak brains, Filled with the gaseous magical stimulus, Reeled-and such frolics followed as surprised The gaping shepherd wiseacres. They, too, Going wih sober brows to investigate The marvel, with like ecstasies were filled, And talked strange lingo-any thing but Attic. A shrewed knowing theosophist, whose mind Was steeped in Syrian and Egyptian mysteries, Soon found the art to profit by the news. You know the musty proverb,-that &amp;quot; Fools sow, And sages reap.&amp;quot; Enough! they built a temple Over the steaming crevice, and they reared A tripos, furnished with recipient pipes, By way of legs. Faith, &amp;apos;tis a tricksome stool; For when one sits there, soon the breath of the earth, Oozing into the avenues of sense, Makes madness a short work. Our Pythian sibyls Have sometimes probed the secret; but the guerdon Of fame is worth delirium, in their eyes; Or if they choose to blab, we find good means To gag their saucy tongues. FIRST PRIEST. Our present priestess Is a most fairest instrument, for men Like thee to play upon. Sweet devotee! Peerless enthusiast ! little does she dream Delusion, or collusion. &amp;apos;Tis to her One real, terrible apotheosis Of mortal nature into the divine. To her wrought phantasy, Apollo&amp;apos;s self Mixes with all her being-marries her, With his most thrilling inspirations, and Makes her the spouse of heaven. By my soul! I almost envy her the ecstasies Of her clear faith, though terribly they rack Her fragile form. There is a joy in madness, Known only to the mad. Doth she not realize A pleasure, which you and I conceive not, when, Frantic with breathless passion, she proclaims The oracle? It seems as if her trance Were the sole real hypostasis of beingEcstasy most essential of all essences. And when I think so, I despise myself, And you, for practising upon her innocence With the vile powers of masked chicaneryVentriloquism, air pipes, secret wires, And all the magic and magnetic agencies, We use to excite or lull her passions. SECOND PRIEST. Peace,You talk like some romantic poetling; Pray plunge such nonsense into Lethe, or Good b&amp;apos;ye to our Delphic monopoly. SCENE V. Enter PYTHIA and a SIBYL. PYTHIA. My heart is changed-it is no longer like The heart of woman-no more flesh and blood, And tenderness, and trifling; &amp;apos;tis all changedChanged-into what? into one burning flame, More fiery far than fire. Didst thou mark, In the thunderstorm, one bright particular flash Of crimson glory? SIBYL. Ay, my sweetest lady! Twas a most blinding glare-the inmost spirit Of ruddy light was in it. PYTH IA. Draw near to me I&amp;apos;ll tell thee something that thy ears will tingle To hear it. You may well believe that I Rejoice in the lightnings; unto me, they are Like the dear eyes of my own Smintheus,-and, I gazed and gazed,-for I would rather lose The power of looking, than not look at them. Now mark me! at the instant when that flash Burst o&amp;apos;er the Temple,-let me lean on theeI shudder while I tell it,-at that moment, I saw-O Gods ! the very image of him Who glitters in my dreams. SIBYL. Nay, do not look s0 wildly. Lady, whom mean you? PYTHIA. Yes, &amp;apos;twas he! Phebus-Apollo&amp;apos;s self. I knew him, Sibyl, By the vivid instinct: he stood forth before me In his naked splendour: rivers of lustre fell From his azure eyes; and round his kindling brow, Was glory like an Iris: his sweet voice Uttered divinest love: on his blazing breast I died away-O how voluptuously ! The rest is all oblivion. SIBYL. Was it not, lady, The phantasy of o&amp;apos;erwrought passion that Embodied the unreal. PYTHIA. The unreal! Beware, &amp;apos;twere blasphemy to doubt. Ah! Sibyl, To the pale seer, the vision of spirits is The sole reality-all forms of sense, Delusive apparitions. In the God Who fills me with his rapture, there is nothing Less than essential; and his ecstasy Is the substance of all substance. Even now The living genius of his resonant music Comes rushing over me.-Give me the silver lyre,It is my best relief, when silence burns Into a torture. SIBYL. Here is the lute, sing to it. PYT1IIA sings. Phoebus-Apollo, descend, Divinest of the divine; Here with thy lyre I bend At thy own holiest shrine. Descend like thy sunny beam, Burning yet bashfully, Till my spirit is one waking dream That I am dissolved in thee. Descend from thy flashing race, Too pure for mortal love, With a glowing smile on thy face, Too luscious for heaven above. Descend, and so entwine Thy godlike being with this, That I may be thine-thou mineIn indivisible bliss. WVith thee I shall gain the power Of faith, which cannot doubt thee, A nd make each fleeting hour Worth a whole life without. thee: And all the sparkling charms Of wisdom, virtue, fame,Free from earthly harmsSorrow-and shame. Enter C1HXREPHON and PRIEST. PRIEST. There stands the Pythian prophetess: if thou Wouldst seek celestial answer to thy question, Tell it to her; through her Apollo speaks The infallible Oracles of Delphi. C1IXREPHION. Lady, Forgive me, if my coming hath disturbed The harmony that, like a living soul, Thrilled the high columns of the vestibule. Mysterious spouse of Phonbus-Lo! I kneel Before thee with such reverence as if thou Wert deified by his divinity ! Thy aspect is scarce mortal; yet thy smile Betokens favour unto such as I; May I invoke the Oracle? PY&amp;apos;riIA. Thou mayest: I know thee e&amp;apos;er thou speakest, and thy name Is Choorephon. CISIMPHIlON. Thy voice sweeps through my soul As Zephyr through the aspen&amp;apos;s leafy hair, Making it shudder-1 had thought to keep My name a mystery. PYTHIA. Unto Pythia, Mystery is not a mystery; in the dreams Of yesternight, I met a spirit of the hour, Who told me all thy history,-ay, and showed Thy form and features to me on the mirror Of my entrancement.-Do not start, fair sir !I own a second sight-see all things openly By the mind&amp;apos;s eye-anatomize the shadows Of all emerging fates-and in the present Condense the past and future: I beheld tihe On the lone mountain side, amid the thunder, As clear as now-heard thy words with thy gui(lc-All, thou wouldst tell me were but reminiscence Of my pre-formed conclusions. So thou comest To inquire who is the wisest man among The men of Greece; -have I divined thee truly ? CIIAXREPHON. Most truly; ay, so preternaturally Exact thy divination, that I feel Even as a little child at his mother&amp;apos;s knee, When first she bids lhis infantine faculties Expand into experience. PYTHIA. Stay thou there While I ascend the tripod. When thou see&amp;apos;st me Clasping my hands, know that the inspiration Of Phmbus is upon me; ask me then Thy question, and my lips shall answer thee. PRIEST. Believe me, sir, you&amp;apos;ll find the Oracle Most true- is it not, Sibyl? SIBYL. True, most certain; Even like PNimbus&amp;apos; self-infallible: Mark you the Pytlhia-how her countenance kindles By the magical influence !-Lo, she waves Her arms, as if delirious with her joy! Hark ! she doth utter rhapsodies !-the fire Of thought, like the hysterical passion, shakes her! Listen with awe-dare not to interrupt her Till she gives the sign. P YT11 IA (Commencing her invocation and shrieking). Arise, arise !-why do ye not arise, Spirits of the earth ?-The flashing of the skies Is darkness to the light that is bursting on my eyes ;Come! I invoke ye !-with my fingers three Pointing to the heavens-and the ever-living tree, Whose buds are burning planets.-Come ye to me!Come! I invoke ye, by the shrill clear call Of a prophetess whose oracles are written on the wall Of the palace of Olympus-never to fall! SIBYL. This is an awful vision !-But behold She clasps her hands ;-this is the sign for those Who do solicit answer;-speak, sir. CIILEREPHON. Pythia! If in propitious moment I invoke Apollo&amp;apos;s aid, tell me who is the wisest Of all the Grecians. PYTHIA. The wisest is none other Than Socrates, thy friend;-there is the answer. He hath a guardian genius who descends From heaven to teach him what is truth: and he Listens to the voice sounding within his conscience, Which other men despise, and sink in folly. CH.EREP HON. Ah! by the Gods !-I had conceived as much. Socrates is the wisest-wisest, wherefore? Even because he thinks himself a fool. While others are called sophists and wise men, He is our sole philosopher-our only Genuine lover of wisdom. He informed me That all he knew was that he knew just nothing. True wisdom is, it seems, true modesty,The rarest of all virtues. I&amp;apos;ll report This oracle at Athens; &amp;apos;twill create No little stir: but be it as it will, Truth is the strongest. Truth and virtue joined In holy brotherhood will do such things As will appal the world with admiration. (To be continued.)</FullText> </Record>