<?xml version="1.0" encoding="UTF-8"?>
<Record> 	<Version>Record_v1.0.xsd</Version> 	<RecordID>4713359</RecordID> 	<DateTimeStamp>20180928135637</DateTimeStamp> 	<ActionCode>change</ActionCode> 	<RecordTitle>Untitled item</RecordTitle> 	<Publication> 		<PublicationID>2954</PublicationID> 		<Title>Monthly repository of theology and general literature, 1806-1826</Title> 		<Qualifier>London</Qualifier> 	</Publication> 	<Publisher>C. Fox</Publisher> 	<Volume>11</Volume> 	<Issue>124</Issue> 	<AlphaPubDate>Apr 1816</AlphaPubDate> 	<NumericPubDate>18160401</NumericPubDate> 	<SourceType>Historical Periodicals</SourceType> 	<ObjectType>Feature</ObjectType> 	<ObjectType>Article</ObjectType> 	<Contributor> 		<ContribRole>Editor</ContribRole> 		<LastName>Aspland</LastName> 		<FirstName>R</FirstName> 		<PersonName>R Aspland</PersonName> 		<OriginalForm>Aspland, R., 1782-1845</OriginalForm> 	</Contributor> 	<LanguageCode>ENG</LanguageCode> 	<ISSN>2043-457X</ISSN> 	<ISSN>2043-4561</ISSN> 	<StartPage>222</StartPage> 	<EndPage>223</EndPage> 	<Pagination>222-223</Pagination> 	<URLDocView>http://search.proquest.com/docview/4713359/</URLDocView> 	<Products> 		<Product> 			<ProductID>1007574</ProductID> 			<HasFullText>true</HasFullText> 		</Product> 		<Product> 			<ProductID>1009130</ProductID> 			<HasFullText>true</HasFullText> 		</Product> 		<Product> 			<ProductID>10000001</ProductID> 			<HasFullText>true</HasFullText> 		</Product> 		<Product> 			<ProductID>10000297</ProductID> 			<HasFullText>true</HasFullText> 		</Product> 	</Products> 	<Terms> 		<FlexTerm> 			<FlexTermName>DerivedSubject</FlexTermName> 			<FlexTermValue>LIBERALISM (RELIGION)</FlexTermValue> 		</FlexTerm> 	</Terms> 	 	<FullText>GLEANINGS; OR, SELECTIONS AND REFLECTIONS MADE IN A COURS1 OF GE14ERAL READING. No. CCXIVlII. -- Death/ of James I. That Prince died in exile at the palace of St. Gerinains, 6ept. b, 1701, of a lethargy, as our historians relate. The celebrated Madam Mainteiion, in a letter written from the French Court to Philip V&amp;quot;. of Spain, grandson of Lonis X1 Vth. gives the following ac. count of the death of James. and the circumstances which precede(l his in-. terment. The Religio Medici iti the case of human relics must be allowed to be rather equivocal, and a prepared toe or finger of a King would dignify an&amp;apos; collection of anatomical cturiosities. &amp;quot;&amp;apos; We must not talk of deaths to your AMajesty without m&amp;apos;entioning one. which, however, you must already have heard of froin others, and which must have been as pleasinC; to heaven, as it proved edifying to all those who witnessed it; I do not mean good and religious persons aione, but eoven the most profligate about the court have not beheld the King of Eng.land at this awful period, withIuit sUrprise arid admiration - during six days his life was entirelv despaired of: &amp;quot;all around hsim saw it ; he tookR the sa-traient twie, spoke to his son, to his Catho&amp;apos; lic and Protestant attendants, to Otlr King, to the Queen, in short, to cvff person lie knew; and all that he s61A evinced a presence of mind, a ^ace serenity, a zeal and fortitude whid all were truly charmed in belholdinfg On his b)ody being opened, the phsicians and surgeons all took so&amp;quot;0 particle of it to keep as a relic; hi&amp;apos; attendants dipped their handkerchil in his blood, others their ch6p3cts&amp;apos; Memoirs qf Lewis the XIJ&amp;apos;ih. wrint by himself. Translated fron, thc Frct+ 186. i. 184. NI&amp;quot;O. CCXLIX. S9panish zlitalItionz. wlien Drake took St. Domingo, of in the Town-Hall were to lie seen, amongst otiler things, the King of S ain&amp;apos;i armrn, and under them a globe o the world, out of which iss-ued an hnrse with his fore-feet springring for. ward, with this inscription, non .if&amp;apos; ,11 url&amp;apos;i.. that is, thCe *orld suflicethi not. WVhich was lauviiedl at, and(l looked upon as an argUment of the hoimndks avairive attd ambition of the SIaniards, as if nothing cotuld suffice them.&amp;quot; Cainden, An. 1585. No. C(&amp;apos;&amp;apos;1. Ordination of a Mcchanic, Ly Archbish op Usher. The following anecdote is rclthcd by Dr. P.arr, and repeated b D)r. Aikini, in the Life of Archbishop; Usher. An English inechanic ini bis diocese, honest, pioUs, aInd minuch addficted to the perusal of worLks ihi practic- I divinity, applied to him, expressing ati earnest wish to Le oixlIamed. The primate, regarding the i ucliviat ion as the offspring c&amp;apos;f t&amp;apos;ancy or crticeit, ad&amp;apos;ised hitl to ,o home and adhe-e. to his prolpr i:-vig. The inz-4n, howc r, wunable to res&amp;gt;;t his powpe;4sity&amp;apos;, sooti after renewed his applicatiou ; when the primate discoursed with him, and finding that he had attained considerable knowlcde in the fundnmcntals of the Christiati religion, aske&amp;apos;d him if lie tideritood tht&amp;apos; Irish lan. gtave, at the samte time telling him that he could do little good in those parts wivthomt SUCh an acqnikition. lie acknowledged htis i} iioranice of ii, lbut profesedl hinscIl fready to under. take the tiizk; of 1earning, it&amp;apos;it&amp;apos; IikGrac accounted it a necessary prclimiiinary to lis or(lin:itimi. About a yecar after, hie retilriled again, and acquainted the primatc that he was now able to express himself toleraibly in) that laziguage, and( tlllervore hiopcd lie might AL kngilinbe dbIladitLed to or(lers. T1 ile l)rimlate, thinking that a mati of his character, (c,-apable of sp)caki1ig to the people in their OVt11 StVil allnd ton1gue, wai more likely to be serviceable to the cause than a Latain scholar. with. out that (ualilfwation, complicd with his reque-st ; nor had lhe reason to rep)ntl Ot his mondtescensioII, since the ncw clrr(ri3an proved a respectable a;id usefui minister, and was very sUccessful in making converts from tile (Catholics, till the rebc&amp;apos;iio:i put a 1wcriod to his labours. No. CCLL. &amp;quot;The Lcaned Tiradesman.&amp;quot; \Ir. Wlliani Pate, the friend and correspondent of Dean Swift, was edticated at Trinity Hail, Cambhridge, where he regul.arly took the degree of LL.B. He afterwards becane a most eminent woollen-draper, lived over against the Royal Exchange, atid was commonly callekd &amp;quot; the learned I radesmatn.&amp;quot; In 1734, he was one ot the She ri fs of Londoin, and died in 174(i. In the churchyard at Lee, in Kent wliere hie lived for nmariv years, in a delightful house ad.fin ing the rectory ot LhAt place in which hie died, is the following epitaph to 1,1s nicixlory : rI jacent reliquix (GLYEI.M1 PATE, Viri propter ingenii faccunditatem et literarum peritiam haud minus exiniii, qoam ni) morun urbamat l atern snavitateniqume dilect,; hune lap)idei tC&amp;apos;iiriUti apophithegmate autrCO incistim, tilmilulo imiponi jussit &amp;quot; ltp)icharmit)n ill&amp;amp;id Ivneto, &amp;quot; Nervos mtjue Artus e{ss Sampientiar, &amp;quot;No)w TEMEUI. Ck*ED)ERE. Objit nonf) (lie l)ecemI&amp;apos;l)ris t111110 WtatiA q~la.a ocw~gesimol wrp C(&amp;apos;hriliaive M .Ix X.)LV I.</FullText> </Record>