<?xml version="1.0" encoding="UTF-8"?>
<Record> 	<Version>Record_v1.0.xsd</Version> 	<RecordID>4716199</RecordID> 	<DateTimeStamp>20180928135637</DateTimeStamp> 	<ActionCode>change</ActionCode> 	<RecordTitle>DOMESTIC.</RecordTitle> 	<Publication> 		<PublicationID>2954</PublicationID> 		<Title>Monthly repository of theology and general literature, 1806-1826</Title> 		<Qualifier>London</Qualifier> 	</Publication> 	<Publisher>C. Fox</Publisher> 	<Volume>10</Volume> 	<Issue>116</Issue> 	<AlphaPubDate>Aug 1815</AlphaPubDate> 	<NumericPubDate>18150801</NumericPubDate> 	<SourceType>Historical Periodicals</SourceType> 	<ObjectType>Feature</ObjectType> 	<ObjectType>Article</ObjectType> 	<Contributor> 		<ContribRole>Editor</ContribRole> 		<LastName>Aspland</LastName> 		<FirstName>R</FirstName> 		<PersonName>R Aspland</PersonName> 		<OriginalForm>Aspland, R., 1782-1845</OriginalForm> 	</Contributor> 	<LanguageCode>ENG</LanguageCode> 	<ISSN>2043-457X</ISSN> 	<ISSN>2043-4561</ISSN> 	<StartPage>527</StartPage> 	<EndPage>527</EndPage> 	<Pagination>527-527</Pagination> 	<URLDocView>http://search.proquest.com/docview/4716199/</URLDocView> 	<Products> 		<Product> 			<ProductID>1007574</ProductID> 			<HasFullText>true</HasFullText> 		</Product> 		<Product> 			<ProductID>1009130</ProductID> 			<HasFullText>true</HasFullText> 		</Product> 		<Product> 			<ProductID>10000001</ProductID> 			<HasFullText>true</HasFullText> 		</Product> 		<Product> 			<ProductID>10000297</ProductID> 			<HasFullText>true</HasFullText> 		</Product> 	</Products> 	<Terms> 		<FlexTerm> 			<FlexTermName>DerivedSubject</FlexTermName> 			<FlexTermValue>LIBERALISM (RELIGION)</FlexTermValue> 		</FlexTerm> 	</Terms> 	 	<FullText>INTELLIGENCE. DOM EST IC. RELIG IOUS. Unitflrian Ch&amp;apos;azpel (it ec Iv- c/h urclh its US.iffldtale&amp;apos;, (S&amp;apos;I C lionthly R&amp;apos;posilorp, %1&amp;apos;I. x. pp. 313, 39&amp;apos;2 4549 461). .sub i jdpli1s towardI(Is Iqitltiil. tl,, debt ( 3;&amp;apos;0) upon thit alnc&amp;apos;e (halliapl %ill 1w reCCiveI( 1by R1ev. Robert Asjilan 1 nick:114)y Ro-a:l ; Rev&amp;gt;^. It. A\stley, ;:litafi ; Itt . W. Jolhns, Al:aucblester ; N! Williaimu Walker, Rttuhdale ; Dr. Thomwson, Halifax. l. s. d. Atitount reported in the Mlont,1y lltehioitmwy pl &amp;apos;g 458 . . 90 1I( 0 Difto it p1w.;1 &amp;apos;6 .f . ,. . 131 5 0 Thec Misses 1&amp;gt; aisons, M3iransield 3 0 0 A Friend ditto . O 4) t&amp;apos;CdIectiln at the New Niceinr Bliriiiig~li:liib, by ltti. Johii KentilIi &amp;apos;?3 6 0 lIItucrt P&amp;apos;hllipis, IEsq. - Park, lallelle l( . . . . . &amp;apos; () 0 Rtv. John 4GrimdyV, i ilto ) .5ir Joul:ai);Lii Irookc., ditto I I 4) Mr. Ceoigrq &amp;apos;1t. . li&amp;apos;oittl, ditl,) I I 4 ,?411&amp;apos;s Toik.IhUl9S Uq. ditto . &amp;quot; ( Mr. S8iiidersoi, t&amp;apos;Chowbent, ditto &amp;apos;2 ) O 0 NIu. Siamufel .:tcksn, ditto I ( O Mrs. IHeywood, Bultoui . . 0 10 0 Iev. JmI)II Illiand, ditto . I i) 0 Abraliam (!ronptoul Esq. Wal - ton. Liverpool . . . 1 . I 4) Rev. Johi I&amp;apos;atcs, Tuxteth Park ditto . . . . . . . . 4 0 t) Mr. Win. Thorrieley, ditto I 0 0 Pdr. Ainh-wijith, lI&amp;apos;esol {&amp;gt;t~ 2 ( 0 M~r. Grund, Jlitv.ll Bulry, L.ane~. I 0 0) Mr. &amp;apos;ldnuud (rundy, ditto 1 0 0 ,qiouthernk UnlitatismU Socie~ty, Books vam!e Five I&amp;apos;o1tiud(s. A Few Pirieiids, Mechanics iii London, by Mr. W. Ilayday I :3 6 Mlr. T. 11. Janson1 Clapton . 2 2 0 Mr. D. (Gibhs, Holloway . 0 4) Rev. T. Howe, Bridport . . 1 0 0 Mrs. Severn, Brouglton, Notts. 3 0 4 4iss Smith, ditto I. . . ) 0 His$ Eliz=Severn, Nottingham I 0 4) Rev. J. Itowe, lristol . . I I 0 By Djitto. Mr. Parsons, IJpland House, IJnlldgewater. . . . 5 0 0 lDr. stoek, Bristol . . * I a Mr. Bronihead, ditto * * I 0 0 Mr. S;yi, ditto . . *4) 0 A &amp;apos;riend,, ditto I . * A Widow&amp;apos;l Mitf * . . 0 0 Mr. 11mvet l3rentford . . 2 0 0 RA. * 0 .)W ?178 1:3 )</FullText> </Record>