<?xml version="1.0" encoding="UTF-8"?>
<Record> 	<Version>Record_v1.0.xsd</Version> 	<RecordID>4718119</RecordID> 	<DateTimeStamp>20180928135637</DateTimeStamp> 	<ActionCode>change</ActionCode> 	<RecordTitle>Letter</RecordTitle> 	<Publication> 		<PublicationID>2954</PublicationID> 		<Title>Monthly repository of theology and general literature, 1806-1826</Title> 		<Qualifier>London</Qualifier> 	</Publication> 	<Publisher>C. Fox</Publisher> 	<Volume>13</Volume> 	<Issue>148</Issue> 	<AlphaPubDate>Apr 1818</AlphaPubDate> 	<NumericPubDate>18180401</NumericPubDate> 	<SourceType>Historical Periodicals</SourceType> 	<ObjectType>Correspondence</ObjectType> 	<Contributor> 		<ContribRole>Author</ContribRole> 		<LastName>Cappe</LastName> 		<FirstName>Catharine</FirstName> 		<PersonName>Catharine Cappe</PersonName> 		<OriginalForm>CAPPE, CATHARINE</OriginalForm> 	</Contributor> 	<Contributor> 		<ContribRole>Editor</ContribRole> 		<LastName>Aspland</LastName> 		<FirstName>R</FirstName> 		<PersonName>R Aspland</PersonName> 		<OriginalForm>Aspland, R., 1782-1845</OriginalForm> 	</Contributor> 	<LanguageCode>ENG</LanguageCode> 	<ISSN>2043-457X</ISSN> 	<ISSN>2043-4561</ISSN> 	<StartPage>248</StartPage> 	<EndPage>250</EndPage> 	<Pagination>248-250</Pagination> 	<URLDocView>http://search.proquest.com/docview/4718119/</URLDocView> 	<Products> 		<Product> 			<ProductID>1007574</ProductID> 			<HasFullText>true</HasFullText> 		</Product> 		<Product> 			<ProductID>1009130</ProductID> 			<HasFullText>true</HasFullText> 		</Product> 		<Product> 			<ProductID>10000001</ProductID> 			<HasFullText>true</HasFullText> 		</Product> 		<Product> 			<ProductID>10000297</ProductID> 			<HasFullText>true</HasFullText> 		</Product> 	</Products> 	<Terms> 		<FlexTerm> 			<FlexTermName>DerivedSubject</FlexTermName> 			<FlexTermValue>LIBERALISM (RELIGION)</FlexTermValue> 		</FlexTerm> 	</Terms> 	<FullText>Yfwk, &amp;quot;I, IR, .1141-ch -1-ith. w itl rr i l it til. (ChrIS0lur, fht. _%.. serer for F* Iru;ar. Iaat, I,, I,, reniarks in &amp;apos;M r. W &amp;apos;Aitrt, :a.%t,&amp;apos;s ?lrI of dolng, the *er% thin iII Ills at. tempteti refut.tlol I) f the tw tritte of eturi,;tl tornetis, of *^ lhich l oiitairlani .tctCuSe the orthiodIox, uii &amp;quot;I, I~ , 4&amp;apos; iitro. 41t~lic I I l.&amp;gt; as esscultialsiv of Chribtiallit (foc taiIMes l)Imilt uponi infurcii1.. ;jI; arblll rSir% exOwsitiOllns (f m ihi-l;o --ordsaiidz figulrativC l5iWSrrZ&amp;quot;u ( t eif ttj re..&amp;apos; It is not III% initeutoiti, l.r. I&amp;apos;diltor. to *XvUlili,, how fair thfie, acciitatiion% are %e cli.foutndud, or to taidLj4I III qtII% spiecles of cooltroversm . I rck &amp;quot; isi to) Sligkt .1 to tlhe canild iriqimr r lttor christi.lia huth, th.it thlire is t&amp;apos; *view o&amp;apos; that unspeakahl1 imlportailt .I&amp;apos;seu. SatiOli, afndi as I frily hbJit e e but olle, which steers prfevll y cear of this oAbjection, wlhether as it rel ites to the terrific doctrine to whitih *&amp;apos; v hare aIretad% adverted, or to th71t of Il %al. vatioit bv faith,&amp;quot; so zealotisIk iursisted upon ; and of this, the defeiiders of lnitarianism ha% e not availed thf m.elves. ILookuin lately into A rchdc.taon P&amp;apos;aley&amp;apos;s Lvidencte s of Christiauaity, I tindi&amp;apos;jn hischapter onl thle loralitx of the Gospe, the foilownill, staltemiecnt &amp;apos;FIirst, tilat t~le teacf hing of niozrdlit% ,;as iot the primary dusign of the iniswion of (&amp;apos;hrist ; seCond4-1ls, that 1moralitv, iteitlier ill the gospel nor iII anty Ot1her t)ook, ain t)e a %Uhject, Properly speakitig, of discovery.&amp;quot; He&amp;apos; goes on to sav, &amp;quot; If I were to (fescrihe. nll a Verv few words-, the scope of Christiagaity as a re elatima, I should Say, that it wax o10 iitlluelce tile coil. duct of hum-an life, tw est;alishing the proof of a future %tate (4f reward andi punishment, to bring litfe mnd in mortality to light. The direct object of the desimn, therefore, is to s;ippiv 1Il0tiv&amp;quot;. an(d not rules, salilctions and1 lot precepts.&amp;apos; Now, in nmy mind, this is pre(&amp;apos;%fly What ,Mr. Cappe had previouslY vrittcn upoln the subject many yeap before, itl what he has entitled, 44 Cbhrsttrn Principlks,&amp;quot; but which the Archdeacon tiexer could have seen, ju tbe wert tiot published till the I cr I Wi. N I r. Ca ap pe &amp;apos;Wh\&amp;apos; t - ever is eS&amp;amp;eihtial to Christialtv, all the wstt of (&amp;apos;hrmitians, sit uhomt olle excepted installce, own. It Is e~sWe tW to &amp;apos;hristimaitv the (weittile Chnistianith, h. h consists iM receiving Jesus a2 the I.ie , to tieee that he died atid robe .vgtafii, aiid *as empoweredl o Selld from ht.tveii the gifts of the Hlo.1 %pirit, iid nothiiix else is eseutlal&amp;quot; Now &amp;quot; hat ts this hut to assert u% hat MJr. Paley has stdted as the scope of C hristumuitv as a reveh1tion,&amp;quot; to influence thle conduit of human life, b% establishing the proof&amp;apos; of a future state of&amp;apos; reavtrd and pumishmeiwt. to siupIp nufl%&amp;quot;es and not rules, s;nictiomis :id not precepts: or, ;Ms NIr. Ca&amp;apos;plipe ex press t3 himself respectinl- t he great olbject of tile C risti~ri revel;atiu, or as fie calls it, &amp;apos;1 tile gosp#l of life, &amp;quot;1 to ieveal the good 1ae% 41 the l(!igs, the discovery troui tict, of a future life.&amp;quot; Thec Artchdeacon goes oti to say, that &amp;apos;r nioralhts nicther in the goslwl nor in any other book cani be a subject of discovry, prolerly so called.&amp;quot; A prmopoitiol w&amp;apos;hich stirely hiaraaionizes perfet tIh with Ahat Mr. (Cappe has said in his (hrkti~tin Principless already referred to, 4JO, 41I , and % hidh lie thus sumns up{, - All the doctnines proierI so c:alvtd, the truth of whlch is sulpowd or admitted, or incidentalktaught in (&amp;apos;Christianiit . are doctrines uf liattral religion, anid should stanid cntirely upota that ground. T&amp;apos;Iwhe are aU supposel to be kiiowi or knowable before the promulhgtion ot C hristianit . All that it rereals is act.&amp;quot; .So ftlr then, as it eems, the ideas of the Archdeacon and of nm late honou ril husb)mnid appear to coincvide. But thure is miIther inmprtant object (f tilt, d11 e mimsioaa of our I Lord, as it reslH&amp;apos;iltt, tile Wople of thle Je%%s, I&amp;apos;ame} . I ihit of his declaring ataascif to h e their Me.si.h, aid of&amp;apos; soleimnly forewaririg them of the fatal consequeil( to f. their rejecting hino in that Character, to liach the doctrine of &amp;quot; salvation b, fa.ith,&amp;quot; properly be1lo9LI; for * e kntow asuredly that thos., %,In1 those oily, were actually P&amp;apos;wefred in the dreadful dcstructiou0 which ere the end of that generatiola, Oewhbelod their country, Wbo, by becomisns ( hIstians, enlistedl them. selves under his bannHtr. &amp;apos;T&amp;apos;o this the Archideacon 1lit not advterttel, otherwise I thijik fie mnust htve ;didjtted somethinsg like t1.eb siew tizieln It, the Critical D)isertations, of &amp;quot;1hich the C hristiaii Princicples ftrm. ;a part, of the twofold ch;tracter ot (Christ; as the prouilsii Nlemctsh, to the timend;-aits of Abhrahamw, and ot - the life,&amp;quot; in n sl ofl of; A manskil at lasae. hut tw th-It ;as it m;si , for I amia not solicatoust T r. Lditor. to&amp;apos; shewtr thre Disservit.ls i de ldtr the protectiont of asis iiilte, however laighlh and dteser. vetia revered, temai fil o tersuaded tlat evtntualk% the p.sacral *e&amp;apos;s they exhibit of thse ( &amp;apos;11iias&amp;apos;ll s iass elsatilit will Stand 111R)11 tile 4111% ,uuIF,10oeab1e fundlidation, that of r-AM il 11d truth. Tlhat tilis pub~litItIol shouuld litherto in getieral fhaae twell %o * oolly received, and that inanii (of the striknag solutiolns it (ontaillns If bone of the (lifficltute% uiidter % llilc Unita. rians vonifessediv labour ill at tempting a coiisisttaiat supIport of their phrinciple, should seldomi or never have bem even adverted to by themn, would, indecd, surprise nme, were I uiot fully aware of the great dvisadvAatages under whiwh ala mipsatrossized posthunjous publicat iOi must i1 w:ivs latwur, anid miore es1weisaI1b, wh ri, as ill this instance, tile iwison detlilned to be the Editor, mutst iieeesl aril% 1w in Competeut to its defe ace, or to thle procuiring for it a f vour;able reception. Perhaps the questioss is nlot yet wholly out of date, even amamoig the most liberal anid enlightened, &amp;quot; Have an% of the rulers and lPharisms believed on him -&amp;quot; But how inuch soever I nmay hiave regrette-l that my Unitarisi friends, %% hell enigaged ill all important controversv with their vehement oppopers, should isot have availed themselves of the far msore decisive weapous of argument in their favour to be derived from the view of the (hristian dispensation in these Dinertations, thu ti any they have actually used; arguments which. however clear or striking, it is probable they may niever have see or consaidered, I cosisle nmwif. m Sir, under the 0rm belief, that the progrew of kusowledge, along wtis every ote good. in usader the best possible direction, anld that although it u our bouiadt&amp;apos;se ditty to aid its advanooumet by every raft in our power, yet t K tI)?t it is tI4o fir dlutv to fi&amp;apos;, it&amp;apos;fectly esigmdI ulnder the (lisappoillitment wh.iotwer shtbiaw * Worts hWt&amp;amp;l, for a tinte, rOP)Vf&amp;apos; 1Ml4Il&amp;apos;4*%4fll. i; &amp;apos;III *,1 Iflmeyiv of this kftter its NOW uhaliasbld elKrostorm, voea will greati obIlWi&amp;apos; au nrdeiat Weli wishre to tife iplfmrlalit catlsfe of osoqwt truth, .~d wyor frWuidl md coiustant ,it dr, I &amp;quot; ATI I - % R IN CI (&amp;quot; A 11 11 L.</FullText> </Record>