<?xml version="1.0" encoding="UTF-8"?>
<Record> 	<Version>Record_v1.0.xsd</Version> 	<RecordID>4720277</RecordID> 	<DateTimeStamp>20180928135637</DateTimeStamp> 	<ActionCode>change</ActionCode> 	<RecordTitle>Book review</RecordTitle> 	<Publication> 		<PublicationID>2954</PublicationID> 		<Title>Monthly repository of theology and general literature, 1806-1826</Title> 		<Qualifier>London</Qualifier> 	</Publication> 	<Publisher>C. Fox</Publisher> 	<Volume>17</Volume> 	<Issue>202</Issue> 	<AlphaPubDate>Oct 1822</AlphaPubDate> 	<NumericPubDate>18221001</NumericPubDate> 	<SourceType>Historical Periodicals</SourceType> 	<ObjectType>Review</ObjectType> 	<Contributor> 		<ContribRole>Editor</ContribRole> 		<LastName>Aspland</LastName> 		<FirstName>R</FirstName> 		<PersonName>R Aspland</PersonName> 		<OriginalForm>Aspland, R., 1782-1845</OriginalForm> 	</Contributor> 	<LanguageCode>ENG</LanguageCode> 	<ISSN>2043-457X</ISSN> 	<ISSN>2043-4561</ISSN> 	<StartPage>622</StartPage> 	<EndPage>625</EndPage> 	<Pagination>622-625</Pagination> 	<URLDocView>http://search.proquest.com/docview/4720277/</URLDocView> 	<Products> 		<Product> 			<ProductID>1007574</ProductID> 			<HasFullText>true</HasFullText> 		</Product> 		<Product> 			<ProductID>1009130</ProductID> 			<HasFullText>true</HasFullText> 		</Product> 		<Product> 			<ProductID>10000001</ProductID> 			<HasFullText>true</HasFullText> 		</Product> 		<Product> 			<ProductID>10000297</ProductID> 			<HasFullText>true</HasFullText> 		</Product> 	</Products> 	<Terms> 		<FlexTerm> 			<FlexTermName>DerivedSubject</FlexTermName> 			<FlexTermValue>LIBERALISM (RELIGION)</FlexTermValue> 		</FlexTerm> 	</Terms> 	<FullText>REVIEW. d Still pleslled to praise, yet not afraid to blane,&amp;quot;-lporr. ART. I.-mfmarks itn the Consumnp. 1t1.n uif P&amp;apos;Uhli II&amp;apos;u &amp;apos;lth It/ t(heh Cl&amp;amp;I rIy f leTry (&amp;apos;hritian NVation, and 1pre t ala r)e liy the Establ/ished C(heurch in Enlanand Iina es, and in Ire. (&amp;apos;iud; frith a 1&amp;apos;lax fir alterin,,r its Rerenes suesjaect to Existiv Intoresm, whereby the Episcopul IBodf/ vutill lie providfed/&amp;apos;Ar, on a Scaed P# mvIke thr o the richest Episcopal Bopdy in the Forld: the Working Clerr&amp;apos; of the Estabilishment trould lie *#ch better prmrided ffor than at 7prise&amp;apos;nt: the &amp;apos;orkin, Clergy (ir fll Dther I)enomninatioins iruld #i&amp;amp; e /uquallyt pr)TQifledu for trith thosr of t/w Astublixhmrnt, and hoth /il ( Seftle to make thcm tfhe richest J#f&amp;apos;rlhinq Clerprgi in the IWorld: and iri-ars f!f C1 iOO,(O)&amp;amp;,0)M) obitained to extingwish sfo muck of the No. tie&amp;apos;nal Dtit, and refiere the A&amp;apos;ation from FAur Millions 4f Annual Txr408. 8o. pp. S6. ilson, Itoyal ExchaW. 1822. T was long ago prelicte(1 that Church Power vill not survive the nineteenth century, and the w&amp;apos;orkin g 4)f events throughout Europe is tnIding to the accomplirshment of thle prediction. The power of the Ch rid is founded upon its wealth, and this, in proportion as superstition loses its bo1l of men&amp;apos;s minds, is admitted to lbe the property of the state. Formerly, the clergy nsserted with somne success the livine right of tithes. The Legislature Is a&amp;apos; in anal agin 1 rokeii in ulx)n this political soph1sm, aInld m11adle the sacerdotal ortler feel thlat they are serants, not masters, an(d that there iM a poIVer tihove them, authorize(d to define their service an(l to limit an(d regulate their wages. They inav now atl then rmise the fectle cry of .sacrionce a convenient watchwordl, but now im unmenning term, concerning the sense of which it wvere as vain It, dispnte as concecrning that of heresy or %vitcheraft.&amp;apos; The influence of great vealth in &amp;apos;kSte Viildicix (allica, 4ih ed. 11). 9.m, corrupting bodlies ;of Men has been iio where displayed more striking l th;ml in opulent ecelesiastical e;tat&amp;apos;e iM11. nients. These politi(cl iII;tittitiolii have invariably beeii ininiuical, in tile ratio of their endowinenits, to freedo, to knowledge and eveli to virtue. Be. tween a richly benefieed clergy and tht people there can be little sympathy, because there can be no comiimunity of interests. In England, the people have outgrown the Church. T he clergy have become an ziwinaloiis.landed proprietary ; landlords of thve worst description, wvhose rights ar, reluctantly adinitted, and whose claiiii, are oppressive andl vexatious to t1h cultivittors of thle soil. In the political, as in the natural, body, disease flies to the lemst souarndl part of the frame. The fever of ptublic liscontent, arising from the distress occasione(l l)y a profligate expenditure in unjust anl unnecessary wvars, which has attacked all the other corrupt ex. crescences in our institutions, could not fail of visiting our overgrown religious establishments. Many accidental circumstances have contributed to inflame the mind of the nation, and to engender extreme in patience under ecclesiastical abuses. Reform begins to be (lemanded in the Church as well as in the State. And the examnple of all other countries, even those nmost (levoted to the political *hurchIsill of Rome, combines %vithl the necessities of England to enforce a general conviction that retrenchmienlt ad( evonomy in the revenue of the prie.-thood i6 essential to national prosperitN. liil(l Churchmen maV fael alanhi .at the strong language ol tlhis subject wvhich is already fatmiliar to thle ress and ill Parliament, and those 0 the clergy who are most interestedl in thic preservation of timins as they are, may cherish this alarin for seltisl puirposeCS but Publie Distress is a powerfuil rcasmiler, atuid the motrent that the lwPople /el thalt any P(litical wvroi1 is in the wvay of their ha.pl)incss, its Cexistte is from that instant b)y inere sutleraIn, anud its days are numnbered. Lt aly one look around auiil ^cc the nUtller&amp;apos;) xatupc11 ot&amp;apos; plulrl;lities l(I1 andon-residence, or let him look into any newspaper and observe advertiiement;s of si. nioniacal (contracts, the tratlic in souls, -tlden let him survey the coI1hitioniof the working clergy, the mass of wholil are in a worse condition than the clergry of any unheneficed sect in any part of the world, and let itini at the samne time call to mind the solemni oaths which every l)luralist andl nonresident is in the hal)it of violatinig,and can he doubt on the necessity of a reform in the Church, or wonder at the complaints which ure oui every side the burden of the pullic voice ? Our readers cannot be uninformed that mea-sures tire projected in Parliaiment for alleviating the evil here pointed out. As yet, nothing further is proposed than a comm niutation of tithe, and thiis object is formally contemiplated vith regardl only to Ireland. Inut some of the clergy have the sagavlty to foresee that the jluestion of remedies for one country *vill leadl to inquiry as to disease in the other. &amp;apos;Ile whole -sutlect must of necessity conie into discussion, and let the inatter he deblated, and it wVill soo0 le understood, and if understood it cannot be that England, which has been fiecustomeed to set a moral example to Europe, should be slowv in following her more Southern neighbours who, with all the impediments which the Rloman Cautholic religion throws in the way of ecclesiastical reform, have pruned the Church which had shot up into mischievous political importance, anol lopped off those thick over-hnging brawches which cast their baleru(I shadow over industry and thme arts. We are led to these observations by the pamphlet before us, which is an extraordinary l)ululication, and wvill (Constitute an era in the history of the discussion of church property. The author, who is said to he of the Rto1ntmw Catholic comunuIiion, will be pronounmced with reason n most danigerous writer, dangerous to the abuses of which the (country complains ; for lhe uses no declamation, throwa out &amp;apos;lo invecti% e, miakes )o atteimlpt upoli ;asison or prejudice, but realsons with 4111 tile vj)( olI SS of ,I ( &amp;apos;tOljtilg-raljojSe (&amp;apos;idvatulator, rI,.tsoMIs, iii short, by figures. His argIimi(&amp;apos;It is4 purely aritlinietical. 11 swsv 1b)y a series of tablvs that the (Ilturcthes of Ingland(l ai(l Irelanl cost the country an enormious stm cost more thaui any other two churches; Inay, mliore thnllll time Churches in C&amp;apos;lhristendomll be(sidle ! Th&amp;apos;lis numleral andl tabular iodle of argumentatioui is, su~posiing the umuimibers and tables to he correct, wholly uIansweral)le. Air. liune has lprovedl its irresistible etfect ill tile House of (omml 1l1ons. Pictures art said to i)e books of the comninon people: these tables are books for all people, an universal language, and where the y are, as in this case wve, lClieve timemi to fie, time language ot truth and reasson, they become tile most clo1 lent of all pleas for retrenchment aiI rreform. Iii a first attemp)t to unmake it comnl)parative assessmenIiit of (CIhuarch Pro-. perty throuiglhout the (Chlfistian world, allowancL&amp;apos;es mlutst le inlae for uulnav&amp;apos;oidl able errors. Ilncorrectnessc4s will, nO dloult, b)e di;e(werel ilk thle &amp;quot; Reinarks :&amp;quot; but if deductions could be fairly iumade from the author&amp;apos;s stateiments, so as to bring down his estiinate of the expense of our nationaln religious Establishmment in the proortion of nearly one half, (though we know that somC competent judges pronounce that hie has underrated rather thaua overrated the Ecclesiastical Property ot the country,) enougia of overpaymfent would stil hbe proved to fornm an &amp;apos;mnanswverablc argument for immle(liate, lout teinprate atdl prudeuat, retrenclanmeumt. We shall take a few facts from the pamiphlet to explain its object amid tendency, andl( to corroborate amid enforce our own ol)servations. The wvorld has been istunited, chiefly through the clamour of the clergy, wvith thie cry of the enormous evils of the French Revolution. It is time, however, to contemplate the good that has resultel from it; for gxd it has pro(luced, an(l good that &amp;apos;vill tutlivc 1lons. Chateaubriand afndl his Bourbon mnasters. Before the Revolutiuon, the rficsts and the religious. *f bWth sexes nnolunte(l to nearly half a million, mandl the psroperty of the Clhurch, estimgated at 25 years&amp;apos; puarhiiLse, %va8 reckoned to be wvorth ( )ne lundredl ;ndll EihtyFive Aflillioms *f lPoumls sterling. rI&amp;apos;liat event lbrtse up) the isuntgneralle receptacles of cowlell an&amp;apos;l hooled lazinxess, and( swept awav Emuibryos and iliots, cremites anld friars, White, black and gray, with all their trumpery. r&amp;apos;Fli Church-lands were disengaged fron) their corporate prol rietors, and .sold for the benefit of tile nation to the people, froin aniongist wvhom has arisen a great body of freeholders, *who are the best guarantee of the morals andi liberties of France. Tlhe clergy of that couintry are 1ow pullt upon salaries, paid by the Government, andi the only dlifhernce in this respect lbtween the three recognized comnimumlions, the Roman C(a&amp;apos;tholic, Liutheran and Calvinistic or Reformned, is, that the ministers of the two latter chuirches arc paid imore thani the national clergy, probably in cosikeration ot thoir haying, or being allowed by their faith to have, fainilies. The sal:arv ot a ( atlholie Rector is 4SS1., (it a (fltholhi Curate, .31l., while that ot a Protestant Pastor is 56f1. &amp;apos;I&amp;apos;Tle highest salary is that of thel Archbishop of Paris, wihich is 4,1 GOL. &amp;apos;Tiere are eight other archbishops at a salary each of 1,04 11., and 41 bishops at a salary each of 6251. The numnber of clergymen in France is 35,286 Catholic an(d 357 Protestant, i. e. 183 Calvinists and 174 Lutherans. The total cxpense for thirty millions of People is ,05&amp;amp;0,(X00W. or 35,0001. per million. The Population of .Scotland is estimated at 9,000,()(i), of which 500,000 are computed to he 1Disienters of tile various sects. AttacWhed to the Kirk arc about 1 MK) places of worship, with nearly the same niumber of clergy, of whoin 9.1S receivc ; nutional stipend. T&amp;apos;he average of their incommes is 220/. per annum. None a&amp;apos;ll receive, less than 150!. per annual, and with the manse or parsonage house helonging to chsb living and a glebe of lhnd, the average is somewhat ighier. &amp;apos;I&amp;apos;hmis revenue Is dlerived fromt a charge on rents, pavable by the landlord at; a valuation renewable every 20 years. On cultivable lands the teinds or tithe anount to about nine-pence per acre. Tle income of the (Chirch is reckoned at 206,36fi0., %which is a little mnore than 135A(V)l. per mllhiomn of hearers. Spain is Vet il lillt l*nsettledI btattv. Before tier Revolttion, the sp.nli,11 clergy and rehitZioti, of otl see xs allnointedl to I4),2 12. rhe property of the Church, etxcluive of titoivn and various other duies, wals (\tilti ;,t I 86,50,0(01. T1he whole oit tlhis 1iri. perty is now on sale, for the( redet-,1,. tion of the national debt. Monaste. rles are suppressed, except tell Ir twelve, which are reserved it-s ns lullmi for the l)resent geiieration of monllk and nunts. An annuity of from ;:ol. to 601. is giveln to tile tiislbossets-Ael religious. Clurch-holidayls, hirilh were a heavy tax upon ind(uistry, ad! a 1.. vier tipon morals, tire abolished. &amp;apos;1,,lt clergy arc prolhibitel to take fites, even Christeningu anid Burial feet, ;Ifle; which the Inidependem t minister of Saffron Walden hnlikers. No gifts are hemneeforward to be sent to Rollie, but the ol0( genitlemnan there who as Pope miiay liavt re(koned lupoi1 &amp;quot; the eutomary expressions of respect&amp;quot; oil the part of the faithful, &amp;quot; required by Wi (or. ix. 9, 10, 11,&amp;quot; is to receiw;} for his lifet it commutitation oft about &amp;apos;200/. per annumi. &amp;apos;I&amp;apos;he popilation of Spaid is 11 ,(00),(K), all Roman Catlholics, and, notwithstanding their being W, volutioniots, zealous Rtomnai Cathl. lics. Places of worship are said to lbe iii the ratio of one for every thouisand inhabitants. The miumber of clergy. men is 16t,552, i. e. of working cle&amp;apos;rgymen: the numnber of dignitaries is not yet fixed, and wvill probably depend upon the behaviour of the higher order of priests during the present crisis. Allowitg 8 archblishols at 1010?. per ainuml), 44 bishops at 64A4. per&amp;apos; alIum, and(1 500 othlr (ligllitarics at 1501. per animmu, the expiise ot this mass of dignity will be 109,4M00. per annum. To this we mnst add thle charge for 1 6,00( working clergy, &amp;apos;i7. .&amp;apos;A)0 rectors of large parishes alt 12)1. per aniltim, 1(00 ditto of smnaller at 1401., 2I4M) ditto of smlnlest ait 8)1., and 12,501) etirates at 50/., wvhich will give tis I,025,4)(0l., and this with tih * ost osf diglnitaries will alloltmit tO ;ijl aimItmal Chturch Clhirge (011 Spaimill ( 1, 134.,4001., being att the rate (t1 I 0,(0001. per m11illion, of inhabitants. The Church of Portugal also h1t15 1beeum latelv reformned. Before the Rt* &amp;apos;1Iltioll in that counitry, (for it is il tlhiis lay we nmuist date the implrovemeiwtts of Ilatiohls,) her (CIhurch pos* XS c II. WV. (CayItomi&amp;apos;s lettC&amp;apos;&amp;apos; to) Ilis Dlvacim, ill w pe&amp;apos; j&amp;apos;slit vilm(mmnC, I . A L siestl a dicriitary, iinknown vlsewhere ill tlle Ivest, aI Patriarch, and thji, dignit) wa-S of (coirrst suIstailned [IV in mnslel revenulle The oflice is ,,0;&amp;quot; ah(o)liSlici, and(1 die vast rilles att;alch to it appropriatedl to Ihitioniil &amp;apos;.&amp;apos;. (&amp;apos;hiurch-propertv, ill general, 1as 1weell twklell ilnto the hinds of tile ( cmrtvs, hut has not yet beetl brought to the hammer: in other respects the reform of the Portuguese Church corresponds to that of the Spanish. W\ith a iopulation of 3,0004),4W) of souls, all of the Roman Catholic religion, this country hias 34)0 plaves of worsthilp, anl(d, including digniitaries, 4,465 elenriyinen, wVhose nitled inllOme, gradiimted acc&amp;apos;or(linlg to thie Spanish seale, is 2S7,30.H)), beilg at the rate of al)ollt 10,)0/Mz1. per million of wvorshipers. Here the numerous und(l iiiistelluieotis claims upon our pages compel us to ;pausc tor tile preFtseCnt omoittli. Our readers wvill iardon us for introducing tlhe new s-tu y of evclesiastical. statistiCs. What has been said with more sniartness than solbriety of. the doctrine of thn Trinity, imay be certainly s;id with trittli an(i grnavity of the exptdieney of national churches, viz. thiat it is a (piestioli of arithmetic: and since so inuch has been advanced from the pulpit and the press concerning the worth of these political establishments, (for political they are more thi-mn religious,) an(l some )issenters hiave looke(d with so vistful, an eye towards themr), it is really necessary to inquire what they have cost: and when the bill is fairly made out against them, the several Christian cornmmunitiCs will, we doulbt not, stand aghitast at the sight of the sum-total, and then begin to inquire by what soreeries they have been bewitched out of so vast a portion of the fruits of their industry ?</FullText> </Record>