<?xml version="1.0" encoding="UTF-8"?>
<Record> 	<Version>Record_v1.0.xsd</Version> 	<RecordID>4725839</RecordID> 	<DateTimeStamp>20180928135637</DateTimeStamp> 	<ActionCode>change</ActionCode> 	<RecordTitle>Untitled item</RecordTitle> 	<Publication> 		<PublicationID>2954</PublicationID> 		<Title>Monthly repository of theology and general literature, 1806-1826</Title> 		<Qualifier>London</Qualifier> 	</Publication> 	<Publisher>C. Fox</Publisher> 	<Volume>21</Volume> 	<Issue>250</Issue> 	<AlphaPubDate>Oct 1826</AlphaPubDate> 	<NumericPubDate>18261001</NumericPubDate> 	<SourceType>Historical Periodicals</SourceType> 	<ObjectType>Feature</ObjectType> 	<ObjectType>Article</ObjectType> 	<Contributor> 		<ContribRole>Editor</ContribRole> 		<LastName>Aspland</LastName> 		<FirstName>R</FirstName> 		<PersonName>R Aspland</PersonName> 		<OriginalForm>Aspland, R., 1782-1845</OriginalForm> 	</Contributor> 	<LanguageCode>ENG</LanguageCode> 	<ISSN>2043-457X</ISSN> 	<ISSN>2043-4561</ISSN> 	<StartPage>631</StartPage> 	<EndPage>632</EndPage> 	<Pagination>631-632</Pagination> 	<URLDocView>http://search.proquest.com/docview/4725839/</URLDocView> 	<Products> 		<Product> 			<ProductID>1007574</ProductID> 			<HasFullText>true</HasFullText> 		</Product> 		<Product> 			<ProductID>1009130</ProductID> 			<HasFullText>true</HasFullText> 		</Product> 		<Product> 			<ProductID>10000001</ProductID> 			<HasFullText>true</HasFullText> 		</Product> 		<Product> 			<ProductID>10000297</ProductID> 			<HasFullText>true</HasFullText> 		</Product> 	</Products> 	<Terms> 		<FlexTerm> 			<FlexTermName>DerivedSubject</FlexTermName> 			<FlexTermValue>LIBERALISM (RELIGION)</FlexTermValue> 		</FlexTerm> 	</Terms> 	 	<FullText>Sep&amp;apos;t. 2N, N1r-4. HANNAl ril-rY.T lwr f I . __ I of AMr. T&amp;apos;. I,0tti&amp;apos;k, jtun., of Y;lrmifou/a. She wasal tlhe&amp;apos; (daiughiter of Mr . Weeds, ;% I.spe(&amp;apos;t able farmit&amp;apos;r of TIrtiulh, ill the. CMi II! y tat Norfilicl. E~il(lthwat i,, ;a stnict adh1,r(&amp;apos;I1(C to tilt&amp;apos; (l&amp;apos;I1,iII 4 1u ftelr&amp;apos;f. fit&amp;apos; Z1l. C&amp;apos;hit lllls of L lgliild, ml0,.tt ee Ehlc . cN n)otio)Ins She&amp;apos; *ight have jitbihlwd il, he1. illn fancy w(&amp;apos;Ire str Fenolilnt ld by lthu pr.- &amp;apos;p)ts arid eamp1l)e1) of a IMisseillt fii.llily ill tilte Jiit&amp;apos;1d ildeit co illeximlt , with whotn Slie was pilacetd at F014l4J, atl vith Whom she Ipsse&amp;apos;d a1 t&amp;apos;cJisi(lerablt psortionl *f thlat thinl wh1en} tlt- mind is, UI1oSt sCs(|tilible (f strolnLg aiiid lit]l) imnpre.sionl.m. Th1e ItVlhigsp of picly andlz dcvoti ll thims iti&amp;apos;llt.&amp;apos;ted by (&amp;apos;alllv prl&amp;apos;cpts and associations, always re&amp;apos;miiaiiitd w%&amp;apos;ithi icr ; hut her inidl, as it aiv~aii&amp;apos;edl to miaturity, rose above tilt! tfil&amp;apos;lms ill which 11t&amp;apos;y wr&amp;apos;ie (&amp;apos;4)11oe) &amp;apos;ed. Slit som1ll ott&amp;apos;i uvd tha~t WorthI andl~ V&amp;apos;irtue W%(1ere co/tIilled li1t olt) sect or party. &amp;apos;Thit giooii and llVstly of those&amp;apos; relnigimous Il timOlls which sh1 ha;l] imbied;~z( i,,ll ch~ildoodcol (11tfin Ili)thitig t&amp;apos;sponisive iln a hart liie he!&amp;apos;z,, which), ill 1 1of thie prest lbt&amp;apos;iclvdt&amp;apos;icc, d(cliLghtCel to cotisider the Crealto as th F;at her and t lie hiend of all bis r(;atures, not as a capricio-s i tyzailt vlo apjpoinlts Someac to hajIjIllizsS aiitl oth lrs t4) misery withotit any rcgard to thvir maioral ciiit cict. At anil early lpri)l *tf lite s1he formieiitd a;ctjaintance withi Mr. 14etti, aIl(I o1n her miiairiiage b(&amp;apos;(;tiiWa a (&amp;apos;comst alt attte&amp;apos;i(latit aIt tile&amp;apos; Uniiitadimaia lle(&amp;apos;ltil1h, wher&amp;apos;ei, as lile Writeti of) thiN halis licard hitr fi-tfitieit ly decaidi, she 11)011(1 it Irligioll oil Whaitlch ht&amp;apos;r Jvait moiil(l rest with fil miitSa| % W-jit ISlti- sati . tili, .% it i jo. Shiet believet that Ullitarimiiisiil was ti&amp;apos; (1(( Ie tile&amp;apos; (Jf tw l gopcl, that it was the( rcligiml of lmite conh iIxt&amp;apos;tl iuy 1i&amp;apos; tiatilon ; anth di (Coiltinmed for tilt! remntinz(ler&amp;apos;f or l life firm andl (coiisistet il the I)rofessionl of her belitef. WVilt hir, jefligioii was What it was itllt(l to bv&amp;apos;, it chicerNIl, ;Ict latig lriciplet; sh(e was Ilt lout! iii litr prote.&amp;apos;siOis ; sla dlid olt i pry stani(liig ait the coriiers of the strects, nor cudeavonr to attract thie notice of tlit world by a sanctimioriious appearance. tier pety was pmtire, slimiple and uinaffcteff, (&amp;apos;I(t* ;tinjg her miiird and ennobling all the duties of lift! by a r(felfrlce to etezaiity. As a friend slit&amp;apos; washi fll, collstlltt alld silcelr&amp;apos;, alllt thoMs *vitai whomi Owhe waA iii ti le flaitms of social initercoursc will lonIg hci&amp;apos;l~.i1, I sp. &amp;apos;ciaeibrancc of her musilul, genltle 11ad iisilliaiihg Iatimer, which IIever failell to iull the resit(ct atmid cmt&amp;apos;tCC 4I thlo&amp;apos;c. viltl q 4)111 &amp;apos;lie ;asocinatd. I, all the dutifes of life, as a wife and llnothur, shc was truly exemplary. Her ll~iapims was at homne, the only happi it!s il this world1 which dieserves the 111MIC, which lies within the reach of thle na;l. as well as thle few, whidhll -CAts &amp;apos;l&amp;apos;on the temlper of thle soul, not on the outtvard condition of lite, Whlihl tfllns nll Liiple field ftor exercis!e in the calma eiijo) nielt out doiucstic, ft ieudly and social intrvrcmn~c. This happiness it was lher delight to cult ihatc, and she tl boght her du11ties to fi le world were bR&amp;apos;st p)ertOrfnedl 1s .111llunrciniittitig attention to the co!UIn it, the welftare, the happiness of her falinl^v. &amp;apos;[&amp;apos;lie cmdorts of this world( were wi-thinher reacl, to such aa degree aS We see ticry dIav tempts malnly to indulge in thle lovze ()f (lieplhay and dsteltatioll ; b)ut S}he %.l(led 0ll1y thle 111ore ca111l, noiseless and niiiobtru.sive tilioynlents ot her (1oilstic circle. 1in the education of lher children shle wisely endeavotired to fit themi ftor statiotis of usefulness and respectfihility IV haitbs of order, induistry a111(1 tfugality. It woIl(l he injustice to her nic&amp;apos;tuory to) say, that she sdfCrdif&amp;apos;Ce her own ease and indulgence to tile good ot her childIren. It was her greatest p&amp;apos;ulesue, bw etvery ni(ans ill her power, to promlote their improvement and cont!ribitte to their present aud lasting welfare. As a i ife nio one can estimate her valuic bitt hle who is now sufferiiig unI(der her loss. I1cr atlhection was warim, steady auiul sincere, producing it lerf.ect lltlioII of hopes, wishit&amp;apos;s and pursuits. H1er temper mild anid t!(laIble, hel unrelilitting attelitioll to doniustit .ll aIrrigkup eIIts uitade his home what it ought to b)c to %every Jualn, the seat of his best andl purest eIIj&amp;apos;)iytmxent. H1cr good(l senste made him sure Of ever finding his best friend and Jlost judhiciout adviser at home ; in all difficulties, which ill the course of life will sonetinmes assail the niost prosperouls, lie found in her one wsho uot only partook in his anxlniety, but wvho assisted }lilii to) beatr his disapp)oinitmdents with a&amp;apos;eisnation ; and in sickness, her mitild ani(l gentle spirit, her affectionate attentiolls, soothed his sufferings and accele. rated his restoration. Shic had a numerous family, several of whom dicd young, and she sLuflered very severely at various tines by long anld lainful illness, which she l)orc with cx. emplary patience, contributing to her own recovery by the sweet composure and resipation of hur mnind. She was taken away front her sorrowIng fanlily ill thle Most sudlden imanner. She had for some time past enjo)ed ;; wore thag uslual portion of health, her spirits were niore than commotimly checrfil. With ;n apparent p)resentiment of Whlat was about to happ&amp;apos;en, she bad a short time previous tO her death e&amp;apos;. pmseed in her family circle the ,,m; dlevout thankfulness for . feAling of pillt&amp;apos;ies almost heavenly, andl praved thit it nmight not be a forermimniero 01dam&amp;apos;(10. muestic calanmity. Onl the (lay luc&amp;apos;vioiuS to her death, after having bcvci huil:~jj employed, she pas.sedl anll (&amp;apos;ulitg ot1It (&amp;apos;dICIflilliess wvithl hlce fummilv&amp;apos;, Wct to bed in, good spiuits, slept s&amp;apos;&amp;apos;ullly, I M\okc at her usuhil h11our il the Illorning, I&amp;apos; V. ed thle cleerful c nlversaliou of thle pi-eceding evening wluen stiddlenly she plt her hand to her breast, and witl(iot beinig able even to say farewell, she fe1l into her husband&amp;apos;s arms a lifeless cIrlpSL. Medical assistance was all ill vain; thie pa)rk of life was gone. It has ween ascertained that. the cause of her death was the bursting of the right ventricle of the heart. Thus., at the early age of forty, ali affectionate wife aind mnother was switcih. ed instantaneously from her belove(l fitiiuily. May her children, with tlhir excellent and worthy father, be einablted to resign themselves under their severe p1ivation to the will of Himu who wakes all thingls work together for good, though his weak and imperfect creatures ca&amp;apos;Iot always perceive the wisdom and bemmevolenice of his intentions ! May thle virtues of her who has been taken from liciaeu dwell long ill their memory, urge theux to tread in her steps, to copy her exam. pit&amp;apos;, and cheer theni with thle 1o1pe tlhaIt after death they may be permmitted to renew that conmexioll which wats here the source of their greatest happiness, freed from all fear of being gagin interrupted by pain, by sorrow or by death. Yarmouth, Oct. 9, 18 2&amp;apos;6.</FullText> </Record>