<?xml version="1.0" encoding="UTF-8"?>
<Record> 	<Version>Record_v1.0.xsd</Version> 	<RecordID>4730079</RecordID> 	<DateTimeStamp>20180928135637</DateTimeStamp> 	<ActionCode>change</ActionCode> 	<RecordTitle>Book review</RecordTitle> 	<Publication> 		<PublicationID>2954</PublicationID> 		<Title>Monthly repository and review of theology and general literature, 1827-1831</Title> 		<Qualifier>London</Qualifier> 	</Publication> 	<Publisher>C. Fox</Publisher> 	<Volume>2</Volume> 	<Issue>18</Issue> 	<AlphaPubDate>Jun 1828</AlphaPubDate> 	<NumericPubDate>18280601</NumericPubDate> 	<SourceType>Historical Periodicals</SourceType> 	<ObjectType>Review</ObjectType> 	<Contributor> 		<ContribRole>Editor</ContribRole> 		<LastName>Fox</LastName> 		<MiddleName>Johnson</MiddleName> 		<FirstName>William</FirstName> 		<PersonName>William Johnson Fox</PersonName> 		<OriginalForm>Fox, William Johnson, 1786-1864</OriginalForm> 	</Contributor> 	<LanguageCode>ENG</LanguageCode> 	<ISSN>2043-457X</ISSN> 	<ISSN>2043-4561</ISSN> 	<StartPage>384</StartPage> 	<EndPage>394</EndPage> 	<Pagination>384-394</Pagination> 	<URLDocView>http://search.proquest.com/docview/4730079/</URLDocView> 	<Products> 		<Product> 			<ProductID>1007574</ProductID> 			<HasFullText>true</HasFullText> 		</Product> 		<Product> 			<ProductID>1009130</ProductID> 			<HasFullText>true</HasFullText> 		</Product> 		<Product> 			<ProductID>10000001</ProductID> 			<HasFullText>true</HasFullText> 		</Product> 		<Product> 			<ProductID>10000297</ProductID> 			<HasFullText>true</HasFullText> 		</Product> 	</Products> 	<Terms> 		<FlexTerm> 			<FlexTermName>DerivedSubject</FlexTermName> 			<FlexTermValue>LIBERALISM (RELIGION)</FlexTermValue> 		</FlexTerm> 	</Terms> 	<FullText>It EVIE IV Awt . I . f-t w i ., . Is rt , I{... /., 1-l&amp;apos;sq.,]Icnihcr lit i/c I&amp;apos;r l/,,%iwi . I/V, .&amp;apos; uinii RIcharI ( &amp;apos;rIn inr/i, /;-mt 166.)t to 1 (i:.59: Ite) u irst pulldi/h.%, 1 fft~m the, ()rl&amp;quot;Vi/ul Au r Mu n 1454 ript.m p Ih&amp;apos;tw ilAt (in Iitroduiic n, Cflulmisa l tin .1lccmniid of* the 1 rliamclt of 16;54 ; from the .Iowu il o/ Ghuj I.,,G (.;.,,hIda, l, q., .11. 1&amp;apos;., (it/o) niIwI fird j;rincd ie. Lditi ,t mld Il/euxatred w( it/h NJteA s lixtfwicz id (611 Idimp-ahL ical, by Jolhin &amp;apos;T&amp;apos;oX ill Ritmt. 4 Vo S. ,sv). 1Londoni. 1 &amp;apos;2)8. IRE; ARDIN&amp;apos;C. the value of this worlk aIs chietly cotisistino ill the ma&amp;gt;.s 4, maltrials wflih it atlordis for tl&amp;apos; historaln ill vstimuati&amp;apos;, tI he vieWs aud chI aracturs of tlh meni who % cre associat zd, thotil-h iln l ) very eordial rcltlti ls&amp;gt; with ( &amp;apos;romwell Inl te gvt rioniment of the (&amp;apos;Cominiwe;ldtl, our oh)tjt will hw I p) make Somelt&amp;apos; s&amp;apos;lectimis whi(ch will sliew the tone anldz miode of tinikiikii 14I SORIC of the )rin cipal ac(tors. te work of ctiting thev Jiournal liust 1have liit moin of great lal)tolur, and it has fallen into the h;aI(dS of al person whlse ursluit;s and acqjiuiremeiits well fitted luim for thle ta.sk. Alieto le lnots a a.dded a great vaniety of&amp;apos; liiographiieal and hlistorical palticnlirs, anid 11tuv breathe Ithroughout that spirit of liberty auid religious ideixlnec which .las akv as chiaracteriied thlIir esteemed compiler. The first LTreat topic attraltlilt. atteiitioti is the report of the lengithened dub Iatt s fil .Nis, whc ali re tWot very Cr(litablu uitller to tilte midermtalndl)gius or the Christian spirit of the Injority of the 11ouse. (&amp;apos;rommwell iM his sjeevvh at the open:ing of the IParlianieiit, niow first pub1 iled bv Mr. Itutt, had thus expressed himself; in his usual strain ofolato )rV&amp;quot;, &amp;amp;oIl thi siub jeut of rell-i( &amp;apos;us lil)erty: A V to t hose lsr di-telmi hers oft 114I le that, pretendld Irelio&amp;quot;iot nI, vtc trb l the % J4hott conidteratiolln f religion, hIlir Ii wOUld fall 1undelr one oit, th lit&amp;apos; Ii&amp;apos;d 4i1&amp;apos; retfvrmiiatiuu, I had rather put it under this liead, alnd I Shall the Is Se 1wak Is&amp;apos; i, l~ea~,v \ tita ha% c bieti so well sjpokenl to thlis, -lYaU~il&amp;apos; ill titll it) it. 1be ca~s\{b1);W l. z sz1 i.k&amp;apos;,t l.&amp;lt; davl all-v{advls. I \\l 11 &amp;apos;111 tiit tiuhi1, &amp;apos;Ihat, thilat hlidli hatitl een our practite sil&amp;apos; thic d lt l&amp;apos;;ir1iaiit111t* hat, I&amp;apos;tlve i , to let all this natione, that wtaates er pretenision is 1b t 1to I&amp;apos;hijoni~, it&amp;apos; 4ijlict ptivta&amp;apos;t&amp;apos;aiblt&amp;apos;, it euijoyed consvience, and liber-ty to thieinsel E,* and tie &amp;apos;t to tt~~~~~~~~~~~tke religion a pretence for urnis ~~~~~~~~~~~~~~~~~~~~~atatl blood ; t rulv, we hi~~~~~~io a retnt fo eri sstdiboo an~l n i~t makell1 rcligri; rttl ;,ri&amp;gt;.l111{}; xulv1,s we tt S ferted thim. amil thut hlveertflly, so to enjoy theiir own liberties. NV hlats&amp;apos;w %r i^. rontrary, lt tie lirt&amp;apos;tl(retn he bnever so speciols, it it teld to eullntiiiatitil, t.i ntvret M, atld tilctions, we shiall not rare, by thle grace of (141(1, whii&amp;apos;ii w&amp;apos; i&amp;apos;wet \tithlld, thuitigl never ,-o specious, thouglh te1er So qu11iet. Al lt tulk I am ugrzwil1t all liberty tif conWi ee repugnant to this. If inemi \%ill pro1&amp;quot;&amp;apos;5 I&amp;apos;&amp;apos;&amp;apos; tlt v t hom&amp;apos; uider biea tilii, 1b thei those of tile I ndept&amp;apos;ndent jullelivi&amp;apos;it sitplv n&amp;apos;&amp;apos;&amp;apos;&amp;apos;Id to th Pule I &amp;apos;&amp;apos;\tcriall jun ;dgmenit, ill tilt lile (If (odl, vit&amp;apos;rllru-4tilt&amp;apos;iu, cIi liltIi iit&amp;apos;i thmei, &amp;apos;shile tilhey dot plainly h(old 10-t to lb thiankiil It&amp;apos; 4 ,.,|, dilld1 it) I,,kt&amp;apos; u 4e tilte liI&amp;apos;tVriv gile th(1ll, to enIoy their mvi4Ml&amp;apos;tivncvt&amp;apos;e , , t4 &amp;apos;r, ;, it \% d s aid tivi (laly, tilis ;b thlt- peculialr iuitrtrA ailh h it undoilued t.h, i, for. Mc II , I tI clit&amp;apos;I Ili, , , , thlat i thie formti that gi;\(s Ilh ti, ii- 1&amp;apos;&amp;apos; t rueR&amp;apos; , &amp;apos;lio is&amp;apos;i . tait. in 4 l.-int , and alukilui ill a prof&amp;apos;tout alis r&amp;apos;l lit&amp;apos; pro fil; t g..&amp;apos;t 1., iut&amp;apos;n t h&amp;apos;t I &amp;apos;slit &amp;apos;&amp;quot;c the uen&amp;apos;;&amp;gt;i&amp;apos;ss of&amp;apos; sins, thronp. hi tilE&amp;apos;, blood 4t1f (&amp;apos; ili t. .~iid rse ~vtit~ ti.&amp;apos;: I~ bl&amp;apos;htus of C hrit, andl( hive 11114&amp;apos;i111 w- 4&amp;apos; lt, ill&amp;apos; lilt, el tr. It It l&amp;apos;lt .1;,V 1 1 I r t 111 I s tit 1 I )I C W o b11 t }I I : &amp;apos; i &amp;apos;&amp;apos;1I()1 &amp;apos;lu &amp;apos; - tlinti til I J , ilt~ I e Ili t -ll 1(I it i ill, ihe Iitlkiir p&amp;apos;;lce;klgly, withouit the prejudives (tf others, uInder another thirmi, it is ;I debt (dtte to (Cod anIdli (hriot, alad hie wiill require it, if hie may liot rIkiti, this lilCitv. It nu miiti i ont 01 ftrin will bv tratmilin-ir uporn the llQ(IS; ot oiiiother fiorin ; if m I hlldptle(htlt, for exatple,&amp;apos; will (despise htim undler baptism, mid wvill reil. himiii, imih repioawch, u1n1 provoke hiuim, I will not suitfer it in hitma. I 1, onl the Ither AIde, those (1 tIht&amp;apos; AIitlnitptists shlui bt&amp;apos; censuring the godly maimaitterl. (If the n1a1tinlt, that protess uinder that ot Im IVndepeden(c-; otr tiose that protes mider Presbytervsh;ll be repsroaiehin, or speiking ev&amp;apos;il ot thnma, trdlueitiig aauih e lisulrini.: oft tithem, as I *wotuld lot he willilnr to see tilhe dlv on whic h n g1mid Shall be in the piower of tile Presbstery to ilmpiose tipot) tilt conscieiiees if otwhrs tihat m rofess faith in (C&amp;apos;hrist, so I ivill 1not indlure any to reproach themi. But (om gi(v us liS herts antd spiiits to keep things equal ; which, truly, I mlust prif(&amp;apos;ss to yol h ltla been ny temnIper. I 1mve 1;,d boxes and rtibukes n ( &amp;apos;11 1an llld ; flit! Oil the otlher, so0ie e1n i&amp;apos;i i m&amp;apos;e tf4ir IPrvsh)yter%; otllrs, its anlt iletttr tti ;ll thlt s(e4tts amllot Iit&amp;apos;rs&amp;apos;sit&amp;apos;s &amp;apos;ii thI 11.timl. I 1amve 6orin mlly rep)roithI ; tbujt I a lve, tlhr1gl ( &amp;apos;o(l&amp;apos;S merey, InIIt hit&amp;apos;t&amp;apos;ii tiiihidh~l)V l p)relveltilti, Ully one r(eihgrion to imiotse tip}ou atiotlier; ath, trial%&amp;apos;, iimist n ds(&amp;apos;eS siy, I speak it cXpei&amp;apos;iiiwiitiI.&amp;apos;-l p. clxvi i-clxiii. \N&amp;apos;liatutver indailgen4ce, however, the Imore e.stafl 1 iShed (lritistil Sectf 11itirgit (1) , i(dtd to Cmic(tir with the lProtcotor ill ffimr(liln- to emch otler, taw wer! lep)R red(l to extend any sort of imercy to those whomia they conasidcred as iII tW 1(pers; and Quakerls, Ranters, Blitsphemeus, &amp;amp;C., were .driven iln one herdt ;is thc viciiims of relentless persecutioji. (hn the 5th of Dec., 1656, a report having been made l)y 11 comm1ittee o thle extravagances of Nayler, the quet&amp;apos;stion arose what was the Houste to dL thereupon ; thle grenlcral inclination being obviously to declare his offimee horrid blasphemy,&amp;apos; and then to vote a. sentence (ith1er of dleathi or die most severe castigation for the crime. We shall commecIeC vithl tie report o)f tile speeph of the first inover onl this occasion, and thien extract sinne of the lle olst interesting of tile other speeches made during the (hiscussion, %hich Listed anay d&amp;amp;ys. i&amp;apos;&amp;apos; 4- (,&amp;apos;ne rul Skipp)on. I dlo not iuuurvel a-t this sil ne. E very an is at&amp;gt;m4itisti ltoher this report. I till grhid it is cmonIe hither ; I hIojw it %&amp;apos;ill itijitol vom tt look abiout you noW. It is mniwv come to your OiO ifrs, to knov h1 &amp;apos;im I t hut h&amp;gt;ear ivittiess (f (, dori;t, do relish stich thinigs. (odI&amp;apos;s dlislealsuire it ill le upobIn yo it you do noit lav out ymir esj iSil eThd ei tcisors iii thic thiliigs ut 4. ud ; timt to postpone themi. Yoni aire cuni tered aibout miay things, but I i;&amp;apos;! trifly say ti, *unum nlece#s7&amp;apos;ium. It hias 1&amp;apos;beea Illmays nly opinion, that the growtha of these things is more Ij;llrroiuzs thnill tile ,ilost initestilne or foreigin enemies. I hlave iflten been trou oltl ill my thoughts to think of this toleration ; I think I mat)y e.dl it SI). I heir *greiat growthl a-nd increase is too niotoriouis, lbothi ill Etalglanudt filth Ireh1ild 1; their priniciples strike both at ministry uind mima.gistracy.&amp;quot;-Pp. -1, 225. I)~wArniner. I11his nmim, in shioirt, 11111ikes himself ( mod; onilV dhistill&amp;apos;LiiMliI&amp;apos;thn lit the&amp;apos; visible and invisible. (od is invisible, as ill his Otu;i being. I 1,Oh ,listiiiotji is threalbire. The heathen, they worshipti nt tih( stock and stone ts visible, but as illvi&amp;apos;il., fi I bVt inl * &amp;apos;lis. Christ himself iever sitid thit thet flesta was God. II nre i. no liberty of (conscielnce in this ciust, for he ( Navler) ilnikes hlim&amp;apos;If (&amp;apos;uiti himiso&amp;apos;lf. (O)ur (mdod is here suppialutetl. If lit be ( od, thula we Hijilst Wtirslil. lhi, 11lIe is our God al.s wvell a.s the womiaen&amp;apos;s God. If a devil, io If lit hg1 jlI4III live ? Then yOU Will have two Gtods. \&amp;apos; Ltuow 11 wlhat thiut Parlutamneut dit with at Stradlimrl in civil caes, ml I&amp;amp; ) i6 1, 1i) (dullbt, the Qui^kvr,.&amp;apos;&amp;apos; teParliamnent has done rainstit co~rrupt judges. If ever there Wi&amp;apos;.I biI.,ne~~ft;~r a Par-lialicien, this is it. &amp;apos;Io supplant your (6od, ohI hotrrid:l i sliiili a thliii as &amp;apos;itai is to) be adilowed, tcertainly inl this. And we cannoit slov teipi Lreat it detes&amp;apos;tatiol (if it.&amp;quot;&amp;apos;-P. 07. Mr. Sobiv;fur-Gi&amp;apos;ncril .E~lli]. It were fit you slimild have thet Ipart\ i~e. f.re v4mi at this. bar, to hear what lie w~ill sayv to thite report whleii it is, reatd ti) him \%luhI i., the In1oA 4ir(Ierlv In poinlt of law. It is the course of proectd. itigs iii aill crinkjinad casts. &amp;apos;1&amp;apos;i done, 1 shall frced gve mycost thr his j)IIIiIiiIIIuIeiit, it bel)4&amp;apos;i az, 16llh ani ofeiithit(2 s canil he committed.&amp;apos;&amp;apos; Lm-d, St rickland. Thlis seems tnot reasonable, that at mian should first lie edindetlined, an thieni heard. I would have hint called to the b)ar, to. hecar i~hat he \%ill say to thev report.&amp;apos;&amp;apos;-P. 2S. IIjr-(,&amp;apos;hirld1 Idmi.rrc.- I know no reason for&amp;apos; this Speed ; forl we 1tijay tit&amp;apos;l-cm ciis\el in proccei~tue1i adul sliddtle s~teppilqg intto judo-iniitIts ;cpe~ ii Ita&amp;quot;tters that 4&amp;apos;onienri lifIe(, whichg whleu takenl, ~w cannuot restore. It is a %%vight~v muattvir, andui m mu uyt err on hothi hands. This is the first (wISIIII t hat c%;II, we had e(it, tihis naltmvr, hkere. I would have uis to (10 thliois So) 1Is to) jI u itfv uII -, lu I.rc bot II te IIcLicte of ( od andlo te nIc at ionI too.&amp;apos;&amp;apos;-P. :i I. /..vi4 Whl/i i/Qe. Thii case is- new, and 01ii1lit to lti, Ser1iously c~oiisidered; fr thm iti-h thii \ icled felwdevr~ves all punishmncut thbat canII be inflicted tipo4ik hiiii, that v. lhich I fear is t he conhsequence as to fut ture, inl the inaianne of prmivetdin,,i, w hich nuay hecreahvir concerun any m ian&amp;apos;s life or fort tine, it s a 4EaISt&amp;apos; it blhNod, and vl ~ ollyttlit to S4 IeecIl eInl\, I)q1w calln tlk(&amp;apos; party h lther, Mid4 tt~~t~ it&amp;apos; nee,44 iv1. 1 wvi uzil have it ref errced to the C onminittce, to con%-ielvr tit, I1-e miannter ti&amp;apos;po c c din a- ains *JilmeS INayler. TIo snIit back to any int .%ior jurisdiction, is below the honour of HI Parliamniut . I would have t le C ommnittee to relolve vou how you w~ill pro. teed. bet her uponk ymr judicaitory or legislative power.&amp;apos;&amp;apos;-1P. :i2.) l~&amp;apos;,d ~qm&amp;apos;~&amp;apos;t.It is tiiaIttcr of sadness to mnaty incit&amp;apos;s hecarts, and sad. ti~Ali to m1inle, especially. inl itregard of his relation somuetimne to mie. lie 1A as t\ o vv al-N niv wuarter-nias.ter, and a, very useful person. We partt&amp;apos;d with Hie %%it., a mian (if at very untblamnealile life, and conversation, a imemiler of itNT oary vet I sociah, tof&amp;apos; .an indq kendhnt f hurch. 1How lie( conies (by pjride o~r tithermi ist) to lie jIided&amp;apos;i iul to this opinioni I cannot dlt&amp;apos;t(ruiniii. But this mayV lie it warnilt&amp;quot; tli II. aill, to work out our salvation with fear and treinldinr, 64I shall be -Ls readyv to 6%v e ni\ testiniony gains hi)a any bdy if i t aip~ar t lieldashemv. You are jurors, judges, and all, inl this (caist.1 % 4,11141t have you caretu6l inl vout- mnatner of Iroceeding. I t deServe (i-.. -I .ideraitiou : %itinesses, i~raw vow&amp;apos;, nm:st be leir here. You ought, not to tit&amp;apos; your judkmnents 111o)1 any mtan&amp;apos;s teves or ears ;biut to conie to at soleitimi dlli meriouas debate of&amp;apos; it. I would have it referred to at Committee. 1 hiope youir time i~ ill be longer, that you need not scanit y&amp;apos;ourselves inl this matter. G&amp;quot;I confess, I d1id not thi.nk the buisniess to be 4)f this miature, though I heard mutch rumour oIf it abroad. It is very much sorrow of my heart, and I hope nothng luall quenclch nivl Zeal ankins~t it ; but I would have it regular.&amp;quot;P. ,xi. &amp;quot; Sir (G/ieri &amp;apos;&amp;apos;crni&amp;apos; I amii agLains~t keepin11( himi private, butwt )iI&amp;apos;l ha- e him ratlhir to know the dan~er hle is iii-that it concerns his life. AVhit) cai tell but the terror of death mayd mo work upon him as that lie may retract his errors, ? I hIlpe there i., none heire but de~sire his repentanc&amp;apos;e rather thati hkis ruin. I speak MV heart ill this thinug, though nonle &amp;apos;Seconld Me.&amp;quot; - C~~ ci (&amp;apos;ox This is at matter of great imiomtent. If there had beven laiw to this putrpose. yoiu hadj( 1iot had this.&amp;apos; trouble. a The .&amp;apos;1 tets iif all thie nation are, upon you f-or this issue. Thle world 4abroa NIIVII it is, lillcrtv of C&amp;apos;~eei hslrigttis fellow beoeIl.Iat tilt&amp;apos; ~atiit &amp;apos;tlldin. Iall it, maiihi for liberty of conSCielnce W.ii&amp;apos;tmibt \%hit&amp;apos;&amp;quot; 4&amp;apos;Iiv 11Mth intil. lhvivetxtrimigamcmie, I thin heexceds, that liberty. To the or ldr of your lproc(eilngs. First, call the party Ilither aild reatl lit (clargre, al(d ask himiii, guilty oir 11ot rliltV, anl(l there tlljmn order youlr proedlix~t~, betre ! ~&amp;apos;oii p)repatre&amp;apos; a bill ; for I would havle &amp;apos;iixi I iae ull the fair way ot trial that may he. It concerns his lifve.&amp;quot;&amp;apos;-l&amp;apos;1. 3:4, 39. M Mijsw-(hneru/ , 1 ) Disbrtr(e. I shall otfer anli expedient, though hlmpv foo)l6.ll%: tallat this fellow may be banuishel ; for life is pr&amp;apos;ecious, and youtl hla-e xi~tiatter enoughll, already, to ground stuch a sentene upon.&amp;apos;&amp;apos;- 1&amp;apos;. 39. Ci fltain ayunes .Ilowveer others look upollo Navler, I look 1lpll uohim as ,, mn, anll Engfislhian. I wolol(l hia.e lmiii so tried &amp;apos;ts to brilln iln a bIill o)t ttaninder against him, or leave hlimit to the law. It is below voll to honour laiili with a trial here ; but if it Imiust le otherwise , let himi be called to the bar, anid( Imrc&amp;apos;tc judicially against him, lest the precedent bie of dallgerouls alnd ill Collset&amp;apos;illeltee to other persoiis, whose lot it may be, inl other cases.&amp;quot;-P. .14. Navler havingr been at last called in, and havingr admitted the greater part of the clhar(,e, the debate p)rocceded a1s to whether lie shiould be heard furiher, Ia11d as to what should be done. &amp;quot; ij J~&amp;apos;,r*-6(&amp;apos;ncral %kQpijw)on vWas aI&amp;quot;;ailist (o&amp;apos;lliglIr hlill ill, or askinlg anlly more nestiolls aing, lie hah conlifessed; ello)1gh to vindicate the (oinniittee, who oh&amp;apos;svrv talln,,ks, for they lheave bee(&amp;apos;mi very faithful amid painful inI tlh ltIsi I ss. It 110W lies w&amp;apos;itil its, jwing filly poxsess.ed ot the miiatter of* tfict,) not to sulhl&amp;apos;r the lionour of God and the truths of tile (ospel to lie! thus tramlpljledl 111101. We shall see wxhat judgilinlits will Comiie 1upon1 uts. ( od nlow% looks what you will do. I IllV Ii(y;ear treinides at thosell thiial rei which w;ill fillowv vour remiiissnii&amp;apos;ss hereimi. I UtII atrfaid there will 11othilig COiM (If this lliusilless, anld thleml sill and judwillelit lie at y&amp;apos;our doors. TIhese Quakers, Rauiters, Iexellers, Socininis, anid all sorts, bolster themselves minder thiirty-seei and1 thirty-eighlt of iovernmuelt,* vhlich, at one breath, repeals aill thle acts ulld ordillnlances agaillmst thietti. I heard ithie supreme nlla;gfristrate say, &amp;apos; It was iiever his intentiomi to idulge much t tlit, yet we see thle issue of this liberty of consc(iCIIce. It sits hiardl 1lj)PO 1 ii 0 c1lsclience ; and I choose rather to venture iny dliscretioni, tinimi be - t r.ly (oIlistlillec by iny silence. If this be liberty, God dleliver tme from sucht lichrty. It iIs to evil, nOt tO goo(, that this libertv extends. Good Sir; dis(&amp;apos;Iarge your luity to God il this thing, aid put thle question to agree witlh the Cm11lill~it~i-ee.))-I&amp;apos;. 1&amp;apos;), 5(). Myi~jv,,* {G&amp;apos;,.(&amp;apos; D Pishowe. We imust not l)ro(cee( withiouit rules ; thought th ol n(ee lie heinous enough. We Jilust either take the law of God, or oif 1i1iaI, to rewullate our judgment lereini. &amp;quot; (ion the commniiio sense of scripitulre, there are few h)ut (1o commllit liltsp1hlemn, ais our Saviour puts it ill Mark, &amp;apos; Sills, blasphemies ; if so, theta IMoIIe witlhiot blasphemy.&amp;apos; It was charged l 111)011 David, and Eli&amp;apos;s son, Thou lhast blasphelnmed, or caused others to blasphemne. But the lawv of God is mxiore lparticularly set forth in Leviticus, &amp;apos; I-le cursed 1 &amp;quot;j1j) Instrullment of Governmlent,&amp;apos; promllulgatetd December 16th, 1653. It miltaiiied the following articles, zmicomnmnonly liberal, excep)ting the injilstice of toIfratimig necither &amp;apos; popery tior p)relacy,&amp;apos; and tile assuimption that Chtristianas alone CO(111(1 * laimn that (learest of civil rights, religious liberty:&amp;quot; &amp;apos; 37. That such as profess faith ill G(od( by .Jesus Chr1t, (though diffeiring in Jtigillinnt from the doctrine, worship or dliscipliiie publicly held forth,) shall not be rv,,traiuel from, but shall be p)rotcctd(l ill the p)rofession of the faith auid exercise of tlivir religion ; so as they abuse ntot this liberty to tile civil injury of others, and t&amp;apos;, tilt&amp;apos; actual (disturbance of the puiblic pcace on their parts. Provided this liberty be WIt Vxt4,tldet to P&amp;apos;opery, 11or1 Prelacy, nor to suich a.r under the profession of (C&amp;apos;lrist 1Iid f.,tl, .ltld pIractise licentioulsmlness. 8. TIhat all lias, statutes, allnd or(ilallces, andl clauses ill auy law, Mtatute 41&amp;quot;1j EIdii.Ac to) ilt&amp;apos; contrary of the aforesaid liberty, shall be cstcemed ase mull aid ~&amp;quot;id.&amp;apos; P&amp;apos;lrl. Ie.mt. xx. 261.&amp;quot; 11s11d lh.spheinetf,&amp;apos; andi was firouirht bitfore Moses., who iwiitituted the law, tIhat ie&amp;apos;- ,&amp;apos;llllilt II0 (t ic&amp;apos;cl&amp;apos;jlilt&amp;apos; tJCWj4 whlntiithe&amp;apos; comet to (&amp;apos;hirge (Christ, sayv, 1It is a libelac&amp;apos;ioemer, muakes himself (&amp;apos;lt eital with 4 io(, antd will d~c.tr(ov this t e&amp;apos;lipilc lie like chuargo&amp;apos; agaiuist MSepleie. I spo&amp;apos;ak miit toi vxtemuuitt Navier&amp;apos;s otfence, lbut, itf we judge liy Chlri~tian rule&amp;apos;, thet cit hcr pc&amp;apos;rso&amp;apos;im are muorm i.1iuiltv it Ibla&amp;apos;spihetlli inl that slstalle They gmehim the immur. YoI will lot sav bu, ill ti(,,sWherst&amp;apos;ll,t ii lit,.i ciiity bld;I-phemytI. lie i,~ it greater stiner, It v.ile sinfiul BhiW11 ; 11itt, toI c~all Fio it horridl idatslhlo&amp;apos;nr, I ~-hal1gimit oivc my %-cite. The wretched Jetw, catuic tci patrtictlaers hieftiro they-% went to jud?j~ruiejit It is either liy thle rule of thic&amp;apos; Scrip~tutre, oir te&amp;apos;- Ilaw of thw hIdn ; else how cani voul ,judge NV&amp;apos;ht is bihtsplwicuv ? Iknoiw no&amp;apos; such woreh. as &amp;apos; lmcrricl blasphemy&amp;apos; inl sern fture. &amp;apos;- p.5 .5- 5 . 1,ir fl Vrbkhuwd. So&amp;apos;nd huimt to) Biilole inl the( Isl e ot SeilY.&amp;apos;&amp;apos;-P. 57. M~r. f),,rnin-,r A\s to tilit&amp;apos; lustrumi-tit !f&amp;apos; (;(r&amp;apos;)IJJEI, I hope it -,hiadti w,%~er lit&amp;apos; inadc ut. otw 4as akn- arg&amp;apos;uimaent ti lut this wretch i-scape. I aill ;ts zuimch 17 .r tcicl.&amp;apos;-r r4 uo~cienuces as auuiv iunal ; lint I deui, that this hias anv Shadre oin such Illicrtyv. D )cc&amp;apos;s this mtan Iircife.s fait h inl . esus (Chlrist ? No;tlhin.. 110&amp;apos; dentirm, &amp;apos; awl thi-annulols thet poim~tr of (lhtist, anid set ill him:oiecf tomly Ithtma oi~t 4imfictiomi cit the ium ibiles. (od could hai e muade huint i a pillar cit Mult ilnlou&amp;apos;cliittclv, it&amp;apos; lie- hail pih&amp;apos;ast&amp;apos;c ; or hav-e struck him dead ; but lit, huas left it tci %c ill t4ilvi iadicautc hol imi&amp;apos; mtr anl rltirv. Nc v see what vmiw ~ill 41ci. This i., thet di~y of tcuioptiot icl, 1itool t rial tit&amp;apos; N-01r Zeal. I call cafll this otl&amp;apos;eice too lv&amp;apos;.&amp;apos;.s thaimi llasphocnoy. I dlcsirt&amp;apos; ym woul .114 ott it so, amid thlei to spcitcak( it&amp;apos; bill fmr llis ,oisuuet.-I.1 I.ivI rrkelodcn LI atvret&amp;apos;icef1. This geoitlt&amp;apos;miam (Mr. I 1kiog ha spckenl %v rv ze&amp;apos;ailomeslv. vet thev wcre homnest men, too, that called for tire frcimo hleauie&amp;apos;n, and we kuiw(%% low thecy were reproved. I haie Ii~e~I scmwn tiiuoc ill the worlil, and seenl what is, abroadl, anti how citrefulido %% vwnl have livc&amp;apos;o inl proceeding in this kind. &amp;quot;&amp;apos;It i6 haril to dlefiune whatt is blasphemyv. I believe yon think Arianism us liluspihi&amp;apos;onv% ; ant(I scl it is, to) 4lenyo thle d~in&amp;quot;iity of Clhrist bulit this is tc)fivtiehshl&amp;apos;es, 11bout thle ocitiok (If (ioc. Thsis n1(t to Im.&amp;quot;-Pp1 2 ~ Si &amp;quot;r (Gdie&amp;apos;rt IPirekrin. If thils gentlemanau thinks it is hlasphemy, amid thinks it cnghot tt be putislhed with death, het iuuist give others leave to dlise&amp;apos;iif their -tdiets will not ugree to it. Some haply have the Sai z &amp;apos;al ftir 4ml yvet haply they may not have. thle samle apjetit~e tt give &amp;apos;Senitence ill these thinkgs, withiomt s pe-cial tenderness re-specting t Ik Sa~ ~d consequence. &amp;quot;&amp;quot;My prest&amp;apos;oit aplpIro&amp;apos;htensioin, in short, is this, that the per.uum is Ioth a flatl idoIlater&amp;apos;, aimc icholatry itself. I amt ready to give novy Sense inl it, ats to) thle I~umbhoeuo ci ths, intto ive nov i&amp;apos;vote for liiood I shaill lie very tende-r inl it. lit .somie will say I mum fallen fromu the faith. I .speak my conlscienlce, thle Wi l t) od lie dtonle, ill it.--Pp. 64, 65. Mr. II10r/Ieid. We have a saying inl our country, Gwive time de-vil his due.&amp;apos; The poor man is had enouigh, we had not iteed to) add. IDoes lie!ck&amp;apos;moY rither (;(icl, or Christ, or thle $prtLyn oesrs uipon it thano it d(&amp;apos; mcrv es. It ohiffer.s fromi uls. cast&amp;apos;, Ilie &amp;apos;is nunch tilled with spiritual pridle, that he hats imore of (Chribt in hinm than another. &amp;apos;IIe w~omen&amp;apos;I said they-% dIid tout honour J~amoes Nayler, but thet Lord. Impe ymiare- itt Of oti it ;:~&amp;apos;l ~ Ytt f itlio)I thatit e shou1ld suiffer death for thils, thoughl itIl ht&amp;apos;incius A e. Llior if it bte possible, ill a pea-t(ce;Aldiwa to) ro&amp;apos;claim thost&amp;apos; that are misled by hlis delusions ; for, I su~ppose&amp;apos;, we athi agree it to It&amp;apos; a tFreat aud horrid criume. Yet, from thle whole, to judge it blasphiemYN, I t&amp;apos;otwciie it is not p roper, cimr o&amp;apos;anl I give mov y/ea toit-P 67 3Iejor(i&amp;apos;iurqi I~w~d. I thought nlot to hanve troubledI you 10ti liu~iue~ butyouire&amp;apos; lainehoillIZ into a nmatter of great co0nseohu141i~t&amp;apos;tc&amp;apos; ~oo rver %m otdin thbei a to it&amp;apos; ill c&amp;apos;cuo1Sepienve to postt&amp;apos;rity. f odlfreel &amp;quot;ive no&amp;apos;v vott&amp;apos;, that hie is a, ogrand iniposto aIdl ,,efitocr, Aincl that hi% op1imions ar&amp;apos; hoerttic&amp;apos;aI and blatsphenu11ous,. I I (citeicl il iltz-fik- mv thu-ar ; bittt Ilu.&amp;apos;o, to) % otv it horrid bhtsphemyi I Cannio~t CtuuIN&amp;apos;ilt&amp;apos; T hlbis vote of yours will lie very (volitluSi ve ; So that I dI.&amp;apos;sire t)i deLaIre III (&amp;apos; V i&amp;apos;CtIel&amp;apos;t ill it, that I Itill llot satisfiedl tfromi what I lheardi at the bair, that .; ISr is guilty of blasphiemny. W\ere it not that miieh a plimeshnita is to , ,,e, I Coulo be freer ill it ; but I know this is but inl .i&amp;apos;lder to a greater ,,tcs.&amp;quot;-` 1&amp;apos;l 7b7, S Mr. I(,Il/vr. I wouldi ilot have the otleliee imiade areater than it is, lest tlt 1iiiiishmlenit prove also greater. The&amp;apos;se two rubs imist be removed before I C,&amp;apos;ill gr;ve ll (&amp;apos;consenlt:WI. \\ a pet i.islhemy is. 2&amp;apos;. WIilt shall lie the pullishenlnt i am for the miiodlerater title, that lhe is a. great imlplost or, and a seducer. Tfiis will fidly hear your writnles aitra-nlst it. I ilnliln to theb imderuite wa It-st VN m open sitch a veil of b)lod its you will scalrcly (1ose.&amp;apos;-P. 8.. &amp;quot;(d&amp;apos;d&amp;apos;iw 1H llindl. I hope lie ilium speak 114m that. ha.-s spokemi ,Iothiig ill this l)1ines1s. Contidier the state ot this nlatiomi, wi;ht the pirice oh&amp;apos; or b1lo1d is. Iiiberty of conscience, the bIst mrnjv&amp;apos;nt *ijves it uts. We reimeiber hov niamv ( &amp;apos;lCristiamis were formerly martyred uider this not ion (It b ibaspheimyil; aiiid ilio call dlefinle what it is ? I amil wholly against tile luestiol. I1 11ty tr;ninsw&amp;apos;ress yoiur or(lers, it being the first (lay I sate here. A greater punllishment do they deserve that alre thus deltidedl, tha lel h tlI;t silters such things.&amp;quot; &amp;quot; ltesolve(l, TIhat the wordl &amp;apos; horrid&amp;apos; bie added to tile Itiestiol. Resolved, That the main questioll shall be plit. &amp;quot; esolved1 , That fiJames Nayler, upon the whole miatter, il lfact, is guilty of horrid llasphiieni v.&amp;apos;&amp;apos; &amp;quot; Alvijol- (;ent&amp;apos;),0 Go&amp;apos;e anld Cldain Hlatse. &amp;apos;T&amp;apos;llat vou would allso ; a14ld this to tile illuestion, that James Nayler is a grand imlpostor, alld at great sedluicer of tilt&amp;apos; lwop(I.&amp;apos;&amp;apos; &amp;apos;Jiw 1m:aete&amp;apos; *f the Rolls [Lenthiall]. Add the word, likewise. RtesoIlved, That the said . allmes Nayler is also a grand impostor, nid a great se(dicer (f the peopleI.&amp;quot;-Pp. &amp;quot;8, 79. The questimi thlea to be debated was, as to the punishment. &amp;quot;7&amp;apos;dunel ,qdeu/mIlm. If Nalier be a ilapheiner, all the generation (If t1iemti are so, alld he and all ithe rest imust underwo the same punishmentli t. Tile 4hlilliolls they hold, (It) loordler so mear a glorious truth, that I cannot Pass mly judgiumnlt that it is bllasphemny. I shull choose ratlhr to live iii M1i0thelr liatioll, thian where ;a man shall lbe conellmeIldl for all ofl(nce don14, l, Sl uIt leilt law. I amill agrainst the Bill of Wttainder.&amp;quot;-Pl. mi. &amp;quot; ,rld &amp;amp;Strick/bnd. I Cannot say but we have laws enitiughi to reach this tflfelder, if the(-! gentlemen of the Iong rolle wvol1ul direct uis. Where m0ost power of the goIs )eI, most prodiitrigi of heresies Ulizl (IieliatiS; whic ll i11aPelnl a1&amp;apos;lwavs, mint&amp;apos;ss you restrtill the reading (If tile ScfripttrreS. &amp;quot; HIeresie. aire like liaden pilpes nider grounid. &amp;apos;l&amp;apos;hey ru on still, thmigh wCe do not see them,,, ill a commionwvealthi where they ar res.tra1iniedl. &amp;quot;&amp;apos;litre lilerty is, they will discover themselves9, a1nd ((Iene to piiiishiiiteia. Th&amp;apos;lre i l)0 Ii tieed *f drawing you out to Sullcl pulmiisiilelit as (heath. Restinlilm 11111, ratiher, to some country or p)lLt&amp;apos;v ; IaIIishI him, &amp;amp;(&amp;apos;. Thiis House i. a livitig lw, bIlt imiake as little&amp;apos; lse of the legislative powver ais you call. It is at dangerous prec(lednt to posterity. It is against tie Instru)nent of GovernFMn to 1)r(Iced(l to further punishimient upIoJI this bu-siness. (&amp;apos;online lithi, banish him, or (lo 1what roU will &amp;quot; SP. 88 Air. lJipfield ina( e a very large alnld iandsoIwSO spCeech ill aimiver to &amp;quot;Ult Lord1 iresildenit, Lord Fiennes, and Lord C&amp;apos;hief *Jmistice [G(lylnn], aind the ret (If the nierciful mren had said ; such as they were scarce able to reply t&amp;quot; lHe proved it, that it was the muinid of God to p)ullish this offence with d(ith, autil ie (coull(l not pum his ju(Ignimuceit otherwise.-P1&amp;apos;. 9 1. (lob1mel (&amp;apos;viv)er. I caminot hut say it is blasphemy. But admit it were horrid blaiphemy, a my judgment is now involved in your vote, yet I cannot ibe &amp;apos;fttisfiedt tht the( I ItousVt airt 1IIy w~it lt&amp;apos;d to) such&amp;apos;l a he(&amp;apos;in)is W1112 trome, awld it i, li.trd to h&amp;apos;.i~l thi, I1lowe into -ueh a j II?1I11WII1 , ;i-, til p;, - t Cilve of ihkit0 Ii agiintl.t stih ita persoim it fvmrs God, by wlhAi we liitvv I IA&amp;apos; tni I kill)m so uRit part I it the linud mmitrns for theinu et . 110) 1),1 4)0 bl d ;t&amp;apos;rillk sh4 ell t1) inl thii&amp;apos;; iC4.4)milt, I vmdltiot sdit this pj&amp;quot;.1soll 15is innocclilt ; Nvet it&amp;apos; %%e t v .&amp;amp;ke lotife ivlere GA oddes ot require it, thatt is aI slwit &amp;apos;&amp;apos;lr of~ikmcn hloi 1. 1 fetr ats niuch0 a, jildgtnIC1it, 11pon1 us if we takke his blood-, as thcN. fiear it&amp;apos; we jorg lC% I Tli~s Illmvw IlliW proveed&amp;apos; to) fine, impis~ronmenl&amp;apos;lt, aumii corpouxd iunish - Iivietit atill thisl,&amp;apos;1 it jud~iciial wity. without p~reparinlg at Bll. In iv omy io Own,&amp;apos;r tieeds 114) Bill. His fS iti will Siollit&amp;apos;il niothiing ; utt lie! IIas a iot1 1m~ N%04111(1 hImm v&amp;apos; 41 tIIM&amp;apos; Sm111e evi~le.wotr to tsuppress thit 1rTOW thI of thent in veniirmid. If Nou1 talke this IlikiI&amp;apos;s 1)14)o(, vott it do ertaitil la-y aL foundtlltimi i fr thl&amp;apos;mu. I iisteaol 4i ttking atwaiv Quakkerism, vou estilblishi it.&amp;apos; 11ti m p-itI think, ett life, you pailotiss gt(reaitr pulnishm1 than pe(rhiititAl imptlrisonmttent, w~here hie niav, Hot S11remi lhis leprosy. It&amp;apos; Nviti 4(l~t lilt his t41114Ita&amp;apos;s he mikv~ write, for lite writes all their ImAk~ It&amp;apos; pill cut1 oft his ri~lht hanld, hie nmay write with his; left. 1(&amp;apos;other 1pu1iuShikIiiii sWill vertuinlv answer votur ends more than if vomi taike his lile, aind lie a iet ter cxpeahient ta) suppress that g~enerationl ot thetln.&amp;apos;&amp;apos;-Pp. 97, 98. *lI&amp;apos;1/Vl-x(v~iiiPnd Thfv&amp;apos; iis is a, very ivreat anm weighity b~usin~ess, auld 1 atln much41 tra~mbledl to) ,pv.-k aniy thing inl this businiess. I iumi sorry, to k this dfivisim 1111otigrt Uis, butt I iopt&amp;apos; it w~ill end( ill ailit v, love, akmi I chlartv~. Fibrmv irtI cannot he saltislied inl nivselt to &amp;quot;.V( ilyvnvlt csltl the delnth of4) this nman. Is it not written u pon every man&amp;apos;9s heart, that at lbl-spl~ivintr shiou1o (lt&amp;apos; No tu&amp;quot;Ition ill the worl I, thatt ha4.ve anly law-s, but thiey hiayt&amp;apos; -Ii law\% to) put ,I bhlaphemier to deakth. Buit it is saidl, we hanve no law to) punlish idbisphiemiy, becaumse the luliihops akre tuken atway, It \vis ,just to dlelive&amp;apos;r u1s froim themi ;itile their tvrannicAl pra&amp;apos;o&amp;apos;eedings, but &amp;apos;I hope1C tlke law\ remaiins still. &amp;apos;lima evch-eiMvfijiir. (enfeP!/ A1 l%/se!/. It Imn~ ile allW tImm~&amp;apos;s cvase, iicr&amp;apos;. ife knaiw\s ii&amp;apos;it how toi waklk securely ; if ai nmn shlukl be1 plilisht&amp;apos;d by -, law- cx /)41f/I#/I i Imake ak law ill dmv (&amp;apos;..5s&amp;apos; to) this pltr 1b(m is ihlatg&amp;apos;croti , Illilil motio.t ini iiiuitto&amp;apos;r ait* this hut tilre, whiich is S4) ohak ti I~ Ii(1l toko httl&amp;apos;lltd otf ( aiml 6 inl this thing. The Christians inl Newv E&amp;quot;ngland, I hald it fro uu a .Io vmd huitld, dot timich w.onder ait thilt&amp;apos; zeal of this Pairiianlent in this cdisc. I gra-nt this is,, no amrgument to) uts, what they d1o ; yet it maty sev swllistu )rCoa4,1C1ct, which wts, urged1 to us froml the &amp;apos;Parliamnelet. of Biir-os /v1de?(a] W~~i hdbwkq&amp;apos;.&amp;apos; I uurrvet with the( gen&amp;apos;1thleman1 thitt Spoke- iht, thi&amp;apos;it it it 1&amp;quot;4 the %i ill oif ( qlh tha,.t thils person should die, we oughit not to :slmre hiiiu ~l the uet ia is. whetther it is thet wvill oif (1od0 or no ; whether thcre lcit&amp;apos; a bW *) (;il Foir illy pa~rt, I t hunk there is io such law\\. lai Is o)pat ~nt&amp;apos;I~eof aleud i 11 linm thii per&amp;apos;son, I know u1t&amp;apos;itid it 314 prhreo&amp;apos;i&amp;apos;ient fbr it It %%ill li4&amp;quot; af ai ilatn-ermius (&amp;apos;4MISbienlcne for you to miiko&amp;apos; hmla faw Puluill1h it~ A 1f l &amp;apos;-thiuc1 li demth, which wa,-s not so &amp;apos;punishitbd&amp;apos; bt)Vt6re. (uPr liamil&amp;apos;tt fiiiv VMount one thing horrid blaisphetin, imnot her 11liumricunlt aI&amp;quot;Iithlor thting. The wordl bla&amp;apos;sphemty is, very eomuprehensive. Thc~r&amp;apos; ImIVity t~ill&amp;quot; ,mllike thle \torl hilllslhelttlV ill.-I be uts ftar extended&amp;apos;( as wias heretsv, ill tile&amp;quot; (&amp;apos;11m&amp;apos; itS ut leti. II., were a mn wats &amp;apos;onldemntedl for a her&amp;apos;etil&amp;apos;, heiecu~ li e hie dial na4t knowm whether by thet&amp;apos;,law of 6od tithles,. were patya-ble or ill. 4)U~vh~ ta&amp;apos; lok forour postt&amp;apos;rity, anmd thle dainger to leavec 5101 ajrtcelhl tmpaon your records. I am, very well satisfie(1 thlat thle lesser. ptltlislnlelM %v&amp;apos; h Ile nltekqjiatae enough, anld save tilei hiomotr of your vote aidtol ilr timne tal)a (bF tO ti`f nh &amp;apos; entlemen that are for his death, Io iwvad oyU qiisti)n, that thle person shall statI(d committnte l till lie revaent, or till tlhe&amp;apos; I&amp;apos;ar. lillment take fturther course for his int(ire exem(plary pmdirjiiilmiieit , and t klis ,,,at hiappily give more stitisfaction, as well wxit hitl do1o1rs ats wihot .&amp;quot;&amp;apos;-l&amp;apos; 1S- :41. The numbers beingr 96 to 82 against tie fZrrerater or capital punishment, ai great deal of discussion. follows as to the various mewrits of wlI11)i r, phlry, tongurle-slittingr, car-boringr, &amp;amp;c., which ends in a l~qpy ( omlbsiatimi nol pillory, whipl)ir, p)illor agaim, tongue-horinr, lbranding, ridr(riw oIt a 1orse bare ridged, wlhil)l)pingb again), solitary imprisotunti t and( hatrd labouir. It was onl ly compounding in this manner that the mierciful parly ill tie House succeeded in saving the poor man&amp;apos;s life. A dlebate ensues as to whether the prisoner should be allowed to speak ifirte h teariner this sentence. The Lord Chief Justice as a lawyer thought this by no means prudent. If vmu proceed ais a Jud(licatory, (as it seemis vonl have implieitlv Votedl it&amp;apos;) V4ll 1a1tat ask himat what lie can say why jiidl iavait ilit tl II tI In paSsel aiqiinist hiatt. It is so il all (mirts o;f judiatiltre. Admlilt Ilat he, or the dlevil withill hli should sat, by what nutilorit v do yom1 pss this jildwili(&amp;apos;tt ? Whatt cazl4lVl ;Sav thenl &amp;apos;I&amp;apos;lloll-ril you lltls ;11 ;lili\ ttI&amp;quot; 1&amp;gt;l t ~z catavon ay ten ?~1&amp;apos;hugh ou hve thle anthoril v of thet f ouse of Lords ;titIll to ou, ve&amp;apos;t they Nwotild never proveed ill a jaidiciatl way, bulit accolding to the lawv. I never knew themit (1o otherwise. TIhis is a inew; case beftlre volI, anad it w ill be a prevelent.&amp;apos;&amp;apos;-11. 16:J. Mqklior-U (,&amp;apos;tela/ Jdelfr. If it halld bee ill the ease O f deatil, I con11fe -ss I s1hmuld have igiveni him all tile liberty that iuiulit le to speak ftor himnself Nit ill the lesser l)pliuInilishenIt, you nleed not Put ailt excuse ill his aitoh.&amp;quot;1&amp;apos;. I;-I. &amp;quot;1 J/wt/&amp;gt;r-4dwocate WIhalleq. I hope, if this person should eonae} ;mland revatlit, Von1 WOUld accept 4it, More ttil tn ll your jllhlnrlellts tiSi II il lu ; anld it will anaswver mitore y&amp;apos;mir en1d(1s. 1lis refoirtiation, I Sitpip se, is tihet e&amp;apos;idl if ImIi6satet. If Ivml be satisfied ill thiatt, Vmt nieed imot Sil&amp;apos;tit ll&amp;apos; hiim. I (dsirc lIe aaaatv lie II( ea.&amp;apos;&amp;apos;-I&amp;apos;. 1 66. The prisoner l)eing called, wihat took place is thus replorted : Mr. .Smkre [Widdrington]. Now tien or eleven days have bieen spent it, the il&amp;apos;hatr i our1 c rimnes, which are heiiimins. You1 have trolbled the cutittrie lpl atil l mv, and . %ie yoII have t roiled ti(e P&amp;apos;arliamienat. Yet, ill ytamr Setntence, mierey is Iinie ,,1t1l ji tldwrIleiit. It ij. t&amp;apos; s(&amp;apos;ltlatce, Wlit tif zIt &amp;apos;tth. hey&amp;apos; desire, Vtur reformationi r.tt her tdli;a .des trutimi. INavier 4tllere(l tiwo or three times to Spieak, and to sav hie desired 1o kiiiow whaut his (crimles were. 11He knew&amp;apos;s tnioe. Mit the Spe;a;ker pro&amp;apos;evleh&amp;apos;l to prontimi.e tile sentenc, and Nayler s-aid, as lihe ent oit -&amp;apos;m( l;,, ha givei te&amp;apos;at b 0IV ; 1 sh;dll wilinlyrV endhire it ;&amp;apos; r, I htop(e I shall eailtire it ;&amp;apos; or, &amp;apos; that .l *will, I hope, give ilu( at spirit, to (dl&amp;apos;ille it :&amp;apos; I did not well hear awld saill fuirther, &amp;apos; flie iird lay not these thi a-ls to ymur 4&amp;apos;large. I shall pray heartily that lls Ie-Va t; ;)I, whI illl pray fir vmi. efedin Rfya/ddx a Ithers said afteJrwarils, it was Ii ard41 he stlzl inoit lit, hiard uit, malld he dIolbted Some were, afraid that hle kltild revant. I I do4ult((d tiat wvats not so (charitalble.&amp;quot;-P&amp;apos;p. Ii66, 1 (;7. ITh Ilouse, however, had not (lone with the bu.inu&amp;apos;ss. Repeated (dikctuxS;IOns to)k )lace as to thle remissioll of parts of tile sentenic(&amp;apos;. ( )n the 23d of Dfecemblr a petition beingr tendered, the petitioners were, by a majority of 91 to !1), ordered to be called. The luetitioners were called ill, to the number of thirty. One of tlem IMa&amp;amp;lr&amp;apos; ia shlort speech : &amp;apos; They aure llut a fewv ill numbiier thiat si mne the p)ctition; but such person6 ;tz,. have done very faithful servicc, ann have honest lie;rts for .4 . T1it&amp;apos;&amp;apos; arc, 1it aniV co)llttenallwers wit ; vjkied prr , , 41(&amp;apos; sirwi, tts inIduh1:t&amp;apos;.uv oflees that voli deelmre to1 be 5) ; 1l( ImlN;U1 ;,er of tO crille&amp;apos;: blit 1ijiotil t, cmiumtlo tt -wtint of liberty f011un1 it ulijim omr Tir ts 1SIII &amp;apos;tile petitii &amp;apos;ticrs to y4m1 ini this thitiur, Iteaviilu it to) ( 14ol tol direct ( il l jit lTh Pl&amp;apos;etitiol &amp;apos;t, 41i* t&amp;apos;r% p. ve.b.lt anllkl W*tell-A]Cted ; ttICsT.&amp;gt;0IS ill aill &amp;apos;dw lit thel &amp;apos;itsv 4f 1.1 (il&amp;apos;n , ill tilte 1&amp;apos; lhlf tf themiselbv uits l a ilters.&amp;quot; &amp;quot; Tl;e cmitttits were uti remit tlh&amp;apos; remiainler f 4piiimisheit to1 b itIiijt.,t Itp&amp;quot;&amp;quot;n .Jame, Nal1er, atid hlkat hilli to 6( ospLl remedies, ais thlie Iprtlpt &amp;quot; Il reclaim. ( Cshsa&amp;apos;!//I&amp;apos;1s1l4lbnI. The way to imiake the bilessiflur of ( 4o Illml al i:6itieen is to Ihave e*rvetryman to the liberty of hlis, volwI&amp;apos;niI(eT&amp;apos;eT. TIe ki.ig I,4IIt i tiII jImilliseld 4e&amp;apos;llaratiols to this tmrpost&amp;apos;, that luie would grive liberty to) tIt-litr (&amp;apos;till Wiei44&amp;apos;S. If le had Iet1 1.tituiremmus ill it (as I bt&amp;apos;lieve lit&amp;apos; W* l i ,t , I m1 l 4,&amp;quot;Ifitlf&amp;apos;iit we t&amp;apos;nilI hlot l1ve&amp;apos; StOO 1(I two4 ni1ntl s beforet hilmi. I Say it ai jit i&amp;apos;S thl&amp;apos; Oiiil i tile&amp;apos;d to 1tt1tike It ha11timl blessedl, t let ev&amp;apos;erv mw lt lae tIltl fitc&amp;apos; * vtrcim. if his eonIeieSn01Ce. 1 understand not anilyl\ pow telithe ii iila F6lalgte&amp;apos; hss t4i tnfilct 4 eiisurt&amp;apos;s, &amp;amp;..&amp;quot;&amp;apos;-Pp. 216, 217. Lvr#l lsmniert. It is not tile 11111imber f petitioiners that shomiuld wo4rk with vil. I speak nt ti lt persont before you ; ht of tih&amp;apos; pitimiole&amp;apos;rs. I know sfew (1I t hni, mit I und141erstandl thiemi to lbe v&amp;apos;rv hiue&amp;apos;ist 4)411v 1 Ijs, ,whi, I u1ni 4&amp;apos;IitifidlehIt, disoWii t he &amp;apos;rieit ; vet think tlienikselves l 4 lliL-t&amp;apos;ql ti Ihear their tetnnoim v for their libirty, 0&amp;amp;IS-P . 21 Tlth atbir ende(d on this occasiln by the 1IIousC lettimg it drop, ;1iil 4&amp;apos; Il2;i&amp;apos; &amp;apos;timult a} quesftim)l). in tile &amp;apos;titi of D)ecemtber arose fresh totoble in tile follmxsiur lhtter fro1il the Protector, who sevems to have had little relish for the zeal of&amp;apos; tile (C11111}119ls: I Mliluii tkehll notice&amp;apos; of at Sentence lrv Vou11, _; (&amp;apos;ii ;41rilst 4)114&amp;apos; Jawo&amp;apos;NayIcr, allbeit we dot) abhlr such wicked olilnionls 4111 practit&amp;apos;itcs, we, livi 1K ilitvre~tvd in tih ;Gzverniment, desirt to kiowv the grounds aud rt&amp;apos;ame.1is ho&amp;apos;% you Pt11it&amp;apos;ilt&amp;apos;41 l h&amp;apos;rvin withImit ouair consent.&amp;quot;&amp;apos;-P. )21. TIls raiwd thile s)irit of the mercifuil )arty. ii Jbliv r Aludlo . Ymi might tlnot to hia&amp;apos;e (lenlied thlis p 1 4s i tt) have &amp;apos;lmot&amp;apos;tl hen it&amp;apos;- desir&amp;apos;d fit at the blar. Were lie ntever so wVickt(l, &amp;apos;1i millt to grit tiu thit&amp;apos; libetrty&amp;apos; of ani E.nglishmai. I aul satisfied, tht&amp;apos;it tholulgll \41u1 11MI, 111111AVIItlzis t; -II lZt ~0 l lil) ltr nl &amp;apos; -11 l S;;ift tltrikill-it it. t1 ~ i~st&amp;apos;l tissetence upon him, there may be muh si arliit t If lit&amp;apos; 111A been h&amp;apos;ft to the law, it had beenl better. I fear tIn&amp;apos; danigrr of such a Iwvv&amp;apos;&amp;apos;h1&amp;apos;cut. A very fit&amp;apos;ree sp.&amp;apos;ee h lie miade onl Nayier&amp;apos;s behalf agaIist tlt. jild iint-lt, &amp;amp; .-b &amp;quot;(&amp;apos;uI,,ne Uvj/.#1 I lA nmerihant&amp;apos;s wife told inc that there was15 it&amp;apos; skill h0ft be&amp;apos;twtlen his shoulders and his hilps. It was 11m iius&amp;apos; 1moc uipinishillcit. I co4uld &amp;quot;iil tile lusiiness were enided amongst \|ou, that tlt&amp;apos; reimiaindltr oif tiht pulinibiIt&amp;apos;eit Iuiighlt lt&amp;apos; remitte&amp;apos;d, and that Lj\nlt give hiS Ijieri.&amp;apos;Is j ati stactit;Iii. S;r (C/ri6stfivcr Parik. I sihla l&amp;apos;thlaititajilt tit wliat thit L;w4ltr t4ihlu me. IThere&amp;apos; w,&amp;apos;rc but three pilaces w-here thle skin w*as ;inm, way hurt eer lir) ken, ;mid it was j lu ji &amp;lt;ggr than a pill&amp;apos;s headt]. T&amp;apos;his gentleiiil a is x lrclv Ii1i uife~rincel.&amp;apos;&amp;apos;-l217. goMr. lluirnr&amp;apos;y_(i&amp;apos;cieR&amp;apos;1l.We are I und ill 1i y our owii jiludiricilt. &amp;apos; ctntirgt 1111w s peak ul.gatillst it, nir against thl fatt. i ou haivt aX ,&amp;apos;srtviI vmiIkedicatorv pouer. kThis is aie&amp;apos; tirht ciuw. It is gOid it were IiOI e %t&amp;apos;ttlt. ea r hils 11Xg1|1t.,s lel p 1 1k&amp;apos; ltliir for the fellow. I tihlink it wert&amp;apos; bvt tirt t, r1hlihi hiunalld then tirinlg ill at Btill to haing hillil.&amp;quot;O-P. 24!) r. Rri,,,&amp;apos;w. We sihould returni this short answer to his lhigliil(&amp;apos; l.&amp;apos;ttt &amp;apos;I&amp;apos;hlis sKaker canl &amp;apos;carey&amp;apos;) be serious. V&amp;apos;erhiaps le is litrt covt&amp;apos;rth sarcuslic on this Mw 10lic c we Iarlihauttary pwcevdiig against a nlot ill-d(t&amp;apos;signiliSg Vii&amp;quot;&amp;quot;&amp;apos;.; ha\ I~il ii&amp;apos; )tT l Ih t {tit.&amp;apos; I th11I&amp;gt;lu ,Lt .11) &amp;apos;% Ii ill o~Lt i&amp;apos;dV sll I riti ProfC( ti*r s h tz I t in ti it alt thir iilmlj er to) Wimiut any tIt&amp;apos;hatc ipion your *j uris;&amp;apos;r Iffl/i&amp;quot;&amp;quot;&amp;apos; Sni&amp;apos;/:/&amp;apos;&amp;quot;. It, v&amp;quot;&amp;quot; arlin tilt i jAict itilil ,f. r v,,,, Parlia. Wlt&amp;apos;Utl |.IIW j}iU(li4ts(&amp;apos; tI4i. Ttik is tll L&amp;apos; ~II( illl I avl I(I N )&amp;apos; tl . of a1 Prl1aii I It .- 0 1il |41 1 t! I I l9 I( vt W \\ I ~t (&amp;apos;;I!l ti&amp;apos; 1;ltl. i! 1,,; 1 , 11jl : rii~i~l,,,I t~t sl wII &amp;gt; lb,,t si &amp;gt;zllt;~ t I .,- put jt it ;ll ,&amp;gt;v~~~~~~tI&amp;apos;L I tl kxl&amp;gt;l. V l &amp;apos;IIs ii ti I ;I I Il l~ I ,Il r t I I&amp;apos;lialzt. IIt W haI I it; a Io wr, let Ils asst &amp;apos;t it. I dczirt&amp;apos; al ( &amp;apos;tiiiiilte&amp;apos;: I allt4 atte his i ijIivs,;, tI) ,;;at iSfv hii!mI of thie reastis of nii* ir eet pi &amp;quot;if iu-, ant tihat we halve 4tl411ti&amp;apos; titi hill&amp;apos;&amp;apos; ilt hlIat f;winler( prevedt&amp;apos;t&amp;apos;tlts 414 t.warmuf I I. &amp;apos;2 53 w&amp;apos;d finn fiwrt. I wvouldtl IIt)t have N&amp;apos;tiII r&amp;apos;isie w\itilmit a quesleltitOll, 4,o 41r a - J,11l&amp;apos;ll thlii dlebitte. I diOblt, telils va;lilmt SI)&amp;gt; C&amp;apos;stil&amp;apos; fit- laid( as!idv as AIi het peffllitl wsMt. I wisl it (&amp;apos;c11(1 he Laid aside; with sat siact itftimbtl all pairt i S. I dt&amp;apos;sire mil odd|111l :ttl jt ,ti ll tis l;1t till f5t i-morn iw. &amp;apos;&amp;apos;-I&amp;apos; 2. &amp;quot; &amp;apos;Ww/ ~ta.tl8},/18khRml If thisli-mi;1:ldt passi. ill tilt&amp;apos; alilinwitlive, \.()II w\ill dt(I iny mvH Ill nit et r toltr l rrealet st dishoinm mr t hat eve wits. I eIt d xles ;aihdor tlilt crimel. I alill c{ollifi lit he ( 4m-s lioIt fle-4ile t reprivv. 11 het didl 114t i-1l1ll41l it, for ol\ plrt, I woild never serve him,. It will I}e ill news thlurouih all tlie three oaltions, to sav that a letter&amp;apos; vaie to uls oni tIle blialtf 4t ai blasphemeir. It is all almitlillalde thililn to hear such muiijis t huiii;s inftortieud to this 11iolse, ;, til;tt 41 Ilis %Ilillpiu-,r st harti, o)r hkis leioi&amp;apos; sick. I wtould have t he miierI&amp;apos;lit&amp;apos;s wift tl.hat re&amp;apos;piorte(t it sti it ftr, anid whiliv(jil. I am intfimrliedt it was tillite mtlit&amp;apos;rwist. I trel~llile to emltsitili it. I auill ctmf.i lil t fl It lettl&amp;apos; is illistfaktii. I desire voU wm 1i1le b to telo&amp;apos;i&amp;apos;&amp;apos;l. &amp;quot;t !&amp;quot;&amp;quot;&amp;apos; lit 1101 as to put. that t1ele.Sbwrd lamh/wrt. Ca;liutiess better Iecolnl;s this I I[ise. 1 like not thiestc nr&amp;apos;lt&amp;apos;ctitnus. I dlesire thl gentleiall Illay exp lhaiui hiimslf, it&amp;apos; allt&amp;apos; 4)t this I louse hatu&amp;apos; ii t,0r-llled(l it .&amp;quot; &amp;quot;( 6lirlv Mairk:hamn, stotl i(1) to *jtist if l himself, antI said ho&amp;apos; rtefletetl upontm 1to o1)&amp;apos;nulnbr, ilt tily Ilium tiht mtrilt&amp;apos;hill&amp;apos;s wvitf. It&amp;apos; belitved lit that ttl4 tIhi 111list&amp;apos; tit twas So 1itiorijied. lH liotitrt&amp;apos;tI tilt&amp;apos; I&amp;apos;arlilaiient anid every llt&amp;apos;lwo11i&amp;apos;i&amp;apos;, &amp;amp;c. I14 jIbtiStj4 I )blir pit, 14) xisuspend tle pslinishlielilt, the( 11mlst. wals dlisitlt&amp;apos;d l&amp;apos;!&amp;apos;3lv Mi*. II&amp;apos;.li&amp;apos;lalll ill t1he&amp;apos; ,,ic&amp;apos;;,,n t oe th L .Sjakter retiredl, being very Vcls, 59, \\ (&amp;apos;lit 4i tm; Niwx, I I : s1t3.&amp;apos;-i,. 2/;I. Flit lltui p r %-evvrcd in excrut itr, its sentence, and the affair of privitlog with the Protector, after notch discuissioni, strcins to have dropped ; plrol;hlyAN f&amp;apos;ro m thl- roiunisterial -arty tiidingcr thlit imVlc)i(y Of lplshuilIl) matters too fir. Navl1r&amp;apos;s busincss, 1howesvr, is relwtal(fly brutight on ly attemiipts at r(hau10.1 &amp;quot; ir. M/h., /,n,, (On D)&amp;apos;e. 30) stoo)dI 111) and ni;ltad&amp;apos; at lo1ng ,;peet&amp;apos;vh, litv ninl41tilh t liVtS, and1l lierities, anid &amp;apos;stat&amp;apos;dof t Iw&amp;apos; p&amp;apos;ple of l&amp;apos; EIglant wt&amp;apos;r t&amp;apos;tm(erlit&amp;apos;tl in 1 1r late J IuIit ,.,lt i Nit y her. I Bettv w r e ha1it;uitver lb&amp;apos;caa imruit thali hiav e takell that Ilelrt to olirselvts, tf ext&amp;apos;rci-t smitli a wt&amp;apos;r over tihe hilbrtie i of t ie pt&amp;apos;plue. We had better d vt iiy irstvlhvv, thail let such ia tilig ( &amp;quot;&amp;apos;i/v1lMC Sydr&amp;apos;;,l,,im. We livt&amp;apos; ais Parliament lit&amp;apos;hi l~ltt for ai tine, hilt we &amp;quot;~ t&amp;gt; 1S Lti.4il; Illti alwav~s.i I woli1 wit h1avv is be &amp;quot;i tenldr itd tilte priviltge Pat l&amp;apos;;ritijiiit, i, a s ft ftrit&amp;apos;t t tlie liberties .td I-ii-rlinitii. Wt tiuIll lit too walk If4&amp;apos;6*1, JJ ifl cx1&amp;apos;c1m/l/s. fi retd(&amp;apos;iits are not t. lie Iocfiolowed at all times. TInt, ! &amp;apos;.mr Parli~uiam(elif ,,;t, mlutre nit&amp;apos;t&amp;apos;d to rtiihi thle&amp;apos;ir psowser thiaii I hItlme we hlave(. h Was war, blit ve (are now at peace I hulillIly lay it, to the heart *of ;r &amp;quot; utlt uintan heret, if thke MaMe do Iltt 1iiuch diiffer. I &amp;apos;ap Peal to every man We hav\ not a poWer here to do what we please. Thicrc is something in 2 F thlt peltlp. %%ic41 tlkt4. atlways reservt to thtesl vesl-, as that of their triald por Jul re %V, &amp;amp;b~. I ^^ s t~t&amp;apos; a jull4|liu t ltbeirinning and endingl hiere. 1 - &amp;apos;thr ii t thi to tlt VII tIII-t tin j.&amp;apos; iitiment m1igIlt 1b revededt fri11111 1t11, th;at h1 4, 041 .it&amp;apos;id teniur people oft&amp;apos; thli; naution miay bet&amp;apos; psrovided tfr, f;1 tfli ilatill|;. tha;t it fllulx mozt 1b drawii intot pureceden~t, to&amp;apos; tlle pwre jludice of ilit. i. p- Ic 4,t 27-1, IIti27-1-5&amp;quot;-I Wc .avc qjili itod rather larguly fromt the debate on this suhject, IW t (O mi 8St illfticativet&amp;apos; i4) the religiIMS Zeal and temper of thre times. In a ftrt iir mium1lIer we saill prob)ab)ly resume our revitw of&amp;apos; this book, and 1w m&amp;apos; inre nuisClktae lis iii our seleutiomis.</FullText> </Record>