<?xml version="1.0" encoding="UTF-8"?>
<Record> 	<Version>Record_v1.0.xsd</Version> 	<RecordID>4730919</RecordID> 	<DateTimeStamp>20180928135637</DateTimeStamp> 	<ActionCode>change</ActionCode> 	<RecordTitle>Anniversary of Moor-Lane MeetingHouse, Bolton-le-Moors.</RecordTitle> 	<Publication> 		<PublicationID>2954</PublicationID> 		<Title>Monthly repository and review of theology and general literature, 1827-1831</Title> 		<Qualifier>London</Qualifier> 	</Publication> 	<Publisher>C. Fox</Publisher> 	<Volume>2</Volume> 	<Issue>17</Issue> 	<AlphaPubDate>May 1828</AlphaPubDate> 	<NumericPubDate>18280501</NumericPubDate> 	<SourceType>Historical Periodicals</SourceType> 	<ObjectType>Feature</ObjectType> 	<ObjectType>Article</ObjectType> 	<Contributor> 		<ContribRole>Author</ContribRole> 		<OriginalForm>J C</OriginalForm> 	</Contributor> 	<Contributor> 		<ContribRole>Editor</ContribRole> 		<LastName>Fox</LastName> 		<MiddleName>Johnson</MiddleName> 		<FirstName>William</FirstName> 		<PersonName>William Johnson Fox</PersonName> 		<OriginalForm>Fox, William Johnson, 1786-1864</OriginalForm> 	</Contributor> 	<LanguageCode>ENG</LanguageCode> 	<ISSN>2043-457X</ISSN> 	<ISSN>2043-4561</ISSN> 	<StartPage>358</StartPage> 	<EndPage>358</EndPage> 	<Pagination>358-358</Pagination> 	<URLDocView>http://search.proquest.com/docview/4730919/</URLDocView> 	<Products> 		<Product> 			<ProductID>1007574</ProductID> 			<HasFullText>true</HasFullText> 		</Product> 		<Product> 			<ProductID>1009130</ProductID> 			<HasFullText>true</HasFullText> 		</Product> 		<Product> 			<ProductID>10000001</ProductID> 			<HasFullText>true</HasFullText> 		</Product> 		<Product> 			<ProductID>10000297</ProductID> 			<HasFullText>true</HasFullText> 		</Product> 	</Products> 	<Terms> 		<FlexTerm> 			<FlexTermName>DerivedSubject</FlexTermName> 			<FlexTermValue>LIBERALISM (RELIGION)</FlexTermValue> 		</FlexTerm> 	</Terms> 	<FullText>Annirersary f 3loor-hellic Afecting. 11ollst. Bolton-le-Moors. 0O4 thle (4th, 7th, and Pth, of April, was 1h11( the Sixth Auniiversary of the Il oor - lane (Congregation, Ijhltoll -It - M1oors. &amp;apos;11Th Jtw. I. H. I&amp;apos;iptwr, 4o Nob-toll, Ctonlducted1 the, religious servicus of smiday imorningig aid evening ; and the Rev&amp;apos;. J. It. H1ear1(1 those of S.ltdav &amp;apos;aftler - 11)011 ati1d MondI(av t&amp;apos;V(&amp;apos;1lliliv. (O hilMi&amp;apos;d;lv MIC( IIIII-Are a &amp;apos;z lld~ Se nt&amp;apos; ei&amp;apos;lt&amp;apos;&amp;apos;ll 1at1-cr11,m autioumg whimu1 wv ert friends . riii NLI tll. chester, ILi erp ool, Sta~ll(I, KIInut4tmtlld, I&amp;apos;ltPrte)t, Warriuvtmi:jt , (&amp;apos;l1o)wbelit, Nc iiwchurch1, alild 1Id;till.l,11,, salt (1mvil1 to fil C*O110leic~all dnerilz ill Mr1. \\ at.&amp;apos;mni&amp;apos;s Cloth 1 ball1. The lectiiir u1 lw;s a;0drlet-d ly the Revd(1S. H. IL. Pipcr, 1. Gre n, J. It. Beand, A. Beninett, E&amp;apos;Idward I lalkes, I . (t lopper ; and by Messrs. F&amp;apos;. It. Wr&amp;apos;ighlt, .1. Barrow&amp;gt;, }11 Dufieldl, and(1 .1. 11ralldlt-th. On &amp;apos;I&amp;apos;ulesdav&amp;apos;I, thle sc1hollars of the Sunday St11001 ;a1s ste1leld&amp;apos;(I, to the litiilledr of 0(1 lit t 1dred ;11(1 twenty,, to (line iii the samne room. After (dilin1ll SonIlt of the childnrllI we(cited pieces, and with suitable addrvsses fromi the 1lcvds. A. Beaimett, Ii. Green, al ,1, (&amp;apos;J.Crtpp1e, rt&amp;apos;iTCtl books as reiward1s for their attention atid improvemiient during tilhe last year. &amp;apos;T&amp;apos;here iS every reason for saying, that ll s who heard the verv alilt&amp;apos; a 1bi .apr4d p ipltt&amp;apos; 4.isC0tIlst&amp;apos;s (It tilhe pltcachtrs, or atttll(Id the meetings of Monday an1d &amp;apos;1&amp;apos;Tlusdi), rct iined highly gralti fled aid mote tirmiIv convinced til.&amp;apos; I1twtinlgs of the albove ha.tuell arlX le Clculalted to pron&amp;gt;Iote&amp;apos; tile C&amp;apos;hiristian (cause, and to establish a tfil liit tnd priaplbeco(ifg thosier w&amp;apos;h adItiwaiity. tilt- princziplels f Untu|r~rian l chi.-tianity. a}. C.</FullText> </Record>