<?xml version="1.0" encoding="UTF-8"?>
<Record> 	<Version>Record_v1.0.xsd</Version> 	<RecordID>4734199</RecordID> 	<DateTimeStamp>20180928135637</DateTimeStamp> 	<ActionCode>change</ActionCode> 	<RecordTitle>Obituary</RecordTitle> 	<Publication> 		<PublicationID>2954</PublicationID> 		<Title>Monthly repository of theology and general literature, 1806-1826</Title> 		<Qualifier>London</Qualifier> 	</Publication> 	<Publisher>C. Fox</Publisher> 	<Volume>16</Volume> 	<Issue>183</Issue> 	<AlphaPubDate>Mar 1821</AlphaPubDate> 	<NumericPubDate>18210301</NumericPubDate> 	<SourceType>Historical Periodicals</SourceType> 	<ObjectType>Obituary</ObjectType> 	<Contributor> 		<ContribRole>Editor</ContribRole> 		<LastName>Aspland</LastName> 		<FirstName>R</FirstName> 		<PersonName>R Aspland</PersonName> 		<OriginalForm>Aspland, R., 1782-1845</OriginalForm> 	</Contributor> 	<LanguageCode>ENG</LanguageCode> 	<ISSN>2043-457X</ISSN> 	<ISSN>2043-4561</ISSN> 	<StartPage>181</StartPage> 	<EndPage>181</EndPage> 	<Pagination>181-181</Pagination> 	<URLDocView>http://search.proquest.com/docview/4734199/</URLDocView> 	<Products> 		<Product> 			<ProductID>1007574</ProductID> 			<HasFullText>true</HasFullText> 		</Product> 		<Product> 			<ProductID>1009130</ProductID> 			<HasFullText>true</HasFullText> 		</Product> 		<Product> 			<ProductID>10000001</ProductID> 			<HasFullText>true</HasFullText> 		</Product> 		<Product> 			<ProductID>10000297</ProductID> 			<HasFullText>true</HasFullText> 		</Product> 	</Products> 	<Terms> 		<FlexTerm> 			<FlexTermName>DerivedSubject</FlexTermName> 			<FlexTermValue>LIBERALISM (RELIGION)</FlexTermValue> 		</FlexTerm> 	</Terms> 	<FullText>- t23, -it noli&amp;apos;, odf a decliiic, Jeplli 1 .. .. . . - It I. A I I&amp;quot;. , Ih c II()( &amp;apos;t , azed 12r, . --.Nmmmm-</FullText> </Record>