<?xml version="1.0" encoding="UTF-8"?>
<Record> 	<Version>Record_v1.0.xsd</Version> 	<RecordID>4794198</RecordID> 	<DateTimeStamp>20180928135502</DateTimeStamp> 	<ActionCode>change</ActionCode> 	<RecordTitle>Back matter</RecordTitle> 	<Publication> 		<PublicationID>3079</PublicationID> 		<Title>Monthly Review, or, Literary Journal, 1752-1825</Title> 		<Qualifier>London</Qualifier> 	</Publication> 	<Publisher>Hurst, Robinson, and Co.</Publisher> 	<Volume>32</Volume> 	<AlphaPubDate>Aug 1800</AlphaPubDate> 	<NumericPubDate>18000801</NumericPubDate> 	<SourceType>Historical Periodicals</SourceType> 	<ObjectType>Back Matter</ObjectType> 	<Contributor> 		<ContribRole>Editor</ContribRole> 		<LastName>Griffiths</LastName> 		<FirstName>Ralph</FirstName> 		<PersonName>Ralph Griffiths</PersonName> 		<OriginalForm>Griffiths, Ralph, 1720-1803</OriginalForm> 	</Contributor> 	<LanguageCode>ENG</LanguageCode> 	<ISSN>2043-4618</ISSN> 	<ISSN>2043-460X</ISSN> 	<StartPage>552</StartPage> 	<EndPage>552</EndPage> 	<Pagination>552-552</Pagination> 	<URLDocView>http://search.proquest.com/docview/4794198/</URLDocView> 	<Products> 		<Product> 			<ProductID>1007574</ProductID> 			<HasFullText>true</HasFullText> 		</Product> 		<Product> 			<ProductID>1009130</ProductID> 			<HasFullText>true</HasFullText> 		</Product> 		<Product> 			<ProductID>10000001</ProductID> 			<HasFullText>true</HasFullText> 		</Product> 		<Product> 			<ProductID>10000297</ProductID> 			<HasFullText>true</HasFullText> 		</Product> 	</Products> 	<Terms> 		<FlexTerm> 			<FlexTermName>DerivedSubject</FlexTermName> 			<FlexTermValue>ENGLISH LITERATURE - 18th Century - History and Criticism</FlexTermValue> 		</FlexTerm> 		<FlexTerm> 			<FlexTermName>DerivedSubject</FlexTermName> 			<FlexTermValue>ENGLISH LITERATURE - History and Criticism - 19th Century</FlexTermValue> 		</FlexTerm> 	</Terms> 	<FullText>Printed ly A. Strabtn, Printers Strgt, Lendon.</FullText> </Record>