<?xml version="1.0" encoding="UTF-8"?>
<Record> 	<Version>Record_v1.0.xsd</Version> 	<RecordID>4800198</RecordID> 	<DateTimeStamp>20180928135524</DateTimeStamp> 	<ActionCode>change</ActionCode> 	<RecordTitle>Book review</RecordTitle> 	<Publication> 		<PublicationID>3079</PublicationID> 		<Title>Monthly Review, or, Literary Journal, 1752-1825</Title> 		<Qualifier>London</Qualifier> 	</Publication> 	<Publisher>Hurst, Robinson, and Co.</Publisher> 	<Volume>35</Volume> 	<AlphaPubDate>Jun 1801</AlphaPubDate> 	<NumericPubDate>18010601</NumericPubDate> 	<SourceType>Historical Periodicals</SourceType> 	<ObjectType>Review</ObjectType> 	<Contributor> 		<ContribRole>Editor</ContribRole> 		<LastName>Griffiths</LastName> 		<FirstName>Ralph</FirstName> 		<PersonName>Ralph Griffiths</PersonName> 		<OriginalForm>Griffiths, Ralph, 1720-1803</OriginalForm> 	</Contributor> 	<LanguageCode>ENG</LanguageCode> 	<ISSN>2043-4618</ISSN> 	<ISSN>2043-460X</ISSN> 	<StartPage>199</StartPage> 	<EndPage>199</EndPage> 	<Pagination>199-199</Pagination> 	<URLDocView>http://search.proquest.com/docview/4800198/</URLDocView> 	<Products> 		<Product> 			<ProductID>1007574</ProductID> 			<HasFullText>true</HasFullText> 		</Product> 		<Product> 			<ProductID>1009130</ProductID> 			<HasFullText>true</HasFullText> 		</Product> 		<Product> 			<ProductID>10000001</ProductID> 			<HasFullText>true</HasFullText> 		</Product> 		<Product> 			<ProductID>10000297</ProductID> 			<HasFullText>true</HasFullText> 		</Product> 	</Products> 	<Terms> 		<FlexTerm> 			<FlexTermName>DerivedSubject</FlexTermName> 			<FlexTermValue>ENGLISH LITERATURE - 18th Century - History and Criticism</FlexTermValue> 		</FlexTerm> 		<FlexTerm> 			<FlexTermName>DerivedSubject</FlexTermName> 			<FlexTermValue>ENGLISH LITERATURE - History and Criticism - 19th Century</FlexTermValue> 		</FlexTerm> 	</Terms> 	<FullText>Art. i8. The Appropriation and Inclosure of commonable and inter. mixed Lands. -with Heads of a Bill for that Purpose: together with Remarks on the Outline of a Bill, by a Committee of the House of Lords, for the same Purpose. By Mr. Marshall. 8vo. pp. 888. 2S. 6d. Nicol. i8oz. When Mr. Marshall&amp;apos;s long experience and very extensive knowlege .of rural affairs are considered, his thoughts on this subject must be deemed of some value; and when it is known that the contents of the pamphlet before us are the result of some months&amp;apos; close applica. tion, by means of which he has , gained his own confidence, and feels himself on firm ground,&amp;apos; the public will no doubt be solicitous of profiting b his matured and well-arranged reflections. Mr. .&amp;apos;s object has been to furnish materials for a general law of appropriation and inclosure, on the principle that &amp;apos; whatever benefit or proportion of benefit, any claimant has a right to receive while the lands remain unappropriated, or open,-to a similar part or proportion of their value be is entitled under their appropriation or inclo. sure;&amp;apos; and he has endeavoured, in the various clauses of his proposed bill, to provide for every case that may occur. He does not recom. mend an indiscriminate appropriation and inclosure of waste lands, but only of such parts as will pay for the expence; well observing that much land is not worth inclosing, especially when divided into small parcels; and that some proprietors have been seriously injured by being obliged, in pursuance of some ill framed private bills, to inclose land of this description. He mildly reproves the owners of manors and tithes, for being so much on the alert in searching for &amp;quot;&amp;apos;vantage ground&amp;quot; on the present occaBion; al4d he is of opinion that they should lower their claims, and encourage inclosure, for the purpose of promoting the extention of agriculture in this island: which has no reason for boasting of its prosperity, till it can corn. pletely feed it3elf, and throw o its dependancr on foreign countries or the staff of life. Dol EDUCATIONo</FullText> </Record>