<?xml version="1.0" encoding="UTF-8"?>
<Record> 	<Version>Record_v1.0.xsd</Version> 	<RecordID>4814393</RecordID> 	<DateTimeStamp>20180928135642</DateTimeStamp> 	<ActionCode>change</ActionCode> 	<RecordTitle>Art. 38. The Traveller's Guide; or English Itinerary: containing accurate and original Descriptions of all the Counties, Cities, Towns, Villages, Hamlets, &amp;c. and their exact Distances from London: together with the Cathedrals, Churches, Hospitals, Gentlemen's Seats, (with the Names of their present Possessors,) Manufactures, Harbours, Bays, Rivers, Canals, Bridges, Lakes, Salt and Medicinal Springs, Vales, Hills, Mountains, Mines, Castles, Curiosities, Market Days, Fairs, Inns for Post-Horses, &amp;c.</RecordTitle> 	<Publication> 		<PublicationID>3079</PublicationID> 		<Title>Monthly Review, or, Literary Journal, 1752-1825</Title> 		<Qualifier>London</Qualifier> 	</Publication> 	<Publisher>Hurst, Robinson, and Co.</Publisher> 	<Volume>60</Volume> 	<AlphaPubDate>Oct 1809</AlphaPubDate> 	<NumericPubDate>18091001</NumericPubDate> 	<SourceType>Historical Periodicals</SourceType> 	<ObjectType>Review</ObjectType> 	<Contributor> 		<ContribRole>Author</ContribRole> 		<OriginalForm>G 2</OriginalForm> 	</Contributor> 	<Contributor> 		<ContribRole>Editor</ContribRole> 		<OriginalForm>Griffiths, George Edward, d. 1829</OriginalForm> 	</Contributor> 	<LanguageCode>ENG</LanguageCode> 	<ISSN>2043-4618</ISSN> 	<ISSN>2043-460X</ISSN> 	<StartPage>221</StartPage> 	<EndPage>222</EndPage> 	<Pagination>221-222</Pagination> 	<URLDocView>http://search.proquest.com/docview/4814393/</URLDocView> 	<Products> 		<Product> 			<ProductID>1007574</ProductID> 			<HasFullText>true</HasFullText> 		</Product> 		<Product> 			<ProductID>1009130</ProductID> 			<HasFullText>true</HasFullText> 		</Product> 		<Product> 			<ProductID>10000001</ProductID> 			<HasFullText>true</HasFullText> 		</Product> 		<Product> 			<ProductID>10000297</ProductID> 			<HasFullText>true</HasFullText> 		</Product> 	</Products> 	<Terms> 		<FlexTerm> 			<FlexTermName>DerivedSubject</FlexTermName> 			<FlexTermValue>ENGLISH LITERATURE - 18th Century - History and Criticism</FlexTermValue> 		</FlexTerm> 		<FlexTerm> 			<FlexTermName>DerivedSubject</FlexTermName> 			<FlexTermValue>ENGLISH LITERATURE - History and Criticism - 19th Century</FlexTermValue> 		</FlexTerm> 	</Terms> 	<FullText>Art. 38. The Traveller&amp;apos;s Guide ; or English Itinerary : containing accurate and. original Descriptions of all thc Countits,Citi&amp;apos;.T,Towns* Villa^s, Hamlets, &amp;amp;c. and their exact Distances fica- Lei.don : together together with the Cathedrals, Churches, Hospitals, Gentlemen** Seats, (with the Names of their present Possessors,) Manufactures, Harbours, Bays, Rivers, Canals, Bridges, Lakes, Salt and Medicinal Springs, Vales, Hills, Mountains, Mines, Castles, Curio- shies, Market Days, Fairs, Inns for Post-Horses, &amp;amp;c. The whole comprising a complete Topography of England and Wales. To which are prefixed general Observations on Great Britain; including a correct Itinerary from London to the several Watering and Sea-Bathing Places ; Lists of Inns in London ; Mail Coaches ; Wharfs; Packet Boats ; Rates of Porterage ; Postage of Letters; and every other useful Information, equally calculated for the Man of Business and the inquisitive Traveller. By W. C. Oulton* Esquire. Illustrated with 66 correct picturesque Views, and a / whole Sheet coloured Map of England and Wales. 12 mo. 2 Vols. / pp. 8co and 900. ^Boards, /il. 5s.} Cundee It is truly observed by 1vfr. Oulton, that the reader can scarcely &amp;apos; have an adequate idea of the immense labour of such an undertaking as this; and we do not wonder that he adds that, soon after he had conmenccd it, he was on the point of relinquishing it in despair. He , did, however, proceed ; and he declare^ that he has consulted every %// requisite authority, and has taken all possible pains to insure the at- / tainment of accuracy, which is so essential in a compilation of this kind. It is not within our powrer to examine the work thoroughly, and therefore we cannot speak definitively of its merits on this point* which can only be decided by a long-continued consultation of it ; and, indeed, as Mr. O. admits, the fluctuating nature pf many of its particulars must constantly expose it to the chance of varying from ? existing circumstances.&amp;apos; Wc can, however, assure the reader that a vast mass of information is here collected, both for library-use, and for the guidance of the traveller; and that the medallion engravings annexed are in general very pleasingly executed. Cr. Z</FullText> </Record>