<?xml version="1.0" encoding="UTF-8"?>
<Record> 	<Version>Record_v1.0.xsd</Version> 	<RecordID>4820917</RecordID> 	<DateTimeStamp>20180928135637</DateTimeStamp> 	<ActionCode>change</ActionCode> 	<RecordTitle>Book review</RecordTitle> 	<Publication> 		<PublicationID>3079</PublicationID> 		<Title>Monthly Review, or, Literary Journal, 1752-1825</Title> 		<Qualifier>London</Qualifier> 	</Publication> 	<Publisher>Hurst, Robinson, and Co.</Publisher> 	<Volume>84</Volume> 	<AlphaPubDate>Dec 1817</AlphaPubDate> 	<NumericPubDate>18171201</NumericPubDate> 	<SourceType>Historical Periodicals</SourceType> 	<ObjectType>Review</ObjectType> 	<Contributor> 		<ContribRole>Editor</ContribRole> 		<OriginalForm>Griffiths, George Edward, d. 1829</OriginalForm> 	</Contributor> 	<LanguageCode>ENG</LanguageCode> 	<ISSN>2043-4618</ISSN> 	<ISSN>2043-460X</ISSN> 	<StartPage>447</StartPage> 	<EndPage>447</EndPage> 	<Pagination>447-447</Pagination> 	<URLDocView>http://search.proquest.com/docview/4820917/</URLDocView> 	<Products> 		<Product> 			<ProductID>1007574</ProductID> 			<HasFullText>true</HasFullText> 		</Product> 		<Product> 			<ProductID>1009130</ProductID> 			<HasFullText>true</HasFullText> 		</Product> 		<Product> 			<ProductID>10000001</ProductID> 			<HasFullText>true</HasFullText> 		</Product> 		<Product> 			<ProductID>10000297</ProductID> 			<HasFullText>true</HasFullText> 		</Product> 	</Products> 	<Terms> 		<FlexTerm> 			<FlexTermName>DerivedSubject</FlexTermName> 			<FlexTermValue>ENGLISH LITERATURE - 18th Century - History and Criticism</FlexTermValue> 		</FlexTerm> 		<FlexTerm> 			<FlexTermName>DerivedSubject</FlexTermName> 			<FlexTermValue>ENGLISH LITERATURE - History and Criticism - 19th Century</FlexTermValue> 		</FlexTerm> 	</Terms> 	<FullText>Art. 37. Preached in tie Parish, Church of Chinvick, Middteae, I gth Nov. 1817, being the Day of Interment of H.R. H. the Princess Charlotte Augusta of Wales and Saxe Cobourg. By the Rev. T. F. Bowerbank, M.A. Vicar. 8vo. is. Ritingtons. From Amos, viii. 9, lO., Wvhich Mr. Bowerbank justly calls aw text singularly applicable to the occasion of his discourse, he, also, like Mr. Bree and others, views the death of the Princess Charlotte not only as a national loss but as a national chastisement. He insists on this head in terms perhays almost too specific and precise; reminding his hearers that, in his sermon on the peace, he had observed to them that, &amp;apos; as certainly as God Almighty had been pleased to place us,&amp;apos; during the long continental storm, &amp;apos; in a situation above that of every other nation, so surel,y would lie mark the return we should make for his goodness; and then alleging that &amp;apos; national repentance and national reformation&amp;apos; have. not followed, he seems to regard the lamentable event in question as the judgment on our hard-heartedness in this instance. If, however, it be questionable whether we should thus ascribe a particular dispensation of Providence to an especial cause of his displeasure, we may securely and wisely adopt this preacher&amp;apos;s able and pious exhortations to amendment, both as a people and as individuals, arising out of the example and the fate of the virtuous and dignified deceased.</FullText> </Record>