<?xml version="1.0" encoding="UTF-8"?>
<Record> 	<Version>Record_v1.0.xsd</Version> 	<RecordID>4843635</RecordID> 	<DateTimeStamp>20180928135454</DateTimeStamp> 	<ActionCode>change</ActionCode> 	<RecordTitle>Speculative Notes and Notes on Speculation,</RecordTitle> 	<Publication> 		<PublicationID>3144</PublicationID> 		<Title>The Reader,  1863-1867</Title> 		<Qualifier>London</Qualifier> 	</Publication> 	<Publisher>James Bohn</Publisher> 	<Volume>3</Volume> 	<Issue>71</Issue> 	<AlphaPubDate>May 7, 1864</AlphaPubDate> 	<NumericPubDate>18640507</NumericPubDate> 	<SourceType>Historical Periodicals</SourceType> 	<ObjectType>Review</ObjectType> 	<Contributor> 		<ContribRole>Editor</ContribRole> 		<LastName>Masson</LastName> 		<FirstName>David</FirstName> 		<PersonName>David Masson</PersonName> 		<OriginalForm>Masson, David, 1822-1907</OriginalForm> 	</Contributor> 	<Contributor> 		<ContribRole>Editor</ContribRole> 		<OriginalForm>Dennis, John, fl. 1873</OriginalForm> 	</Contributor> 	<Contributor> 		<ContribRole>Editor</ContribRole> 		<OriginalForm>Bendyshe, Thomas, fl. 1863</OriginalForm> 	</Contributor> 	<LanguageCode>ENG</LanguageCode> 	<ISSN>2043-586X</ISSN> 	<StartPage>583</StartPage> 	<EndPage>584</EndPage> 	<Pagination>583-584</Pagination> 	<URLDocView>http://search.proquest.com/docview/4843635/</URLDocView> 	<Products> 		<Product> 			<ProductID>1007574</ProductID> 			<HasFullText>true</HasFullText> 		</Product> 		<Product> 			<ProductID>1009130</ProductID> 			<HasFullText>true</HasFullText> 		</Product> 		<Product> 			<ProductID>10000001</ProductID> 			<HasFullText>true</HasFullText> 		</Product> 		<Product> 			<ProductID>10000297</ProductID> 			<HasFullText>true</HasFullText> 		</Product> 	</Products> 	<Terms> 		<FlexTerm> 			<FlexTermName>DerivedSubject</FlexTermName> 			<FlexTermValue>LITERATURE, MODERN - History and Criticism - 19th Century</FlexTermValue> 		</FlexTerm> 	</Terms> 	<FullText>I - Xnpruilai ii .SVofes and Not(. oil SpJeculation. I Ideal and Real. lay 1). Morier E&amp;apos;vans, author of &amp;quot; Facts, Failures, and Frauds,&amp;apos;&amp;apos; &amp;quot; Jliitory of the Commercial Crisis,&amp;quot; &amp;amp;C. Groonibridge ail.1 Sons. Pp. 340.)-IT i; now some years since Mr. Evans made his first appearance as a chronicler of City matters, and to him is due the honour of having first established, as it were, a City literature-i.e., a literature taking cognisance in a book-form of those commercial affairs of the City which are of sufficient importance to be called &amp;quot;operations.&amp;quot; The present volume is one of the most interesting he has yet written, as our readers may easily guess from the following titles of papers which we select at random:-&amp;quot; Review of some Extraordinary Operations ;&amp;quot; &amp;quot;Premium Hunting and Company Promotion ;&amp;quot; &amp;quot;The Mysteriously Buried Talent;&amp;quot; &amp;quot;The Great Enigma ;&amp;quot; &amp;quot;Whither is Limited Liability Leading us ?&amp;quot; &amp;quot;Credit Assistance to Country Cousins;&amp;quot; &amp;quot;A Run with the JointStock Hounds ;&amp;quot; &amp;quot;The Reign of Terror in the Share Market;&amp;quot; &amp;quot;Speculation &amp;apos;in Articulo Mortis.&amp;quot;&amp;apos; Besides these, we have an appendix in which are carefully-prepared statistics of speculation exhibited in 1824-25, and in 1844-45, and also a complete list of loans and companies in 1862 and 1863. Whoever dabbles in stock or shares of any kind will read Mr. Morier Evans&amp;apos;s book with much interest.</FullText> </Record>