<?xml version="1.0" encoding="UTF-8"?>
<Record> 	<Version>Record_v1.0.xsd</Version> 	<RecordID>4847317</RecordID> 	<DateTimeStamp>20180928135639</DateTimeStamp> 	<ActionCode>change</ActionCode> 	<RecordTitle>BROKEN TO HARNESS.</RecordTitle> 	<Publication> 		<PublicationID>3144</PublicationID> 		<Title>The Reader,  1863-1867</Title> 		<Qualifier>London</Qualifier> 	</Publication> 	<Publisher>James Bohn</Publisher> 	<Volume>4</Volume> 	<Issue>100</Issue> 	<AlphaPubDate>Nov 26, 1864</AlphaPubDate> 	<NumericPubDate>18641126</NumericPubDate> 	<SourceType>Historical Periodicals</SourceType> 	<ObjectType>Review</ObjectType> 	<Contributor> 		<ContribRole>Author</ContribRole> 		<OriginalForm>E D</OriginalForm> 	</Contributor> 	<Contributor> 		<ContribRole>Editor</ContribRole> 		<LastName>Masson</LastName> 		<FirstName>David</FirstName> 		<PersonName>David Masson</PersonName> 		<OriginalForm>Masson, David, 1822-1907</OriginalForm> 	</Contributor> 	<Contributor> 		<ContribRole>Editor</ContribRole> 		<OriginalForm>Dennis, John, fl. 1873</OriginalForm> 	</Contributor> 	<Contributor> 		<ContribRole>Editor</ContribRole> 		<OriginalForm>Bendyshe, Thomas, fl. 1863</OriginalForm> 	</Contributor> 	<LanguageCode>ENG</LanguageCode> 	<ISSN>2043-586X</ISSN> 	<StartPage>665</StartPage> 	<EndPage>666</EndPage> 	<Pagination>665-666</Pagination> 	<URLDocView>http://search.proquest.com/docview/4847317/</URLDocView> 	<Products> 		<Product> 			<ProductID>1007574</ProductID> 			<HasFullText>true</HasFullText> 		</Product> 		<Product> 			<ProductID>1009130</ProductID> 			<HasFullText>true</HasFullText> 		</Product> 		<Product> 			<ProductID>10000001</ProductID> 			<HasFullText>true</HasFullText> 		</Product> 		<Product> 			<ProductID>10000297</ProductID> 			<HasFullText>true</HasFullText> 		</Product> 	</Products> 	<Terms> 		<FlexTerm> 			<FlexTermName>DerivedSubject</FlexTermName> 			<FlexTermValue>LITERATURE, MODERN - History and Criticism - 19th Century</FlexTermValue> 		</FlexTerm> 	</Terms> 	<FullText>BROKEN TO 1R1tN-1ES&amp;apos;S. Broken to Hllness. By Edmutnd Yates. (faxwell &amp;amp; Co.) l[R. YATES is a literary photographer. I W1\Ve say this rather in praise than in depreciation of the first important wvork which he has ever brought 1efore the public. Hitherto he has been inainly known, as far as literaturc was concerned, as a facile essayist and smnart writer. Like mnany other authors of his generation, he suffered for a time from the supposed necessity of imitating Mr. D)ickens. \Nobody call have a hi-her appreciation than we have ourselves of the wonderful force and picturesq ueness of the styleo adopted by our great Eng-lislh novelist ; but, of all. styles we aret acquaintted w ith, it is the I one which least bear s imitation. Wiero 1 )ickens is humorous his copyers, are grllotesque; where he is pathetic tllhe ,y aro maudlin and senltim2&amp;lt;ental. At last, however. like every mani of real talent. Mr. Yates has found out the natural bent of his genius, and i be-ginning to follow it faithfullv. That bent is p)hotographic. Nobody, we suppose, will deny that the works of the great masters are, iII the highest sense of the, word, triter portraits than those prodiwed by the imost exquisite of photographic machine.S. Few persons would (eles also( theat a good photograph conveys a, better imiipression of tilt&amp;apos; ob~jet T)IotItVC(l tllltl+li;l^l~ th oiet orraedthivan the or-iginal w\orks otf m1o.-t S (&amp;apos; O IC-r0lt0 artists. A like rule h(lds5 Z6 )(l with 1i 4&amp;apos;M)sO(&amp;apos;t to1 itt hlwratilr. I11e g&amp;quot;I ilt creatiolls ot &amp;quot;&amp;apos;llins -claract tr&amp;apos;s likeo Uncle To d , oi- Pirs 1 Ua Aitais, or the, 1 trh (ioriot, or ( (Colonel Newcoille. 01 tlie ID)eanll. i or- Little Nell-are liot m1tere reprt)i(lctiolls of their creat(o)rs recollections. No )ody ever mel0t one of, thexlll it the fles&amp;apos;ll ; and vet evelry - body feels that they are ais real to us as the eople we have kniownvil ill life. (Oi the other handl, the heroes an(l heroines of ordinary r mnances have not the lifeo-like character of p Perslolnages drawn, like Mr. Ar 1Yatfs&amp;apos;s. II*o:Il the | author&amp;apos;s oown knowvlodge aid( vxp)erience. AmIori-st novels of&amp;apos; thll&amp;apos; ploatographic order we should assign a ver&amp;apos; higi-h llace to &amp;apos;&amp;apos;Broken to Ilari&amp;apos;iiss. It is called a story of Jnglish do-iiestic life ; and of a certail section of that life it gives a singularly 1fiithfill a111ld powerful description. The person who is broken to run in traces is a young wife-a certain Barbara, Lexden-who, having beezi brought up as the spoilt companion of a wealthy aunt, marries a literary mani of siiiall mimeans, revolts a-ainst the necessary con(litiolls of her married life, is fillyll} brougiht to a sense of her folly, and lbecomes a devoteld and obedient wife. Possibly, if a lady had (lescril)e(l the samne stor, sle would not have been so positive as &amp;apos;Mr. Yates that so much of the fault in the quarrel was onl the side of the wife and so little on that of the hu.sband. However, it is a Comfort now-a-days to meet with a novel in which all the wome n tare not described as injured innocents-too good for the men whom they reform by their cxample. The interest of the? story can scarcely be said to centre in love-affairs at all. Three ladies may be called the heroines of the novel; but the passages from their lives, to which Mr. Yates introduces us, have very little to do with courtship. Frank Churchill wins the proud beauty to whom he has lost his heart very early in the tale, and without any of those traditional obstacles which are supposed to beset the path of true love. Miss Townsend&amp;apos;s marriage is of the most prosaic character, and poor Kate Mellon never gets married at all. Still, in this, as in most other respects, Mr. Yates represents life as it really is at the present day. If anybody tries to recall the courtships he can recollect within his own circle, he will find that nine-tenths of them were eminently straightforward and business-like arrangements, and that the course of love ran as smooth as settlements and housefurnishing would allow. In most cases, if there is anything of romance at all in people&amp;apos;s lives, it comes after, and not before marriage. Nor is there any very direct moral to be drawn from &amp;quot; Broken to Harness,&amp;quot; except, perhaps, that literary men had better not marry fashionable ladies, and that, when ladies are married, they had better make the best of a bad bargain. Life, however, very seldom conveys any very direct moral. The plot of Mr. Yates&amp;apos;s novel is simple enough. Almost from the beginning the reader can guess what is going to happen at the end; and the mere desire of finding out the clue to the mystery on which the story is professedly based will not suffice to induce any but the most inexperienced of novelreaders to go on to the last chapters. The real merit of &amp;quot; Broken to Harness&amp;quot; consists in the graphic talent of its sketches rather than in any dramatic power. To any one acquainted with London life &amp;quot; Broken to Harness&amp;quot; is a photographic gallery. You turn over the pages as you might do those of an album, and are surprised to see face after face with which you are acquainted. The horsebreaker-who is pure as well as pretty -Simnel and his brother officials at the Tin Tax Office, Schrdder, the German banker of Hebrew extraction, Scadgers, the moneylender, Harding of the Statesman, Charley Beresford, Dr. Prater, Mr. Slade, and many others, are all persons more or less known to the public under other lames. Ilow far this system of photographing &amp;quot;p people you have met&amp;quot; in the pages of a novel is altogether a desirable one Me (1o ot pretend to sa y. If it is to bo dTone at all it could scarcely be (lone with less impleisantness than Mr. Yates has done, it, snp,;o in alw&amp;quot;ays that truth in dlelineatioll is not to 1)0. sacrficl to consideration for the ob ject of the portirait. We have very little doubt that the author had no idea his own descriptions would be easily recognised ; and, probably, to ninety-ninlo readers out of a hundred, they will seem nothing more than vivid sketches. Unfortunately, the hundredth reader will say at once, &amp;quot; Oh, this is so and so &amp;quot; and the person or persons described are quite certain to be among this small minority and not to like the description. The whole question is ono of taste. Many of the persons whom Mr. Yates depicts may be regarded as public property, and types of a class rather than individualities. There are one or two, however, of the characters in &amp;quot;Broken to Harness&amp;quot; to whom the world will certainly assign other names than those given in the novel, and whose introduction is, we think, to be deplored. Having made this criticism, we have very little else to do except to praise Mr. Yates&amp;apos;s novel. It has for us the wonderful chalm that the men and women talk like living beings, and do not indulge in soliloquies on every possible or impossible occasion. Moreover, the author is perfectly free from the affectation, so common of late amongst minor writers, of representing literary men as a sort of caste apart, associating on equal terms with every classof society, andoccupying aproudposition notconceded toor-dinaryprofessional men. On the contrary, Mr . Yates appears to us to err, if anything, in taking too low an estimate of the class to which bo belongs. The Statesman must have been singularly illiberal in its payments to contributors, or else Frank Churchill must have had an unfortunate talent for choosing his friends amongst the lower class of newspaper-writers, if he was obliged to introduce his wife to such a circle as that which is described as having frequented the house in Great Adullam Street, Meopotamnia. T~he feature which chiefly dietinguishes literature as a profession is that the personal character, status, habits, or mode of life of its members, have less direct bearing on success than in any other branch of life. Nobody cares whether a &amp;quot;leader&amp;quot; is composed in a palace or an attic, written by a sot or by the most respectable of mankind. The motives, therefore, which induce men, with a view to success in their pursuits, to conform carefully to the ordinary standards of society have less influence with professional newspaper-writers than with others; and, in consequence, if a man is ill-bred and coarse by nature, he perhaps exhibits his defects more offensively, if his trade is journalism, than if he were a clergyman or a lawyer. On the other hand, it must fairly be admitted that success in journalism presupposes a good deal of information and a more or less intimate acquaintance with a very great variety of subjects. There is no class of men, therefore, who, in -virtue of their profession, are more likely to take an interest in promiscuous topics of conversation than newspaper-writers; and we repeat that Frank Churchill must have been unlucky in his circle of friends if a clever, pretty woman like his wife could find no common ground of interest in their talk and society. &amp;quot;They were men,&amp;quot; so we are told, &amp;quot;who outraged none of the social convenances of life, about whose manner or behaviour no direct complaint could be made; and often she thought herself somewhat exacting when she would repeat to herself, as she would-oh, how often !-that they were not gentlemen, not her style of gentlemen-that is to say, not the stvle of inen to whom she had been accustomed. W\heIn, for instance, would a man have dared to address his conversation to any other man in preference to her, she being present ? When could a man have permitted her to opeti a door, or place a chair for herself, in that set amongst which She had previously nmoved? Respect her! Her lhuslband&amp;apos;s friends wouild inOlre her ])resencee; saying, in reply to a remark from her , &amp;apos; Look here, Chturchill, Alu 1un1derstand this,&amp;apos; or wrould pre vent her ilnerrupiting them (a 11-| V.l&amp;apos;-ite pnrittice of hers) by puatting upl) their nd1s an1d saw!illg,, a&amp;apos;l Pdoll Inde wh ile I :state mll (use&amp;apos; an(l continutec thIjL arminielit ill the most dogged manner.&amp;quot; We (10 not say for one moment that a maln | in (Churchill&amp;apos;s position would not lave had acquaintances amonist his fellow-craftsmen as ill-brud and stupid as M1r. Yates describes; but it must have been his own fault if he could find no fitter associates for his wife amongst the men with whom he was thrown into daily contact. In truth, as is the case in most photographic pictures, the passing sketches of Mr. Yates&amp;apos;s book are better than the elaborate portraits. It is difficult, by any single extract, to givo an idea of the author&amp;apos;s power of throwing off a sketch. As a specimen, let us take the account of Mrs. Harding, the wife of the editor of the Statesman. MNrs. 1harding was a Tery fair average kind of woman. A dowdy little person, Mrs. Harding; the daughter of a snufl&amp;apos;y Welsh rector, who had written a treatise on &amp;quot; Aorists,&amp;quot; and with whom H1arding had read one long vacation-a roundfaced old-maidish little woman, classically Ibrought up, who could construe Cicero fluently, I and looked upon Horace (Q. Flaccus, I mean) as rather as loos personage. In the solitude of Plas-y-dwdllem, George Harding was twrown into the society of this young female. He did inot fall in love with her-they were neither of them capable of anything violent of that nature; but-I am, reduced to the phraseology of the servants&amp;apos; hall to express my meaning-they &amp;quot; kept company together;&amp;quot; and, when George took his degree, and started in life as leader-writer for the Morning Cracker (long since (lCtiilct), lhe thouight the best thing he could do for his comfort was to gto for a run to \Wales and bring back Sophia Evans as his wife. This lhe di(d ; andl they had. lived thoroughly happily ever since. MIrs. Iarding believed intensely in the Statesmnan; read it every day, from the title to the printer&amp;apos;s name; knew the name of every contributor, and could tell who had done what at a glance. 1Ier great pride in going out was to take one of the cards sent to the office, and observe the effect it made upon the receiving attendant at operas, flowershows, or conversazioni. She always took care that the tickets for these last were sent to her; and her head-dress of black-velvet bows, with pearl beads hanging down behind, was well to the fore whenever a mummy was unrolled, the fossi. jawbone of an antediluvian animal was del scanted on, or some sallow missionary presented himself at Burlington House, to be congratu. lated by hundreds of dreary people on having escaped uneaten from some place to which he never ought to have gone. She herself was fond of having occasionally what she called &amp;quot;a social evening.&amp;quot; This recreation was held on a Saturday, when there was no work at the Statesman office, when the principal members of the staff would be bidden, and when the condi. ments provided would be brown-bread and butter rolled into cornets, tea and coffee and lemonade, while the recreation consisted in conTersation (amongst men who had met for every night during the past twelve months), and in examining photographs of the city of Prague. The ribald young men at the office spoke of Mrs. Harding as &amp;quot;Plutarch,&amp;quot; al name given to her one night when Mr. Slater, the dramatic critic, asked her what novel she was then reading, and she replied, &amp;quot; Novel, sir! Plutarch&amp;apos;s Lives !&amp;quot; But they all liked her, notwithstanding; and for her sake and their dear old chief&amp;apos;s did penitential duty at the occasional &amp;quot;social evenings&amp;quot; in Decorum Street. Probably critics may complain that &amp;quot; I Broken to Harness &amp;quot; gives a cynical view of life. It is a book written by a man about town of men an(l women in town, alnd is not therefore likely to be of the gushing order. Blut, in stray touches which occur every now alnd then, Arl.Yates shows a pathos andtendlernes3 of feelinig for which a perusal of his earlier writings would har(lyv lead( the reader to give him credit. The narrator of the account of Kate Mellon&amp;apos;s death has the power, if he chooses. of describing something higher than mere London life. EIl a).</FullText> </Record>