<?xml version="1.0" encoding="UTF-8"?>
<Record> 	<Version>Record_v1.0.xsd</Version> 	<RecordID>4851638</RecordID> 	<DateTimeStamp>20180928135524</DateTimeStamp> 	<ActionCode>change</ActionCode> 	<RecordTitle>BRAZILIAN LITERATURE.</RecordTitle> 	<Publication> 		<PublicationID>3144</PublicationID> 		<Title>The Reader,  1863-1867</Title> 		<Qualifier>London</Qualifier> 	</Publication> 	<Publisher>James Bohn</Publisher> 	<Volume>2</Volume> 	<Issue>31</Issue> 	<AlphaPubDate>Aug 1, 1863</AlphaPubDate> 	<NumericPubDate>18630801</NumericPubDate> 	<SourceType>Historical Periodicals</SourceType> 	<ObjectType>Review</ObjectType> 	<Contributor> 		<ContribRole>Editor</ContribRole> 		<LastName>Masson</LastName> 		<FirstName>David</FirstName> 		<PersonName>David Masson</PersonName> 		<OriginalForm>Masson, David, 1822-1907</OriginalForm> 	</Contributor> 	<Contributor> 		<ContribRole>Editor</ContribRole> 		<OriginalForm>Dennis, John, fl. 1873</OriginalForm> 	</Contributor> 	<Contributor> 		<ContribRole>Editor</ContribRole> 		<OriginalForm>Bendyshe, Thomas, fl. 1863</OriginalForm> 	</Contributor> 	<LanguageCode>ENG</LanguageCode> 	<ISSN>2043-586X</ISSN> 	<StartPage>106</StartPage> 	<EndPage>107</EndPage> 	<Pagination>106-107</Pagination> 	<URLDocView>http://search.proquest.com/docview/4851638/</URLDocView> 	<Products> 		<Product> 			<ProductID>1007574</ProductID> 			<HasFullText>true</HasFullText> 		</Product> 		<Product> 			<ProductID>1009130</ProductID> 			<HasFullText>true</HasFullText> 		</Product> 		<Product> 			<ProductID>10000001</ProductID> 			<HasFullText>true</HasFullText> 		</Product> 		<Product> 			<ProductID>10000297</ProductID> 			<HasFullText>true</HasFullText> 		</Product> 	</Products> 	<Terms> 		<FlexTerm> 			<FlexTermName>DerivedSubject</FlexTermName> 			<FlexTermValue>LITERATURE, MODERN - History and Criticism - 19th Century</FlexTermValue> 		</FlexTerm> 	</Terms> 	<FullText>BRAZILIAN LITERATURE. La Bre&amp;apos;si1 liIte&amp;apos;raire. IIsto ire de la Litte&amp;apos;rce Bre&amp;apos;ilienne, suivie d&amp;apos;uN i Choix de Morceatrx tires des meilleurs Adte&amp;apos;rsv Bre&amp;apos;silieus. Pir Ferdinand Wolf. (Berlin: Asher &amp;amp;t Co.) HTIS sober, stately, erudite book is neither I llmore nor iess than a &amp;quot; sensation.&amp;quot; It announces a discovery which will be as startling to many as that of the Nile&amp;apos;s sources: to wit, that Brazil has a literature of her own. This is the first and only book on the subject that has appeared anywhere in Europe, including even Germany. Naturalists, ethnographers, historians, politicians have taken great interest in the country, its contents, and its destinies. Indeed, had it not been for the Nestor of European Kings, our own knowledge of Brazilian men and things might by this time have been considerably increased. We hardly know how to account for so long a flash of silence with respect to the mental produce of the country-a silence which, when we glance at the prodigious amount of materials brought together in this book, seems to have been almost that &amp;quot; silencing to death&amp;quot; withwhich, by common consent, certain works and certain facts and certain people are driven beyond the pale of society. One of the chief reasons has, indeed, been the want of proper sources of information. Portugal, the mother of the colony, where all the materials might be expected in abundance, is, so our author tells us, jealous of her daughter-will not have her &amp;quot; come out &amp;quot; as yet. Europe at large, on the other hand, has not had time to (listin-uish between Portuguese and Brazilian wr&amp;apos;iters, considering that both employ the same tongue. As if the term t &amp;quot;volgare&amp;quot; suggested the sole difference between Roman and Italian literatur&amp;apos;e, or as if English and American literature were not divided by the broadest of lines of demarcation. But Brazil herself does not seem to have taken this general neglect to heart, for she has not deemed it worth her while to produce that which was wanting-a modern handbook to her literary history which should come down to our days. The work had to be done at last by a German; and right well has he done it. With all the exhaustive thoroughness of his countrymen, with all their ant-like minuteness of research, assisted by great learning, and more especially by an intimate acquaintance with Spanish and Portuguese writings, both medicval and modern, Dr. Wolf has made this labour of love so complete that, as no one came before him, so, it seems to us, no one will come after him, as far as at least regards the period of which he treats-that is, from the discovery of Brazil to this present year. Henceforth, before we talk, as we have now learnt to do, of a Phoenician, an Assyrian, or even an Etruscan &amp;quot; Literature&amp;quot;-such &amp;quot; Literature&amp;quot; consisting at best of several shattered, more or less illegible records, which, when deciphered after endless trials, speak to us of things dead and strange to our hearts-we shall be bound to recognise a rich and brilliant Braviban Literature which breathes the sentiments, narrates the deeds, and preserves the dreams and fancies of a whole modern nation of men and women-living, loving, hoping, and suffering after the manner of human beings intelligible from their likeness to ourselves. In this extraordinary case of a literature found in the drift, we have had, so far, to go through the ceremony of a formal introduction; we must let pass, however, the opportunity of making the necessary variations, d propos of Brazil, on the master&amp;apos;s themeWould&amp;apos;st thou thle poet understand, Go thou to the poet&amp;apos;s land. We must leave it to others to show how the chequered history of the colony, its at first all-pervading but gradually fadling rominiscences of the mother-land in Europe, the mixture which sooii began in it of Portugueso and native blood, and, above all, the extraordinary natural conditions of the country known as Brazil, have influenced the development of its literature. Be it our task rather, since for the reasons stated we cannot pre-suppose any knowledge of the subject in the minds of our readers, to offer them, instead of such raisonnernents, a brief sketch of what the book before us contains. There was no literature-in our sense of the word-among the native savages of Brazil when Cabral took possession of it in the name of the Portuguese crown. Theirw ild songs of war and love-epics and lyrics at once, mostly improvised by their male and female troubadours, the Tupinambas-have perished without leaving a trace. Yet the indigenous inhabitants were not without their share in the literary development which took place under the auspices of their conquerors. Mamelucos and Mestizos have aided considerably in the work, although their part cannot be exactly defined. Surveying the whole field as it now stretches itself before us, we have to distinguish, it seems, five chief periods from the commencement of National Brazilian Literature to the present day. The first may be reckoned from the time of the discovery of Brazil to the end of the seventeenth century. Like all modern European literatiures, the Brazilian was cradled by the Church-Jesuit Missionaries. These indefatigable pioneers of civilization built the first schools, in Bahia in 1543 and in Piratininga in 1534, where, besides Latin grammar, the rudiments of theology were taught, and whence issued the fir-st national writers and poets. Vicente do Salvador, born in 1564 at Bahia, composed a history of Brazil; Domingos Barboza wrcte Latin poetry; the brothers Mesquita were dramatists. Mysteries and pastorals-in Castilian, Portuguese, and Indian-orations, ecclesiastical and other, Ifodinhas, or snatches of popular songs, have, however fiagmentary, come down to us from this period. As the most ancient Brazilian poet who wrote in Portuguese, must be considered Bento Teixeiro Pinto, born about the middle of the tenth century at Pernambuco. He was the author of a &amp;quot; Irosopopoia, &amp;quot; written in otta&amp;apos;e rime, of which, however, nothing but the title has been preserved; further, of eclogues, sonnets, pastoials, &amp;amp;c., which are supposed to have survived; and of a &amp;quot; Relaao do Naufragio,&amp;quot; an account of a shipwreck which he suffered, together with his friend Albuquerque, in 1565, and which is considered to be one of the finest pieces of Portuguese writing. Diogo Gomes Carneiro, 1628-167 6, w~as another eminent writer of this period; and John IV. of Portugal bestowed upon him the title of &amp;quot;Chronista geral&amp;quot; of Brazil. The two brothers Gregorio and Eusebio Mattos likewise &amp;quot;flourished&amp;quot; at that time. Both were gifted poets; but the first, the greater of the two, was as frivolous, adventurous, and satirical as the other, the elder, was religious, austere, mystical. Gregorio&amp;apos;s brilliant talents became, indeed, his curse. A whole chain of disgraces and banishments could not teach him &amp;quot;to leave everybody and everything alone&amp;quot;-a condition under which he evas finally admitted into a refuge for destitute old men, and which he did not fulfil even then. The first Brazilian writer who took care to ensure his immortality by the press was Manoel Botelho de Oliveira, who sent his &amp;quot; Musica di Parnasso &amp;quot; to the printingoffice of the Inquisition in Portugal, there to be printed. Some of his descriptive pieces possess a singular charm. With him (d. I 1711) this first period, chiefly characterized by a more or less close imitation of Spanish and Portuguese models, fitly closes. The second period follows, embracing the first half of the eighteenth century, during which the importance of the colony rose rapidly, and Bahia became the seat of a viceroy. Poetry, with its natural turn for the amenities of life, clung to the opulent court, which developed a pomp and splendour worthy of a land strewed with diamonds. Considering, moreover, that, under the auspices of the viceroy, there sprang up the first national academy - the &amp;quot;Academia Brazilica dos Esquecidos&amp;quot;- we cannot be surprised that poetry, royally recognised and fostered, showed itself as grateful as it could-became, in short, for the time being, panegyrical. Brito die Lima, Gonzalo Soarez da Franca, the brothers Guzniaoone of whom, also, invented the balloon-the two Franciscans Francisco Xavier (10 Santa, Teresa and Manoel de Santa Maria Itaparcia, and others-all risinig moreo or less above mediocrity only-were for the most part 11M cat&amp;apos;ed in extolling the virtues of royal babies, or, at best, in describing certain localities in which they themselves or some other star had been born, anti had dreamt early dreams. Yet to this time, so poor in lyrical and epic poetry, belongs not only the first real nationtal historian of Brazil, Sebastian do Rocha Pitta, but also one of the most eminent and fertile dramatic authors, Antonio Jose de Silva, the unfortunate writer of the &amp;quot; Operas,&amp;quot; nicknamed &amp;quot;Do Jadcui.&amp;quot; Suspected of Judaism, he was, for the furtherance of the glory of God and Hlis Church, solemnly burnt in a grand Au to a a Fe, at which his mother and his wife had b&amp;apos;Ce1 accommllodated with seats, commanding a- fiLe viexvof the sacred sp)ectacl-the poor culprit&amp;apos;s l)lays .ll the while elcvtrifyingi both Brazil and Portugal- then, ais they do up to this moment. Thl&amp;apos;c third period-the second half of the eighteenth century-witnesse(l the rise of Rio de Janeiro, which, since 17 j63, had becomlie tlie new residence of the vice-kinl-, an(l thus at once formed a new centre for all the beau. csprits and their litei&amp;apos;ary deeds. lt witnes,-Sed, further, the discovery of the mines of Minas Geracs, and the consequent paramount imiiportance of Brazil for the mother-country. Atristotle holds that, as soon a.s mnian has abundance, he turns his thoughts to philoso phy and learning; and, however palpable the fallacy of this (lictum in general, for once he was right. rlho unparalleled state of sudden prosperity in Brazil gave birth to &amp;quot; Arcadias,&amp;quot; &amp;quot;A Academias,&amp;quot; &amp;quot; Sociedades&amp;quot;bodies official and unofficial without enti, the sole object of which was the furtherance of learning and the cultivation of letters throughout the land. Fettered hitherto by a certain adherence to Portuguese models, which in themselves were only lfshioned after French or Italian patterns, the literature of Brazil towards the end of this period at last effected its emancipation. This was chiefly due to the &amp;quot; School of Mines &amp;quot;-not an institution like ours of that naeno in Jermyn Street, but a literary and political body, which took its name, like our Lakeschool, from the district in which its chief members resided. The great historical event known as the &amp;quot; Conspiracy of the Mines,&amp;quot; through which this league gained for Brazil its political independence, wrought, as a natural consequence, also the independence of literature. Names of distinguished lyrical, epical, and, aboveall, patriotic writers, become frequent. We have Jose Basilio da Gama, the author of one of the finest &amp;quot;I Epics of Liberty;&amp;quot; entitled &amp;quot;Uruguay,&amp;quot; Santa Rita Dulao,&amp;apos; the p6etof Caramurum&amp;quot;Jo* Fan- cisco Cordoso, and others; and, of lyrical poets of the first magnitude, we meet Claudio Manoel da Costa, Gonzago, Alvarenga, Peixoto, Barboza, Mello Franco, Ribeiro, besides a host of others of somewhat minor importance-all more or less &amp;quot; stehend auf der Zinne der Partei,&amp;quot; as Freiligrath has it belonging to the &amp;quot;M Miners.&amp;quot; The fourth period is ushered in by the present century, or rather by the formal &amp;quot;Proclamation of Independence,&amp;quot; which put a complete stop to all factions and their fights. How all the energy, all the enthuI siasm, all the brilliancy, with which the new-born country endeavoured to rival and i to excel Portugal, found appropriate vent also I in literature, we must leave our author to I tell-eloquently as the subject deserves it. It was France, it was England, it was Germany, whose works were now taken, not as patterns for imitation, but as inspiring models; and if the fourth estate, &amp;quot;the Press,&amp;quot; must needs now be ranked amonlg the &amp;quot; Letters&amp;quot; of a country, then we must not omit to state that the powerful CGorcriro Brazilienise, tho first newspaper of Brazil worthy of its rank, was founded at this time by Hippolito Jose Dacosta Pereira, and in London. After a brief intermezzo of sacred oratory and poetry--a reaction against the huimainists-which characterizes thc belinI ning of this period, and in which were disI tintuished Caldas, Francisco (le S. Carlos, Ottoni, &amp;amp;c., politics, patriotism, and exile, intermixe(l with sweet strains of love, were sung bv Jose Bonifacio de Andrada e Silvasavant, statesman, and poet-by Barboza, Branco, Borges do Barros, all scions of noble houses, narquises an(l viscounts, anld by many others. Patriotism-ardent, p)roud, defiant-is, indeed, the mainspring and the main subject of all the writings, prosaic and poetical, of this period. Names of litttrateurs eminent in all branches of belles-lettres now crowd thick and fast upon us; and we can only select at random Francisco Villeta, Barboza, Manoel Alves Branco, Saldanha, Titara, Macedo, Ribeiro, &amp;amp;c., &amp;amp;c. That linguistic science-graammar, lexicography, &amp;amp;c. -was not neglected in a time of so goneral a cu1ltivation of literature, need hardly be said. And thus we have arrived at the end of our journcy of exJ)loration. AVith the year f 1840 commences a, new period, which is not I finished vet. The monarchy consolidated itself; andue the gOVrI-e (rilt aiid the emperor pI Personally aid, encourage, and foster science, learning, and ait. And Birazil, we are told, i need not now shrink fromn a comparison with I anly country in or out of Europe, as Irla as &amp;apos; the, proportionate number and the sterling value of her b)Cst writers aro, concerned. &amp;apos; Accounts of themii fill very many pages in ! Dr. Wolf&amp;apos;s book; and, considering that we h lave nearly exceeded our sp)ace already, and also that, as mnodern authors, these Brazilians have their claims to be read by all educated men and women, and not merely known by hearsay, we shall confine ourselves to simply naming, a few, in order that our ears may become somewhat acquainted with their strange sounds. There is Gonzalves de Magalhaes, the author of the gran(l Opopee &amp;quot;(onfdecra&amp;apos;;ao dos Tamovos;&amp;quot; there is Mlanoel do Arauljo Porto Alegre, thle celebrated painter and poet of &amp;quot; (Colomnbo;&amp;apos; there is Antonio Gonzalves Dias, a lyrical, epic, and dramatic writer of high eminence, whose &amp;quot; Nebulosa,&amp;quot; a poem in five cantos, has caused, it seems, aIn imluiense sensation. Then there is Manoel Odorico &amp;apos;Mendez, &amp;quot; the greatest living writer of Brazil;&amp;apos; and there are Norberto do Souza Silva, Teixcira o Souza, Alvares de Azevedo, &amp;amp;c. Turning more especially to the drama, we find the already-mentioned Magalhaes, the founder of the national stage, Porto Alegre, Penna, Macedo, and others, authors of comedics, tragedies, libretti, farce., &amp;amp;c.-somo of them members of the great &amp;quot; Conservatorio Dramatico Brasileiro.&amp;quot; Curious as it may seem, by the side of this modern drama, there still lingers the ancient &amp;quot; mystery&amp;quot; introduced at |the tieof the first diooveyof the country- as it lihgers insome out-of-the-way nooks of Germany (witness the Ammergau), Franoe, and Spain. The novel is cultivated by Joaquini Manoel de Macedo, Antonio (Goncalves TeixeiraeSouza, and others. Eloquence in the pulpit, the bar, the platform, m the academlical chair, is worthily represented; nor is there any want of biographil, historical, geogriaphical, and other handbooks. What little has beon done for the literary history of the country iS owing to Adolpho do V&amp;apos;arnhag-ii, one of the most painstaking, yet lucid writers of our day. Brazilian literature, inl short, has been and is a &amp;quot; something&amp;quot; more considerable thanr has yet been suppoosed in the civilization of the world ; and E might do well, as it has recognised thle B1&amp;quot;razilian nation, so to notico also, anl to make some use of, the literature it has to exhibit. And thus, with a hearty wclcome to the present book, we revolilnLfleln it and its subject to our readers. To the. authol--v.ho comies before us Ve1 Il much like anjother (&amp;apos;olumbus, and whose rare assiduity, knowledge, tact, and tasto are displayed throug-hout, not only ill the g-eneral arnrlagemient of his sulbject, and the biographical sketches which he intersperses, but also in the selection of the Poems: a selection so linle that we are lhalf afraid to take it as :an impartial representation of the body of B1razilian poetry- -are (lue the thanks of t4he1i whole world of letters. OUr special commendations are no less owing to the well-known continental firni which encouraged and enabled Mr. Wolf to undertake his arduous taskL, and which has done all iII its power to irender the book thoroughly worthy of its contents.</FullText> </Record>