<?xml version="1.0" encoding="UTF-8"?>
<Record> 	<Version>Record_v1.0.xsd</Version> 	<RecordID>4853993</RecordID> 	<DateTimeStamp>20180928135447</DateTimeStamp> 	<ActionCode>change</ActionCode> 	<RecordTitle>MUSICAL NOTES.</RecordTitle> 	<Publication> 		<PublicationID>3144</PublicationID> 		<Title>The Reader,  1863-1867</Title> 		<Qualifier>London</Qualifier> 	</Publication> 	<Publisher>James Bohn</Publisher> 	<Volume>2</Volume> 	<Issue>41</Issue> 	<AlphaPubDate>Oct 10, 1863</AlphaPubDate> 	<NumericPubDate>18631010</NumericPubDate> 	<SourceType>Historical Periodicals</SourceType> 	<ObjectType>Feature</ObjectType> 	<ObjectType>Article</ObjectType> 	<Contributor> 		<ContribRole>Editor</ContribRole> 		<LastName>Masson</LastName> 		<FirstName>David</FirstName> 		<PersonName>David Masson</PersonName> 		<OriginalForm>Masson, David, 1822-1907</OriginalForm> 	</Contributor> 	<Contributor> 		<ContribRole>Editor</ContribRole> 		<OriginalForm>Dennis, John, fl. 1873</OriginalForm> 	</Contributor> 	<Contributor> 		<ContribRole>Editor</ContribRole> 		<OriginalForm>Bendyshe, Thomas, fl. 1863</OriginalForm> 	</Contributor> 	<LanguageCode>ENG</LanguageCode> 	<ISSN>2043-586X</ISSN> 	<StartPage>423</StartPage> 	<EndPage>423</EndPage> 	<Pagination>423-423</Pagination> 	<URLDocView>http://search.proquest.com/docview/4853993/</URLDocView> 	<Products> 		<Product> 			<ProductID>1007574</ProductID> 			<HasFullText>true</HasFullText> 		</Product> 		<Product> 			<ProductID>1009130</ProductID> 			<HasFullText>true</HasFullText> 		</Product> 		<Product> 			<ProductID>10000001</ProductID> 			<HasFullText>true</HasFullText> 		</Product> 		<Product> 			<ProductID>10000297</ProductID> 			<HasFullText>true</HasFullText> 		</Product> 	</Products> 	<Terms> 		<FlexTerm> 			<FlexTermName>DerivedSubject</FlexTermName> 			<FlexTermValue>LITERATURE, MODERN - History and Criticism - 19th Century</FlexTermValue> 		</FlexTerm> 	</Terms> 	 	<FullText>MUSICAL NOTES. Tin-: present week is, so far as our recollect ion serves, the first of the year in which there has been actually no music whatever going on in London. The Crystal Palace Concert-Room is occupied to-day by Mr. and Mrs. German Reed. Last Saturday&amp;apos;s concert herc was one of the mis? cellaneous order. Millie. Carlotta Patti showed that this damp autumn weather hud no effect on the brilliancy of her tones. M. Vieuxtemps played two of his own pieces, a &amp;apos;&amp;apos;Faiituisie Caprice,&amp;quot; and a solo on two popular airs. Both might have been selected to prove that a great executive artist may sometimes fail entirely as a composer. There may bc caprice, but there is nothing fantastic in a piece made up of intermin? able show-passages?formless, pointless, and purposdess. Why does thc composer of such a work as thc viola Sonata, heard at St. James&amp;apos;s Hall, risk a groat reputation by writing and playing such music as this ? Among the pleasantest bits in the programme was a Neapolitan Tarantella by Rossini, full of the true southern whirl, sung with excellent spirit by Signor Fcrranti. M. Aschcr, better known as writer than as player, appeared as pianist. Mdi.i.i:. Pakkpa has been singing in &amp;quot;Lucrczia&amp;quot; and &amp;apos;&amp;apos;Norma&amp;quot; at the In -rim Opera-] louse. A window has lately been put up in Westmin? ster Abbey in memory of Vincent Novello. It forms one of the lancet-lights in the north transept. Thc subject is appropriate?^t. Cecilia and her attendant choristers. The design, however, which is by Messrs. Lavers and BarrautI, is rather un? pleasantly reminiscent ofthe well-known mawkish print of the three choir-boys. Vincent Novello was one of thc real benefactors of li is ago. The amount of delight he has been the nu ans of bringing within the reach of hundreds of thousands ofthe people would entitle him?if such, was our fashion of doing honour to the honourable ?to a monument as big as an Egyptian pyramid. Some thanks are due to the Dean and Cha jil cr for allowing this record?slight, but precious from its position--do be ^c\ up in memory of ono who was not of their communion. A generation or two ago the act would have been considered a stretch of liberality. M. Berlioz&amp;apos;s &amp;apos;&amp;apos;Trojans&amp;apos;&amp;apos; continues in rehearsal at the Theatre Lyrique, and may make appear? ance by thc middle of next month; but some1 doubt is expressed as to whether the decorations and machinery t an be got ready in time. Is it a question of the wooden horse? The &amp;quot;Merry Wives of Windsor,&amp;quot; by Nicolai, an opera only known here by excerpts often produced in concertrooms, has just been brought out af th.is theatre. Tme leading oratorio societies are to have their first performances next month. The &amp;apos;* Sacred Har? monie&amp;quot; begins on the 113th with &amp;quot; Eli&amp;quot;?an extra subscription concert. The&amp;quot;Naf ional&amp;quot; (Mr. Mart in) opens on thc 27th, with &amp;quot;Judas Maccabeus.&amp;quot; Mr. Sims Reeves sings on both occasions. Mr. Martin also announces Mdllcs. Til iens and Trebelli as engaged to take part in his performances. &amp;quot; AiiAU.&amp;quot; the new oratorio by Dr. Arnold of New College, Oxford, is being published by sub? scription. A performance of flu4 work in Exeter Hall in the spring is spoken of a&amp;lt; probable. Signor Gire.lint is said lo be singing at Funo. his native place, for a stipend, so thc r port izoc^, often centime* anight. Tue Opera Comiquc is busy rehearsing Auber&amp;apos;s new opera, &amp;quot;La Fiancee du Roi dc Garbe.&amp;quot; Those who have heard it pronounce it a great success. Thc maestro is now nearly eighty years of age, but he is us fresh and active as ever* Henry Littolf&amp;apos;s new opera, M Nahcl,&amp;quot; first performed at Baden-Baden, seems to be a complete success. Thc outlines of the libretto arc as fol? lows :?Time : Thirty Years&amp;apos; War. Two &amp;quot;women, Cecilia, a Bohemian singer, and Wilhelmina von Oifenbing, are thc principal figures. Thc Duke of Saxe-Weimar loves Cecilia, but is loved by Wilhelmina; Max Korner, a Cornet in the Dra? goons, is the Duke&amp;apos;s rival with the singer, aiidNahel is the &amp;quot; Intriguant,&amp;quot; with whose death, and the dis? covery that Cecilia is a daughter of Gustavus Adolphus, the piece comes to a happy end. Wil? helmina, we need hardly add, becomes the wife of thc Duke. The music reminds one forcibly of Meyerbeer&amp;apos;s best style, and many of the airs have already become popular. The great Singers&amp;apos; contest at Brussels?at which no less than thirty-six Belgian, eight German, and eight French Singing Leagues have taken part ? hus been an immense success. The men of Ath in Belgium have received the first prize ; the French prize was awarded to the &amp;quot;Chorale-Union&amp;quot; of Lille; and three German prizes were received by thc singers of Aix-lc-Chapelle and Neuss. A Theatrical School is about to be established at Prague, for the special use of incipient Bohe? mian singers and actors. Offenbach&amp;apos;s &amp;quot; Rheinnixen,&amp;quot; a new romantic opera in four acts, will shortly be produced tit Vienna. Another opera by the same composer, &amp;quot; Don Juan,&amp;quot; text by Crcmicux and Grille, is in the course of preparation.</FullText> </Record>