<?xml version="1.0" encoding="UTF-8"?>
<Record> 	<Version>Record_v1.0.xsd</Version> 	<RecordID>4853119</RecordID> 	<DateTimeStamp>20180928135639</DateTimeStamp> 	<ActionCode>change</ActionCode> 	<RecordTitle>Back matter</RecordTitle> 	<Publication> 		<PublicationID>3144</PublicationID> 		<Title>The Reader,  1863-1867</Title> 		<Qualifier>London</Qualifier> 	</Publication> 	<Publisher>James Bohn</Publisher> 	<Volume>4</Volume> 	<Issue>101</Issue> 	<AlphaPubDate>Dec 3, 1864</AlphaPubDate> 	<NumericPubDate>18641203</NumericPubDate> 	<SourceType>Historical Periodicals</SourceType> 	<ObjectType>Back Matter</ObjectType> 	<Contributor> 		<ContribRole>Editor</ContribRole> 		<LastName>Masson</LastName> 		<FirstName>David</FirstName> 		<PersonName>David Masson</PersonName> 		<OriginalForm>Masson, David, 1822-1907</OriginalForm> 	</Contributor> 	<Contributor> 		<ContribRole>Editor</ContribRole> 		<OriginalForm>Dennis, John, fl. 1873</OriginalForm> 	</Contributor> 	<Contributor> 		<ContribRole>Editor</ContribRole> 		<OriginalForm>Bendyshe, Thomas, fl. 1863</OriginalForm> 	</Contributor> 	<LanguageCode>ENG</LanguageCode> 	<ISSN>2043-586X</ISSN> 	<StartPage>720</StartPage> 	<EndPage>720</EndPage> 	<Pagination>720-720</Pagination> 	<URLDocView>http://search.proquest.com/docview/4853119/</URLDocView> 	<Products> 		<Product> 			<ProductID>1007574</ProductID> 			<HasFullText>true</HasFullText> 		</Product> 		<Product> 			<ProductID>1009130</ProductID> 			<HasFullText>true</HasFullText> 		</Product> 		<Product> 			<ProductID>10000001</ProductID> 			<HasFullText>true</HasFullText> 		</Product> 		<Product> 			<ProductID>10000297</ProductID> 			<HasFullText>true</HasFullText> 		</Product> 	</Products> 	<Terms> 		<FlexTerm> 			<FlexTermName>DerivedSubject</FlexTermName> 			<FlexTermValue>LITERATURE, MODERN - History and Criticism - 19th Century</FlexTermValue> 		</FlexTerm> 	</Terms> 	<FullText>At .Y, AS I, atOU~W~ 8~ I ,B T _pe hr, in th Ibur otth Roil, in do omty of Addle m Pac e bJ Be&amp;apos;-t o^3 TmoU WVoeab _, ai l X ads-by &amp;apos; &amp;apos; -I g</FullText> </Record>