<?xml version="1.0" encoding="UTF-8"?>
<Record> 	<Version>Record_v1.0.xsd</Version> 	<RecordID>4870393</RecordID> 	<DateTimeStamp>20180928135454</DateTimeStamp> 	<ActionCode>change</ActionCode> 	<RecordTitle>THE GEMS OF THE DEBATE.</RecordTitle> 	<Publication> 		<PublicationID>3057</PublicationID> 		<Title>The Tatler</Title> 		<Qualifier>London</Qualifier> 	</Publication> 	<Publisher>J. Onwhyn</Publisher> 	<Issue>486</Issue> 	<AlphaPubDate>Mar 23, 1832</AlphaPubDate> 	<NumericPubDate>18320323</NumericPubDate> 	<SourceType>Historical Periodicals</SourceType> 	<ObjectType>Poem</ObjectType> 	<Contributor> 		<ContribRole>Author</ContribRole> 		<LastName>True</LastName> 		<FirstName>Sun</FirstName> 		<PersonName>Sun True</PersonName> 		<OriginalForm>True Sun</OriginalForm> 	</Contributor> 	<Contributor> 		<ContribRole>Editor</ContribRole> 		<LastName>Hunt</LastName> 		<FirstName>Leigh</FirstName> 		<PersonName>Leigh Hunt</PersonName> 		<OriginalForm>Hunt, Leigh, 1784-1859</OriginalForm> 	</Contributor> 	<LanguageCode>ENG</LanguageCode> 	<ISSN>2044-6233</ISSN> 	<StartPage>283</StartPage> 	<EndPage>283</EndPage> 	<Pagination>283-283</Pagination> 	<URLDocView>http://search.proquest.com/docview/4870393/</URLDocView> 	<Products> 		<Product> 			<ProductID>1007574</ProductID> 			<HasFullText>true</HasFullText> 		</Product> 		<Product> 			<ProductID>1009130</ProductID> 			<HasFullText>true</HasFullText> 		</Product> 		<Product> 			<ProductID>10000001</ProductID> 			<HasFullText>true</HasFullText> 		</Product> 		<Product> 			<ProductID>10000297</ProductID> 			<HasFullText>true</HasFullText> 		</Product> 	</Products> 	 	<FullText>TIIE GEMS OF THE DEBATE. PITT V. GALLERY. Poor Lord Mahon, entreating for bis scents, Half-fainting, &amp;apos; knew not how to deal,&amp;apos; he said, &amp;apos; With vulgar shilling-gallery arguments?&amp;apos; For he in good Pitt principles was bred. SIR JOHN MALCOLM&amp;apos;S &amp;apos; MHiHT.&amp;apos; 4 His firm opinion he hail oft disclos&amp;apos;d; Yes, he?Sir John the Giant-Killer, hight; &amp;apos; The Bill with all his might, he had opposed.&amp;apos; &amp;apos;Amazement!&amp;apos; erics the world; &amp;apos; with all his might.&amp;apos; N AUOIS NOMI Mi KS. Sir Inglis, next, saw nought unjustifiable In 4 Indian Princes having Member.- there, To guard their rights ;&amp;apos; as Englishmen wen.* liable To treat their claims with small respect and care. Nabobs of Arcot still might live in bliss, If Bobs were there to puff their d\ii*:r embers; But one thing he omitted?winch was this? Whether thc Cannibals should have thur Members. I rue Sun.</FullText> </Record>