<?xml version="1.0" encoding="UTF-8"?>
<Record> 	<Version>Record_v1.0.xsd</Version> 	<RecordID>4877519</RecordID> 	<DateTimeStamp>20180928135639</DateTimeStamp> 	<ActionCode>change</ActionCode> 	<RecordTitle>CHILDREN IN FACTORIES-MANUFACTURING SYSTEM.</RecordTitle> 	<Publication> 		<PublicationID>3057</PublicationID> 		<Title>The Tatler</Title> 		<Qualifier>London</Qualifier> 	</Publication> 	<Publisher>J. Onwhyn</Publisher> 	<Issue>53</Issue> 	<AlphaPubDate>Aug 25, 1832</AlphaPubDate> 	<NumericPubDate>18320825</NumericPubDate> 	<SourceType>Historical Periodicals</SourceType> 	<ObjectType>Fiction</ObjectType> 	<Contributor> 		<ContribRole>Editor</ContribRole> 		<LastName>Hunt</LastName> 		<FirstName>Leigh</FirstName> 		<PersonName>Leigh Hunt</PersonName> 		<OriginalForm>Hunt, Leigh, 1784-1859</OriginalForm> 	</Contributor> 	<LanguageCode>ENG</LanguageCode> 	<ISSN>2044-6233</ISSN> 	<StartPage>386</StartPage> 	<EndPage>388</EndPage> 	<Pagination>386-388</Pagination> 	<URLDocView>http://search.proquest.com/docview/4877519/</URLDocView> 	<Products> 		<Product> 			<ProductID>1007574</ProductID> 			<HasFullText>true</HasFullText> 		</Product> 		<Product> 			<ProductID>1009130</ProductID> 			<HasFullText>true</HasFullText> 		</Product> 		<Product> 			<ProductID>10000001</ProductID> 			<HasFullText>true</HasFullText> 		</Product> 		<Product> 			<ProductID>10000297</ProductID> 			<HasFullText>true</HasFullText> 		</Product> 	</Products> 	 	<FullText>CHILDREN IV FACTORIES _ MANUFACTURING SYSTEM. Am&amp;lt; exposed to all thc deleterious consequences of dust, bad smells, heat, and confinement. Mrs Grimstone, in her novel of * Woman&amp;apos;s I&amp;gt;ove,&amp;apos; has with great power and feeling, held up this hateful system to the detestation it merits; and Miss Martineau, in her last published tale, &amp;apos; A Manchester Strike,&amp;apos; following in the same track, brings before her readers details which cannot fail to aid in shortening its duration. The tale altogether is not inferior to its predecessors, and, as far as it goes, appears to us a very clear elucidation of some of the principles of political economy ; and besides that, to have strong claims as a story. But, not doubting that the author&amp;apos;s object is amelioration in the largest sense of the word, we seem to feel that this tale stops short of the proper mark, and uhtil her views are further explained, may be liable to constructions which eventually will be found not to belong to it. Thus it shows logically enough how certain measures of the workmen necessarily end in making their condition worse; and also that they have themselves to blame for being in the condition, out of which the measures in question originate, by not attending to the influence of population on labour. The tale commences with the * Strike&amp;apos; of the spinners and weavers at the Manchester cotton factories, and ends with their return to labour, after entering into a compromise with their employers, by which they are, upon the whole,losers. The apparent tendency, therefore, seems to be more to reconcile the labourer to existing evils than to invite attention generally to the means of removing them. The latter purpose, it is true, is not lost sight of, but it is served in an incidental rather than in a direct way; we feel, as we read, that something more than is told us is wrong in the system, but the remedial measures adverted to have reference to the system in an unaltered state. We are not quite sure that this is not the better plan, and have perfect confidence that when the series of tales is complete, there will be no omission to complain of; however, in the meantime, we may be sensible of a want. That we may shew the grounds of our faith, we shall extract a few passages of the incidental kind alluded to, all calculated to prepare the mind for the suggestion of remedies in due time. Miss Martineau&amp;apos;s mode is persuasive and effectual. She frames a story, introduces us to a variety of persons, and familiarises us with their characters, disposi tions, and modes of life. Having thus made a sor of personal acquaintance with them, we take ai interest in their pursuits, and when we find then engaged in supporting, by their labour, a systen which indeed gives them existence, but embitter it by ruining their health, and destroying both tba and the morals of their offspring, our minds are ex cited in their behalf more powerfully than by vo lunn s of mere abstract reasoning. The following extract is from the opening; i introduces Allen, a principal character in the tale but wo give it to shew the condition of his child : &amp;apos;One fine Saturday evening in May 18?, se veral hundred work-people, mon, girls and boys, poured out from the gates of a factory which stood on the banks of the Medlock, near Manchester. The children dispersed in troops, some to play, but the greater number to reach home with all speed, as if they were afraid of the sunshine that chequered the street and reddened the gables and chimnies. &amp;apos; The men seemed in&amp;apos;no such haste: they lingered about the factory, one large group standing before tbe gates, and smaller knots occupying the street for some distance, while a few proceeded slowly on their way home, chattering with one or another party as they went. One only appeared to have nothing to say to his companions, and to^vvish to get away quietly, if they would have let him. He was one of the most respectable looking among them, decent in his dress, and intelligent though somewhat melancholy in countenance. He was making his way without speaking to any body, when first one and then another caught him by the button and detained him in consultation. All seemed anxious to know what Allen had to relate or to advise; and Allen had some difficulty in getting leave to go home, much as he knew he was wanted there. When he had at length escaped, he walked so rapidly as presently to overtake his little daughter, Martha, who had left the factory somewhat earlier. He saw her before him for sonic distance, and observed how she limped, and how feebly she made her way along the street (if such it might be called,) which led to their abode. It was far from easy walking to the strongest. There were heaps of rubbish, pools of muddy water, stones and brickbats lying about, and cabbage leaves on which the unwary might slip, and bones over which pigs were grunting, and curs snarling and fighting. Little Martha, a delicate child of eight years old, tried to avoid all these obstacles ; but she nearly slipped down several times, and startled when the dogs came near her, and shivered every time the mild spring breeze blew in her face. 4 &amp;quot; Martha, how lame you are to-day !&amp;quot; said Allen, taking her round the waist to help her onward. 4 &amp;quot; O father, my knees have been aching so all day, I thought 1 should have dropped every moment.&amp;quot; 4 &amp;quot; And one would think it was Christmas by your looks, child, instead of a bright May-day.&amp;quot; * &amp;quot; It is very chill after the factory,&amp;quot; said the little girl, her teeth still chattering. &amp;quot; Sure &amp;apos;the weather must have changed, father.&amp;quot; 4 No : the wind was south, and the sky cloudless. It was only that the^thermometerhad stood at 75? within the factory.&amp;apos; 4 &amp;quot; We must make| you stronger, Martha, I will go with you to Mr Dawson, and he will find out what is the matter with]your knees.&amp;quot; &amp;apos; Further on we find little Martha preparing to go to the factory, we are informed of her state of health and how she got through her employment. 444 How is Martha .&amp;apos; was Allen&amp;apos;s first inquiry on meeting his wife at the hi ad of the stairs. Martha had been asleep whin he had returned in the middle of the day; for it was now her turn for nightwork at the factory, and what rest she had must be taken in the day. Her mother said that her lameness was much the same ; that she had seen Mr Dawson, the apothecary, who pronounced that rest was what her weak limbs most required ; and that as perfect rest was out of the question, her mother must bandage thc joints while the child was at her work, and keep her laid on her bed at home. Here was the difficulty, her mother said, especially while Hannah was with her, for they were boih fond of play when poor Martha was not too tired to stir. She was now gone to her work for the night. &amp;apos; The little girl repaired to the factory, sighing at the thought of the long hours that must pass before she could sit down or breathe the fresh air again. She had been as willing a child at her work as could be, till lately; but since she had grown sickly, a sense of hardship had come over her, and sVe was seldom happy. She was very industrious, and disposed to be silent at her occupation; so that she was liked by her employers, and had nothing more to complain of than the necessary fatigue and disagreeableness of the work. She would not have minded it for a few hours of the day; but to be shut up all day, or else all night, without any time to nurse the baby or play with her companions, was too much for a little girl of eight years old. She had never been so sensible of this as since her renewed acquaintance with Hannah. This night, when the dust from the cotton made her cough, when the smell and the heat brought on sickness and faintness, and the incessant whizzing and whirling of the wheels gave her the feeling of being in a dream, she remembered that a part of Hannah&amp;apos;s business was to walk on broad roads or through green fields by her father&amp;apos;s side, listening to the stories he amused her with, and to sit on a stile or under a tree to practise a new tune, or get a better dinner than poor Martha often saw. She forgot that Hannah was sometimes wet through, or scorched by the sun, as her complexion, brown as a gipsy&amp;apos;s, showed ; and that Hannah had no home and no mother, and very hard and unpleasant work to lo at fairs, and on particular occasions. About miiir:;ght, when Martha remembered that all at home were probably sound asleep, she could not resist the temptation of resting her aching limbs, and sat down, trusting to make up afterwards for lost time, and taking care to be on her feet when the overlooker passed, or when any one else was likely to watch her. It is a dangerous thing, however, to take rest with the intention of rousing onesself frDmtime to time; and so Martha found. She fairly fell asleep after a time, and dreamed that she was attending very diligently to her work ; and so many things besides passed through her mind during the two minutes that she slept, that when the overlooker laid his hand upon her shoulder, she started and was afraid she was going to be scolded for a long fit of idleess. But she was not harshly spoken to. 4 4k Come, come, child; how long have you been asleep &amp;apos;.&amp;apos; 4 4* I don&amp;apos;t know. I thought I was awake all the time.&amp;quot; And Martha began to cry. * 4&amp;lt; Well don&amp;apos;t cry. I was past just now, and you were busy enough; but don&amp;apos;t sit down ; better not, for fear you should drop asleep again.&amp;quot; * Martha thought she had escaped very well; and winking and rubbing her eyes, she lugan to limp forwards and uso her trembling hands. The overlooker watched her for a few moments, and told her she was so industrious in general that he should be sorry to be hard upon her ; but she knew that if she was seen flagging over her work, the idle ones would make it an excuse to do so too. Martha curtsied, and put now vigour into her work at this Iiraisc. Before ho went on in his rounds, thc overookcr pointed to the window and told her morning was como. 44 lt was a strange scone that the dawn shone upon. As the grey light from the east mingled with thc flickering, yellow glare of the lamps, it gave a mottled, dirty appearance to every thing; to the pale faced childten, to the unshaved overlooker, to tba loaded atmosphere, and even to the produce of tho wheels. 44 When a bright sunbeam shone in through the window, thickened willi the condensed breath of the work-jMNqde, and showed the oily steam rising through the heated room, the limps were extinguished, to the great relief of those who found the place growing too like an oven to be much longer tolerable. The sunbeams rested now on the ceiling, and Martha knew that they must travel down to the floor and be turned full on her frame and some way past it, liefore she could be released; but still it was a comfort that morning was come.&amp;apos; We shall conclude with a passage representing the children after the Strike had taken place. Hannah, it should be mentioned, is not a factory child, and her superior strength and agility is judiciously introduced in contrast with the weakness of the others. &amp;apos; The first consequence was that all the children were turned off. The masters were beni on bringing the affair to a close as speedily as possible; and, being disappointed in the hope that the men would propose a compromise, endeavoured to drive them to it. * This was thought by some parents far from being the worst thing that had happened. While the Committee shook their heads over this weighty additional item of weekly charge, many tender mothers stroked their children&amp;apos;s heads and smiled when they wished them joy of their holiday, and bade them sleep on in thc mornings, without thinking of the factory bell.? It was some days before the little things got used to so strange a difference from their usual mode of life. Some would start up from tumid sleep with thc question, * Fainer, is it lime &amp;apos;&amp;apos; Some talked in their sleep of hoing too late, and went on to devour their meals hastily, as if their time was not their own.?It would have amused some people, and made others melancholy, to watch the sports of these town-bred children. One little girl was seen making a garden ;?that is, boring a hole between two flints in a yard with a rusty pair of scissors, and inserting therein a daisy, which by some rare chance had reached her hands. Others collected the fragments of broken plates and teacups from the kennels, and spread them out for a mock feast where there was nothing to eat. The favourite game was playing at being cotton spinners, a big boy frowning and strutting and personating the master, another with a switch in his hand being the overlooker, and the rest spinners or piecers, each trying which could be naughtiest and get the most threats and scolding. Many were satisfied with lolling on the stairs of their dwellings and looking into the streets all day long; and many nursed their baby brothers and sisters, sitting on the steps or leaning against the walls of thc street. Hannah Bray, when not abroad with her falher, took pains to stir up her little neighbours to what she called play. She coaxed her father into giving them a ball, and tried to teach the children in the next yard to play hide and seek ; but she often said she never before saw such helpless and awkward people. They could not throw a ball five feet from them, or flung it in one another&amp;apos;s faces so as to cause complaints and crying-fits. In hiding, they always showed themselves, or came out too soon or not soon enough, or jostled or threw one another down; and they were the worst runners that could be conceived. Any one of them trying to catch Hannah looked like a duck running after a greyhound. Hannah began with laughing at them all round; but observing that her father watched their play with tears in his eyes, she afterwards contented herself with wondering in silence why tonie children were so unlike others.*</FullText> </Record>