<?xml version="1.0" encoding="UTF-8"?>
<Record> 	<Version>Record_v1.0.xsd</Version> 	<RecordID>4878359</RecordID> 	<DateTimeStamp>20180928135639</DateTimeStamp> 	<ActionCode>change</ActionCode> 	<RecordTitle>SUBSCRIPTIONS.</RecordTitle> 	<Publication> 		<PublicationID>15175</PublicationID> 		<Title>Theatrical journal</Title> 		<Qualifier>London</Qualifier> 	</Publication> 	<Publisher>S. Gilbert.</Publisher> 	<Volume>13</Volume> 	<Issue>641</Issue> 	<AlphaPubDate>Mar 1852</AlphaPubDate> 	<NumericPubDate>18520301</NumericPubDate> 	<SourceType>Historical Periodicals</SourceType> 	<ObjectType>General Information</ObjectType> 	<LanguageCode>ENG</LanguageCode> 	<ISSN>2043-6381</ISSN> 	<StartPage>96</StartPage> 	<EndPage>96</EndPage> 	<Pagination>96-96</Pagination> 	<URLDocView>http://search.proquest.com/docview/4878359/</URLDocView> 	<Products> 		<Product> 			<ProductID>1007574</ProductID> 			<HasFullText>true</HasFullText> 		</Product> 		<Product> 			<ProductID>1009130</ProductID> 			<HasFullText>true</HasFullText> 		</Product> 		<Product> 			<ProductID>10000001</ProductID> 			<HasFullText>true</HasFullText> 		</Product> 		<Product> 			<ProductID>10000297</ProductID> 			<HasFullText>true</HasFullText> 		</Product> 	</Products> 	<Terms> 		<FlexTerm> 			<FlexTermName>DerivedSubject</FlexTermName> 			<FlexTermValue>THEATRE - England - London</FlexTermValue> 		</FlexTerm> 	</Terms> 	<FullText>SUBSCRIPTIONS. I Three Month. ......... One Shilling Six Months .......... - -------- Two Shillings. Twelve Months ......... Four Shillings. Published every Wednesday Afternoon at 4 o&amp;apos;clock for the Proprietor, by S. Y. Collins, 113, Fleet-street, to be had of Vickers, Holywell-street; J. Allen, Warwick-lane; Harris, Blsckfriars-road; Scales. 195, Shrreditoh; and all Booksellers and Newevendors. Manchester, J. Hey wood, 170, Denngateo Blrmingham, W. Pratt, N2. DIgbeLh; J. Z. Forsyth, 24, Scotland Place, Liverpool. To be had by order in &amp;amp;nv of the Provincial Towns.</FullText> </Record>