<?xml version="1.0" encoding="UTF-8"?>
<Record> 	<Version>Record_v1.0.xsd</Version> 	<RecordID>4880679</RecordID> 	<DateTimeStamp>20180928135639</DateTimeStamp> 	<ActionCode>change</ActionCode> 	<RecordTitle>Cover</RecordTitle> 	<Publication> 		<PublicationID>15175</PublicationID> 		<Title>Theatrical journal</Title> 		<Qualifier>London</Qualifier> 	</Publication> 	<Publisher>S. Gilbert.</Publisher> 	<Volume>12</Volume> 	<Issue>585</Issue> 	<AlphaPubDate>Feb 1851</AlphaPubDate> 	<NumericPubDate>18510201</NumericPubDate> 	<SourceType>Historical Periodicals</SourceType> 	<ObjectType>Front Matter</ObjectType> 	<ObjectType>Front Page/Cover Story</ObjectType> 	<LanguageCode>ENG</LanguageCode> 	<ISSN>2043-6381</ISSN> 	<StartPage>[65]</StartPage> 	<EndPage>[65]</EndPage> 	<Pagination>[65]-[65]</Pagination> 	<URLDocView>http://search.proquest.com/docview/4880679/</URLDocView> 	<Products> 		<Product> 			<ProductID>1007574</ProductID> 			<HasFullText>true</HasFullText> 		</Product> 		<Product> 			<ProductID>1009130</ProductID> 			<HasFullText>true</HasFullText> 		</Product> 		<Product> 			<ProductID>10000001</ProductID> 			<HasFullText>true</HasFullText> 		</Product> 		<Product> 			<ProductID>10000297</ProductID> 			<HasFullText>true</HasFullText> 		</Product> 	</Products> 	<Terms> 		<FlexTerm> 			<FlexTermName>DerivedSubject</FlexTermName> 			<FlexTermValue>THEATRE - England - London</FlexTermValue> 		</FlexTerm> 	</Terms> 	<FullText>I THURSDAY, [One Penny.</FullText> </Record>