<?xml version="1.0" encoding="UTF-8"?>
<Record> 	<Version>Record_v1.0.xsd</Version> 	<RecordID>4884153</RecordID> 	<DateTimeStamp>20180928135454</DateTimeStamp> 	<ActionCode>change</ActionCode> 	<RecordTitle>MEMORANDA.</RecordTitle> 	<Publication> 		<PublicationID>15175</PublicationID> 		<Title>Theatrical journal</Title> 		<Qualifier>London</Qualifier> 	</Publication> 	<Publisher>S. Gilbert.</Publisher> 	<Volume>6</Volume> 	<Issue>308</Issue> 	<AlphaPubDate>Nov 1845</AlphaPubDate> 	<NumericPubDate>18451101</NumericPubDate> 	<SourceType>Historical Periodicals</SourceType> 	<ObjectType>General Information</ObjectType> 	<LanguageCode>ENG</LanguageCode> 	<ISSN>2043-6381</ISSN> 	<StartPage>356</StartPage> 	<EndPage>356</EndPage> 	<Pagination>356-356</Pagination> 	<URLDocView>http://search.proquest.com/docview/4884153/</URLDocView> 	<Products> 		<Product> 			<ProductID>1007574</ProductID> 			<HasFullText>true</HasFullText> 		</Product> 		<Product> 			<ProductID>1009130</ProductID> 			<HasFullText>true</HasFullText> 		</Product> 		<Product> 			<ProductID>10000001</ProductID> 			<HasFullText>true</HasFullText> 		</Product> 		<Product> 			<ProductID>10000297</ProductID> 			<HasFullText>true</HasFullText> 		</Product> 	</Products> 	<Terms> 		<FlexTerm> 			<FlexTermName>DerivedSubject</FlexTermName> 			<FlexTermValue>THEATRE - England - London</FlexTermValue> 		</FlexTerm> 	</Terms> 	<FullText>MEMORANDA. Sunday, Nov. 9_Twenty-fifth Sunday after Trinity. Lord Mayor&amp;apos;s Day. Prince of Wales born, 1841. Monday, 10?Luther born, 1483. Tuesday, ll.?St. Martin. Wednesday, 12?Leibnitz died, 1716. Thursday, 13?&amp;quot;Don Sebastian,&amp;quot; produced 1843. Friday, 14?Ptesburg taken, 1805. Saturday, 15?Cowper born, 1731.</FullText> </Record>