<?xml version="1.0" encoding="UTF-8"?>
<Record> 	<Version>Record_v1.0.xsd</Version> 	<RecordID>4884679</RecordID> 	<DateTimeStamp>20180928135639</DateTimeStamp> 	<ActionCode>change</ActionCode> 	<RecordTitle>ADELAIDE THORNTON, OR THE ACTOR'S WIFE.</RecordTitle> 	<Publication> 		<PublicationID>15175</PublicationID> 		<Title>Theatrical journal</Title> 		<Qualifier>London</Qualifier> 	</Publication> 	<Publisher>S. Gilbert.</Publisher> 	<Volume>15</Volume> 	<Issue>783</Issue> 	<AlphaPubDate>Dec 1854</AlphaPubDate> 	<NumericPubDate>18541201</NumericPubDate> 	<SourceType>Historical Periodicals</SourceType> 	<ObjectType>Feature</ObjectType> 	<ObjectType>Article</ObjectType> 	<Contributor> 		<ContribRole>Author</ContribRole> 		<OriginalForm>HOMO, LEONATUS, JUN</OriginalForm> 	</Contributor> 	<LanguageCode>ENG</LanguageCode> 	<ISSN>2043-6381</ISSN> 	<StartPage>398</StartPage> 	<EndPage>399</EndPage> 	<Pagination>398-399</Pagination> 	<URLDocView>http://search.proquest.com/docview/4884679/</URLDocView> 	<Products> 		<Product> 			<ProductID>1007574</ProductID> 			<HasFullText>true</HasFullText> 		</Product> 		<Product> 			<ProductID>1009130</ProductID> 			<HasFullText>true</HasFullText> 		</Product> 		<Product> 			<ProductID>10000001</ProductID> 			<HasFullText>true</HasFullText> 		</Product> 		<Product> 			<ProductID>10000297</ProductID> 			<HasFullText>true</HasFullText> 		</Product> 	</Products> 	<Terms> 		<FlexTerm> 			<FlexTermName>DerivedSubject</FlexTermName> 			<FlexTermValue>THEATRE - England - London</FlexTermValue> 		</FlexTerm> 	</Terms> 	 	<FullText>ADELAIDE THO OR THE ACTOR&amp;apos;S R N TO N, WIFF. Wrilen expressly for tiwe Th eatricwI Joitr na I I Br LUONATuS HoMo, JuN. I CHAPTER III. There is no vice which exerts so powerful and deadening an influence upon the soul of man as that of gambling. Every affection of the heart, domestic love and happiness, fly before it with the rapidity of lightning. Few who are unfortunately once induced to enter the magic portal of its influenceever return again. Everything in lire is sacrificed to its insatiable appetite, until its deadly fascination. becomes at last irresistable, and the victim is led headlong to destruction, dragging with himin many instances -his wife and children, while his owvn body and soul are lost in the fearful vortex he has caused. In its nature it may be compared to some hideous pestilence, whose infection, once breathed, causes the blood to stagnate in the veins, and spreads on all sides misery and death. With Thornton its course was sure and rapid: at first it came gently, like a dream; but once upon him, it emeshed him in its deadly folds, like the coiling serpent upon which the victim gazes with dismay rivetted by some mysterious spell-viewing its destruction, but unable to fight against it. As soon as the curtain fell on the succeeding evening, Thornton left the theatre and hurried to the tavern, where, by appointment, be had arranged to meet his companions of the preceding evening, and with them again try his fortune. He bad that morning received a small amount of money from an old schoolfellow, which had on some occasion been borrowed from him, but which had, until its receipt, entirely escaped his memory. With this he fondly imagined he should be enabled to regain posesion of the sums he had already lost, and by returning home a winner, quiet his wife&amp;apos;s apprehensions, and urgent appeals to him, that he would desist from so dan. peious an infatuation. On entering the room he was most warmly greeted by its occupants, who were the same as on the last occasion, and who shook him warmly by the hand and expressed a hope that he would be more fortunate this time than the last. 1 hope so, he replied laughing, you bad it all your own way last night, it is my turn now, but let us proceed, at once, and enjoy a long evening of it. After the necessary preliminaries had been arranged, and a plentiful supply of brandy and cigars called for, the game proceeled. &amp;apos;I hornton played his best, and although he endeavoured hard to conceal the excitement under which he laboured, his exertions were fruitless, the patched lips and perspiring brow, all plainly revealed that the ultimate issue of the game concerned him deeply. Forthree hours he played, and fortune who had hitherto frowned upon him, now seemed disposed to smile. kie won largely and elated with success called for more wine (which all the evening had circulated freely through the company) he grew almost mad with the excitenient, and swore an oath be would play no more that night. This unexpected determination was re ceived with loud disapprobation by-most of the party. It was shabby, they exclaimed to give in so soon, after winning so freely. Come Thornton but &amp;quot;1 one more game.&amp;quot; He played and staked the whole sum he had won-and a large amount besides, and LOST the whole. Poor fellow he was almost frantic at this unlooked for disappointment, but still the fell infatuation was upon him, and be re. solved again to make the attempt to retrieve his fortunes. He knew his wife bad a small sum of money by her, and this under pretence of lending it to a friend he succeeded in procuring from her, and on the next evening he again proceeded to the tavern where his newly formed friends awaited him. His success was very similar to what be had before experienced. He at first played for small sums, then grad ually increased his stakes until at ladt be doubled them and in sbort, lost not only the money he had taken from his wife, but was induced to place his name to a bill for fifty pounds, and returned home in the morning again in a state of helpless intoxication. Months passed-but the curse of gambling had long since fulfilled its task with more than lightning speed, and now the time finds Thornton a reckless adventurer. At that Pandemonium (the gaming table) he had squandered away a handsome sum of money belonging to his wife, and had it not been for an engagement which opportunity offered itselt in London, both she and her husband would have been dependent upon charity for support. Poor Adelaide! How oft as she set watching for her husband&amp;apos;s return homewould her thoughts fly swiftly back to those happy days of girlhood passed for ever, and conjure up the joyous hours she had once passed in company with her cousin, when in bright day dreams she thought of nothing else but of happiness with himbut now the pleasing spell which bound the reality of those bright and joyous thoughts was broken, and could return no more. The snow was falling fast, and the keen bleak winds of winter swept with reinorseless fury over the adjacent couutry as Adelaide and her husband took their places as inside passengers to London by the mail. The journey was long and tedious, and to Adelaide it seemed as though it would never have an end. At first she felt glad to leave a spot which had proved so fatal to her husband, and so full of misery to her ; but when she considered the vast temptations to which his too easily yielding nature would be exposed in the great metropolis towards which they were journeying, she shuddered as in her mind she saw him pursuing with renewed ardour hfs favorite amusement, unheedful of the dreadful consequences which must inevita-. bly fall upon himself and home. She turned to speak to him, but he was sleeping; so bending gently over him, for fear she might disturb his slumbers, she took her shawl and placed it warmly over Ihim. and sinking back into a corner of the coach, she sat anxiously watching him until they reached their journey&amp;apos;s end. To be continued.</FullText> </Record>