<?xml version="1.0" encoding="UTF-8"?>
<Record> 	<Version>Record_v1.0.xsd</Version> 	<RecordID>4887919</RecordID> 	<DateTimeStamp>20180928135639</DateTimeStamp> 	<ActionCode>change</ActionCode> 	<RecordTitle>The Theatrical Journal.</RecordTitle> 	<Publication> 		<PublicationID>15175</PublicationID> 		<Title>Theatrical journal</Title> 		<Qualifier>London</Qualifier> 	</Publication> 	<Publisher>S. Gilbert.</Publisher> 	<Volume>10</Volume> 	<Issue>488</Issue> 	<AlphaPubDate>Apr 1849</AlphaPubDate> 	<NumericPubDate>18490401</NumericPubDate> 	<SourceType>Historical Periodicals</SourceType> 	<ObjectType>General Information</ObjectType> 	<LanguageCode>ENG</LanguageCode> 	<ISSN>2043-6381</ISSN> 	<StartPage>123</StartPage> 	<EndPage>123</EndPage> 	<Pagination>123-123</Pagination> 	<URLDocView>http://search.proquest.com/docview/4887919/</URLDocView> 	<Products> 		<Product> 			<ProductID>1007574</ProductID> 			<HasFullText>true</HasFullText> 		</Product> 		<Product> 			<ProductID>1009130</ProductID> 			<HasFullText>true</HasFullText> 		</Product> 		<Product> 			<ProductID>10000001</ProductID> 			<HasFullText>true</HasFullText> 		</Product> 		<Product> 			<ProductID>10000297</ProductID> 			<HasFullText>true</HasFullText> 		</Product> 	</Products> 	<Terms> 		<FlexTerm> 			<FlexTermName>DerivedSubject</FlexTermName> 			<FlexTermValue>THEATRE - England - London</FlexTermValue> 		</FlexTerm> 	</Terms> 	<FullText>Cine reiartralI 3ottritai. TJI&amp;amp;RSDAY, APRIL 19, 1849.</FullText> </Record>