<?xml version="1.0" encoding="UTF-8"?>
<Record> 	<Version>Record_v1.0.xsd</Version> 	<RecordID>4888399</RecordID> 	<DateTimeStamp>20180928135639</DateTimeStamp> 	<ActionCode>change</ActionCode> 	<RecordTitle>Untitled item</RecordTitle> 	<Publication> 		<PublicationID>15175</PublicationID> 		<Title>Theatrical journal</Title> 		<Qualifier>London</Qualifier> 	</Publication> 	<Publisher>S. Gilbert.</Publisher> 	<Volume>16</Volume> 	<Issue>794</Issue> 	<AlphaPubDate>Feb 1855</AlphaPubDate> 	<NumericPubDate>18550201</NumericPubDate> 	<SourceType>Historical Periodicals</SourceType> 	<ObjectType>General Information</ObjectType> 	<LanguageCode>ENG</LanguageCode> 	<ISSN>2043-6381</ISSN> 	<StartPage>72</StartPage> 	<EndPage>72</EndPage> 	<Pagination>72-72</Pagination> 	<URLDocView>http://search.proquest.com/docview/4888399/</URLDocView> 	<Products> 		<Product> 			<ProductID>1007574</ProductID> 			<HasFullText>true</HasFullText> 		</Product> 		<Product> 			<ProductID>1009130</ProductID> 			<HasFullText>true</HasFullText> 		</Product> 		<Product> 			<ProductID>10000001</ProductID> 			<HasFullText>true</HasFullText> 		</Product> 		<Product> 			<ProductID>10000297</ProductID> 			<HasFullText>true</HasFullText> 		</Product> 	</Products> 	<Terms> 		<FlexTerm> 			<FlexTermName>DerivedSubject</FlexTermName> 			<FlexTermValue>THEATRE - England - London</FlexTermValue> 		</FlexTerm> 	</Terms> 	<FullText>Published every WVednesday Afternoon at 4 o&amp;apos;clock by I iLters, 28, JIolywell-street, Strand, for the Proprietor, WV. Bestow, 1B, Upper Cummings Street, Pentonville, wh( r, all commioications are to besentet and Sold by J. Allen, irwirIck.Iane; lHarris, Blaekrriar&amp;apos;8-road; (Gil1trt, Paternoster Htow Shaw nnd Wilson, 7, Bridges Str et, Covent Garden ; and all Booksellers and Newsvendorg. Nlanmthester, James Daggett, n2, Great Ancoats and Mr. Lvnch, Market Street; .1. E. lorsyth. *&amp;apos;4, Svotland Plaee, L.svrpol. T&amp;apos; lt had, by (riler, in :iiy of tihe l&amp;apos;rovinclal &amp;apos;ITown s.</FullText> </Record>