<?xml version="1.0" encoding="UTF-8"?>
<Record> 	<Version>Record_v1.0.xsd</Version> 	<RecordID>4901193</RecordID> 	<DateTimeStamp>20180928135454</DateTimeStamp> 	<ActionCode>change</ActionCode> 	<RecordTitle>Back matter</RecordTitle> 	<Publication> 		<PublicationID>15175</PublicationID> 		<Title>Theatrical journal</Title> 		<Qualifier>London</Qualifier> 	</Publication> 	<Publisher>S. Gilbert.</Publisher> 	<Volume>30</Volume> 	<Issue>1546</Issue> 	<AlphaPubDate>Jul 1869</AlphaPubDate> 	<NumericPubDate>18690701</NumericPubDate> 	<SourceType>Historical Periodicals</SourceType> 	<ObjectType>Back Matter</ObjectType> 	<LanguageCode>ENG</LanguageCode> 	<ISSN>2043-6381</ISSN> 	<StartPage>240</StartPage> 	<EndPage>240</EndPage> 	<Pagination>240-240</Pagination> 	<URLDocView>http://search.proquest.com/docview/4901193/</URLDocView> 	<Products> 		<Product> 			<ProductID>1007574</ProductID> 			<HasFullText>true</HasFullText> 		</Product> 		<Product> 			<ProductID>1009130</ProductID> 			<HasFullText>true</HasFullText> 		</Product> 		<Product> 			<ProductID>10000001</ProductID> 			<HasFullText>true</HasFullText> 		</Product> 		<Product> 			<ProductID>10000297</ProductID> 			<HasFullText>true</HasFullText> 		</Product> 	</Products> 	<Terms> 		<FlexTerm> 			<FlexTermName>DerivedSubject</FlexTermName> 			<FlexTermValue>THEATRE - England - London</FlexTermValue> 		</FlexTerm> 	</Terms> 	<FullText>Published every Wednesday Mommin. at Twelve o&amp;apos;clock I by Vickers, -317 Nsttid, for the Proprietor, -Mr. W II i:mvrow. To be had, by order, in any of the Provincial Towns. All communllications for the Editor to be forwarded to thi &amp;apos;l-ilIter, 333A,Straiid, W .0., (oprositi! &amp;apos;lomierset House</FullText> </Record>