<?xml version="1.0" encoding="UTF-8"?>
<Record> 	<Version>Record_v1.0.xsd</Version> 	<RecordID>4924231</RecordID> 	<DateTimeStamp>20180928135503</DateTimeStamp> 	<ActionCode>change</ActionCode> 	<RecordTitle>Book review</RecordTitle> 	<Publication> 		<PublicationID>15901</PublicationID> 		<Title>The British critic, 1793-1826</Title> 		<Qualifier>London</Qualifier> 	</Publication> 	<Publisher>C. &amp; J. Rivington</Publisher> 	<Volume>11</Volume> 	<AlphaPubDate>Jan 1798</AlphaPubDate> 	<NumericPubDate>17980101</NumericPubDate> 	<SourceType>Historical Periodicals</SourceType> 	<ObjectType>Review</ObjectType> 	<Contributor> 		<ContribRole>Editor</ContribRole> 		<LastName>Nares</LastName> 		<FirstName>Robert</FirstName> 		<PersonName>Robert Nares</PersonName> 		<OriginalForm>Nares, Robert, 1753-1829</OriginalForm> 	</Contributor> 	<Contributor> 		<ContribRole>Editor</ContribRole> 		<LastName>Below</LastName> 		<FirstName>William</FirstName> 		<PersonName>William Below</PersonName> 		<OriginalForm>Below, William</OriginalForm> 	</Contributor> 	<LanguageCode>ENG</LanguageCode> 	<ISSN>2043-2437</ISSN> 	<ISSN>0308-3853</ISSN> 	<StartPage>87</StartPage> 	<EndPage>88</EndPage> 	<Pagination>87-88</Pagination> 	<URLDocView>http://search.proquest.com/docview/4924231/</URLDocView> 	<Products> 		<Product> 			<ProductID>1007574</ProductID> 			<HasFullText>true</HasFullText> 		</Product> 		<Product> 			<ProductID>1009130</ProductID> 			<HasFullText>true</HasFullText> 		</Product> 		<Product> 			<ProductID>10000001</ProductID> 			<HasFullText>true</HasFullText> 		</Product> 		<Product> 			<ProductID>10000297</ProductID> 			<HasFullText>true</HasFullText> 		</Product> 	</Products> 	<Terms> 		<FlexTerm> 			<FlexTermName>DerivedSubject</FlexTermName> 			<FlexTermValue>CHRISTIANITY - 19th Century</FlexTermValue> 		</FlexTerm> 	</Terms> 	<FullText>MIISCELLANIES. Anrt. 44. Plait Fan:a *&amp;amp;A6TJ&amp;amp;d*ft I C.ovfiA&amp;amp;.f a.l;* a . A}n - a ft. .. . . 4rcbi;0.ps aiid f:* of ie Cbnh ef 5h i p Of the ifivrcir (le r Wg * tw/I J e ew Cmu AR: b&amp;apos;aemri. 04w w, t to t/ow thi CMr R~ftgip*, tIMd fg*J0ft- Mievi of uwefewlt Df0P0 . w POAA I?r I-dtebr -of Ib&amp;amp; CAWOV~B S84pp..!&amp;quot; X 69 Aen and Wlt 1196!, The charatet wAieh thIs wri&amp;apos;er givc of Vi r ua.A4 ct concurrence &amp;quot;attit It is a nwafia .3 &amp;gt; rate, calms and ratiQ;l;. and, when *a4Iaj ud8 Otcs can h little 4oubt ef its prduci &amp;apos; b p % fat* of the curar. CaWd for it with t1 w uaeq ncflJ4&amp;apos;r ej gard&amp;apos;iim as a .bo4y, tley am e tico spn~e, mnore thai any Jbua pft&amp;apos; &amp;apos;I i bp ;ftPm addtioi4 c ity; jt ql h. f, fi y I&amp;apos;bth canu ejoy. ert uAw Ip t t). of 1.heir hefr uid -a ztquta,; f* it or contrep ,tbd c mionn d utaujd to the lower 4 uraimy -kcnd o .; Wme until it has reached the top., Beides. when the beneficizry gharIngly under-rattes the value of the dutIe. he has to perform, what argaments can he, or thofe in his intereft, adduce, to prove him own fervices not overpaid. Which this aft does not appear to refuteI Not is the public Iefs interelted in doing away, to a certain degree, this difiarity. Whatever weakens the tefpea due to the officiating miiifters of religion, weakens its influence, and itrongly tends to throw back fociety towards barbarifm. The Bifhops f(crn to be engaged, by every confideration, to give this aQ a temperate but full i&amp;amp;f, with all convenicnt difpatch. Perhaps it might have beeni expcted, that movements to this end q might have been, before this time, more generally vifible. The vi. gout rad- wifdom of the 1iflhops of London and Rochcfter, we are here informtki, have Iexn honourably diflinguifhed by the zeal with *hich they have forwarded this excellent meafure : bit we hope that ihis Iefpecitable advocate of the curates, has been only furprifed into a belief, that any of our reverend diocefians would withhold the benefit of the a&amp;amp; from them, &amp;quot;4 becaufe they themfelves Would thiN it h4rd to be concililed to augmcnt the flipends of their curates.&amp;quot; Our alpprobat:ozn LI this traet, although it extends far, is not uni. verfal. &amp;apos;l&amp;apos;o wlat the author has faid oni the mode ot drermnining fala. zics under the new xt, and oil vefling, in the commigioners of the 1and-tax, the nomnination ot the livings in the king&amp;apos;s gift, Under z.201 &amp;amp; year in the b(xouk, and thofe of thre bifhups, we perceive objeftions, which appear to us very ftrong.</FullText> </Record>