<?xml version="1.0" encoding="UTF-8"?>
<Record> 	<Version>Record_v1.0.xsd</Version> 	<RecordID>4939519</RecordID> 	<DateTimeStamp>20180928135639</DateTimeStamp> 	<ActionCode>change</ActionCode> 	<RecordTitle>Art. XIV. The History of the Reign of George III. to the Termination of the late War. To which is prefixed, a View of the progressive Improvement of England, in Prosperity and Strength, to the Accession of his Majesty.</RecordTitle> 	<Publication> 		<PublicationID>15901</PublicationID> 		<Title>The British critic, 1793-1826</Title> 		<Qualifier>London</Qualifier> 	</Publication> 	<Publisher>C. &amp; J. Rivington</Publisher> 	<Volume>24</Volume> 	<AlphaPubDate>Nov 1804</AlphaPubDate> 	<NumericPubDate>18041101</NumericPubDate> 	<SourceType>Historical Periodicals</SourceType> 	<ObjectType>Review</ObjectType> 	<Contributor> 		<ContribRole>Editor</ContribRole> 		<LastName>Nares</LastName> 		<FirstName>Robert</FirstName> 		<PersonName>Robert Nares</PersonName> 		<OriginalForm>Nares, Robert, 1753-1829</OriginalForm> 	</Contributor> 	<Contributor> 		<ContribRole>Editor</ContribRole> 		<LastName>Below</LastName> 		<FirstName>William</FirstName> 		<PersonName>William Below</PersonName> 		<OriginalForm>Below, William</OriginalForm> 	</Contributor> 	<LanguageCode>ENG</LanguageCode> 	<ISSN>2043-2437</ISSN> 	<ISSN>0308-3853</ISSN> 	<StartPage>550</StartPage> 	<EndPage>556</EndPage> 	<Pagination>550-556</Pagination> 	<URLDocView>http://search.proquest.com/docview/4939519/</URLDocView> 	<Products> 		<Product> 			<ProductID>1007574</ProductID> 			<HasFullText>true</HasFullText> 		</Product> 		<Product> 			<ProductID>1009130</ProductID> 			<HasFullText>true</HasFullText> 		</Product> 		<Product> 			<ProductID>10000001</ProductID> 			<HasFullText>true</HasFullText> 		</Product> 		<Product> 			<ProductID>10000297</ProductID> 			<HasFullText>true</HasFullText> 		</Product> 	</Products> 	<Terms> 		<FlexTerm> 			<FlexTermName>DerivedSubject</FlexTermName> 			<FlexTermValue>CHRISTIANITY - 19th Century</FlexTermValue> 		</FlexTerm> 	</Terms> 	<FullText>Art. XIV. The Ut flory of the Reign of George III. to the ierraination of the lute Uar. io ivhitk is prefixed, a View of the pr ogre/live Improvement of England, m Prof perttv itnd Strength, to thc Accefjion of hts Maje/ly. -? ? &amp;apos;* . ? ? . jr. J ?-? rf * rn w Wk Jt . t &amp;apos; I In Ai* t&amp;apos;olumes. tty Kvhert ttrjet, LL. D. Author oj ttl* Life of Burke, &amp;amp;?c. &amp;amp;c. 8vu. ni. 12s. 6d. Longman and Co. 1804. HHHK magnitude and importance of the work before us, et* tending through the whole pei iod of what may be termed contempoiary hiftory, and comprehending fuch a variety of ? Which wm founded on Brook Taylor&amp;apos;s trcatife, events tVerfts which M conic home to the bofomtV, tad utkSt tho welfare of the prefent generatioih have rendered theetaaa** nation grf ks content* a matter of ferbers contemplation to our mindi, and inclined us to defer the difcuffien ton period of thc gfeateft leifure. Yet we cannot even now promtf* aH the attention which the fubject deferves; but only jo gfrt fuch a general view of the performance, tis (hall do juflke to the induftry and ability of the author, though Bot to all tht interesting topics which he has difcufled. The work which Mr. Adolphus * has published on the fame fubject, concluded with the peace of 1789, and we know not whether a continuation is intended. Dr* Billet has, however* amply fupplied the deficiency; and thofe who are interefted (as indeed who is not ?) in the events of the prefent reign, may now view them, to the period of the treaty of Amiens, through the medium of a well-informed and impartial hiliorian. In contemplating tbe prefent work, our attention it firft drawn to the preliminary part; in which the progreflive improvement of England in ncr internal profperity and firength, and in estimation and importance, among foreign powers, ia amply and petfpicuoufly detailed. The progrefs ot civilicaV tion and commerce is traced from the earlieft ages to the ac* ceffion of his prefent Majefty; and thus the trader is enabled to enter upon the main fubject with a more di (li net recollection of all the preceding periods and leading events of Englifh hiftory., Throughout tins preliminary statement, and indeed in the whole work, Dr. Bidet difplays one of the greateft merits of an historian, and that without which all other qua* Ikies are of little avait, namely, impartiality. In developing the views, and flating the meauires of contending parties, the balance is invariably held with a fteady and equal hand; and the author as freely cenfures the excerfes of each parry, as he praifes the meafures of either, whenever they appear to him to (Jefcrve it. Thefe are our general fentiments as to the introduction. We will now advert to tbe Hiftory itfelf; the firft Chapter of which ftates the Rife, Progrefs, Operations, and Refuits of the War of 1756 to the Acceffion of George III. and details the events of that war (in generalf) with perfpicuity and accuracy. In the fncceeding Chapter, the author -&amp;quot;&amp;apos; &amp;apos; inn ?&amp;apos; ?? ? ni ? rn ,?-????? lui ??in.11 n ni \mmmmmeee???mmm * See Brit. Crit. sol. *xi. p. 66s, and utlk. p, iff. + Wc fay ?? ht remerul* becaofc the taft defoe* ott; the cob* of France, in 175$, is net quite accurately tated* Upon that defersn the army did not, ss before, mar ch to Sr, rVMocs, bat along the coaft, without any apparent object bat to em* en alano. The enfbrtanalc afakatSuCeuAsoeldalfo^ eaters emera upon the events of the prefent reign; on fome of the moft important of which, contained tn the three firft volumes, we will (late, in fubftance, his reprefentation! and opinions, fobjoining a few extrafts ; as it is not poflible, in a Review, to examine and difcufs in detail the contents of fo voluminous m work. After noticing the aufpicious commencement of his Majefty&amp;apos;s reign, and the patriotic fpeech delivered to Parliament, {with fome events of inferior note) and jollifying his Sove. feign, tn a note, from a moft virulent and unfupported imputation by Mr. Belfham, the author proceeds to detail the further events of the war, and the negociations for peace which cook place in the year 1760. He then fets forth the conduit of Spain, and Mr. Pitt&amp;apos;s well-known propofal of an immediate attack upon that power; which, not coinciding with the opirtion of a majority in council, produced rtie refignation of that great minifter. In detailing the circumftances attending that refignation, thc author does juftice both to the fagacity ot Mr. Pitt, and to the good intentions of thofe who differed from him; reprefentirtg the mild but dignified behaviour of the Sr&amp;gt; vcrcign, lipon that occafion, in appropriate terms. The foU lowing ts his opinion on that memorable tranfaftion ; which, as a good fpecimen of his (lyle and manner, we will extra?l. ?? Mr. Pitt&amp;apos;s refignation of an employment in which his continuance would have promoted the moft momentous interefts of his couti* try, cannot cafily be juttified. From bb wifdom, his country might tiavr expected that he would have overlooked an oppofition of opinion ia ? c.rff which very fairly admitted of two conftruction*, though he wai eventually proved ro be right; that his patriotifm would have induce*! fcimto have employed his talents,even though every particular meafuit adopted might not be agreeable to his views; and that his magnanimity would overlook what he might fuppofe perfonal competition* But, whatever fen ti men ts were entertained refueling Mr. Pitt&amp;apos;s going out cf office, every impartial man agreed, that a greater minifter had nevrt acled under a fovereign of England. Lofty in genius, profound ia wifdom, and ex pan fi ve in views; inventive in council, bold in refolution, and decifive in conduit; he long over-bore party by unequalled ability. Sagacious in the difcovery of general and official charade*, lie discerned the fktteft inftruments for the execution of hu plaas ; and employing none in offices of high political, naval, or military trull, but thofe whom he knew to be thoroughly qualified for effecting the Eurpofe, he laid a fure foundation forfuccefs. The enterprifes under is adminiftration were brilliant, and the refills was at once advantageous and glorious. A mind of fuch force of intellectual and moral qualities, energy of operation, and perfeverance of exertion, which Ind in its powers and endowment* no motives for artifice or difguife, per* haps bellowed too lactic care to conceal from others that fupetioriqr whkh it fo traafcendantly pofleffed. A little more indulgence for comaum iotamon onderftandingi, and fomewhat refs of acrflcrity of temper and af inflexibility of difpofition, might hive prcfcrved thii ilMriani man io the eoandls of hil country.*&amp;apos; Vol. i. p. $ou Thefe fentimcnts, which in the main are certainly correct, art expreffed with good fenfe, candour, and moderation. The fame jutticc is done to the private worth and good intentions of the Earl of Bute; whom Dr. B. by the moft convincing prqpfs, excul* Etd from tbe malignant and unfounded charge of jicobitifm. e alfo gives due praife to that minifter and his colleagues for the vigour with which they carried on the war to its conclu(ion. Yet he cenfurei, in fome refpefts, the peace concluded by them, particularly for the ceflions made in the Weft-Indies; in which opinion moft impartial readers will, we think, coincide. t ? The tranfaftions refpefttng Mr. Wilkel form the next imSortant topic of con fi deration. The charaftcr of .the indiviHal is juftly drawn by the author; but he thinks, in common with perhaps all who refleft difpaflionately on the fubjeft, that the meafures purfued by adminiftration, in ilTuing the general warrant, and inftituting a parliamentary profecution, unneceffarily created a popular ferment, and raifed the North Briton and us author to a popularity and importance, which otherwife they could never have attained. x The Sump Aft (as it is ufually termed) and ifs confequence, is the next public proceeding on which the author has occa(ion to dilate. Previoufly to his (latement of the argumenti for and againft this meafure, he (judicioufly in our opinion) treats it as a mere queftion of expediency; and, on that ground, inclines to condemn it ai a hazardous departure from that policy which long experience had approved. Yet he confiders, with reafon, the repeal of that ftatute, accompanied, as it was, hy the Declaratory Aft (during the Rockingham adminiftration) as a weak and injudicious meafure, calculated to pleafe neither party; offenuve to America, without being advantageous to Britain. The Aft, however, having been re* pealed, the revival of fo dangerous a queftion, bv tbe duties afterwards impofed on America, is equally reprobated, as an impolitic revival of this dangerous difpute. A difcuffion of the affairs of Ireland at this period concludes the firft volume of this elaborate work. ^ ,&amp;lt; Amidft the variety of events contained in the fecoyd volume, the moft prominent are, the proceedings refpe?ting Mr* Wilkes after hu return to England, tbe difpute refpeAing the Middlefex eleftion, and the American war. Tnia laft ii re* lated at large; and, generally fpeaking, with accuracy and im. partiality; partiality; the able narrative of Captain Stedman* beingt% principal authority for moft of the tacts allcdged. Yet pei hap* this author is foi ne what too fcvere iu tlie farcafms fo frequently pafTed on the General who commanded the Britifh forces, during the greater part of theft period. Great allowance fhoulobe made for the uncommon difficulties of bis situation, a fituatton fo different from thofe in which Britifh Generals had ever before been placed. When the interference of France ia ibe difpute, aud the impending hoftifitics with that Wrngdom in confequence, prefenteu a new, and Aili more formidable, af* ped of public affairs, the appearance of tbe venerable Earl of Chatham in Parliament (in order to oppofe tbe motion for acknowledging tbe independence of America) and the awful fcene which enfued, are defcribed with great feeling and energy. As bis exertion upon this iuterclting occafion appear! to have haflencd the end of that illustrious ftatefman, wc will infert the author&amp;apos;s defcription of it, in bis own words. &amp;quot;Speak, ing of an Addrefs moved by the Duke of Richmond, and the Speech by which it was fupportcd, he (tates tbe noble Duke to have inftlted, ?? that the only fure means to extricate tu from the war with the colonies, was an unqualified recogni. lion of their independence.&amp;quot; ?? Thu&amp;quot;, he adds, ?? was a propofition, to which not only lord North, but the mott firm and violent and ardent fopporttr of coercive mea fa res was not more inimical than the illustrious champion of conciliation, tire earl of Chatham. His kirdihip had that fefioQ frequently attended the houfe of peers, lefs from the relaxation of diitempcr than from the calls of duty, which the incrcafing calatnitin of his country made him confider as every day more imperious. Ins bodily date fitted only for the ftillnefs and quiet of a bed of ficknefi, Iv encountered thc active warfare of the fenate, hoping his cotntfek instit *t length be admitted by thofe* who were experiencing fudk evils from former rejection and intractability, and that, in his oh! pgr, be might contribute to restore part of the profperity, greamefs, and glory, which he had acquired for his country in the vigour of hil Ide, and which left her when he ceafed to guide her affairs. His exer* lion, in the former part of the fefiion,fo mach beyond his bodily strength, had increafed hil distemper} hut, intormed of thc bufinefs that wait* bc agitated, and aware of the doctrines which would be brought fol* ward, he thought it incumbent on himfelf io render ic manifeft to the world, that though he agreed with the marquis of Rockingham Std his adherents in reprobating the fyftem of ministry, he totally differed from them on the queftion of American independence. He accord* ingly betook himfelf to the fenate, of which, tor near half a centoit, he had been the brighceft luminary. Having arrived in the houfe, at refrefhed himfelf in the lord chancellor&amp;apos;s room, until he learned that * Sec Brit, Cfit, vel* iv. p. j8i? &amp;apos; bufmefc tatnell wai about to begin. Tbe infirm ftatefmae wai lad into the haafe of peers, attended by bb fotvinlaw, hud Mahon, and reding aa the arm of his fecond fon,, Mr* William Pitt* He wai richly drefied in a fuperb fuic of black velvet, with a fall wig, and covered ap to the knees in flannel. He was pale and emaciated; but che dartiag quickness, force, and animation of hia eyes, and the expreflion of hil whole countenance, (hewed that his mind retailed its primaeval perfbicactty, brilliancy, and drength. The lords flood up, and made a lane fer him to pafs through to the bench of the earls; and with the gracefutaefs of deportment for which he was fo eminently difttnguHbed, be bowed to them as he proceeded. Having taken Kia feat, he iiftened with the moft profound attention to the fpeeeh of the duke of Richmond. When his grace had fi ni flied, lord Chatham rofe; he lamented that, at fo important a criGs, his bodily infirmities bad interfered fo often with bis regular attendance on his duty in parliament. &amp;quot; I hive this day (faid he) made an effort beyond the powers of roy con* rlitution, to come down to ihe houfe, perhaps the laft time I (hall enter hi walli, to ex prefs my indignation againft the propofition of yielding the fovereignty of America. My lord, I rejoice that the grave has not cloted upon me, that I am dill alive to lift up my voice againft the dif;nemberment of this ancient and noble monarchy. Prefled down ai 1 am by the load of infirmity, I am little able to affift my country io thii moft periloui conjuncture; but, my lords, while I have fenfe and memory, I never will conftnt to tarnifh the ludre of this nation by an ignominious fum-mler of its rights and faired poiTeffions. Shall a people fo lately the terror of the uorld now fall proftrate before the houfe of Bourbon? It is im poflible. I am not, 1 confefs, well informed of the refources of this kingdom; but I truft it has Aili fofl* cient to maintain tts jud rights, though 1 know them not; and any Kite, my lords, is better than defpahr. Let us at lead make ona ct* fore i and, if we mud fall, let us fall like men.&amp;quot; &amp;quot; Ihe duke of Richmond declared hil grief and horror at the difni&amp;apos;mherment of the empire to be as great as that of any man in the houfe or nation; but how wai it to bc avoided: he himfelf was totilly ignorant of the means of refilling with fuccefs the combination of America with France and Spain. He did not know how to prefcrve the dependence of America. If ?yiy perfon could prevent fuch sn evil, lord Chatham was the man; but what were the means thal great ftatefman would propofe. Lord Chatham, agitated by chis appeal, made an eager effort, at its conckition, to rife; bot, before he could utter a word, prefling his hand to his heart, he fell down io a tonvulGve fit. The duke of Cumberland and lord langi?, who were neared him, caught him in their arma. The houfe was immediately in commotion, ftrangers were ordered to depart, and the houfe wai adjourned. Lord Chatham being carried into an adjoining ipirtmcnt, medical a (Ii (lance foon arrived. Recovering in fome de* |tce, he was conveved in a litter to hia villa at Hayes ia Kent; and there he lingered till the end of Mty, when be breathed his laft, in the feventieth year of bis age.&amp;quot; Vol. iii. p. 39. , A well-written charaQcr of thii illuftrious ftatefman is fubjained. The fuccccding events of the war are fully, and Sot for the mott part accurately, defcribed; nor is left sue** (ion bellowed oft domestic tranfactions. In tbe character rf Lord North&amp;apos;s administration, given at the clofe ot it, the aa. thor j ult ly remarks, that the calamities which occurred during that pei tod are not tn be afcribed wholly to Ministers, but alS to Paiiiameni, ?? which, by its approbation, fa ntl i one d their acts; ?ind to tbe people themfelves, of whom the greater part was eager for commencing and continuing the wai&amp;quot;. We faight add, that the courfe of events, and the rapid incieafe -which took place in the population and power of tbe Amen* can colonies, naturally led to a feparation; and that fuch aa event would probably have taken place before the prefent time (with more or lefs ftruggle) even nnder the wifeft adminiltration. The circumstances which produced the peace of S783, and the terms of that treaty, are next fct focth, and the debates on that fubject detailed. On tbe coalition between Lord North and Mr. Fox, the author&amp;apos;s opinion appears to agree with that which was exprefTcd at tbe time, by a great majority throughout thc kingdom. In difcufling the merit of Mr. Fox&amp;apos;s India Bill, though he admits it to be pregnant with thofe dangers which were pointed out, and Hates rt to have been M completely fitted to eftablifh an oligarchal confederacy, headed by Charla James Fox*\ yet he allows it to be &amp;quot;theef. fort of an expanded and towering genius&amp;quot;. With the highett refpect for the talents of that ftatefman, we confefs this is not the light in which it has appeared to us. That it was a very violent and daring meafurev we are not difpofed to deny; bul what great effort of genius it required, to devife an Act of Ptoliament which fhouid, at one fl roko, annihilate all tbe rights of a great chartered body, di fpo fie fr them of their whole prop.:ty, ?r.J nlace ii under thc abfolute control*! of a fet ot in* dividuJs we are fo dull of apprehenlion as not to difcero. Ti.v&amp;apos; au bur objects to the meafurc, on Arong, and we think juli, grounds; and properly obferves, that Mr. Fox had not v * need that neceflity by which alone it could he juftified. Mr. Pit&amp;apos;s piopofed India Bill is then flated, and its rcjeflioa by the Houfe. The remaining events, to the eflablifhmenl of Mr.- Pitt as Minilter, and the confeouent diffolution of Par* li tmeni in 1784, are alfo clearly detailed; and fome obfervtv lions added, on tbe fortunate union of talents and fi rm nf fi, which enabled that Minister to triumph over hts adverfariei, and to maintain the ground which he tiad taken, in de.enccof the mon ireby and costitution. With thefe important event* clofes thc third volume of this Hiftory. (To bi concluded in our next.) BRUIS*</FullText> </Record>