<?xml version="1.0" encoding="UTF-8"?>
<Record> 	<Version>Record_v1.0.xsd</Version> 	<RecordID>4981559</RecordID> 	<DateTimeStamp>20180928135639</DateTimeStamp> 	<ActionCode>change</ActionCode> 	<RecordTitle>Book review</RecordTitle> 	<Publication> 		<PublicationID>8057</PublicationID> 		<Title>The Critic</Title> 		<Qualifier>London</Qualifier> 	</Publication> 	<Publisher>John Crockford.</Publisher> 	<Volume>17</Volume> 	<Issue>440</Issue> 	<AlphaPubDate>Dec 11, 1858</AlphaPubDate> 	<NumericPubDate>18581211</NumericPubDate> 	<SourceType>Historical Periodicals</SourceType> 	<ObjectType>Review</ObjectType> 	<LanguageCode>ENG</LanguageCode> 	<ISSN>2043-1961</ISSN> 	<StartPage>875</StartPage> 	<EndPage>875</EndPage> 	<Pagination>875-875</Pagination> 	<URLDocView>http://search.proquest.com/docview/4981559/</URLDocView> 	<Products> 		<Product> 			<ProductID>1007574</ProductID> 			<HasFullText>true</HasFullText> 		</Product> 		<Product> 			<ProductID>1009130</ProductID> 			<HasFullText>true</HasFullText> 		</Product> 		<Product> 			<ProductID>10000001</ProductID> 			<HasFullText>true</HasFullText> 		</Product> 		<Product> 			<ProductID>10000297</ProductID> 			<HasFullText>true</HasFullText> 		</Product> 	</Products> 	<Terms> 		<FlexTerm> 			<FlexTermName>DerivedSubject</FlexTermName> 			<FlexTermValue>ENGLISH LITERATURE - History and Criticism - 19th Century</FlexTermValue> 		</FlexTerm> 	</Terms> 	<FullText>[ Tide ASC(jIl. PuOld-it(al and Comilnfr.&amp;apos;al .0 &amp;quot;I&amp;apos;&amp;apos;, &amp;apos;.&amp;apos;, Meecdtt .bS&amp;apos;eam/ (&amp;apos;ummtnttlicatlima aii rajw! ;bl t co)sde betLcenl LurPo)e ctad A merica,, r Icliaad. By Pm.wN7 1iII.is. (London 11 .ilu :.)-A palmphlet writen for the purpose of directinzw thb American passenger trade and postal cnimunui.lti(ii i ! thlro 1 Ireland. The statistics, if tht- . bc cc rect, satisfactorily eStablish, the superior r;ipbk&amp;apos;&amp;apos;v t f the rotite. andl there can boe no doubt that both A ni( rica&amp;apos;s and Irish would be benefited by the clh;ine. Tioe only people from whoim anv oppositiu: neeJ Le ,ea onmablv expected is the English.</FullText> </Record>