<?xml version="1.0" encoding="UTF-8"?>
<Record> 	<Version>Record_v1.0.xsd</Version> 	<RecordID>4984199</RecordID> 	<DateTimeStamp>20180928135639</DateTimeStamp> 	<ActionCode>change</ActionCode> 	<RecordTitle>NOTICE.</RecordTitle> 	<Publication> 		<PublicationID>8057</PublicationID> 		<Title>Critic, 1844-1847</Title> 		<Qualifier>London</Qualifier> 	</Publication> 	<Publisher>John Crockford.</Publisher> 	<Volume>5</Volume> 	<Issue>107</Issue> 	<AlphaPubDate>Jan 16, 1847</AlphaPubDate> 	<NumericPubDate>18470116</NumericPubDate> 	<SourceType>Historical Periodicals</SourceType> 	<ObjectType>General Information</ObjectType> 	<LanguageCode>ENG</LanguageCode> 	<ISSN>2043-1961</ISSN> 	<StartPage>54</StartPage> 	<EndPage>54</EndPage> 	<Pagination>54-54</Pagination> 	<URLDocView>http://search.proquest.com/docview/4984199/</URLDocView> 	<Products> 		<Product> 			<ProductID>1007574</ProductID> 			<HasFullText>true</HasFullText> 		</Product> 		<Product> 			<ProductID>1009130</ProductID> 			<HasFullText>true</HasFullText> 		</Product> 		<Product> 			<ProductID>10000001</ProductID> 			<HasFullText>true</HasFullText> 		</Product> 		<Product> 			<ProductID>10000297</ProductID> 			<HasFullText>true</HasFullText> 		</Product> 	</Products> 	<Terms> 		<FlexTerm> 			<FlexTermName>DerivedSubject</FlexTermName> 			<FlexTermValue>ENGLISH LITERATURE - History and Criticism - 19th Century</FlexTermValue> 		</FlexTerm> 	</Terms> 	<FullText>NOTICE. THE CRITIC forwarded by post on the day of publication, for half-a-year, on transmission to the ofce of 6s. 6d. which may be sent in penny postage stamps, or by postoffice order made payable to Mr. JOuN CROCKFORD, Publisher of THE CRITIC. Voly. 1 to 4 of THE CRITIC, or either of them, may be had, handsomely half-bound, at 108. each. Vol. 4 contains the commencement of the List of Heirs-at-Law and Next of Kin.</FullText> </Record>