<?xml version="1.0" encoding="UTF-8"?>
<Record> 	<Version>Record_v1.0.xsd</Version> 	<RecordID>5002557</RecordID> 	<DateTimeStamp>20180928135642</DateTimeStamp> 	<ActionCode>change</ActionCode> 	<RecordTitle>Table of contents</RecordTitle> 	<Publication> 		<PublicationID>8057</PublicationID> 		<Title>The Critic</Title> 		<Qualifier>London</Qualifier> 	</Publication> 	<Publisher>John Crockford.</Publisher> 	<Volume>9</Volume> 	<Issue>217</Issue> 	<AlphaPubDate>Apr 15, 1850</AlphaPubDate> 	<NumericPubDate>18500415</NumericPubDate> 	<SourceType>Historical Periodicals</SourceType> 	<ObjectType>Table of Contents</ObjectType> 	<ObjectType>Front Matter</ObjectType> 	<LanguageCode>ENG</LanguageCode> 	<ISSN>2043-1961</ISSN> 	<StartPage>183</StartPage> 	<EndPage>183</EndPage> 	<Pagination>183-183</Pagination> 	<URLDocView>http://search.proquest.com/docview/5002557/</URLDocView> 	<Products> 		<Product> 			<ProductID>1007574</ProductID> 			<HasFullText>true</HasFullText> 		</Product> 		<Product> 			<ProductID>1009130</ProductID> 			<HasFullText>true</HasFullText> 		</Product> 		<Product> 			<ProductID>10000001</ProductID> 			<HasFullText>true</HasFullText> 		</Product> 		<Product> 			<ProductID>10000297</ProductID> 			<HasFullText>true</HasFullText> 		</Product> 	</Products> 	<Terms> 		<FlexTerm> 			<FlexTermName>DerivedSubject</FlexTermName> 			<FlexTermValue>ENGLISH LITERATURE - History and Criticism - 19th Century</FlexTermValue> 		</FlexTerm> 	</Terms> 	<FullText>COINTEINTS. PAI(;M lReliionll Lin E! cation.. 1983 Sill NrF-Lsr(lucr&amp;apos;s lailsway Econoniy . 184 &amp;apos;Walker&amp;apos;s Electric r&amp;apos;clegraih Matnipolation ... I 85 D)iary and Correspondence of John Evelyn- . l^ Selectionsc frnuin the Poienm, and Letters of Bernard Blarton ... I 96 lleadl&amp;apos;s Historical .Mlemoirs of Cardinal Pacca ... 188 Lodge&amp;apos;s M 1Imoirs of lllustriotis Pe-onagcs of Great Britain . lS9 NATURAL IIISTORLY Mason&amp;apos;s Treatise on the Climnate and Meteorology of Madeira- 190 (OYAG(ES ANI) T&amp;apos;AVELS-l)ana&amp;apos;s United States Exploring Expedition ... 190 FICITION - Warhbrton&amp;apos;s Reginald last ings... 192 Mary Russell Mlitford&amp;apos;s Country Stories .193 Ainsworth&amp;apos;s Tower of London . 193 P&amp;apos;OETLT A I) 111F DHAMAlBroOwning&amp;apos;s Christmnas-Eve an(l Easter-Day .... 193 Whose oelns? &amp;amp;C.194 Bannerman&amp;apos;s Comedy of D)ante Alighleri. . 194 PoLATIC s AND POLITICAL ECONOMYY: A Lettcr to the Archbishop of Canterbury from the Bishop of Exeter .194 IrELIG 10NNew Polyglot Bibli .195 E Dt&amp;apos;CATION AND CIIILIREXNS BlOOKSGubbins&amp;apos;s Latin and Envlish (Graminar .195 Wright&amp;apos;s Biographical G(nims. 1Or Jacolb Abbott&amp;apos;s H1istories. 19 M IiCEI.IANE4)I&amp;apos;SSevnes from the Life of n Soldier In Active Service .. 195 &amp;apos;T.iliutusen&amp;apos;s Klopctock, Lessing, and W~ieland.(. 197 Spencer T. Hall&amp;apos;s Life and Dealth in Ireland 197 (Clunbers&amp;apos;.s Pipers for the People 19t7 Ilhe Cireiteer.. 1!17 Tin Book of Crotchet and Lace Work 197 hlackle~&amp;apos;s WVrks k(f Virgil 197 P&amp;apos;EHlalIOMAU.S AND SERIAL. 197 oI~~~~~~~~~~~~~~~~~~~~~~~~~ fig1&amp;apos;_ Nesv 51nic!.I ?18 Mlsic:ul and D)r.moatic Chit.(&amp;apos;lhat 198 Exhibition of the Soeletv of British Artist. 199 Talk of the Studios. 20) ITHE D)RAMA AND PUBLIC ANIMUSEMENTS.0 2(0 NmE(&amp;apos;OLOaY - Sir WillIam Allan 201 LITERARY INTEILIGENCEGossip of the literary World 201 BlRTHIS, &amp;apos;MARRIAGF.S AND DEAT1S . 202 ()ORMINAL CONTnIBUTrONS: St. Georg.C By Hlargrave Jennings 202 lIsT o0 NEW [BOOKS 202 .%v l nl.ssIE rs. 1sI, 182,203, 204</FullText> </Record>