<?xml version="1.0" encoding="UTF-8"?>
<Record> 	<Version>Record_v1.0.xsd</Version> 	<RecordID>5017238</RecordID> 	<DateTimeStamp>20180928135524</DateTimeStamp> 	<ActionCode>change</ActionCode> 	<RecordTitle>Grins and Wrinkles; or, Food for Thought and Laughter.</RecordTitle> 	<Publication> 		<PublicationID>8057</PublicationID> 		<Title>The Critic</Title> 		<Qualifier>London</Qualifier> 	</Publication> 	<Publisher>John Crockford.</Publisher> 	<Volume>16</Volume> 	<Issue>401</Issue> 	<AlphaPubDate>Dec 15, 1857</AlphaPubDate> 	<NumericPubDate>18571215</NumericPubDate> 	<SourceType>Historical Periodicals</SourceType> 	<ObjectType>Review</ObjectType> 	<LanguageCode>ENG</LanguageCode> 	<ISSN>2043-1961</ISSN> 	<StartPage>561</StartPage> 	<EndPage>561</EndPage> 	<Pagination>561-561</Pagination> 	<URLDocView>http://search.proquest.com/docview/5017238/</URLDocView> 	<Products> 		<Product> 			<ProductID>1007574</ProductID> 			<HasFullText>true</HasFullText> 		</Product> 		<Product> 			<ProductID>1009130</ProductID> 			<HasFullText>true</HasFullText> 		</Product> 		<Product> 			<ProductID>10000001</ProductID> 			<HasFullText>true</HasFullText> 		</Product> 		<Product> 			<ProductID>10000297</ProductID> 			<HasFullText>true</HasFullText> 		</Product> 	</Products> 	<Terms> 		<FlexTerm> 			<FlexTermName>DerivedSubject</FlexTermName> 			<FlexTermValue>ENGLISH LITERATURE - History and Criticism - 19th Century</FlexTermValue> 		</FlexTerm> 	</Terms> 	<FullText>I Grins an(l lUriukles; or, Fod f;,r T.oujyt awn I Laughter. By J. MIGuLEuiot ALLEN. Louldoll: J. Blackwood. A COLLECTION of tales, or rather expanded anec~dotes, some comic, some serious, the scenes of one half laid in the new and of the other half in the old world. The first part depicts Canadian life, with which the author appears to have had an intimate acquaintance. lfe is a keen observer, and his sketches are extremely graphic and lifelike. We like him better in the colony than in the mother country: he is more at home in Canada. There he paints from the life as it was passing before his eyes; here chiefly from memory or imagination. And we like his fun better than his pathos; it is more natural.</FullText> </Record>