<?xml version="1.0" encoding="UTF-8"?>
<Record> 	<Version>Record_v1.0.xsd</Version> 	<RecordID>5020479</RecordID> 	<DateTimeStamp>20180928135639</DateTimeStamp> 	<ActionCode>change</ActionCode> 	<RecordTitle>Advertisement</RecordTitle> 	<Publication> 		<PublicationID>8057</PublicationID> 		<Title>The Critic</Title> 		<Qualifier>London</Qualifier> 	</Publication> 	<Publisher>John Crockford.</Publisher> 	<Volume>20</Volume> 	<Issue>517</Issue> 	<AlphaPubDate>Jun 2, 1860</AlphaPubDate> 	<NumericPubDate>18600602</NumericPubDate> 	<SourceType>Historical Periodicals</SourceType> 	<ObjectType>Advertisement</ObjectType> 	<LanguageCode>ENG</LanguageCode> 	<ISSN>2043-1961</ISSN> 	<StartPage>699</StartPage> 	<EndPage>699</EndPage> 	<Pagination>699-699</Pagination> 	<URLDocView>http://search.proquest.com/docview/5020479/</URLDocView> 	<Products> 		<Product> 			<ProductID>1007574</ProductID> 			<HasFullText>true</HasFullText> 		</Product> 		<Product> 			<ProductID>1009130</ProductID> 			<HasFullText>true</HasFullText> 		</Product> 		<Product> 			<ProductID>10000001</ProductID> 			<HasFullText>true</HasFullText> 		</Product> 		<Product> 			<ProductID>10000297</ProductID> 			<HasFullText>true</HasFullText> 		</Product> 	</Products> 	<Terms> 		<FlexTerm> 			<FlexTermName>DerivedSubject</FlexTermName> 			<FlexTermValue>ENGLISH LITERATURE - History and Criticism - 19th Century</FlexTermValue> 		</FlexTerm> 	</Terms> 	<FullText>GLE NFIELI) PATENT STARCII, G &amp;apos;SEl IN THE ROYAL LAUND)RY. AND PRONOUNCwED Ly HE R MAJESTY&amp;apos;S LAL&amp;apos;NDRIISS to be Tilt, FINES&amp;quot;T STARICH SHE EVER USED. Sold by-all (&amp;apos;IiatdlerA, Grocers., c., &amp;amp;c. URN IT U RE.-WIIERE to BUY, FW IA to IIUY.-l&amp;apos;. and S. IBEYFUS areselling the 2%!q. Dinisig-room suite. tite onf. lDrawinst-roomt stifte, the:a.61 Bedro sut;iahlr&amp;apos; Bedroom, 71.; anid Servants&amp;apos;, 41. illustrated catalogues grAtis, and free by po~it. Goods- cirriage paid to any part of the kingdomn-1&amp;apos;. and S. ISEYF&amp;apos;LS, .PI, 93 and 9.5, City -road, Lon-don. 0TOPERSONS FURNIShIING. -The T most varied And extensive STOCK of CABINET FrliN ITU&amp;apos;ItE, U phdlstery Goodi, Bedsteads, Btedding, Chbmlmny-glasses, IDamasks, C!Arpets, itc., conveniently arranged ior public inspection, will be found it thle finmense furniture galleries anid show-rooms of &amp;apos;Messrs. DR UC E and (&amp;apos;0, Nos,..54 ase, and (;,., Ilaker-street. The price is marked on ever akrticle in platin llzurce,tliat personsniiayniake theirown estimates, as imnportunilty to purcitasersis not alltowtd. l;1&amp;apos;(ry ,article being inaitufactuired b%. llrst-rate workmen, ol thep hest sesned ntrll.atwelveittonth&amp;apos;s warranty is civen. lPurchasers are inviteti to visit this establishmenet bef&amp;apos;ore decidiog elsehere N. I. Iron bedsteads, Ss. Wd. each; zoiii easy chairs &amp;apos;Ind us5 wlardrbe ito select front. Catrpets is. Icr yard nuder the u rs prce. lilittrated books, post free. SPICED BREAKFAST TONGUES, 74d. k eaeh, or 3 Is. C per htull-dozen. Cheddatr Loal Ch4ese, 71.and sidL per 11, Osborne&amp;apos;s l&amp;apos;eat-smtoked B~reakfatst Itacon, 94. per lb). by the half-side. ]titters in perieceti At reasonlable rates. A saving of l&amp;amp; per ce:ut. Is eilected by the pUrchaser at this establtahmectitnt all first-class provisions. lackages gratis. OSIltNE&amp;apos;.-; CIIEESE W.IREIIOIUsE, Obhornie Houtse, :;i), Lutd&amp;apos;,mte-hitl, itear St. l&amp;apos;aui&amp;apos;.4, EU.C lIIIBEST anti C11EALPEST TEAS and T (11&amp;apos;O&amp;apos;FFEEPS in England are to be obtained ofl&amp;apos;illILLII&amp;apos;S and Co).. &amp;apos;lea Mferchait-it, 8, KIng WVilliamt-struet, (City. Good strong tiseful Tea, 2s. 8,1., 1s. lod4., :Lc. Antd 4;. ;rielt Souchong, a1s. S&amp;apos;I.. 3s. 1iod., atitd 4.. l&amp;apos;ure CoffXees, Is., Is. 24., is. 3&amp;apos;., Is. 41., 1s. 6.1., and is. 8d. Tea And (&amp;apos;&amp;apos;ofiee to tite value Of 40J*. sentt carrisaz free to any railway statiott or matrket-town Ini Ettetand. A price eakrrent free. &amp;apos;Stitgrs at uitirket price,,. All goods carriage free within ei&amp;apos;,ht miiles of the (Citt&amp;apos;. ______ HO0R NIM A.N&amp;apos;S PURItE T EA, T13- T l, LEAF NOT COVERIED WITH COLOJIL. STRONGe, lttCtt. 11ttd FI&amp;apos;LL-Ft.AVO~ttrt) TFA is thus1 sectiredl, as inuporting it before the Chinesue corer it trithe olaur makes it irnpos-;lhle for any hrow&amp;apos;tt luw-priced tituttilttiI&amp;apos;eave 1to be made to appear like the lest, and passed otr to the cotnsumer at a high hurice. l&amp;apos;rice.Ml. 8.1., 4s.. andi 4.4. 44. per lb., inl Packets. I&amp;apos;LIbSEUt, to, (&amp;apos;orulill. and 119. (Cheapside: E1.1IIINST, INV, 227, FoasF_&amp;apos;FsviE, B 1swte , irss. lirotmptti : AtxilitiN. Btarnsbury-par-k: M1 rri.ao. Cantdent-towt: .JOHtxTON, Charinmcross; Wt*BSTEU, Moorgale-st.; NrWrct, Hackney; DELl,I, Klngslttnd: 14AI.t.AtRD, llammiersmlth 4 Att.%m1wAt, Islinrtoti; GO&amp;apos;rr&amp;apos;G, Kentisit-town andl P1itolico: LtUCAs, Iridg-e-st.. W1estminster;, Pro&amp;apos;,,;. Nottinre-hill: McC( ASII, Stratlford; llrir, Russell-square; IDous-oN, 98, Bl~cktiuan-st.; I1o0:NIMAN&amp;apos;s Agetits fEETII.-Mr. EDWARD DAVIESON T.cottttnues. to StUPPLY TEETIh of titemost extraordinary beauty. T&amp;apos;EN SHILILINtGS PEFR TO)OTHI. which price can only he excee-ded by expenisive rittitiuttg.s. his LIQL&amp;apos;ll ENAMEIL. for Stopping Dsecayed Teeth, is p early witite. and lasts for ever.-448., West Strand, Londovt, adj,,itti ng the Electric Telegraph Oftice. DescrIptive Books free by post, two stamps._ _____________ VALUABLE REMEDIES FOR THlE A FFIACTrFD. DIR. ROBERrS&amp;apos;S CELEBRATED OINTD MENT, called the POOR1 &amp;apos;MAN&amp;apos;S FRINI)N, is confidently recurtitended to the Public asatunai remedy for wounds of every description, a certain cure for L Icerated sore legs, if of twenty years&amp;apos; standing;. Cuts, hlunts, Scabls, Bruises,. Chilblains, Acorbutlc Eruptions and l&amp;apos;lmples on the Face. sore and Itfiamned Eyes, Sore Hectds, Sore Breasts, 1&amp;apos;iies, F&amp;apos;istula. atid Cancerous hIumours, kc. Sold in Puots, at Is.l(1, ,L2s. 94., 1s.. and 22*.each. Also his PILULAX ANTISCROPIIULLF confirmed by sixty years&amp;apos; experience to be, without exception. one of the best aterative medicines ever compounded for urlflnglieblod, ad asisingnature in all her operations. l&amp;apos;Inceheareuse i ScofuaScorhutic C&amp;apos;omplaints, Glandulr sellngs p rtiulaly hoe of t fe neck, k&amp;apos;c. They f&amp;apos;orm a mid ad speror amiy Aerintthat may be taken at all at IL. Iid., 2*. 9d., 4a. 64., 11is., and 2s. o it odIibxs Sold wholesale by the proprietors, JBFACII and BARt.sieorr at their dispensary, lBridport: by tile London hou~ses4. Rtetal by all respectable Medicine Vendlors Iit the United Kingdlomi and Colonies Observe: No medicine sold under tite above name can possibly be genaine, unless I&amp;quot;Beach and JBarnicoltt late IDr. Roberta, llridport,&amp;apos;&amp;quot; Is engraved on the Governtment Stamip affixed to each package. ___ PEWARE of Spurious and Dangerous B Comnpouands, sold In Imitation of Dr.J. COLLIS BROWN ES C I1LORODYNE. a name Invented and applied lb l)r.J. (&amp;apos;. BRtOWNEM.R.C.S. (ex-Arioy tdiaStall&amp;apos;)t hia great, discovery, which Is so extraordinarily, curative In Consumption, Coughs, Asthma, Croup, Bronchitis, Neural&amp;quot;ia llead-Achtes, Hysteria. lDiarrhras, and Diphtheria. As a proof of its efficacy, a few extracta fromi numerous testimonials by physicians and surgeotis are given: From W. V&amp;apos;LstAs.v, PsrrIGPttw, M.D.. Ilon. F.Ri.C.S., England, formerly Jkecturer upon Anatomy and Physiology at St. Oeoroge&amp;apos;s Schouol of Medicine: -I have never &amp;apos;met with any medicine so effilcacious as an anti-spasinodic and sedative.I have used It In Consumption, Asthma, Diarriteesa, and other diseases, and am most perfectly Satisfied with the results&amp;apos;&amp;quot; From lDr. M&amp;apos;MN11.1.WAN. Of New Galloway, Scotland: I I conSider it the most valuable medicine known, &amp;quot; Dr. Liim Ifhoc.G says: ,The more I use it the more satisfied am I of its great usefulness. &amp;quot; Dr. MGwo Caok-r, lae Army StvAf says: 1. it is a most invaluable medicine.&amp;quot; Dr. GaoArmy Medical Staff, Calcutta: &amp;quot;~Two doses completely cured me of Dilarrhoea.&amp;apos;&amp;quot; From C. V. RIDOUT. Esq., Surgeon, Egham: &amp;quot;1As an astrinVetIisvre Diatrrhoea, anul an anti-spasmodic In Colic with rmsinteAbdomen, the relief is Instantaneous, As a sedative In Neuralgia and Tic Doloureux, its effects were very remlArkable. Ilii L&amp;apos;erine Affections I have foutnd it extremely valuable.&amp;apos;&amp;quot; Sold only in botties, at 2#. 94. and 4s. 64., by the Sole Agent and Manulathetrer, J. T. 1)AvrSroT, 33, Great lltis-Il-street, Bloomistuuiry-f.uare. London ; or sent carriage free ott receipt Of stamps or IPot-office order. -None genuine without the words &amp;quot; Dr. J. Coillis Browne&amp;apos;s Chlorodyns &amp;quot; engraved on the Government stamp. RECENT OPINIONS OF THE PRESS I fod for~s Q tnticIt iudarp for 1 bGO. E GUARDIAN.-Suelal iisso 1 at C &amp;quot; c~~~~~~~~~~~~~, i-, 01 iuu&amp;apos;to &amp;apos; for I ;,, is really ti valua blhe w ork-; mind T-facts ad statistics in regard to thme educatioti, pre- is as -uhucrior to our old iriciul the~ &amp;quot; Clergy list, &amp;apos; as time ferments-, and authorship of the clergy cotiuld murly h~ave &amp;apos; lost-otfice I irectory&amp;apos;&amp;apos; was to its foreriumiter &amp;quot; Ihilsol.&amp;apos; been got together at costly expense and trouble. . . . . For correctness aiud careful compuilation the TilE- MORN ING ADVERTrISEII.-TlhI atnount arid prwesetit ,wuirk leaves far I~hulitutlall ,rcuious d~recvarietycof the information it contaitte , &amp;apos;oisidering time ruie. &amp;apos;ilie book Ifirts a biograul ical ktey to a.)out Wrce a wich it is published, must exci~e time agreeable 15,w1)1( tlibubbi.&amp;apos;5 srrsofthe purchasers of the book. 1&amp;apos;iiere isscarcely &amp;apos;1Il:iI.rus~rilAi&amp;apos;lri, LO)NDON NEW&amp;apos;S-This is indeed a inlelfact of interest coniiected writlithu hur~eset ItIe secotnd year of&amp;apos; the puoblicationi of thIs wveil-arr&amp;apos;.itgeu possession of places in the Establishment which will not CEI.-rif ini-co,wi, which is a btiographtical atnd &amp;apos;tatiatical be found in the (&amp;apos;1-rico! Dirctfory. As a work of&amp;apos; refer- ibook of&amp;apos; ruierence for facts relatinig tu lie, clerg-y arid time ence it is Otto oh&amp;apos; great value. Chiutrch. It contains 17,5oo tiartes, in &amp;apos;slrirt alpfiuabetiu&amp;apos;al TIlE. IAILY- NEWS.-This is a biographical (lie- orulu:r a (&amp;apos;4 plebhlte indlux to buttelices uttd curacies ; a hist tionary of the Episcopal clergy of our day. It conttain~s of lthe rin-4 cl, rgy Lelongizig to time Chutrcrh; otie of bthe the names of 17,o&amp;apos;1oo deacons, priests, antd bishops. ar- Ilttltnber. of&amp;apos; bthe Scottisit Epi-copal (&amp;apos;hunch; a list of ranged in alphabetical order, with a couu~dvrable body bite igflili Bishiops f&amp;apos;rnt tue ye-ar 1774 to thve cd of&amp;apos; of&amp;apos; inf&amp;apos;ormation respecting them. 1-5:1: ach ,ectioubatid euchlisth e Ici gucnu m axied by lu l it fo ritiatiotn o l&amp;apos; all th a t lit s l ke y a ; u &amp;apos; o l TilE, LE-ADE&amp;apos;ll:h AXNS SATiU1I)AY ANAI&amp;apos;S d- eirc to knov whoias to contult a recuord of&amp;apos; this4 kind. &amp;apos;ihie C&amp;apos;lericaI IDire.&amp;apos;lory is certainly as fully enttlled to Iieu hit it.; way nthioliig can ic, iuore useful or Lct,,er hut rank of a siatiuard work of its kind, a~s die wost careful togetherici&amp;apos; ha this directory. and copsious of its, conitemtploraries of titu oilier profssions ; and, iitdeed, with somte few iexceptionls. ILILUSIRlATEI) NE-WS (IF &amp;apos;l&amp;apos;ll-: W0 ul.1I).-Thte we have seen nothing to equal it Ii Iuoirit of puublb~icr oi thiti work 1is a mnat of&amp;apos; ililnten-.e uttt&amp;apos;rI-rbee. information. Th.&amp;apos;l l e bulk of bte eecce- I&amp;apos;lte hresenit is 0ti&amp;apos; of&amp;apos; his miost impilortant tiuderlakimigs. siastical profession will, we have little doubt, fully auhure- iTo all clergymen this- work i-4 ittulich&amp;apos;iviablhe : to every cl-a e bte abou an l c ref lnes iv ici ita e l rou itt nem luer of thle C uturchi of&amp;apos; Ing la tid it ioust be intlere!-ttogether such an enornious mass of&amp;apos; fucts %%itit so few tug; anid evets to bite ordinary reader it odlers, as, a book itrilting errors anti omissions. . ..l lit.&amp;apos; work is wvell of&amp;apos; reference, a vast arioutit of&amp;apos; curious inforination. executed on good piaper, auid tite type I i &amp;apos;l t w ieli it i r A s5 I I O I L .- l e til i ~ , bt hirilited is of&amp;apos;a. ieculiar character, well suited to facitlitate. most cortlipite arnd carefully cotrijiled of aill our direereference. tories, coitecys but little idea of&amp;apos; its eouunint.-thte lure BELL&amp;apos;S WEEKiIY 31ES~ENGE-l.-n thits the n tatici anti aduiress of&amp;apos; each clergymtaii takes ripl only a ~eco td ssue th gritit ir iuroertn entt, f tn i id s ie i stinall portiont ,If t lie w ork, It is a lerfect bigralultlcal relerence is uiltairteu, which adds very cortsiuierabuly to directory of bthe Iuersonue I of&amp;apos; I lie( Church. This tle utility of the Iutmlicatioru, irmasunucl as the aiitine ud I vast arid v-,uried collection uif facts, relatitig to the clergy&amp;apos; ever cl rgyrtan in E glaid aid rela ul an i t .,utl bthe C hiurch, may be fully relied Ott for accuracy, ab motnent be~ met with, amid, gemierally speaking, all that Ithey are obtained. wte are imifortieul iii bthe lref ace to bthe appe tain to his isto y, o-il olt e m u tim e it, and ub- w ork-, Iro t time clergy, and c o~rrected ii huroof&amp;apos;, in m any lications, can mn a m torietit be found. It isIit ituo- inshtaices, by themselves. We should stlate timat the sibl , in a w o k tu suc t gi anti coitlu i sai m thm t errlo rs4 I w ork is rn ui-t ad utirahuly p riutted - thte na imies iseirig in simould be enttirely absent, or timat, frotit tie various buld black ietters-weil boumid, amid altogetlier foruts omie chianges in jireferitenits, it can in every hiarhicuhar ibe tf those cuni~ci~ works of&amp;apos; referetiec which are so highly always accurate; but it apiproachtes as near as a03&amp;apos; work jiriz~ed by persorns who, like ourselves, have no tine to of its kiitd cart do, which is merely one of reference. wale thirought a inass of&amp;apos; matter to hind bthe Joint, they wish to knowt. MORNING sl&amp;apos;AIL-A very wvell arranged and careful omphiledl book of reference, which will prove of TilE- MORINING (&amp;apos;11hIONIC&amp;apos;LE.-Thiis is a biograthe highest service to those w ho itave occasion to dleal p mia an auIt l ho k f r f r it e or acs e ai g with qulestionus bearimig tipor thme orgaliisation of&amp;apos; tile . Iu lime clergy and the Church, aiid supplies a walmit which Established Church. or who feel any interest inth limhis- rio other directory hias yet attemputed to hill. The clergytory and act al uostio of indi idu l n eml ers of&amp;apos; its by mtmeans of this directory, cult learnt of them selves, ammd clergya d ac ll oietbonok isnaiv orehuslembof&amp;apos; oafaits time itilhic cams ascertain, not only time address (which infor maton lunt &amp;apos; litte bofk wic ca rtto be fou ndese wh&amp;apos; aere oruditnary directories would supuply, alt houghm tiecessarily and, r vitione i utdi ttenale tof whcall p blic un lirrelsewilhere d isptersed ve variety of town ainmu coutntry pubulicawelcontie andiuspefualeaddtio n tol p iriany rivate w oll ec- tiomms). but thieschtool and univ-ersity-, educational lhonours wlons. d ariddiio o in n piae olc- u. degrees, dantes and place of ordimmatiomm, presemit living tions. ~~~~~~~~~~~~~or alulolmintmemt, of time clergy, with particulars as to inlTIlE CAMB1R[DGE UNIVERISITY CII ONICLE. come, patronage, and literary achievements. . . . As -This book is acuriosily. W~e suppos~eino single volumute ifar as I erfctiomi can be attained in army suchm publicationi, contains so large a collection of facts. Hlere are nearly this (u,I&amp;apos;ici1 Diir-ou&amp;apos;y is a rermiarkable proof of industry. sooi pages of close print, with, abbreviatiomus lor econiomy TlE, moliN IN(; l&amp;apos;S C-(rockford is awork of of spcand each page contains absolutely scores oh facts considerable dimensions, catnpileul on time plan of a biot o nt e C angy an tun witehoutctrouble or conll graphical dictionary of tie clergy of&amp;apos; tIme Establishted aragetat oec trwthutrulorcn Church. . . . it bearson tIme face of it eviderice titatmucli smon, to the vtery thing one wamnts to knowv. It would care has been taken in its compilation. be no shigitt tiling to get together a bane list like this; EVN G EIA .TlianuliqowRme but this is the least part of time work, for toeach name EVENsiion wi redr II AD-itinisainnuable to alwaso red is added address, school, college, dates of degrees and ap sto hc e dr tidsuisbet l vm e ordination, orulaining bisholp, past arid presemit appoimit- qruire inforitation as to tile p-&amp;apos;,&amp;quot;&amp;apos;,w I of tIme Church. ments, with value and statistical infortmation, and, hinally, If heeis evendry bark of&amp;apos; rscruploscae. Tinie othanksilfthet literarypublicationis. W~ebelieve that awonderf&amp;apos;ul amoumit ofC h irs samidatrd book ofrered e nce. The ompile ks o&amp;apos; theor of accuracy has been secured, considering the enormous Chmuchis and tet urig varelue, toi lime comitinurs p1aiogrek m swsto be dealt with. A work hike this, manlifesting so w ih i l euui u au, bi gi o tn a io rs large an amoumit of labour and of energy and spirit, ou glit of correction for an atunual issue. to command the warm uhport of time public, especially .THlE P&amp;apos;llEtSS.-Thie (hl-ira&amp;apos;o IMree,i,,,,- is the most of allwho are in any w~ay coninected with lme chergy. It cornilete and carefully compiled of all our works of&amp;apos; bite is an annual publication, of course; and, although it is a kind li .Te work is admirably hurinted Slill alphawonderful work in its inf&amp;apos;antimie stale, we doubt not that betically arranged. Its utility as a work of&amp;apos; reference the utind which planued it will strike out imnluovetiemits ttuay best be judged by thle contents of&amp;apos; which we hal e in future Ispoken. CONTENTS OF THE CLERICAL DIRECTORY: I. SUR.NAME and ClIPISTIAN NAME, in full, of Clergymen in England and WVales, with the real Addlress and Post-town. It. Tile COLLEGE or PUBLIC SClIOOL and UNIV&amp;apos;EILS[TY of&amp;apos; which each is or h&amp;apos;a~s been a Member, with thle date., of the Scholarships, Exhibitions, Fellowships, and Tutorships held by eacht. 1171. 110LY ORDEIRS: the Year when obtained, with the Diocese and name of&amp;apos; the Ordinating Bil-hp. IV. PRIEFERMENTS and APPOINTMENTS held by each Clergyman, front the youngest Curate to theI Primate of all England, with the date of Appointment, Name and Address of I&amp;apos;atron, and nimoumit of&amp;apos;Stipend. (In numuerous 4instances thiewilole of; a Clergyman&amp;apos;s past Appointments are also rcgi6tered.) V. BENEFICES: Description of all Ecclesiastical lleneticvA, with their Post-townls, D~iocese, Name and Address of Patron, Amount of Tithe, Acreage of Glebe, Augmentations, Endowment, (ilebe lhouse or Itectory, qr&amp;apos;.s I obo. to the Beneficed and amount of popu&amp;apos;lation. VI. ElPISCUPAL and PU BLIC APPI INTMENTS -such as Surrogate, Itnspector of&amp;apos; Schools, rural 1)ean. Justice of the Peace. 3litster of ott Endowed or Public School-are added in each instance. vii. DIGNIT-s IE E.ID by CLERGYMIEN-s-uch&amp;amp; as Bishop, Dean, Chapter, Canon, Archdeacon, P&amp;apos;rebend, with tile datemoid yearly value ut&amp;apos;each A Ipointnient-are likewise noted. ViIl. BOOKS WRITTEN or EDITED by Clergytten are described in each instance, withi all particulars as to Title, hize, Publisher, date of Publication, and Price. IX. REFERENCE to Livings, Benefice-., and Appointments is rendered 1perfectiy easy l~y itteauis of&amp;apos; ;t eparate anti amplel Index. X. CoMPLETE LIST&amp;apos;S of the (&amp;apos;lergy of 11w, Established Church in Ireland, antd III,! S-olclt Elpiscopal Church. May be had by order of any Bookseller, or a copy, bound in cloth boards, sent in return for 12..t. by J101hN CROCKFORD), Clerical Journal &amp;apos;und Diruectory Offices, II), W~ellingtot-i-treet, S~rAnd, London, WV.C. SPEciMEN PAGES WILL BE SUPPLIED GRATIS ON APPLICATION BY LETTER OR OTHERWISE. I I</FullText> </Record>