<?xml version="1.0" encoding="UTF-8"?>
<Record> 	<Version>Record_v1.0.xsd</Version> 	<RecordID>5029998</RecordID> 	<DateTimeStamp>20180928135639</DateTimeStamp> 	<ActionCode>change</ActionCode> 	<RecordTitle>CONCERTS OF THE WEEK.</RecordTitle> 	<Publication> 		<PublicationID>8057</PublicationID> 		<Title>The Critic</Title> 		<Qualifier>London</Qualifier> 	</Publication> 	<Publisher>John Crockford.</Publisher> 	<Volume>24</Volume> 	<Issue>610</Issue> 	<AlphaPubDate>Mar 15, 1862</AlphaPubDate> 	<NumericPubDate>18620315</NumericPubDate> 	<SourceType>Historical Periodicals</SourceType> 	<ObjectType>General Information</ObjectType> 	<LanguageCode>ENG</LanguageCode> 	<ISSN>2043-1961</ISSN> 	<StartPage>268</StartPage> 	<EndPage>268</EndPage> 	<Pagination>268-268</Pagination> 	<URLDocView>http://search.proquest.com/docview/5029998/</URLDocView> 	<Products> 		<Product> 			<ProductID>1007574</ProductID> 			<HasFullText>true</HasFullText> 		</Product> 		<Product> 			<ProductID>1009130</ProductID> 			<HasFullText>true</HasFullText> 		</Product> 		<Product> 			<ProductID>10000001</ProductID> 			<HasFullText>true</HasFullText> 		</Product> 		<Product> 			<ProductID>10000297</ProductID> 			<HasFullText>true</HasFullText> 		</Product> 	</Products> 	<Terms> 		<FlexTerm> 			<FlexTermName>DerivedSubject</FlexTermName> 			<FlexTermValue>ENGLISH LITERATURE - History and Criticism - 19th Century</FlexTermValue> 		</FlexTerm> 	</Terms> 	<FullText>CONCERTS OF THlE WEEK. .N ..... St. Jamoie- llailL m1ondav I&amp;apos;,qpilar. ,i 1::;.-.. 1pper % imp-.ie-stro-t. i;t itnl l&amp;apos;F iii-oc Koiree Miusicaie. W\ i..| la.11ver-luare. Mr. Ileniry Leslie s Choir. A. m .1*Lmes Ha.Ll. A i s.ci~tion- 7,&amp;apos;. T!v . .. r &amp;apos;e!,. I stittimy. Mr. Inic In&amp;apos;, 4 &amp;apos;,,rAtic Owrturv L i . .... Exeier Hadl. Sa.croL 1i ariinhmic sIt&amp;apos;&amp;lt;i t!. 4. S.%r.......A illi,.s Ii. ml. IIhr h nor - Ilianoftlte Itecital&amp;apos;. Crystal Palhce. 4 ,r.and N&amp;apos;.,cl tc d Ii.struinenutL;.</FullText> </Record>