<?xml version="1.0" encoding="UTF-8"?>
<Record> 	<Version>Record_v1.0.xsd</Version> 	<RecordID>5059478</RecordID> 	<DateTimeStamp>20180928135639</DateTimeStamp> 	<ActionCode>change</ActionCode> 	<RecordTitle>LOUGH LANE.</RecordTitle> 	<Publication> 		<PublicationID>15518</PublicationID> 		<Title>Dublin and London magazine</Title> 		<Qualifier>London</Qualifier> 	</Publication> 	<Publisher>James Robins</Publisher> 	<AlphaPubDate>May 1828</AlphaPubDate> 	<NumericPubDate>18280501</NumericPubDate> 	<SourceType>Historical Periodicals</SourceType> 	<ObjectType>Poem</ObjectType> 	<Contributor> 		<ContribRole>Author</ContribRole> 		<OriginalForm>D S L</OriginalForm> 	</Contributor> 	<LanguageCode>ENG</LanguageCode> 	<ISSN>2043-3107</ISSN> 	<StartPage>188</StartPage> 	<EndPage>189</EndPage> 	<Pagination>188-189</Pagination> 	<URLDocView>http://search.proquest.com/docview/5059478/</URLDocView> 	<Products> 		<Product> 			<ProductID>1007574</ProductID> 			<HasFullText>true</HasFullText> 		</Product> 		<Product> 			<ProductID>1009130</ProductID> 			<HasFullText>true</HasFullText> 		</Product> 		<Product> 			<ProductID>10000001</ProductID> 			<HasFullText>true</HasFullText> 		</Product> 		<Product> 			<ProductID>10000297</ProductID> 			<HasFullText>true</HasFullText> 		</Product> 	</Products> 	<Terms> 		<FlexTerm> 			<FlexTermName>DerivedSubject</FlexTermName> 			<FlexTermValue>ENGLISH LITERATURE - Irish Authors</FlexTermValue> 		</FlexTerm> 		<FlexTerm> 			<FlexTermName>DerivedSubject</FlexTermName> 			<FlexTermValue>ENGLISH LITERATURE - Irish Authors - History and Criticism</FlexTermValue> 		</FlexTerm> 	</Terms> 	<FullText>UM (ill LANK I&amp;quot;l D. s. I ( ii i ic of v. ave-he.mty !?Learning li^ht Ot s\&amp;apos;-ry to the peel&amp;apos;s soul. \\ hen dav dreams ot the deep and hrij-hl. O&amp;apos;er bis enraptui&amp;apos;d fancy rt ll. I.nt c.u Lam ! how Inspiration lill* The chiinibers of her nivstic mind. \\ uh tlic old uliry of thy&amp;apos;hills that spread their shadows to tim \v ititi : While every curl upon thy spray, Mincing to Heaven its pearly foam. Kells glad, ns in tbe olden day, Y\ ben Lrin was the stranger&amp;apos;s home &amp;apos; &amp;lt;&amp;gt;!i ! thfu art beautiful and fair? Wooing the kisses of the air? And as the red sun stoops to n -t I&amp;apos;pon the pillow of thy breast, With thy green isles, in beauty glowicp. ^id the white waters round thim tlowin.-, Class H. Nn. J&amp;gt;\. r Collect, (lc Keb. (lib V \ (tocal ua** thret (t.ws, or the value then of. tl&amp;gt;\ in th&amp;quot; Library ot Trinity Colic j;c. Cl?,&amp;lt;??. 11. *\&amp;apos;,,. ..?. It&amp;apos;iii i national P&amp;apos;tiii, flhrcit tn bc pntd&amp;apos;sf&amp;apos; d Calmly and gently, as the sound Of harp-strings o&amp;apos;er enchanted ground. Oft would 1 love to linger by This azure mirror of the sky ! When evening&amp;apos;s mantle on the cloud, Throws o&amp;apos;er thc world a rosy shroud ; And Contemplation, from its cave, Glides on the twilight of the wave : Then would the poet cast aside The heart&amp;apos;s high majesty of pride ; And kneeling by the mountain stone, Forget what sorrow he has known ; While springing to the hopes that woo v, The soul forgets that woes pursue it Heaven sleeps in purple aud the lake With poetry is still awake, While the mild eye of feeling smiles, O&amp;apos;er the soft slumber of its isles. Yes ! holy spot?thou hermit cell, Where modest nature loves to dwell ; Oh ! thou wert Eden to the spirit, Whose hopes are rent from joy apart , Whose only bliss is to inherit Life&amp;apos;s cold singleness of heart. And while the thoughts* of youth come o&amp;apos;er The breast that they must sooth no more ; Ah ! I could wish that it were mine, To spend my wither&amp;apos;d aye with thee, While ev&amp;apos;ry vale and glen, a shrine To hanish&amp;apos;d memories should be. My song should hallow every dell With music&amp;apos;s most bewildering spell : And the full echo o&amp;apos;er the spray, Should be a chorus to my lay. Flow on, flow on, for thee the morrow Will ever bring a mom of light; F.&amp;apos;en from the west thy waves shall borrah A bounding thrill of new delight. The very storm that shakes the earth, In the dread labours of its birth, Shall sweep unheeded o&amp;apos;er the free And glorious empire of the sea ; And when its tempest-reign is sped, And youthful brows are with the dead. 77m&amp;gt;u yet shall be as fair and wild, (&amp;apos;reation&amp;apos;s undecaying child! To gaze upon thy starless wave. Warm in the veil the sunset gave ; ?Ind saunters &amp;apos;neath the twilight sha.low That melts upon each sunny meadow. Then meditation&amp;apos;s pure revealing Comes on the soul with holiest feeling. Oh, then it is the hour &amp;apos; to scan I he labyrinth of the heart of man, And leaving earth and care behind, Io watch the workings of the mind. Lough Lane ! sweet lake, for ever hi Ihe same lov&amp;apos;d home of joy to me And as the birds of summer sm^, Farewell unto the parting spring&amp;apos; ? May thy wild waves and b?gend shore - 1 rifihl to m&amp;lt;&amp;apos; their treasured -for, s &amp;apos;</FullText> </Record>