<?xml version="1.0" encoding="UTF-8"?>
<Record> 	<Version>Record_v1.0.xsd</Version> 	<RecordID>5073038</RecordID> 	<DateTimeStamp>20180928135639</DateTimeStamp> 	<ActionCode>change</ActionCode> 	<RecordTitle>ART. CXCVI. System of Mineralogy; comprehending Oryctognosie, Geognosie, Mineralogical Chemistry, Mineralogical Geography, and OEconomical Mineralogy.</RecordTitle> 	<Publication> 		<PublicationID>2248</PublicationID> 		<Title>Imperial Review : or, London and Dublin literary journal, 1804</Title> 		<Qualifier>London</Qualifier> 	</Publication> 	<Volume>3</Volume> 	<AlphaPubDate>Oct 1804</AlphaPubDate> 	<NumericPubDate>18041001</NumericPubDate> 	<SourceType>Historical Periodicals</SourceType> 	<ObjectType>Review</ObjectType> 	<LanguageCode>ENG</LanguageCode> 	<ISSN>2043-3352</ISSN> 	<ISSN>2043-3344</ISSN> 	<StartPage>241</StartPage> 	<EndPage>263</EndPage> 	<Pagination>241-263</Pagination> 	<URLDocView>http://search.proquest.com/docview/5073038/</URLDocView> 	<Products> 		<Product> 			<ProductID>1007574</ProductID> 			<HasFullText>true</HasFullText> 		</Product> 		<Product> 			<ProductID>1009130</ProductID> 			<HasFullText>true</HasFullText> 		</Product> 		<Product> 			<ProductID>10000001</ProductID> 			<HasFullText>true</HasFullText> 		</Product> 		<Product> 			<ProductID>10000297</ProductID> 			<HasFullText>true</HasFullText> 		</Product> 	</Products> 	<Terms> 		<FlexTerm> 			<FlexTermName>DerivedSubject</FlexTermName> 			<FlexTermValue>ENGLISH LITERATURE - History and Criticism - 19th Century</FlexTermValue> 		</FlexTerm> 		<FlexTerm> 			<FlexTermName>DerivedSubject</FlexTermName> 			<FlexTermValue>GREAT BRITAIN - Civilisation</FlexTermValue> 		</FlexTerm> 	</Terms> 	<FullText>ART. CXCVI. Syficin of Mineralogy; comprehending Oryg~oznoIir, Gcognofie, Mtineralowical Chcmynifry, Zllitteralogical Geography, and (Economical Mineralogy. -- - -- g - - JBy Robert Janiefn, Regiuis P&amp;apos;rJljliw of&amp;apos; Nattural f1iaory, .c. Vol. 1. Svo. pp. 6(i4. price 14s. Longunian azid Rees, 1804t. F, on the one hand, the porefent age bas been peculiarly 1 favourable to the liudy of Natural Hitiorv, it m uft, on the other hand, be con~fled, that a number of diftcordant 1&amp;apos;\leinms have fprung up, the profellors of which, in confqejuenie of tne enthufiafin that we are apt to feel tor our own prod utions, diforace thofe 1{ftems by the vehemence with wbich thre vilitf all who are implicit followers of their dogmas. Mineralovy has not efeoped fronm this falte. It has certainly beeuu hiazly improved; but, from the above cautie, dillentions eave be-en introduced into it, of the progrefs of which w&amp;apos; ffhall give fome account. The antientmineralogifls certainly bad neither a confilfe&amp;apos;t LSftem, nor an uniform method of deileriptiouu; by thQen, Lowvever, the foundation ao all our nretflmt fviiq-nis sV;g laid: i(Ild, ad the feience is under greater obligations to them, than fome of the moderns fecin willing to allow. To Linnieus we owe the firfi fuccefisful attempt towards afcertaining the ger.era of minerals, and ftorning accurate defcriptions of the fpeeies. In imitation of his predeccifors, he arranged the various fiony bodies according to their external chara6lers; the tuline, ianimable, and metallic fubliances according to their mo&amp;apos;ft notable coiifiituent part; whlile his third clafs was conmpotWd of I uch bodics as he cconfidered to be of a more new, or fecondary, Iormation. In his fpecies, lhe principally attended to the textture, or fi-tire, of the flubltiance. AD unhappy 1liypotlhelis, viz. that cryfiahli1hd tiones owed their regtular figrure to the pre1;nce of Iboic faline body, induced him to arrange tihem under the ialts wliole cryttals they moft refembledl. Tlhi circurmitance has, more than any other, occafioned tle oblivion into which his nrrangement has fallen. It cauftld hini, how&amp;apos;ever, to pay great attcention to the fornu; of crylials: Unl may, in tIad, bk regarded as the germ fiom whence originated thc more perfedt cr&amp;apos;ftfallographic f-ftem of Dc Life, and thle flubicquieut. brilliant -dilloveries of flaiiy. Crontiedt, ill aii uiackiiowvled-cd eflia, firtick out a new path, amid prolpoled, that nlot only alill thle genera fhould be counltitultcd from thme predowinant or wuofi notable principle of the body; but aillt, that the ipceies fliould be formed from the different coiIlbinfitions of that principle with others; thus reducing the whole yftiein o&amp;apos; msineraloogy to chenmiftry. The inipertection o&amp;apos; chemical Onallfis in us time, did not allow hiin to put this idea compl0etely in praldice; but the indufli .,f his tfolowcrs 1(Juot enabled 11cr,&amp;apos;1ann t, complete the arrungeneint in his -eiiagrapllhia Reg ii Mineralis. Iln which, however, we mlay oh Aft v., that the arrangement of the fitlts does not perfte-ly coincide withl thaLt of the other purts, nor %with tile orioinal131 dallught of (Crorniedt. Previous to thij finilbing of Cronfiedt&amp;apos;s I~flem, Wallerius, availing hinitft of the eliculical labours of P&amp;apos;ott, and of Nis oVwn experilentS, lpiblilhCd an improved iyfteim, which iwts, It its confiltrntion, aui imn1-roviCnetit of that of Linnset;, h }cartlhs, w hich the latter had arranged as one of the ol(lers of hkis third claf,, were proiloted to the rank of a chlfs, and placed at the head of thi t1,ftem. The cryltallifed flones Nvere( put among their uncryfiallifed congeners: in other refpetNts, Walleriu,&amp;apos;s claffification nearly agreed with that. Qf Linnaeus. Thle general, however, of ftones, and we may add, ut earths, were more accurately detined according to their helincal properties. Notwithfianding the improvements iD I~ineralog-y fince the tim c of WVallerius, his work, an azcoul&amp;apos;t of of the copious informatiQn. refpeding every fubftanee tdeu known, and the multitude of fynonyms it contains, miuft be confidered as ftill valuable, and dilplays great induftrjr ed extent of reading. The accuracy whicb had been brought into chemiliry by Cramer, and the introdu~1ion of the humid &amp;apos;method of analyfis by Newmann and. Marggraf (who) may be regarded as the true founders of the modern experimental cheinifiry) having given a new impulle to the feicnce, it became more known, and rapid improvenknts were made in it. Mineralogy, being conne&amp;amp;ed with it, by confidering the fame fubfiances, ftit time benefit arifing from thefe improvements. In every country, the activity of naturalifts and chemifts was diredied to the difcovery of new minerals, or to the analyfing of tho1e formerlv known. Cronftedt, who was moft followed, had ueglected the deftription of minerals, and had given only the cheinical charadiers of them; his editors therefore endeavoured to iupply the deficiency. This led the celebrated .Werner to attempt the formation of a new mineralogical language upon the plan of that which Linneus had fo fuccesdlly introduced into botany. &amp;apos;iThe terms he propofid were eagerly adopted by his countrymen, and are certainly a great improvement; yet they are much inferior to their prototype, and in many cafis traunfgrefs againft the rules laid down by Linneus; which rules, although they are apparently confined to plants, are fo truly excellent, that they fhould be conlidered by writers on natural hiflory, as applicable to every branch of that fcience. The defcriptive language of mineralogy was not the only part which XVerner laboured to improve; the arrangement o(f minerals alfo occupied his attention. From being the difciple of Cronftedt, lie became the head of a fehool, which pretends exclufively to two things; viz. the arranging of minerals in a natural order, and the determination of the fpecies by their external characters only. So great indeed is tihe reliance he puts up(n the external cliaracters of minerals, efpepially when corroborated by their native places, or, to fpeak ;norq properly, b the other minerals with which they are funally found, that. he does not feruple, occafionally, either to doubt Qf the accuracy of thofe chemical anfalyfles which appear to contradiat his geognoftic deductions, or to place in a genus kowe fpecies which do not contain any of the timple fub &amp;apos;nce from whic14 the genus is denominated. Karaen, however, paying more attention to the experiments of the chenmifts thau to. fpeculations refpecting the age and fpraatiou of the Itrata of tfie globe, or the analogie; funded on on the appearance of minerals, has, in his Mineralogifehe Tabellen, differed from Werner, fo far as to place every I&amp;apos;peties under the moft predominant fimnple i;ubliance which it contains. To this arrangcement, the celebrated Klaproth evidently leans. At the fame time that this ncev mineralogical fehool was rifing in (Gcrmany, another ot; at lcaft, equal celebrity was forming in France. Ronme de Lifle endeavoured to arrange the feveral crvfinllinC fornms which minerals affume, under a few determinate fimnplc ones; and ini this rcfearch met with great fuccets. Haiy fuecceded him in the fludy of cryftallography, and, in contiquence ot l-lghtly altering the theory of eryftallization, nmade thiolS mathematical dicoveries wlhich h.are dcelkrvedlv procured himii the finime he enjoys. Combining eryvindlo-ra&amp;apos;phy with chemiftry, and with the moft certain of the external chara6ters, this philofophier has given to the uworld a ienitein of miiineralogv which, io fiLr as flinple minerals are concerned, is as yet unequalli(d. Thefe are the more celebrated miincralogifts who have pre. ceded Profeflor Jamelon: and of the meritstof tie foundations on which their fyfienis are raifed, it is necefliry to fay a few words, in order to iorm a betterjudgment of the work now under review. Thete fyflemis uiay in tfa6t be reduced to three, being either chemical, cryitallographic, or thwat of Werner, which may not inmproperly be confidered as -a fteiemn fii generis: each ot thacle has its retpeftixe advantages and (liffdVanta(cs. Biv the clelnical ivltems, ;perfon canl identif and arranre any inineral troimn a ti&amp;apos;ngle fpecinieii, however Ihaielels or impertect it nmay be; but., on the other Hand, Lhey require the Ciacrifive of acertain qluantity of the mineral, which in Ulliqiue f1peciniens is iinnetimnes atn objebtion. This facrifice is not required in the cryftillographic iViteins; in them, lhowever, it is nvcellfry to thave at leaft oti well defined crytiallized fpeeimen. Ui :iCmtlalliycd minerals are not afeertainable by this inethld, or c.iin only&amp;apos; be named and placed by analogy. The fiylem of W\&amp;apos;rneris AVot, in general, properly underftood. As it profelfes to arrange minerals by their external &amp;apos;chara6~ers onlv, it has been conceived to be the eafieft of any; whereas, in truith, it is the molt diticult. If, as is moft uffual, the ftudent commences with only a few Ipecimens, he will find it utterly impotlible to identify them by this method.; which requires extenfivelieriesof minerals. &amp;apos;rFlefe fpecimens being accuratelv compared together and arranged into diftin&amp;amp; parcels, which firrm, as it were, central groups that pals by intermediate 1hades into others; the ftudent, by combining all. the varia&amp;apos;ious tions which occur in each group, mutt form in bis mind an ideal pidure of it. This pciure will of courfe be more per-. feat, as the feries of fpecimens is the more numerous, fo that the fidte of chara~icrs belonging to it, and alfo the lhades by which it is connecIed with other groups, can be determined with reater precifion. This pi6iure, being then comn ared with tflofe detailed in the fyftem, will, by its correfponaence, with one of them, thew the pluce to which the group is intitled. As the groups into which the minerals known at prcfent may be divided, appearb from the refearches of WVerner, to be above 360 in number, reckoning, as we muft do, fub-fpecies and kinds; it may ealily be conceived, that unlefs the Itudent aclquires fome previous knowledge of the fpecies by another 1&amp;apos;item, or by communication, he wvill meet with fucki difficulties in identifying minerals by this method, that we do not wonder at the aflertion of fione of the Germans, that it is impollib&amp;apos;e to learn mineralogy by bouks. This fecns to be the mature opinion of W&amp;apos;erner, who now contents himfelf chiefly with lecturing on a very rich and ifltruaive colletion of minerals, and has not finithed a tranflation of Crontledt&amp;apos;s mineralogy, which lhe began twenty-five years ago. For the princial &amp;apos;details refpceting his i1y~fem, we are inlebted to the book-making t&amp;apos;pirit of fome of hic )upils, and particularly of rEminerling, of wholh Lehrbuch der l3fliwralogie, the prefent work is, for the mott part, an unacknowledged tranflatiou. The ylftcm of Werner, as it is chiefly tounded on the na. tural alliances of minerals, ftrongly relemlbles the natural method of plants. Linneus, however, thought it neceffary to form an artificial fyftem, for the purpofe of inveftigating plants w ith more eafe; iii which Rlep, tle generality of botanifts have acquiefced. In imitation of this, B3runner lately attempted to introduce an artificial fy~fem of minierals, founded entirely on the external charaicters, and which, of courte, would facilitate thle acquifition of WVerner&amp;apos;s method. Profeffor Jamefon, however, rejeets this help with di1&amp;apos;dain, although it appears to us 2bibllutely iieceflarv to rcnder the 11item. of Werner, in any neatbrc, acceffible to thofe ftudents who do not poffefs coni; plete collecFtions, or who cannot encounter the expence and lI)are the time neceffary for ajourney to Frevbcrg. Such was the fRate of mineralogy, when Proeffior Jamefou announced the pretent work. His forrmer publication on the niineralog of the Scottilh flnes operated firongly in his favour; and the Engliih mineralogifts waited with impatience for his elucidation of Werner&amp;apos;s fyfiem. Although it was knowva that he was a difciple of that mineralogift, it was however hoped, that he would at leaft be fenfible of the defeds of the Germalz German fyflem, and that he would endeavour to give it all the improvements which the prefent fiate of chemilty, and of cryttallegraphy, would allow. It was alfo to be expeaed that he would afford fome clew by which a ftudentvminht be en. abled to difcover the fpecies under which a-ninera ought to be placed, without the labour of examining the whole fyftem froin beginning to end, unlefs fome felicitous circumfiance ihould befriend his endeavours, and enable him to hit on the proper fpecies at once. How greatly have the hopes of thefe expetants been (leceived! Profelfor Jamefon, it now ap. pears, has drunk fo deeply of the W&amp;apos;ernerian fpring, that he is not only incapable of fe-eing its defes, but is alfo inclined to undervalue the improvements which others have introduced into the fience. We have good reaibn to al)p)rehend that even the friends of the author are much furprized at the abfence of thofe improvements, which it was certainly incumbent on him to have inferted, however he might prefer the arrangemeunt of &amp;apos;Werner. The work commences with a preface, in which a flight hif, torical Iketch is given of preccdinU, mineralogical authors; in this, the firit thing that itrikes us is the errow committed either by the author, or the printer, ini referrimg, the titles of the books to the wrong authors. Thus in. p. iii. the works of Scheuchzer are aliribed to BUttner; and that of BUttner to Scheuchzer; fo in p. vi. Cronftedt is faid to have publithed, in i7f58, a 1fenem of mineralogy; viz. Syftema Alinerale, Berolini, 1748, 8vo; wlhich we believe ought to be reterred to AVolterfdorf, of whom the authorhad fpoken in the preceding paragraph. Thefe errors appear to lie more on the printer; but it muff be owned that, in many cafes, the expreffions are dxtrnemelyinaccurate. Cramer is faid, p. iv. to have publifhed, in 1739, a lyftem of mineralogy; whereas it feems to us to refer meirely to that arTangement of the futbjeds of the art of affaying, which is prefixed to his Elementa Artis Dociminalices, In p. vii. Linn-us is Iaid to have pubblithed, in 1768, a Ibcowi edition of his SN /iemna Mlineralogicum; Wallerius, indeed, in tle fecond edition of his Regnum Minerale, altered the title to that of SyfleNna Mw ineralogicum; but we l-now of no fuch book by Linneeas. We have no doubt but that ProfeffQr Jame, fon meaans to fay, Linrneus at that time did, in the twelfth edition of his Sv tema Naturm, give an improved Rate of the Rebnum Lapidetim. We need not, however, wonder at this l1xity of titation, fince, even in mentionin&amp;amp; the principal work of %Werner, Von der aufferlichen Kennzeichen der Folllicri, the word aufferlithen (external) is omitted, although it is elf%~atially -neceffary to the fenfe. This work, which con- talus tains very little more than the explanation of the terms afed in the Freyberg fchool, is compared, bv Profelfor Jamefon, to the Philofoplia Botanica, &amp;quot; in its moAt highly finifhed ftate ;&amp;quot; although the latter (which we may alfo remark has undergone little or no alteration fince its firfIt publication) contains a vaft fund of informiation in every part of botany. In fp)etiking of the 1)ftem of Haily, the author fays, &amp;quot;1e fpecies of fimple minerals i8 determined from one character, which is flyled the integral mollectile. Hauy defines the mineral fpecies to be Une collection des corps dont les mollecules integrantes funt feniblables, et compoles des memes elements unie en niernie proportion*. &amp;apos;Fhis initegral niollecule, or kernel, is deteaed&amp;apos; either by ,nechanical divifion, or by nieafurement combined with caklulation; and wllen found, is aflerted to afford an invariable, effenitial charader for the fpecies. I cannot, however, fubfcribe to this opinion: on the contrary, I vtznture to affirm, that it is not, in anV infiance, the type of the fpceies, and that it only makes us acquainted with peculiarities in the itructure ou a few cryfiallized miID rals; peculiarities wbich may indeed be afterwards difcovered in other I&amp;apos;pecifically ditiinCt minerals. That it affords uo efrential u:haracters is evident, becaufe different ipecies, as diamond and fpinlelle, have the fanme integral inollecule; and other mincrals, ias ;/(2olite, that unqueflionablv belong to the fame fpecies, have differtzit integral nollectiles. That it makes us acquainted with peculi. arities in the firudture of but a few cryfiallized minerals, is (hewn, 1. From the impollibility of detecting the integral molletule by cllculation combined with meafureinent ; therefore all the fpecies alfcertained bv this method are to be expunged fionm the fylletng Q. Froin many fpecies having the famne integral inollecule; and individuals of the fame fpecies having dilferent mollecules. Thus ip appears that its exilience as a peculiarity, remains but to a few fpecies. &amp;quot;T That even this peculiarity, which we find in a very few crytlal. lij (l minerals, may be difcovered in others Ipecitically different, is proved from the cafe of dijamond, fpinelle, &amp;amp;c.&amp;quot; &amp;quot; It appears from this, that the integral mollecule cannot in any inliance be couhni(lered as the type of the fpecies; therefore -the orvctoonoffic fyfteni of Ilaun, which is built on this fuppofition, niuft fall to the ground.&amp;quot; Pruf. p. xiii. Haiiy fays (vol. i. p. 162) that the true idea of a fpecies is, &amp;quot;Cne colledion de corps dont les molecules intlgrantes font femblables, et conipofkes des mrmes 0l6inens unis en nm~me proportiotm.&amp;quot; So that in extrading this tbort quotation, confifting only of ninAeen words, ProfefforJamefon has, it atppears, committed no lefs than fix blunders. Why he perfifts in mifpelling the word molecule, both in French and Englifh, we- cannot conceive. A Profeffor of Natural Hiftory furely cannot be ignorant that it is merely a di. nwlutive of the Latin word moles. To To this paffagc there is added in a note: &amp;quot;The inftances of the inconfiftencies that occur in the employ. Inent of the integral mollecule are numerous; but of thefe I fhall onlv mention one. Zeolite is one of the moft natural and beft afcertained fpecies in the fyftem, and its fubfpecies are connefed together by agreements in oryftognoftic and geognoftic charadters. H-latty having, however, found fniall differences in the integral mnollecules of thefe fubfpecies, has divided it into four fpecies. Spinelle and diamond are acknowledged by Hauy to have fimilar integral mollecules, yet he confiders them as ditinfl fpecies, and diftinguilhes them fron one another by hardnets, and other external charadters. Thus in one inliance wve tind the intearal mollecule af. fumed as of fuperior clharacteriffic importance to all the other external and geognoftic characlters comined ; but in the other it y ields even to a few of the other external characters.&amp;quot; In this extrad, we know not which moft to condemn, the confufion in the arguments, or the niifreprefentation of the 1tftem which the author wifhes to depreciate. A Regius Proteffur in a Britilh IJniverfitv here tells us, that the integral molecule is dete1cd bv mealfuremnent combined with calclulation-then, that it is inipoiliblc to dete&amp;amp; it in this mannerand laftly, that when detected by that proccels, the fpecies muft be exipunged ! As if this was not enough, and in order to reach th~e very achme of abfurdity, we are next told that ani integral molecule, which is not commion to feveral ij)ecies of minerals, may notwvithftanding be found in feveral minerals fpecifically different!! That the fyflem of Haiiy is mifreprefented, no (loubt (an exifI, if we compare the airguments wvith the very definition (illoted bv ?rotdflor Jamefllon. Hlatijy exprelsly mentions thc e hemnical compofition of tie body as entering conjointly with the inode of cryfiallization, into his idea of a tpecies; but this is totally neglected by the author, who further alfirins that Hauy diftinguiflies fpinelle and diamond by their lharduets and other external charaeter?. The fade, however, is, thlat the French mineralogift ufrs their chemiical compoliLion for this pwrpofe; the diamond being inlerted in the clais of inflanimables, and confidered as pure cr&amp;apos;ftallized carbone, %vliile the fpinelle is placed in the clals of earthiy minerals, as a combination of eaqrths and a metallic oxide. mI&amp;apos;he calie of the zeoli e is merely a dilpuite about words, fince Protelfor Jamnefon himfelf makes nearly the fu1nic diflinction among thefe 1tones. It a)ppears, therefore, either that lhe has, by no means, inade himfelf mafter of the very firfi principles of the fyftem be controverts; or, he is -uilty of the mvit flagraunt mifrcprefentation of it. An introdu&amp;amp;ion follows, in which the author treats of mi. neralogy in general. On which we fhall only remark, that, it being well known that the great defed of Werner&amp;apos;s fyfiem was the want of fome certain idea of what ought to be confidere4 as a mineralogical fpecies, it was certainly incumbent upon Profeffor Jamefon to bellow pains in order to elucidate this point. - Although he owns this to be an important fubjcet, he has paffed it over in a very flight manner, and he in. forms us, that &amp;quot; In the mineral kingdom each foflircannot be confidered as an individual, but merely as a part of that immenfe individual, the globe; hence it is evident that, accurately confidered, there exifis but one mineral fpecies, or individual, which is the globe.&amp;quot; Introd. P. xxvi. With thi-s firange notion in his head, we need not be furprized that be Ihould belfow fo little attention on the accurate deterinination of the fpecies of minerals, or, that he thould be fo fond of geology, in preference to mineralogy properly Co called. &amp;apos;The &amp;quot; lift of books quoted&amp;quot; fucceeds, which we mention only to notice its fcantinefs. It contains no more than fifteen worlks. The author, we muft own, appears to be a(hamed of its fcantinels, and has, by the friendly affiftance of his printer, contrived to make it fill two pages and an half. It would certainly admit of fome difpute, whether this expanfion has given it more contequence, or rendered its fcantinefs more viiiblc. What is not a little extraordinary, the works of Werner do not appear in it. Tlhefe p)reliminiaries being thus got through, the Profeffor eaters on the main objeet of his work, which it a ppears is to confiti of five parts; viz. orycliognofie, geognofle, mineralogical cheinifiry, mineralogical geograplhy, and ceconoinical laineralogy. The prefent volume contains only the firft of tile four claffes into which fimple minerals are divided, according to the ory&amp;amp;ognoflic Iltiein of Werner. The author flys (p. xvii.) that the fecond volume will contain the rem ining three clafres; and that in another will be contained the geognofie. In thefe volumes, he promifes to give an explanation of the terms he nowv ufes; foume of which, lie confeires, Will be difficultly underitood. On this ground, their explanation fhould, by every rule of common feofe, have preceded their uie, and not have been deferred to the contingent publication, at a diflant period, of a future volume. Notwithftanding this divifion of the fubje~L, Profeffor Jamefon has, in the Qryclognoftic fyfiem, not only given the external chara&amp;amp;ers of of minerals, but alfo fome of the chemical, together with their eonffituent parts wvhen known; likewife, iketches of their geogw noftic fituation, the place where found, and the ufes male of them; thus anticipating, in inome meafure, his fubiequent divifions. W&amp;apos;e have, in the firft place, a tabular view of the -mineral fVftem in two columns, one of the Englilh names, thenother of the German. Of the propriety of fome of the Englifh names we ihall hereafter fpeak ; but, at preient, we tball only notice, that the author has not annexed any lynopfis of the moft effential chara6lers to this lift. As Mr. Jainefon is a Proteflbr of Natural Iliiftory in general, lie cannot be ignorant of the great convenience of this pradice, fo conriantly ufedin the Lin iaean fihool of Natural Hiiftory; to fay nothinO of its bling &amp;amp;idto ufud by Haiy. All the new minerals, as cryolite, madreporite, pharmacolite, and many others, arc omitted. Piofellor Jamelobn cannot be ignorant of them, becaufe Broclant has mentioned them in his appendix, It was not incumbent oni the French author, who is profetredly the mere Liftoriaii of *what has been (tone in Germany, to aflign their places in the 1vftem; bult the cafe is different with the preient author, who certainly wifhes to take a hi-her rank in inineralogy thtn that ot a, mere compiler. As WTcrner, however, has not y el. g~ie his judg-ment where they fhould be placed, our l earnd and( experienced mi neralogiit wvaits with patience, and cx;ccts his readers to (lo the fameo, until the Freyberg Profel: for, or his echo, Emmnerling, thall give the necelfary intormation as to their arrangement, w hen Profeflhr Jamefon, who feems hublnby content to imurch iii their rear, will probably foli, wv their imiotions. The principal illu of arranging fiibflances in a fvflcm, is, to be enabled to trace ami unknown body, firtl, to its tuperior gellus, or clafs; anmd then, defcending through the fibaltern ge. nera, to fix o(i the ilpecies; but, in the pefecnt vork, none of the liuperior divifiomis, w hether clalles, genera, or families, have any chara(tlers givben of them. As the tabular view of the Ivfftem is defeitive, fo the mineral fyticin itclft is as unmecellarili diffuif. Linnwums, in his Philalophia Botanica, is of opinion that the fpceific differencc-; Ihould be coinpriled iin as few words as polliblc, and imagines that in a genus containing one hundred fpecies, they may be diltin &amp;apos;uithied by about txwenty-four well chollen words; the difcip~es of 11 erner, however, frequently employ as many fcocs of words. In the prcefnt work, quartz, in particular, occupies no lefs than twenty-five o&amp;amp;avo pages, of which at leaft one half is devoted to what ProfeFor .aefon calls the piLure piaure of the fpecies.; yet he is fo far from perceiving the im. poffibility ofretaining fo exceffively complex a definition iu, the mind, that lie views it with peculiar felf-complacency, and declares it to be &amp;quot; one of the moft highly finifhed pidlures in the Wernerian oryftognofie: Wiedenman, and other mineralogifts, by attending only to a few of its leaft chara&amp;amp;eriftic tures, have failed in underftanding it.&amp;quot; In like manner, nearly thirty pages are devoted to lime-flone. That we mnay not, however, be fuppofed to be too fevere in our criticifin, we fhall now give a very copious extra&amp;amp;t of thi&amp;amp; part of the work. We chufe the ruby family of the flint genus, as being, one of the thorteft families, and alib one of which the individuals are in general well known. 6 Eleventh fpecies.-SPixELLE. S Spinell.-Werner. &amp;quot;Rubinus balaffus, Rubinus fpinellus, Wall. t. 1. p. 247.-Rubis ipinelle octaedre, Rome d. L. t. 2. p. 24.-Spinel, and balafs rubies, Kiirw. vol. i. p. 25S.-Spinell, Eftner, b. 1. f. 73, Id. Emm. b. 1. f. 56. and b. J. L 252.-Rubino Spinello, Nap. p. 1 1 S.-Rubis, Lam. t. 2. p. 224. Spinell, Hauy and Brochant, ib. Bournon. Phil. TranL 1792, Part 2. p. 305. &amp;quot; External chara&amp;amp;ers. &amp;quot; Its principal colour is red, from which it paffes on the one fide into blue, and even into green, on the other into yellow and brown. From carmine red it paffes ou the one fide into (crimfon, cochineal,&amp;apos; ,zimd cherry-red, and from this into plumb, violet, and indigo blue, aind into variety of green, which is very rare; on the other fide it pahies from carmine red through blood red intoorange yellow, and fromn this into a middle colour, between clove brown and reddiifh brown. It occurs alfo reddifh white. &amp;quot;&amp;apos; Its colours are mofily deep, (the reddifh white is the only pale colour,) and they have always a f1ade of black. Sometimes it, is cmveloped iii an opaline cruft; fometirnes it exhibits an opalefcent ifidef&amp;apos;cence, and others when cut exhibit tiars of three and fix rays. &amp;quot; It occurs in grains which, from their afpeft, thew that they have been roiled, alfo cryftillized. 1. Perfedt odaedron. &amp;quot;2. Lemngthened, or cuneiform oi1aedron. &amp;quot;3. When fin faces of the perfed octaedron are enlarged at the exq pcnce of the other two, one in each pyramid, which at length in, tirely difappear, a very acute rhomboid is formed. &amp;quot; 4. When four alternate planes of the oataedron grow large at the expence of the others, which at length difappear, a tetraedron is fommed: the tetraedron is fometimes truncated on the angles, and often fo deeply, that only thin fegments remain. &amp;quot; 5. Sometimes the edges of the common bafis of the oftaedron are truncated, and, in fome varieties, fo deeply, that a re&amp;amp;angular fourAdc d prifu:, acuminated by four planes, is formed. &amp;quot;1 6, Sometimes * &amp;quot; 6. Sometimes all the edges of the o&amp;amp;aedron are truncated. When thefe truncations become fo large as to caufe the original faces to difappear, the gamnet dodecaedron is formed. &amp;quot;7 . Sometimes each of the angles of the o~aedron are acuminated by four planes, which are placed on the lateral planes. &amp;quot; S. Six-fided table, in which the terminal planes are fet alternately firaight and oblique on the lateral planes. It may alfo be viewvcd as an odacdron, in which two diagonally oppofite planes have increafed very much in proportion to the others. &amp;quot;9. When two fegmetits of the tetraedron are joined by their bafis, a twin cryllal, having three re-entering angles, is formed. &amp;quot; 10. When three fegments are joined, a triple cryfial is formed. &amp;quot;The cryllals are fmall and very imall, ery rarely middle4zed, ar.d probably all around cryfilalized. *Plancs generally fmnooth. &amp;quot;xicrtnally afid internally its lufire is fpletndent and vitreous. Fracti re nearly perfectly flat conchoidal, and folhetimes imper, feCtlv foliated. Fru-ments indeterminately angular, tharp-edged. It alternates from tranflucent to tranfparent. &amp;quot; Hard in a high degree, but can be fcratched by fapphirc. N&amp;apos; Not particularly heavy, approaching to heavy. S Specilic gravity, 3,700, Werner.-3,645, lIauy.-3,570, Klaproth. &amp;quot; Clhemical chara&amp;apos;lers.-Before the blow-pipe it is unalterablec without addition, but is fufible with borax. &amp;quot; Conflituent Parts. &amp;quot;Alumina - - - 74,50 - 8i 82 &amp;quot; Silica - - - - 1I,50 Magnefla - - - 8,25 - - - 8,75 &amp;quot;Oxyd of iron - - 1,50 &amp;quot;Chromic acid - - - - 6,18 &amp;quot;Lime - - - - 0,73 &amp;quot;Lofs - - - - - - 2,57 100,50 100 &amp;quot;Klaproth, t. 2. 10. Vauquelin, J. d. M. N. 38. p. 89. Geognoftic fituation.-Werner is of opinion that it occurs in rock-s belonging to the neweft floetz trap formation. In the mz1lificernt co1lctaion belonging to the Honourable &amp;apos;Mr. Greville, are two interefting fpecimens which, although they do inot enable us to afcertain the repofitory of the fpinelle, make us acquainted with fome of its accompanying foffils. In one of the fpecimens, crvttals of fpinelle are imbedded in calcareous fpar, and accompanied with cryfials of mica, magnetic pyrites, and a fubfnce which Count de Bournon believes to be alfaragus flone: in the the other, the fpinelle is imbedded in adularia, and is accompanied with magnetic pyrites. d Geographic fituation.-Tt is found in the kingdom of Pegu, and in the ifland of Ceylon, accompani~ed with zircon, hyacinth, tourmaline, and cey lanite. Bournon. &amp;quot; Ufe.-lt is employed as a precious flone, and is of confiderable value, but it has neither the hardnefs nor the fire of the oritatal ruby. , Obfervation.-When fpinelle and oriental ruby of the fame colour are cut, we can diftinguilh them from each other by the fuperior bardnefs, and greater fpecific. gravity of the latter.&amp;quot; &amp;quot;Twelfth Species.-SA PP11IR. &amp;quot; Sapbir.-Werner. Saphlirus, W\all, t. J. p. 248.-Ruboinus orientalis, Ibid. p. 104a7._ Tlopazius orientalis, Ibid. p. 251.-Rubis d&amp;apos;orient, R. de L t. 2. p. 212.-Orienital ruby, iapphire, and topaz, Kirw. t. 1. p. 250.Sapphir, Eftner, I6. 2. f. 86. Id. Ennin. b. 1. f. 67. &amp;amp; b. 1. 1:. 51.Zatfiro et rubin-zaffiro, Nap. p. 113. and 121.-Saphir, Broch. t. 1. ). &amp;quot;&amp;apos;07.-Telefie, H-auy, t. 2. p. 480.-Perfe&amp;amp; corundum, Grevil. and Bournon. London Philof. Tranf. 1798 &amp;amp; 1802. External charadters. &amp;quot;Its principal colour is Berlin blue; but it occurs alfo red, and *f all the intermediate varieties that exift between thefe two principal colours. It paffies on the one tide into indigo blue, on the other into azure, violet, lavender, lilac and fky blue, and further into deep yreen; fro&amp;lt;m the lilac blue it paffes into peach-bloflbm red, crimfor, red, cochineal red, and very rarely into carmine red; from the peachbloflom red it paffes into rofe red and reddiflh white; it has been alfb obferved yellowilh white, and lafily it pafles from lavender blue iitiO pearl grey, blucifh grey, and blueiflt white. W erner fuppofes that the yellowiffh white may pafs into yellow. * It is fomietimes found with two colours at once, as white arnd blue, and blue and red. Werner has in his potrefflon a iapphire which is white in the middle, and at the one end blue, afnd at the other red. &amp;quot;&amp;apos; It occurs in fimall rolled pieces, and cryftallized. Its cryfiallizations are as follows: &amp;quot; 1. Double three-fided pyramid, in which the lateral planes of the one are let on the lateral edges of the other; or it inay be con. Milered as a flightly acute rhomboid. &amp;quot; 2. The extremities of the pyramids (or the two diagonally epfifite angles of the rhomboicl) immore or lefs deeply truncated, and fornetimes fo deeply, that there is formed a fix-fide&amp;apos;d table, in which the terminal planes are fet altern:Ately oblique anti firaight on the atera! Pla1leS. &amp;apos; 3. Somntimes &amp;quot; 3. Sometimes the common bafis of the pyramids is truncated. and in fome varieties fo deeply, that there is formed a rhomboidal fix-fided prifi, acuminated by three planes, which are fet on the alternate lateral edges. The extremities of the acumninations are often truncated. &amp;quot;1 4. P&amp;apos;erfe&amp;amp; fix-fided prifni, which is fometimes fo fhort that it foriL-s a fix-fided table. &amp;quot; 5. Six-fided priim truncatcd on the lateral and terminal edges, and on the alternatc angless &amp;quot; 6&amp;apos;. When the truncations on the terminal edges incrcafe, there is formced a fix-planed acumination. &amp;quot; 7. When the prifin of the preceding figure difappears, a more or lefs acute double fix-fided pyramid is formed. The extremities of the pyramid are ulfually more or lefs deeply truncated; fometimes truncated on the alternatc angles which are formed by the necting of the truincating plane and the acuminating planes, a&amp;apos;nd very rarely %with unaltered extremities. &amp;quot;&amp;amp; S. More or lets acute fingle fix-fided pyramid, in which the extremity is ufually truncated, and fometinies even the edges. In fome rare varieties, the alternate augles, formed bv the meeting of the truncating plane and the acuniniatirng planes, anud alfo the alternate angles of the bafis are truncated. &amp;quot;9. Single fix-fided pyramid flatly acuminated by three planes8 which are let on the alternate lateral edges. &amp;quot; Cryflals fmall and minddle-fized, and all round cryfiallized. The planes of the cryftals are often tranfverfly lireaked, and, when frefl, are generally 1ilcndlent. InternAlly its lutire is fplendent and vitreous. &amp;quot; Fraclure conrcloidal in true fa!plhirP ; in thofe varieties which are denominated oriental ruby, it p)reeints a three-fold oblique angular cleavage, which is parallel with the fides of the rhomboid. &amp;quot; Franients indleterminiately anaular. &amp;quot; It is more or le. tran fparent, e, t&amp;apos;en fomnetimes pafling to tranflucent; and there are varieties that. uihen cut, and expofed to the rays of the fuii, exhibit a; ltar of fix ravs. &amp;quot; I lard in the highlCit dcgree, reiitiluiLg the file, but yielding to tbi diainoid. afiilv frangible. &amp;quot; It is heavy. &amp;quot; &amp;quot;ecitic gravitv-yFrorn 3,9S0 to 4,180, Werner:-3,994 to 4,83, Hauy:-4,000, Kirwaii.-From 4,000 to 4,083, Hatchett &amp;amp; Greville:-3,907 tu 4,161, B3ournon. &amp;apos;Conl-tituent parts. &amp;quot; Silica - - - 0 - - 35,0 Alumina - - 93,5 - - - 58,0 &amp;apos; Line - - - 0,5 - - 5,0 Oxyd of iron - 1,0 - - - 2,0 100 100 0&amp;apos; Klaprotb, t. 1. p. 88. Bergman. &amp;quot;$Sapphiree &amp;quot; Sapphire. Oriental Ruby. &amp;quot; Silica - - - 5,25 - - - 7,0 &amp;quot; Alumina - - 92,0 - - - 90,0 fron - - - 1,0 - - - 1,2 &amp;quot;Loft - - - 1,75 - - - 1,8 100,Ot) 100,00 &amp;quot; Chenevix. Id. Chemical cbaraL1ers.-It is infufible without addition before the blowrpipe, but with borax it melts without effervefcence., Guoglloflic fituation.-Werner fufpefls that it occurs in rocks belonging to the newell floetz trap formation: and it would ap; pear, from the obfervations of the honourable Mr. Greville and (Count de Bournon, that it is alfo an inmate of granite, fyenite, and other primitive Tocks. &amp;quot; Geographic fituation.-It is found particularly beautiful in the kingdom of Pegu and ifland of Ceylon in the Eaft Indies. It has been alfo difcovered in Portugal; France, in the fiream Expailly; alfo in Bohemia, near Nieronith and Bilin, at the foot of trap rocks, and accompanied by hyacinth, pyrope, and iron fand. &amp;quot;4 Ufe.-Sapphire and oriental ruby are, next to the diamond, the mofi valuable of precious ftones, and are ufed in the fineft kind I djewellery. &amp;quot;Obfervations. &amp;quot; l. Werner is of opinion that fapphire and fpinelle are very iicarly allied, and that, in fome inftances, fpinelle paffes into f1apphire. &amp;quot; 2. The oriental ruby, which is here arranged, in conformity to the method of Werner, along with the fapphire, appears, from the obfervations of Count de B3ournon, to be a diftina fpecies. &amp;quot; It differs from fapphire in its colour fuite, in having a diflind foliated fra&amp;apos;lure, in being fofter, and poffeffing lefs fpecific gravitv; and in its geognoftic clrara6ter, as it occurs fometimes imbedded in corundum, which is an inmate of primitive mountains, while fapphire appears to be more a producdion of a later period. &amp;quot; 3. The violet-coloured fapphire is the oriental amethyft; the yelkliw, the oriental chryfolite and topaz; and the green, the oritntal emerald.&amp;quot; &amp;quot; Thirteenth fpecies.-CoRUNDUM. Korund.-Werner. &amp;quot;lb. Wid. f. 237.-Adamantiue fpar, Kirw. vol. i. p. 635.-Demant fpatlh, Emm. b. 1. f. 9. &amp;amp; b. 3. f. &amp;gt;29.-Spato adamantino, Nap. p. 223.-Corindon, L[m. t. 2. p. 356.-Le Spath adaman - tine, Broch, t. 1. p. 356.-Corindon, Hauy, t. 3. p. I eIInpcrfv&amp;amp; icorundutn, Greville and Bournon, Plhilof. Trartf. 1798 &amp;amp; 1S0(-. &amp;quot;F ctetna? &amp;quot; External chara&amp;amp;ers. &amp;quot; Its colour is greenifih white, of various degrees of intenfity, which pafles into light greeni/h grey, and even into mountain and afparagus green: it is fometimes alfo pearl grey, which patfes into fleth red ; and in fome varieties it is reddifh externally, but greenifh internally. &amp;quot; It occurs maffive, diffieminated, in rolled pieces, and cryftallized. Its cryftallizatioiis are fimilar to thofe of fapphire. The cryftals are middle-lized and imbedded. Externally, they are (lull and rough. The luftre of tie principal and crofs fra&amp;amp;ure is fhiiiiing and gliftenina, and is internmediate between vitreous and refinous. &amp;quot;The fradure is foliated, with a three-fold obliquely interiJeing cleavage, and the cleavages are parallel with the planes of the rhomb boid, or of the alternate angles ot the fix-fided prifm: crofs-fradure is fmall, and imnperfettly conchoidal. Fragments rhomboidal. It Mrews % tendency to firaight lainellr dillind concretions. It is duplicating tranflucent. Hard in a higl degree, yielding a little to the file. Pretty eafily frangible. Not particularly heavy, approaching to heavy. Specific gravity-3,7 10, Klaproth :-3,873, Hauy :-3,87S Vournon. &amp;quot; Conflituent parts. Corundum of the Carnatic - of Malabar. &amp;apos; Silica - - 5,0 - - - 7,0 Alumina - 91,0 - - - 86,5 &amp;quot; Iron - - - 1,5 - - - 4,0 &amp;apos; Lofsi - - - ,3 - - - 2,5 100 100 &amp;quot; According to Chenevix. &amp;quot; Corundum of Bengal. Alumina - - - - - - 89,50 Silica- 5,50 Oxvd of Iron - _,25 Lus - - - - - - - 3,75 According to Klaproth. Geognoftic fituation.-It probably occurs imbedded in granite, tenite, or green-tione, as the cryftials of it are often found in a rock compofed of felfpar, quartz, hornblende, and mica. &amp;quot;(eographic fituation.-It is found iin the Carziatic, and on the coaft of Malabar.&amp;quot; &amp;quot; Fourteenth fpecies.-DI A MOND SPAR. Demant fpath.-Werner. E1 I`xterinal claravters. Its colour is dark hair brown. e it 4 It occurs maffive, differninated, in rolled pieces, and cryftallized in .4 1. Six-fided prifins; and in &amp;quot; 2. Simple very acute fix-fided pyramids, having their extremities truncated. I Internally its luftre ir fplendent, and generally pearly, ap. proaclhing in a eight deg-ree to adamanitine. When cut iuto a femicircular fliape, and in fuch a manner that the point of interfeaion of the three-fold cleavage occupies the middle of the furface, it prelents all opaiefcent fiar of fix rays, and a peculiar pearly light, Nhich is of a copper-red colour. rraclure prefents a perfea obliquely interfeaing three-fold cleavage. Frarments rhomboidal, but not fo perfe&amp;amp; as in corundum. It is tranflucent on tVie edges. a ard( in a highl degree, yielding a little to the file. Eafily fratigible. It is ilot particularly heavy, approachicg to heavy Specific grasity-3,981. 1&amp;apos; Conftituent parts. &amp;quot; Dianmond fpar of China. &amp;quot; Alumina - - - - - 84,00 Silica - - - - - - 6,50 &amp;quot; Oxyd of iron 7,50 Lofs - - - - - - - 2,0 100,0 &amp;quot; According to Klaprotlh, Geognoffic fituation.-Probably occurs in granite. &amp;quot; Geographic fituation.-lias been hitherto found only in Ch&amp;apos;Iina. &amp;quot;&amp;apos; Ufe.-Both diamond fpar and corundum are eruployed in cutt&amp;apos;fi. and polithing hard mininals. Obfervations. 1. The Treat hardnefs of corundain and diamond fpar, indepen(lcllt of their ftrong aflinity to fapphire, may be coufidered as juftifvinri their removal to the flint genus. 2&amp;apos; ;&amp;apos;. &amp;apos;ILe compaa corundum of Bournon is probably only a va,.i tv otf the following, fpecies. 3. It is probable that diamond-fpar is only a variety or fub,)ies of corundum.&amp;quot; &amp;quot; Fifteenth fpecies.-EmERY. Schmiergel.-Werner. &amp;quot; External characders. &amp;quot;Its colour is intermediate betwcen greyilh black and blueifb &amp;quot; it d It occurs niaflive and difteminated; and the maffive is fornetimes intermixed with other minerals. Its lutire is glifteniug, palling into glimmering, and is ada. mantine. &amp;quot; Fraaure fine and finall grained, uneven; fometimes even fplintery. Fragments indeterminately anaular, rather blunt-edged. &amp;quot; It fometimes fhews fine-grained diftindt concretions. Is fightly tranflucent on the edges. Hard ini a high degree, fearcely yielding to the file. Not very ealily frangible. &amp;quot; Heavy. &amp;quot; Conttituent parts. Alumina - - - - -- 86,o &amp;quot; Silica - - - - - - 3,0 Iron?- - - - - - - - 4,0 &amp;quot;Lofs - - - - - - - 7,0 100 &amp;quot;According to Tennant, Philof. Tranf. for 1802. &amp;quot; Geognoflic fituation.-It occurs in beds of talc and fleatite, and is frequeritly accompanied with calcfpar and blende. &amp;quot;Geographic fituation.-It is found at Ocifenkopf, near Schlwart. zenberg in Saxony; alfo in great quantity in the ilanrds of the Hellefpontic Archipelagro, particularly in the iWland of Naxos. It is faid alfo to occur in the ifles of Guernfey and Jerfey, on the coalis of Normandy, and in Spain. &amp;quot; Ufe.-It is ufed for cutting and polilino hard bodies: it is cveii enmj)loyed for cutting fapphire and oriel&amp;apos;taf ruby. Obfervations. 1. Its high degree of hardnefs, and affinity to corundum, have induced me to ,ive it its prefent place in the fyftem. &amp;quot;2. -May not this, and the four preceding fpecies, be arramiget in the following order ? &amp;quot; lRuby family. S ;pinelle. &amp;quot; Sapphire. a. Sapphire. b. Orieutal ruby. &amp;quot; Corundum. &amp;quot;4 a. Common corurwlum. &amp;quot; b. Diamond fpar. &amp;quot; c. Enmery, or coinpa&amp;amp; corundum. 3. &amp;apos;Magnetic iroji flone, and iron glance, from their beina eiml ploycd in place of emery in poliihing hard bodies, have been cons. founded with it.&amp;quot;_pp. 78-98. From From this extenfive extra&amp;amp;, our readers will immediately fee, that the prefent work, like all the writings of the fame fchool, is only a rude chaos of lengthened defcriptions, without the leaft clew by which a perfon might be enabled to grope his way through the inimnenfe nmafs of words in which the fubje(q is involved. As no diftintion is made between the effential charad1ers of a fpecies and its accidental variations, the work is almoft entirely ufelefs to junior fitudents; and although thofe who bring to its perufal a confideratble previous acquaintarnce. withl minerals, may at firfl derive Come pleafure in hayin, before them a detailed account of all the known variations of each fpecies; yet even thete will frequently be mifled by the confifion that exifts between the 1iecics. Thus, in the extrai&amp;amp; we have given, diamond p1ar is diftinguifhed from corundum: and yet the adainantine&amp;apos; iPar of Kirwan, Emmer. ling, Napioni, aud Brochant, (all men well acquainted with Werner&amp;apos;s arrangement,) is given as fynonvnious with corund nm. W1 e are allo intbormed, that it appears from the Count ,1e Bournon&amp;apos;s obfervations that the ruby is a dittin&amp;amp; fpecies from the fapphirc; whereas that excellent mineralogit is decid_ edly of opinion, and has puItlifhed a long paper in the Philo. fophical Tranfadions (to wkiich paper Profeflor Jamefon reters) to prove, that they are only varieties of the fame I&amp;apos;peeies, as is alfo corundum. It is at the fame time hiated, that corundum, is an inmate of primitive mountains, wvhile fapphire appears to be of later production; yet, the Count deferibes corundum Is palfing-, in the very fame fpccimen, by infenfible degrees, into fapplhire. As to the language uifed in the defcripticiis, the author deprecates the feverity of criticifin, until hie has, in his ftmture vol nwes, an opportunity of explaining it. We flould undoubtedlv be inclined to accede to his wiffies, it we could form the leait (*:ofception that any apology could be offered for many of the ntramige expreflions here uled. Whatapolot can lhe make for clm ill-confiruded and difgutting terms as, &amp;quot; not particularly itlicultlv frangible ;&amp;quot; &amp;quot; not particullarly heavy, apl)roaching to hevy; &amp;apos; manipulariv a-gregated :&amp;quot; &amp;quot; fcopitormly aggregaRl;&amp;apos; floritormly foliated ;&amp;quot; or, wvhat is fill more ridiculous, felunite, we are told, &amp;quot;is a little commonly flexible.&amp;quot; When a line is viewed through certain traniparent minerals, itappears d)ouble; to exprefs this phenowenon, hie foihetimes, Jhys fuch lnierals are &amp;quot; duplicating refratting,&amp;quot; or (as above, in corun&amp;apos;lion) &amp;quot; (luplicating trantlucent.&amp;quot; fHow different are thefe PC(lantic phrafes from the neat and elegant terins ufed by Lin,la~ls (C&amp;apos;anelifli is fiaid to be &amp;quot; moft couinmonly unfeparated, &amp;apos;.t in foni&amp;amp; vrarietics it fhows a tendency to concentric and Isol titicution- fortification-6ife bent lanmellar diftinhi concretions; and, according to the difpofition of thete, the colour delineations are formedi.&amp;quot; &amp;apos;This inift, ait all events, be called very alfe6ted language; yet, cven this is but a finahl fault in comparifon with the numerous Germanifins, which, like the word &amp;quot; unfeparated,&amp;quot; for coilpCt, in the above puffage, Co frequently otfnd us. Of Come very light follils we arc told, that &amp;quot; they are fwimnming,&amp;quot; inftead of, that they will fwvim on water: fo we have &amp;quot; mild, &amp;quot; all arouL!nd cryliallize(l,&amp;quot; and other terms uled in their German fen I. Amnong the colours of the diamond, fiow-%Ahite is mentioned; and we are even told by Profeffor Jamclon, that fnowv-white diamonds are the moft valuable. This is, indeed, a new and unexpe6tedl piece of information ; as we kind always fuppofed, that the abfence of ail colour, an(l a c nfiderable degree of tranfparency (properties by oo means belonging to fnos ) were the chief charpeters of line diamoilds. It remains to 1.iy a few words refpe&amp;amp;ing the names given to tie fubfiaticcs. Thefrit are all formed on the fame preference o tthe German Ilngguale; and are, in many cafes, mere literal tranflations of AN erner s naues, without the leaft regard to confiltency, or the analogies of our language; in others, they are altered with as little judgment. To take Ibme of them as they occur in the fyftei.-W e fee no reafon why\ Veffiviane fioulid in Englifli have a final e. Tihumerftein&amp;quot; derives its iame from the town of Thun, and, when rendered into Eng1ijb, fliould undoubtedly be Thum-nionle, as Bath-fItone, 1 ortlinad-fione ; unlefs we followed the Itilians, and called it &amp;apos;Ilinuite : Thumnerfione, uiWd by Profellor Jamefon, is a verl;.l inontier, partly Germani and partly Englith. The wakke of thle Germans is rendcred wvacce: furev thle author cannot le ignorant that c is alh.N-as lbft before c, ; and, of courf&amp;apos;e, the AVord, as it inutt no)w be pbroTnouLnHced wakel, is entirely altere(l. Sclhili lerfit--ii is rendel(lred Schillerione, vhiclh is e(qually moln16tLrs ;aS Thuineilfione. The k of the Germans is ufuallv conv&amp;apos;erted into a c ; but inl cianit the reverfe takes place, for this is inade into Emiglmih by kyanite. Tbme kalk gefehle&amp;amp;, kalk fpath, kalk finter, and klik tuMT, of lWerner, are made into (:1k igents. (cale Ipar. cale Iinter, and calc tuf; all certainly uh)jectiunblsle, as we have no Liach adjective as calc in our lun&amp;quot;Lgagre, nlol any word from which it can be properly derived. It Preftefoi Jalanefn hJad ufed lime (which is 1iUnified by the (;CerInia word) or evemi chalk, we might not lnave Iiaid any thilil&amp;apos;r aj(-ijaj it; although wve fee no reallob for throwin,, afide (Mr 111aclielit nairles of calcareous earths, cldcareous fpar, or caActircous tophius. SchIauiu.earth is alfo a inonfirous collipouLd, pound, and cannot be allowed: Co alfo is fchaal-ftone, which takes its name from its being compofed of &amp;quot; lamellar diffin~t concretions,&amp;quot; and might perhaps be properly called flakeflone. The Bologneier fpath of Werner is literally rendered Bolognefe fpar; although it has always been called, Bolognian ftone. In like manner, the German adje~tive, natirliches, is contlantly tranflated, natural; as, natural foda, natural fulpliur, and many others, inflead of native. So the German word galanz (which fignifies thining, brilliant, fpecular) is as conllfantly rendered literally, glance, whether it bean adjective or a fubifantive; as glance coal, iron glance, lead glance, &amp;amp;c.: the flime word is alfo utfed in filver glance, although Werner there utes glaferz, to which our ulfial name of the mineral, viz. vitreous filver ore, is perfeotly identical in meaning. Il general, however, Profeffor Jamefon follows his model with undeviating exatInefs, and the moft Gothic want of tafte, as quickfilver horn ore, filver black, copper black, tile ore, copper emerald, hair pyrites, red iron froth, iron kidney. Becaufs our neighbours call the fulphuret of quickfilver, ziunober, the author utes cinnobar in lieu of cinnabar. So we have antimonv ochre for antimonial, becaufe the German ;iibftantive happens in this inftance to be ufed adjedtively. ()livenerz, fo called fiom its being of an olive-green colour, is rendered oliven ore. Although we are heartily tired of having nothing but fuch egregious faults to point out, we cannot refift producing one mnore fpecimen of the little attention Profrffor Jamefon has paid to propriety of fpeech. A variety of the grey ore of antimony has, from its appearance, been long kIIown by the name of plumofe antimony: the Germans call it imply federerz, which the author, in defiance of every analogy on which the Englith language is founded, tranflatek feat herofe grey antimnuy ;&amp;quot; thus applying a termination peulliar to the Roman dialect of our tongue to a word taken frou the Northern languages, and which would, of courfe, have required the derivative to be feathery or feather-like. Eleven plates are annexed to this volume, which are very neatly executed on the part of the engraver. Nine of theni exhibit the principal cryftalline forms of the earthy foflils. They are moftly taken, as the author confeiles, from HaUv slid Bournon. It is to be obferved, that thefe two celebrated mineralogifis ufe two different methods in pourtraying the forms of cryftals, and hence wve can mnofily tell by infpeetion from, which of them the feveral figures are taken. The Count de Bournon&amp;apos;s, as thofe of fpinelle and fapphire, want the dotted liles that mark out the planes which lie behind; but, as Profelrr Jamefbn has taken out of Haiifs figures the infcribed primitive primitive forms, Ihould be not, at the fame time, have added to the former thofe dotted lines, and thus have rendered his figures fimilar in their confiruction to one another. The tenth plate exhibits what is called &amp;quot; the colowr fuite&amp;quot; of the ipphire, and of the diamond; and thL eleventh fhows the natural alflances of filver ores with other metallic ainerals. We much approve of this manner of exhibition; and with to fee it extended, not only throughout the whole mineral fyftem, but alfo through every dlpartment of natural hifiory. It is, however, more advaintageous for the ftudent to draw up the&amp;amp;e tables hiinfelf, than inerely to exaraine thofe drawn up by otherl. W~e mull not omit notiting the great want of-an index, which, when volumes are publiihed teparately, ought certainly to be affixed to each. The difficltdt of findinrr any fpecies i4 increaled by the (ditlerent mo(le of tiumbering tTiem, asufed in the tabular view, and ill the f1ftem ittdf. In the former, the fpecics are numbcred in continuation; in the Latter, a freth fries of numbers comnmence with each genUs. A table of errata is alto much wanted, as the errors of the prefs are not . 1ew, particnlarly in the ftatements oftle conftituent parts, an(i in the numerals. We7c allude particularly to pp. 354, 371,406 ciPecially the firft, which furely could not bave had the leaft correction bettowed upon it; any imore than p. 265, wbere, although the ftnonyrns are conflantly printed in a finaller type than the other parts, we find a whole line of defeription, in the larger tylc, ituck in among them: from whence this has wandered we have not yet difcovered. The carefil perufal of Mr. J.&amp;apos;s work bas confirmed us in the opinion we have lon1 entertained, that the mineralogical langruage of the Frcyberg fchool is Nwell adapted for delfribing individual minerals, or for giving an ory&amp;amp;ographic deferiptiOI of any particular country; the orytognoftic fyftem of Werner certainly exhibits alfo, in fome degree, the natural alliances between minerasi; but it is, totally inapplicable to a determination of the fpecies, in the firfi inftance, and of courfe unfit for elementary inflru&amp;amp;ion in mineralogy, however it may extend the knowledge of thofe who have already made a confiderable progrefs in the fcience. Wc cannot conclude without remarking the firikiag difference between the manner in which the language and fyfiem of Werner are explained to the French and to the Englith. Brochant, in his lekmens de Nincralogie, has given a very candid and faii4 ftatement of the dodtrines of the Freyberg fehool of mineralogy, in plain and -intelligible language, without any pretenfions to fuperior knowledge, or any buife of other ather fyftems, but feeks for illuftration wherever it could be found. ProfefflorJamefon, on the contrary, feldom omits an opportunity of finding fault with his fellow-labourers in the fence, and rejetis their improvements with difdain; at the flnne time he has, by his grofs inaccuracies, his perpetual Germanifmns, and his inelegant and ungrammatical compound terms, &amp;amp;c. given fuch a delineation of it as will, we think, inftead of increafing the number of its followers, occafion every perlon wl)o becomes acquainted with it only through the mwe dium of his work, to turn from it with difguf.</FullText> </Record>