<?xml version="1.0" encoding="UTF-8"?>
<Record> 	<Version>Record_v1.0.xsd</Version> 	<RecordID>5095313</RecordID> 	<DateTimeStamp>20180928135642</DateTimeStamp> 	<ActionCode>change</ActionCode> 	<RecordTitle>News of the Week.</RecordTitle> 	<Publication> 		<PublicationID>3053</PublicationID> 		<Title>Leader and Saturday analyst, Jan. 7-June 30, 1860</Title> 		<Qualifier>London</Qualifier> 	</Publication> 	<Publisher>Joseph Clayton</Publisher> 	<Volume>3</Volume> 	<Issue>136</Issue> 	<AlphaPubDate>Oct 30, 1852</AlphaPubDate> 	<NumericPubDate>18521030</NumericPubDate> 	<SourceType>Historical Periodicals</SourceType> 	<ObjectType>Feature</ObjectType> 	<ObjectType>Article</ObjectType> 	<LanguageCode>ENG</LanguageCode> 	<ISSN>2043-3530</ISSN> 	<ISSN>2043-3549</ISSN> 	<StartPage>1029</StartPage> 	<EndPage>1030</EndPage> 	<Pagination>1029-1030</Pagination> 	<URLDocView>http://search.proquest.com/docview/5095313/</URLDocView> 	<Products> 		<Product> 			<ProductID>1007574</ProductID> 			<HasFullText>true</HasFullText> 		</Product> 		<Product> 			<ProductID>1009130</ProductID> 			<HasFullText>true</HasFullText> 		</Product> 		<Product> 			<ProductID>10000001</ProductID> 			<HasFullText>true</HasFullText> 		</Product> 		<Product> 			<ProductID>10000297</ProductID> 			<HasFullText>true</HasFullText> 		</Product> 	</Products> 	<Terms> 		<FlexTerm> 			<FlexTermName>DerivedSubject</FlexTermName> 			<FlexTermValue>GREAT BRITAIN - Politics and Government - 1837-1901</FlexTermValue> 		</FlexTerm> 		<FlexTerm> 			<FlexTermName>DerivedSubject</FlexTermName> 			<FlexTermValue>LITERATURE, MODERN - History and Criticism - 19th Century</FlexTermValue> 		</FlexTerm> 	</Terms> 	 	<FullText>Ptiig of t ly &amp;apos;Iflck. EVEN of greater iniport:anee thani the Ttkiriah or the Belgian i Itceli &amp;apos;genti -, Is the lat.&amp;gt;t wurance from the Inited Statet, that tile SlIct&amp;apos;-; fFnhAlin Pierve is ansertitined. IBefore am othier number of oiir paper is mlit he tIII bave hven eeted President and thv Inti-litnlicm- {iIt that event will prohnhla rrive Int iiich Inmore thalml a weekl later. 0)1io, P&amp;apos;enimilvaillia, hiidianaiii amid Xsblndl, have chtleevil deinolerativ statc officers bi enormoos majorities;; Gene-ral S;eott&amp;apos;4 ca:iIn:si nalnd promisemnaking, toitr iII the ii st niot% ith. tanding. It is an appenilix to) thl, inImportalit fact. t hat the conduet of the Spali-h ( G we riitltit has h1adl its anticipate(l resuilt. The &amp;apos;scizurtu ol&amp;apos;d t Ilnptri and mailst inI the huar(lle (Coiru I,. andl still inoot the pereniptorv refuiaIl to adhilt the inil stc:aiicr Crescext City, siler counsnliaml of aI (talut is iI the inited Stite: 14 av hadl rIn ed a ti Of inditation iIs New i oY i;k tiuiunhrs r ll) M before abtaiined from the miovemieiet :Iw.rninst (&amp;apos;Cuba. o unitediwith tihe mmatiowsll iniuignaton agam:ilnS4 ;pain; madl the general rcbolutiotsa %it,, that (&amp;apos;111).L 110li1l1 he seized. The `Turkiskh (p jtioi&amp;apos; that haqs simishlcdv list npon asotoishe(l lAsrolp is the first illustraton of the newv (leelaration &amp;quot;m I,&amp;apos;R I&amp;apos;niire, r&amp;apos;est 1 paiz.&amp;quot; Tle B:ank of (Costantinosple, a k inid of ab-treasnr- dlepartinent. for getting illtvail of keeping mollev, contraets a loan uniider sanc(tion o0the Sultan ; the sanction i! %%ithidrawn ; the batik declare, that it atinnot lorirow tihe niotiev the lenders of Paris anid Lonlon are as IIttr% a a lad fair fliho has aveeptted : 0l1atte o1lv to Illtet a rtraetation; the French amiilalsailor MmIo hadl -vialed the luan thireatesns to vs ithldraw. antil Fratce ha the o(pp)orttunity of feeling isshilted if e pleases. As Ptroteetor of the llolv Hlaves the Emperor eleet can 4lefetIl, tile ill-uuted hatik; anil he ean shake Titrkev tititl-slivt falls into the protecting arms of Ruessia. Belgiusm, secordlitg to tet- report if a cottetpOrl which has beretofore dlistingusishedl itself b% upporting Lordl Paliimerstont rat her thai Loril Ma1imesburv, has been ordevresl hy the Mllied Powers to force its Mitnistrv into : complressiot of the press ; the Derby G;overuniamet taking a 1St in enforeing that rcquisition ot1 Kisug Leop1ld. The triumph of the Rasdical party in the election of a Presidenit to the Chambers implies tilat tile natioll vill not at ontec ap(uiesce in an!v s5ch1 dtinilai(l, nor is Kitig Leop(oldls actliieseeneC to I 1wl pr.,1114ild. lit Franiet herst-i commintre lmarclies as it is ex\pitttd to do nider tihe shadow of *u order;&amp;apos; ,rrt:Lt I)MMiC works Levi) thie A orkilng cl:sses m1plhyedil, ani ,antorifl/ propjrity i )erflect-14)r tihe ilav-. The &amp;apos; littl Ihill&amp;apos;&amp;apos; iindeld, is aveiiliiilaltill but of ciursw LTiom1 Naptoleonl expet(t5 t hat somie imierial mn(Ifall iill timri up before the creditor hliaul lom h isl pat nicle. lBIt ol)servers note avery iliarkeil remirvatio l in thle dmletaliotir of the peo. 1lt; tihey are eiiiitelit to take what they have, buiit tlih vinaiiitaiil a c lome slf-ponsession. I-War &amp;quot;is still the talk. &amp;apos;l&amp;apos;l rt(icmtioii of the arnm, %%hich will (Ivhli lt our Peace-mongers in a few * eeksk, is a &amp;apos;1hiiW ot Ile;IC. a pireparative for war. It it to bn a rvlititoton of the ineffective forres-a uirfdiigq of tihe ariuv, leam inw it in inore eficiejnt working Contdition. England is still the popular olbject of attack. Lotisi Napoleon i hitates his uncle with emendat ions. &amp;apos;Tlle Bloulogne expedhition Served(l ac a fei-it to Cloak the attack on ltussia; the inodtirn eCioverse ill lie to make an ex.pedition auainst RI-sia, &amp;apos;I&amp;apos;luilat. or sotmt other remnute spot, the feint for an attack on Eln,land. In -gelvial Englishmnl stick to &amp;apos; practical&amp;quot; piolitics vey assidiously. At loughborough, Lord Granlby aninnouies ito an attentive eountry that lie has nt notion i&amp;apos;ihat his brothier tlih (Coimmissioner of Woodis anid Florests or anv, other of the Mlinisters means to do ; at Leominister. Lord LBatemian, -mIlI kinomil from (;eorge (Crnikltiank s ep)ieaninouices hi, absoliitt contidecec ill Lordl I)erlbm- alt houlgi in not taking his stantl up10on Prottetiitl, Lord l)erby had provecl miser than lie was: ainl at Sairrotn Wtaltltn, Mr. William Beresfortd, wino tdenotiet&amp;apos;d tile vile raibble at BIraintree, (ilenotinces theemigration t iii cluonvt s * tihe bont atndl sinev of the countrv&amp;apos; to a distalnle szitre tile farminr cannilot use it. t rolitl Indones for mnalllret, tilgroutliid hones to utilize thle nanmire-titese are thle farmers rights, amdt Mr. lIeresford objects to thitir being withlldrao n. But Mr. Packe is tile sturtiest of the Protectionist party. Ile dloes not ste ehv, e(ause potatoes fail in Irelandt, Protection silould be ileclared dea(l, or Protectionists shoultl cry saure qui peut. Antd lie is right. The readiness of the Protectionists to run awav in defeat is not convietion, btut simply cowardice. Defeat doe&amp;quot; not refute a thoctrinmc; and if the Protectionists were men of the old English stamp, thev would uphold their doctrine in the teeth of defeat, at least for the remainder of a generation. Perhaps they hope to betray Free-trale into an ambush, by running awav and living to fight another day&amp;apos; h ut an ambiush in a panic never does its work. Mr. hletresford,low e ver,isthieeifai tlerribleofthe hlij gzov ernmeneit, andthere has~een atalkofremovI ing himii. ThIe (;lobe announced his translation to .Jamaiea, :i Governor; and as Jamaica is &amp;quot; only a eolonv.&amp;quot; the Idea was not a had one-for himjvelf andI friends. Irritated at the withdriwal of Protection, Jamaica has alreadv talked of &amp;quot;1 cutting the p~ainter&amp;apos; of connexion with England, and of drifting to annexation with the United States; and to send out a member of the renegade Protectionist Government as chief officer would naturallv conriliate the Jamaicans. A man of M Mr. Beresford&amp;apos;s discretion would be able to conduct the future negotiations with so much tact! And when Cuba had been annexed, he could conduct the ng-otiations for Jamaica from shore to isthore ! CertainIv he was the man to choose; so much so. that the choice transcends what we might have ex1)ccted even from Lord Derby&amp;apos;s Government. Therefore we might have disbe. I lieved the report, if it had not been contradicted by the lorning Herald. Among the original suggestions of the week, one of the most striking comes from Mr. John Bright, is ho possesses at least one of the qualities of statesmanship rarest in our (ly-a courageous dispositioln to treat affairs in a broad and vigorous manner. lie proposes a plan for settling the Church question in Ireland : it is to appropriate the property of the Established Church for a proportiona:ble division amongst the several chief denoninations in Ireland-the Episcopalian, Ro. man Catholic, and Presbyterian. It may be ol)jected against Mr. Bright&amp;apos;s plan, that it does not protit by the experience of the past, since it endleavouirs to tix a machinery for that which is fluctuating if not progressive-religious opinion. le proposes to 4lismantle one establishment, and out of the materials to construct three establisbInents. Ilis plan advances in the direction of a correspondent of our own, and witbout any very great stretching of his terms, it could be made to include the advantages of that proposition, by vesting Chureh property in each local body, and leaving the selection of the local minist to the local body. &amp;apos;Mr. Bright, however, is right in saying that it is impossible to devise a plan which sball be perfect, or shall win the assent of everybody. An order issued b% the Poor-law Commissionerg towards the end of August last, bas been the object of a growing, resistanee, in %hiclh the London Unions have taken part, and which M1anchester has just joined. ITe object of the ordier is, to forbid out-door relief for able-bodiedl per solis who are earning monteoy. and to oblige the oinlis to provide relief in the shape of work. &amp;apos;ihe order is likely to prove a ,rutuiu fulle n, vellementl excitillg ianny unionks against the idea of reproductive employment, thus abruiptly thrwit upon them without the slig^htct prpl)alratimo, or the slightest help towards overevouiq: the piruetieal difficulties that will be felt in some p)l vt . The fatal duel at Eghain has beeni followcdl by an unpleasant sequel of unigeneroui eomidiet. While the fact gent rally undclkrstood i., that Cournet forced on thel duel, out of anl overstrained punctilio, the reports mnade it appi-ar that political friends of his antagonist, lBartht Icm,. had forced it upon Cournet. A rag in one of Barthdlemy&amp;apos;s pistols rendered it imosu&amp;apos;ible for that .veapon to go off; the report spoke of it as Cournet&amp;apos;s pistol, and hinted that the rwm, had beeln put there by Barthtezinm &amp;apos;s second. 1 ad imopl1ressions have probably contrihuted to the dvekiou (,f the local magistrates against receivingp bail; but as the case of the prisoners is in good legal keepizwZ, we have no fear that justice will fail on the trial.</FullText> </Record>