<?xml version="1.0" encoding="UTF-8"?>
<Record> 	<Version>Record_v1.0.xsd</Version> 	<RecordID>5097998</RecordID> 	<DateTimeStamp>20180928135639</DateTimeStamp> 	<ActionCode>change</ActionCode> 	<RecordTitle>NEW SHETLAND.</RecordTitle> 	<Publication> 		<PublicationID>15378</PublicationID> 		<Title>The Literary gazette : A weekly journal of literature, science, and the fine arts</Title> 		<Qualifier>London</Qualifier> 	</Publication> 	<Publisher>H. Colburn [etc.]</Publisher> 	<Issue>253</Issue> 	<AlphaPubDate>Nov 24, 1821</AlphaPubDate> 	<NumericPubDate>18211124</NumericPubDate> 	<SourceType>Historical Periodicals</SourceType> 	<ObjectType>Feature</ObjectType> 	<ObjectType>Article</ObjectType> 	<Contributor> 		<ContribRole>Editor</ContribRole> 		<LastName>Jerdan</LastName> 		<FirstName>William</FirstName> 		<PersonName>William Jerdan</PersonName> 		<OriginalForm>Jerdan, William, 1782-1869</OriginalForm> 	</Contributor> 	<LanguageCode>ENG</LanguageCode> 	<ISSN>2043-3700</ISSN> 	<StartPage>746</StartPage> 	<EndPage>747</EndPage> 	<Pagination>746-747</Pagination> 	<URLDocView>http://search.proquest.com/docview/5097998/</URLDocView> 	<Products> 		<Product> 			<ProductID>1007574</ProductID> 			<HasFullText>true</HasFullText> 		</Product> 		<Product> 			<ProductID>1009130</ProductID> 			<HasFullText>true</HasFullText> 		</Product> 		<Product> 			<ProductID>10000001</ProductID> 			<HasFullText>true</HasFullText> 		</Product> 		<Product> 			<ProductID>10000297</ProductID> 			<HasFullText>true</HasFullText> 		</Product> 	</Products> 	<Terms> 		<FlexTerm> 			<FlexTermName>DerivedSubject</FlexTermName> 			<FlexTermValue>ENGLISH LITERATURE - Book Reviews - 19th Century</FlexTermValue> 		</FlexTerm> 	</Terms> 	 	<FullText>Nfl.NN&amp;apos; Sl!lll&amp;apos;Tl,.% ?; 1). I -.. . . . - - I (&amp;apos;I&amp;apos;:wo wol ;?w IlApr.) . - I 1iOM the bay ;eor-&amp;apos;-., Wlit!) in wvilich, our c &amp;apos;ilmtr)nimt i first li;amIcld upl, alld took POsssioE of c NeW Shvtiyl.ld, or, a: thev christeiied it, &amp;quot;&amp;apos; ,New Seat/I I~li&amp;apos;an,&amp;quot; ill the name of his A i4tyv, the Urig WiltiMinns %tiled oi the &amp;apos;2,7h 40 1f aniu;lirvj . eir luirse wv;IS O tn the 2 S, severl~ ihIi:lIt&amp;apos; id shitl -I ot slal; I wer,&amp;apos; - yi &amp;apos; - tilt vhlole dav theyv were surrouindtd(I i) petnnitll, snow-!.irds, piuntadoes, aintd allitros;e&amp;gt;. &amp;apos;1he land, hvierever seen, appeared to he immense mount;lins, rule cral s, and barren ridies covered w ith snow, close to the water&amp;apos;s ed-e, presettintg t most dreary and dismal aspect. Thick fo)s occurred now and throkichoutt the vo)yage so often as to render observation *lil&amp;apos;l,4 1v-icialil11( l&amp;apos;ienidit,-fthe eelet-b tedl Chlemist. Stee hs Letters and Adam Smiiith&amp;apos;s, tti}hiined to Mr. IHlinmc&amp;apos;s account of lis own Life. t On sailinz, thre landl rin in a S. W1&amp;apos;. direction as tar a, the eve extended : hut n little di-Atanee to tile soIltwhardl of a headland, nameId fArtin &amp;apos;tha ,itahriwlt a rended tso thc d ..W. fornising to thxe vicw a sp~acious sound. uncertain and navigation difficult. On the 29th, a glimpse was cau.ght of a very high mountain due north; and on the 30th, a small group of islands, extending S. E. to r. by S. was discovered, part of a ranze stretching 1. by N. to S. W. &amp;quot;1 The winds at this time,&amp;quot; we quote the Journal, &amp;quot; were strong, and the horizon cervl hazy, which opened and shut occasionallv, off}ring to our view an unknown coast, evidentlIv abounding, with rocks anid small islands. At noon, our latitude by meridian altitude was 63? 16&amp;apos;, and longitude by chronometer, Goo 2&amp;apos;3 \W.&amp;quot; They now, in consequence of thle Wet.atle, steored southward,, and seerned to he runninigz from the landl hutt at three o&amp;apos;clock in the afternoon, after having,, th-ir mttentionl attracted bh three imilmernse ic(herf s, the haze clearilng, the veryv tinlexpected lv sli land to the S. WV.; atnd at foir o&amp;apos;clock were encompassed by isiand&amp;lt;, spreading from N. F. to E. &amp;apos;[he 1(hole of&amp;apos; these formed a prIo5s)pet the most glooms&amp;apos; that can he imalgined, and the only cheel the sight afforded was in the idea tihat this mitzht he the long-sought Southern Contintent, aq land was undlouIlbtfedlv sfeen in latitilde 640, and trelidin-g to the eastward. In thais ha or vilpih there was a milltitude of whales, and a quantity of sea-weed, alnparently fresh from the rocks. A round island w-aLs called lower Island, latitude 63&amp;apos; 29&amp;apos;?&amp;apos; longitude 600 34&amp;apos;, and the land &amp;apos;Tinity Land, in compliment to the lrinitv Board. About this period sheet-iee abounded a-head, and not fewetr threan 31 icebergs were counted at onee. The weather was verv stormin, and the fatiaue of oflicers atnd men excessive. land a1d islands wer(? ohserved to latitude GI&amp;quot; 30&amp;apos;, and longfitude 560 54&amp;apos;. This land was of a moderate heith!t, and chieflv covered with snow. On the 4th of Fe 0briuary thev hatiled up, 6 or 7 miles ofr the cen tre of an immensely highi mountain. The master here wevnt on shore, and planted in a small cove, at th, foot of a most tremiendouiq precipice, a hoard with an inscription similar to that which was; left on the coast of G(eore&amp;apos;s Ilay. &amp;apos;lhe shingle heach swarmed with seals and pemntins and several streams fell in caqcades from the hillq. The ahove-mentioned precipice, in latitude 610 19&amp;apos; S., longitude 540 16&amp;apos;W, was nained Cape Blow&amp;apos;les: it seemed to he an al)rupt termination of the land to the southward, as, after leaving it and steering due east. no more was seen till the brig was in the longitude of nearly 500. O(n the 5th thev passed a verv large sealion, who amused himself by looking at them most attentivelv: sevoral vhales were abouti at the same timne. Till the. 12th, the .lournal relates* various tacks, &amp;amp;c. among islalnds; on that dav they went throughl shoals of grampvses, the first thev had seen. On the :lth Mlr. Smith landed on some uncouth cra c, which nin about four miles from the main. They, Like all other places, were covered with seals. Several shags flew so near the briz, that the men struck them down with pieces of wood which they flumn, at them. Their plumage is white on the breast, black on the head and wings, the beak iontg, narrow a nnd sharp. Amon a flock of penguins, some were seen entirely white, the only variety of that colour olhserved during the voy lage. Latitude 61&amp;apos; 2&amp;apos;, loni-itrive 550 32&amp;apos;. The largest islan.l V&amp;apos;as named Seal Island on this the boat collected &amp;apos;l0 fine fur skins. and several pieces of rock resembling canal coal. A small sandyv b1each vhere Mr. Smith effected a landinic&amp;apos;, he report,,d to he so covered with seals, as; to render it almost dangerous to go a &amp;apos;l, &amp;apos;i &amp;apos;&amp;apos; h el-ced tm as being .sto&amp;apos;!&amp;apos; io lit!. (f these he destroyed 300 and unpwards ; and the hoat not h)ernT 1lare enoi)&amp;quot;Jh to contl;lll them, they&amp;apos;v were skinined, at. a load liN ought our hoardl. Several S-a-elf lmrrs anld marine liirdS wsere Seen. Thle Lixtte~r ere so toraciouis, tha:t Awhile the Inelt were skinniiri the sealq, the&amp;apos; were, absohltelv&amp;apos; oblited to heat the&amp;apos;:, off wi;ti th leir ueb h to prevent int,&amp;apos;rruipnoin. Next day the sea lwel wvaslhted awvay mn;mv of the seai carcases l i&amp;apos;t by the boat I, ad tile hi-,ds so mangled the rest as to rendler them useles s. \\When in &amp;apos;W. lon;ttimde ;&amp;apos; 7 &amp;apos;.23&amp;apos; 45&amp;apos;, atid S. la;titude 10G 30&amp;apos;, onU the 2!2ad of 1 uthrtary the brig made a dash to the southllard, determine&amp;apos;d to enter the Arrntarclic lleriolos, Ili ice beimng visible on the eaotern coast, or tilt which they had just (*]ti:?tl. After a run of lo miles, however, \ivh a fiji N. 1. breeze, icebergs wvcre (&amp;apos;eeKn&amp;apos;Itee I ill immenise nunmbers, and tovardis &amp;apos;(&amp;apos;veniti Ionlo&amp;apos; pieces of sheet-ice stoppcd their progres. &amp;apos;The attempt was persevvered i onnl lhe 2:3id: but the accumulation of ice renderled] it altogether abortive, illd the ship&amp;apos;s l wav s turneui once mote tow\;r&amp;apos;s ( ape C la&amp;apos;s.e 10&amp;apos;ining alor&amp;apos;uz their old coast, other islands &amp;apos;vu&amp;apos;re seen, and othe r proiraner l t lands named. The sea breoak-s wvit die niful toree on the i;lanids whiclh linle tie eo~t&amp;apos;t Th .hole liie, from the St it Ploit latititide 6(20 42&amp;apos;,logitulle 61 27&amp;apos; to (C ipe lawle&amp;apos;, latite&amp;apos;it 610 19&amp;apos;, longitide t4&amp;apos;P 10 ,ataince )f 7&amp;quot; 17&amp;apos;, is ot; the Sanivt&amp;apos; wild a&amp;apos;l dismal a;l)ect ; and fr-ot ( Cipr&amp;apos; .&amp;apos;Ilvlii!e latitiude 6-2 1&amp;apos;, lonigitude 57U 44 to D)eselation Islanal, lat. 6,&amp;apos;? &amp;apos;27, lon0.1j 35&amp;apos;, the shore is so detended bv innimerahle rocks, breakers, anid sinall islands, as to render landing impracticable. Ont the 13th of M\arch the crew took their last look at this dreary and inhospitable coast, wvhichl seems to aobrd nothing beyond ain excellent seal-tishinti, from which, how&amp;apos;ever, much commercial benefit niay be derived. Mr. Done, vith perfect accuracy, (as has since been proved by the utissiant Expedition,) states his opinion, that &amp;apos; the vholo which was seen was a group of Islands, very narrow and of considerable magnitude.&amp;quot; lIe conjectures, that passages may mav be found betveen them and across the chain early in the season, the William being there very late, as she remained till the sun crossed the equator. The whales are (as already noticed) very thin, even if they are of the right sort, which does not appear to have been ascertained ; but the elephants are exceedingly fat, and yield a -reat deal of oil. The seal-skins are peculiariv line. Our gallant tars reached Vailparaiso on the 15th of April, having touched on their route at the island of Juan Fernan&amp;apos;dez, where they found the fruits, tle vegetables, the climate, and every thint else, a thousand times more exquisite thani ever they were l)blore, thougfh thle place is in reality a sort of terrestrial paradise. ( )n laniwiin-, their charts, journals, &amp;amp;c. were, a~rcely to the rules of the service, riven u); altd it is owing to the kin dness of a frioL(l, one of the offieer., not disapproved bw thle aIuIthority to which sith ma tters belon *, thoa wve have been enabtiled to tgive. in three short l)al)eri in the tilerw, (Gaiztc1, tihe sumil and substance of this remarkable v oy age. &amp;apos;Ihe cold wvas never severe ; tile lowest point on tie thermnimieter heina 30. W\e cannilot conclude, %%itliomit &amp;apos;advertinm lo the stead ines;, lrmltence, ze:dl, anild cour ee of tile h .olicers amid ltln to wb on this task was Thsited. Ihe come ) ui:n:tioi of intelli-ence, lr severanle an- ardlour which they&amp;apos; displayed, rtafioets honour on tihe profl sioin, and i.s trul ly clmlacteristic of tile .B~ritish seaman.</FullText> </Record>