<?xml version="1.0" encoding="UTF-8"?>
<Record> 	<Version>Record_v1.0.xsd</Version> 	<RecordID>5098553</RecordID> 	<DateTimeStamp>20180928135642</DateTimeStamp> 	<ActionCode>change</ActionCode> 	<RecordTitle>MARRIAGES.</RecordTitle> 	<Publication> 		<PublicationID>3053</PublicationID> 		<Title>Leader and Saturday analyst, Jan. 7-June 30, 1860</Title> 		<Qualifier>London</Qualifier> 	</Publication> 	<Publisher>Joseph Clayton</Publisher> 	<Volume>6</Volume> 	<Issue>279</Issue> 	<AlphaPubDate>Jul 28, 1855</AlphaPubDate> 	<NumericPubDate>18550728</NumericPubDate> 	<SourceType>Historical Periodicals</SourceType> 	<ObjectType>General Information</ObjectType> 	<LanguageCode>ENG</LanguageCode> 	<ISSN>2043-3530</ISSN> 	<ISSN>2043-3549</ISSN> 	<StartPage>729</StartPage> 	<EndPage>729</EndPage> 	<Pagination>729-729</Pagination> 	<URLDocView>http://search.proquest.com/docview/5098553/</URLDocView> 	<Products> 		<Product> 			<ProductID>1007574</ProductID> 			<HasFullText>true</HasFullText> 		</Product> 		<Product> 			<ProductID>1009130</ProductID> 			<HasFullText>true</HasFullText> 		</Product> 		<Product> 			<ProductID>10000001</ProductID> 			<HasFullText>true</HasFullText> 		</Product> 		<Product> 			<ProductID>10000297</ProductID> 			<HasFullText>true</HasFullText> 		</Product> 	</Products> 	<Terms> 		<FlexTerm> 			<FlexTermName>DerivedSubject</FlexTermName> 			<FlexTermValue>GREAT BRITAIN - Politics and Government - 1837-1901</FlexTermValue> 		</FlexTerm> 		<FlexTerm> 			<FlexTermName>DerivedSubject</FlexTermName> 			<FlexTermValue>LITERATURE, MODERN - History and Criticism - 19th Century</FlexTermValue> 		</FlexTerm> 	</Terms> 	<FullText>XA:RRIAGS. THOMSON -B KENE. -July U, at St. Mary Ksgd en Church, 0tford, the Rev. William Thomson. ll., Fellow of Queen&amp;apos;s College and Rector of All Souls, St. Maylo. bone, to ZMe. daughter of James Henry Skene, Bq. H.B.M. Consul at Aleppo. WOOLRICH-RIVERSO.-July 21, at Sawbridgeworth, by the l(ev. G. W. Brameld, Vicar of East Markham, the Itv. W% . H. Woolrich, to Emily Martha, second daughter of Thomai Rivers, Esq., of Sawbrilgeworth, Hferts.</FullText> </Record>