<?xml version="1.0" encoding="UTF-8"?>
<Record> 	<Version>Record_v1.0.xsd</Version> 	<RecordID>5119837</RecordID> 	<DateTimeStamp>20180928135700</DateTimeStamp> 	<ActionCode>change</ActionCode> 	<RecordTitle>TRIAL AND CONVICTION OF BACON.</RecordTitle> 	<Publication> 		<PublicationID>3053</PublicationID> 		<Title>Leader and Saturday analyst, Jan. 7-June 30, 1860</Title> 		<Qualifier>London</Qualifier> 	</Publication> 	<Publisher>Joseph Clayton</Publisher> 	<Volume>8</Volume> 	<Issue>384</Issue> 	<AlphaPubDate>Aug 1, 1857</AlphaPubDate> 	<NumericPubDate>18570801</NumericPubDate> 	<SourceType>Historical Periodicals</SourceType> 	<ObjectType>Feature</ObjectType> 	<ObjectType>Article</ObjectType> 	<LanguageCode>ENG</LanguageCode> 	<ISSN>2043-3530</ISSN> 	<ISSN>2043-3549</ISSN> 	<StartPage>729</StartPage> 	<EndPage>729</EndPage> 	<Pagination>729-729</Pagination> 	<URLDocView>http://search.proquest.com/docview/5119837/</URLDocView> 	<Products> 		<Product> 			<ProductID>1007574</ProductID> 			<HasFullText>true</HasFullText> 		</Product> 		<Product> 			<ProductID>1009130</ProductID> 			<HasFullText>true</HasFullText> 		</Product> 		<Product> 			<ProductID>10000001</ProductID> 			<HasFullText>true</HasFullText> 		</Product> 		<Product> 			<ProductID>10000297</ProductID> 			<HasFullText>true</HasFullText> 		</Product> 	</Products> 	<Terms> 		<FlexTerm> 			<FlexTermName>DerivedSubject</FlexTermName> 			<FlexTermValue>GREAT BRITAIN - Politics and Government - 1837-1901</FlexTermValue> 		</FlexTerm> 		<FlexTerm> 			<FlexTermName>DerivedSubject</FlexTermName> 			<FlexTermValue>LITERATURE, MODERN - History and Criticism - 19th Century</FlexTermValue> 		</FlexTerm> 	</Terms> 	 	<FullText>OUR CIVILIZATION. TRIAL AND CONVICTION OF BACON. 1`0KUO FULLUM BACON, who was recently tried atl 1aadon for the murder of his children, of which crime, he Irquitted, ws8 charged at the Lincoln Assizes lat Saturday with administeriag arsenic to his mother, xih intent to kill her. Mr. Mellor, Q.C., who con-&amp;apos; dctId the prosecution, decided on proceeding on thin indietent rather than on that which charged murder. mrhe trial was to have taken place the previous day; but Iir. Taylor, one of the witnesses, being absent on anotber trial, the cae against Bacon could not be procasded with. The Judge (MIr. Justice Erle) felt in considerable perplexity, and was obliged to postpone the inquiry. In the meanwhile, a telegraphic message was sent to Dr. Taylor by the Judge, conianding him to ;ttend, and addingthat if he neglected it would be at his peril. Accordingly&amp;apos;, on Satur(lay lhe was present, and the case proceeded. lacon pleaded Not Guilty, and du&amp;amp;ring the whole of the trial he was weeping. The facts lay in rather A small compass. On Sunday, the 13th of May, 1855, the mother of Bacon dined with her son, the accused, who was at that time living at Stam. ford. She was seized with illness shortly after dinner; was taken home; got worse for a time ; recovered on the Monday; became very ill again on the Tnesday, snd died that night. Thomas Bacon and his wife ( tIeC woman asquitted of the charge of murdering her children on the ground of insanity, and now confiiied nas s luinat() were About the elder Mrs. Bacon&amp;apos;s bed, afnd Bacon often administered her medicines to ber. At ine tine, he leferred his wife to a bottle on the (dr,-.-ing-table, ant aid he thought his mother had better llave some of its contents. Immediately after the death, lie removed a square bottle-&amp;quot; not an ordinary medivini&amp;apos; lb)ttle,&amp;quot; one of the witnesses said-which contained somel whitisil fluidl - and at the same time he remarked, &amp;quot; TIhik is of no use now; I may as well take it away.&amp;quot; William Blacon, a brother of Thomas, was also about tile houwse luring tChie illness, together with his wife ; antd they found that, on the Monday preceding the day of tile dheath, T&amp;apos;homans had possessed himself of his mother&amp;apos;s rent bik. Ile said it was his right, but lie va.s reproved fir taking it by his brother William. Old Mrs. Bacon owiied several houses, which Thomas seems to have thought would bsecoine his property on his mother&amp;apos;s death. It turned otit, lowever, that the property was divided aililong the re4t of&amp;apos; the children. Some months previously, llacon sent a i boy to a chemist&amp;apos;s for arsenic, alleging tChat lie wanted it to harden iron (he was a wlhite-inithi) hut lie was refused. Subsequently, only eight d(ays before his mother&amp;apos;s death, lie obtuaileil one ountec of thie poisul, thiis time applying for it iii person, atnC signingt, tile t book. lie said lie rqiuuirel it for killing rats. I lis mother, (luring tier illness, sthf&amp;apos;ered iimiense pain, bieinig afflicted by severe vomitinig, purgilg, twitthinig of tili nervms, aned stitfness of tli liiiitis all syli ptlniS of arsenical ploisoning; and, iti h tile bl),d btingcl ei umn last February, and analvSl111 lv D)r. &amp;apos;T&amp;apos;avlor amnil fr. Jackson, arsenic, to the exten t if tIIree jtLiarters of a grain, was fuiud in the eoats if til, t itnlacli, thle spleen, kidneys, liver, gall-bldilrlelr, X. Wit i re-pect to tile allegation about the rats, ai witness was ixamoiniel, iiho said that, (luring seveti ye.irs when lie h:il liveil in Bacon&amp;apos;s house, lie had only seen two rats there. This was the case for the prosecution. For tile defence, it was cmnttiled tittt Blacon was la iig persecuted by prejudice; tinat there wan no proif that hli had atministered the arsenic; that lie really hiad bighit tili poison to destroy rats anld tliat it was m&amp;apos; ore probable that the crime was conlinittetl by &amp;apos;Thomas Ilacon&amp;apos;s wvif than by Bacon himself. It was urged that the womn:ai had been proved to he afilij teid by wvihat is l oe lilinsicidal monomaiia, and Bhacon&amp;apos;s, eounlel prop-Ml tii (&amp;apos;atll a Witness to slow tClit site had leen acquitted of the charge of mur(leriiig h er ciildreii .inijilly on the grounil of insanitY. &amp;apos;ite . uige, howev&amp;apos;er, thou&amp;apos;ght tisli evidence irrelevant, and it %,ls th&amp;apos;eri fire nut riceivel. Ilis Lordship having ummnedl uI,, tCli&amp;apos; jury retired fir five minutes, and returiiel a verdict of (; ttT&amp;apos;lTY. J1 UtlgMent of death wits then recorieid</FullText> </Record>