<?xml version="1.0" encoding="UTF-8"?>
<Record> 	<Version>Record_v1.0.xsd</Version> 	<RecordID>5119753</RecordID> 	<DateTimeStamp>20180928135642</DateTimeStamp> 	<ActionCode>change</ActionCode> 	<RecordTitle>IRELAND.</RecordTitle> 	<Publication> 		<PublicationID>3053</PublicationID> 		<Title>Leader and Saturday analyst, Jan. 7-June 30, 1860</Title> 		<Qualifier>London</Qualifier> 	</Publication> 	<Publisher>Joseph Clayton</Publisher> 	<Volume>7</Volume> 	<Issue>351</Issue> 	<AlphaPubDate>Dec 13, 1856</AlphaPubDate> 	<NumericPubDate>18561213</NumericPubDate> 	<SourceType>Historical Periodicals</SourceType> 	<ObjectType>Feature</ObjectType> 	<ObjectType>Article</ObjectType> 	<LanguageCode>ENG</LanguageCode> 	<ISSN>2043-3530</ISSN> 	<ISSN>2043-3549</ISSN> 	<StartPage>1179</StartPage> 	<EndPage>1180</EndPage> 	<Pagination>1179-1180</Pagination> 	<URLDocView>http://search.proquest.com/docview/5119753/</URLDocView> 	<Products> 		<Product> 			<ProductID>1007574</ProductID> 			<HasFullText>true</HasFullText> 		</Product> 		<Product> 			<ProductID>1009130</ProductID> 			<HasFullText>true</HasFullText> 		</Product> 		<Product> 			<ProductID>10000001</ProductID> 			<HasFullText>true</HasFullText> 		</Product> 		<Product> 			<ProductID>10000297</ProductID> 			<HasFullText>true</HasFullText> 		</Product> 	</Products> 	<Terms> 		<FlexTerm> 			<FlexTermName>DerivedSubject</FlexTermName> 			<FlexTermValue>GREAT BRITAIN - Politics and Government - 1837-1901</FlexTermValue> 		</FlexTerm> 		<FlexTerm> 			<FlexTermName>DerivedSubject</FlexTermName> 			<FlexTermValue>LITERATURE, MODERN - History and Criticism - 19th Century</FlexTermValue> 		</FlexTerm> 	</Terms> 	 	<FullText>IRELAND. Tim MLRDER or MPRS Lrrrm-A man uamei Nobinson, who was for a time detained as a witness, or tAe Crown, in connexion with the railway murder, has been handed over to his friends, the police having aseetalned that he has been noted, for some time past, for being suhject to a species of religious frenzy. A pera omifrom Dublin has been detained for a few ho t Cuik in consequence of his conversing at the Victoria HIte in a manner which seemed to indicate that he had e guilty knowledge of the commisson of the maow. Two magistrates accordingly met at the hotel, ad examined the man, whose answers appeared to be eatifoictory. Nevertheless, the police at Dublin wse telegraphed to, and they replied that they had no charge against him. Ile was therefore released. MtURDEs.R AND 10RBXatY.-William Quin, A KiHkny farmer, has been murdered on his way home from the Waterford fair. The men who attacked him carried off from lis person a bank receipt for 76L 1li. 6d. (the proceeds of some stock which he had mold at the fair, subsequently depositing the money at the bank); they also robbed him of three shillings in silver which he had about him. The poor man lingered for some hours, and then (lied from the effects of the betin he had received. The offenders are not in custody. DI):ATII (&amp;apos;1 A RONLMS CATHOLIC BIGHOP.--The Right Rev. Bishop Murphy, of Cloyne (consecrated In Sep1 temnber. 1849, and known as a warm supporter of education, while never taking much part in political afairs), died on the evening of Thursday week at Fermoy. LE;AL ArrPPs(1Ni-eT.-The Hon. John Planket (a younger son of the late celebrated statesman and lawyer) has resigned the lucrative post of Crown prosecutor at the commissions and quarter sessions for the city and county of Dublin. His successor is stated to be Mr. Thomas O&amp;apos;l)onohoue. TinE EIWCATzux QuXBTIoN.-Dr. Cu-h&amp;apos;s annual pastoral was read last Sunday from all the Roman Catholic altars in the diocese of Dublin, and has sine been printed and distributed. It is of very great length, and contains an attack on the Colleges where Protestants an(d Papists are taught together. &amp;quot;Censured by the Iloly See,&amp;quot; writes Dr. Cullen, &amp;quot;and repudiated by the Irish hierarchly, the Queen&amp;apos;s colleges will never take deep root nor permanently flourish in this Catholic country. Founded on the principle of indifferentism to religion. and placilng religious doctrines, true and false, on the same footing of equality they will never the confidence of the people of Ireland, who elieve that there is but one faith, as there is but one baptism sad one (;od.&amp;quot; The doctor goes on to denounce Professor Vericour&amp;apos;s &amp;quot; Historical Analysis of Christian Civiliz,. tion,&amp;quot; which has been placed on the Index Expurgatorious by the Pope. Ile also accuses the Government at favouring Protestantism at the expense of Bom Catholicism; but nc admits that the common National Schools have been fairly conducted, the different seets being kept apart. Ile points to what he describes a the unhappy effects of secular education in Belgiuminfidelity and inimorality. &amp;quot; We think,&amp;quot; proceeds Dr. Cullen, &amp;quot; that the Catholics of Ireland have a full clai to expleet a share in every public grant in proprtron to their numbers and their wants, and we should nev renounce so important a right. But, at the sae time, it is our duty to insist on having our claims recognized without any interference with our religion. From mized education we can expect nothing but evil-we should not acquiesce in it or encourage it. It is highly dsn. gerous to give over the instruction of Catholic chilires to a Protestant Government; we are bound to oppose encroaclunents on this head.&amp;quot; A PRIESTLY LIEL.-A jury In the Court of Qee&amp;apos;s Bench, Ireland, have given 8501. damages to a Mr. O&amp;apos;Sullivan, a Roman Catholic magistrate residing nea Athlone, on account of a libel upon him by Mr. O&amp;apos;Reilly, a priest, who had made assertions damaging to his moral character. The action had been tried before when the jury could not agree. On the present occasion, the defendanut&amp;apos;s counsol have reserved several points, which wUI Ie (liscusse(d in a superior court. (uFAT Si-otm.-A tremendous storm of wind swept over D)ublin and other parts of Ireland on Tuesday. T1Lm NEWCASTJ.E AND TuPrF;nusY BImKs.-Inthw Court of Queen&amp;apos;s Bench, on Wednesday, the case of Walker .. IIDowtell was proceeded with. It was an action instituted by the plaintiff, as public offie of the Newcastle Commercial Bank, to recover from the d(fendaut. as official manager of the Tipperary Bank, the - of E6,0L, m ^ sts *aflh 1 to be due on account e emembil Ws ofe e drawn by Mr. S. Kelly, the HI&amp;quot; _ _ f d Tipperary Bank, and discounted *% d* p_. Aar some consultation, the counsel te X u~W aaner, on behalf of his client, _s~iinmd that the jury should return a verdict of &amp;apos;WO ., and 6d. costs. The verdict for 23,0001. waS aeesowdgy take by consent.</FullText> </Record>