<?xml version="1.0" encoding="UTF-8"?>
<Record> 	<Version>Record_v1.0.xsd</Version> 	<RecordID>5132393</RecordID> 	<DateTimeStamp>20180928135642</DateTimeStamp> 	<ActionCode>change</ActionCode> 	<RecordTitle>Table of contents</RecordTitle> 	<Publication> 		<PublicationID>3053</PublicationID> 		<Title>Leader and Saturday analyst, Jan. 7-June 30, 1860</Title> 		<Qualifier>London</Qualifier> 	</Publication> 	<Publisher>Joseph Clayton</Publisher> 	<Volume>11</Volume> 	<Issue>515</Issue> 	<AlphaPubDate>Feb 4, 1860</AlphaPubDate> 	<NumericPubDate>18600204</NumericPubDate> 	<SourceType>Historical Periodicals</SourceType> 	<ObjectType>Table of Contents</ObjectType> 	<ObjectType>Front Matter</ObjectType> 	<LanguageCode>ENG</LanguageCode> 	<ISSN>2043-3530</ISSN> 	<ISSN>2043-3549</ISSN> 	<StartPage>[105]</StartPage> 	<EndPage>[105]</EndPage> 	<Pagination>[105]-[105]</Pagination> 	<URLDocView>http://search.proquest.com/docview/5132393/</URLDocView> 	<Products> 		<Product> 			<ProductID>1007574</ProductID> 			<HasFullText>true</HasFullText> 		</Product> 		<Product> 			<ProductID>1009130</ProductID> 			<HasFullText>true</HasFullText> 		</Product> 		<Product> 			<ProductID>10000001</ProductID> 			<HasFullText>true</HasFullText> 		</Product> 		<Product> 			<ProductID>10000297</ProductID> 			<HasFullText>true</HasFullText> 		</Product> 	</Products> 	<Terms> 		<FlexTerm> 			<FlexTermName>DerivedSubject</FlexTermName> 			<FlexTermValue>GREAT BRITAIN - Politics and Government - 1837-1901</FlexTermValue> 		</FlexTerm> 		<FlexTerm> 			<FlexTermName>DerivedSubject</FlexTermName> 			<FlexTermValue>LITERATURE, MODERN - History and Criticism - 19th Century</FlexTermValue> 		</FlexTerm> 	</Terms> 	<FullText>CONTENTS. Civil and Religious Policy of Napoleon III. Reform: Corrupt Cost of Elections. The Pope&amp;apos;s Encyclical Lct. ter. Annexation of Savoy The .C s. d. of the Foreign Office. China. Our Australian Colonies. Cotton: a Great Statistical Error. Charnel Houses. The Vine Disease. Private or Public. Spiritualists. Field Marshal the Duke of Wellington. Papal Rome. The East Coast of Africa. IRubbing the Gilt off. Correspondence: RomeIIHanover. Italian Evangelicals. Record of the Week. Entertainment. Parliament.</FullText> </Record>