<?xml version="1.0" encoding="UTF-8"?>
<Record> 	<Version>Record_v1.0.xsd</Version> 	<RecordID>5142993</RecordID> 	<DateTimeStamp>20180928135642</DateTimeStamp> 	<ActionCode>change</ActionCode> 	<RecordTitle>THE PHOTOGRAPHIC SOCIETY.</RecordTitle> 	<Publication> 		<PublicationID>3053</PublicationID> 		<Title>Leader and Saturday analyst, Jan. 7-June 30, 1860</Title> 		<Qualifier>London</Qualifier> 	</Publication> 	<Publisher>Joseph Clayton</Publisher> 	<Volume>11</Volume> 	<Issue>513</Issue> 	<AlphaPubDate>Jan 21, 1860</AlphaPubDate> 	<NumericPubDate>18600121</NumericPubDate> 	<SourceType>Historical Periodicals</SourceType> 	<ObjectType>Feature</ObjectType> 	<ObjectType>Article</ObjectType> 	<LanguageCode>ENG</LanguageCode> 	<ISSN>2043-3530</ISSN> 	<ISSN>2043-3549</ISSN> 	<StartPage>65</StartPage> 	<EndPage>66</EndPage> 	<Pagination>65-66</Pagination> 	<URLDocView>http://search.proquest.com/docview/5142993/</URLDocView> 	<Products> 		<Product> 			<ProductID>1007574</ProductID> 			<HasFullText>true</HasFullText> 		</Product> 		<Product> 			<ProductID>1009130</ProductID> 			<HasFullText>true</HasFullText> 		</Product> 		<Product> 			<ProductID>10000001</ProductID> 			<HasFullText>true</HasFullText> 		</Product> 		<Product> 			<ProductID>10000297</ProductID> 			<HasFullText>true</HasFullText> 		</Product> 	</Products> 	<Terms> 		<FlexTerm> 			<FlexTermName>DerivedSubject</FlexTermName> 			<FlexTermValue>GREAT BRITAIN - Politics and Government - 1837-1901</FlexTermValue> 		</FlexTerm> 		<FlexTerm> 			<FlexTermName>DerivedSubject</FlexTermName> 			<FlexTermValue>LITERATURE, MODERN - History and Criticism - 19th Century</FlexTermValue> 		</FlexTerm> 	</Terms> 	 	<FullText>,mi-, PHOTOGRAPHIC SOCIETY. r HIiE sevenIth exhihit ion of the 1Phoitographic Societv has CoM1 mernced. To thlose wilo reinebiler their earlier (lisplahs, the manifest a:dvance, in every respect, which this one indicates is very great. The number, as wvell as tile shill, of the exhibihitors, and their productiona, is higher. No less than two hIuInIdred specimlens, chiefly those which had arrived latest, were unable to find Fpnce upon the walls, and were consequently dismiuissed to the limbo of up-stailrs.&amp;apos; The glotunyv dinginess of the roup d&amp;apos;u il is relieved, this year, by one or two edoloured works of at larger size than usual ;and l)v a m11ore generailly pictorial effect in the uncoloured. The first thoughbt, on einterinV, is now &amp;quot; pictures; groups,&amp;quot; rather than, as once, 0Rei0e8; preparatioins. It is plca-ant, perhiaips frtm the rarity or the thing, to be able to give uiinqilified praise. Nearly all, nevertheless, of the sulli-co)ies of prints and drawings in this exhliiitioil seeni to us well-nigh perfect. Mr. TnURSTOnN TiiompsoN&amp;apos;s reproductions of sketches by BAFFAELLE and MICHIErL AN.;EI.O (NoS. 15 and 56), which we recognised at onlce ai from the Taylor Buildings, are marvellous in their accuracy. The rough texture of the antique paper, with every stain aid tear, is represented in hlack ilid white. so as to defy any but the closest iliRisptioil. Nos. 2&amp;apos;, 3S, 21i), 211, 2&amp;apos;!&amp;apos;, 2:, a1e all copes (If drawilgs IIY iIloiiN ill the Ryal Collection at Windsor. For all practical purposes they migbt be the drawl themselves. It is with peculiar pleasure that we watch Te development of photography in this direction. This is tie real popularising of art, to be able to give to the many, not imitations, not selections or adaptations, but the things themselves. We cannot feel the same pleasure in th3 photographs from paintings. They fail, to our eyes, in the cardinal point-likeness. The feature, of course, in this line, of the exhibition, is the elaboratel coloured copy of the cartoon of &amp;quot;Paul at Athens&amp;quot; (No. :3381. M1r. TIrosiPsoN&amp;apos;s name is authority sufficient for the photographic work being as good as may be; and a first-rate colourist, we are assured, has been engaged for ten weeks before the cartoon, in the incessant and laborious endeavour to make the work, in colour as well as forim, a fac-bimile of the original-we cannot think he has succeeded. Time result leaves a painful impression of chalky gaudiness, which the small size of the copy (in relation to the original) rather increases. A better attempt, we cannot but think, mayv be seen on the other side of the road, at Messrs. COLNAGHI&amp;apos;S. This photographic copying of paintings is somewhat of a test, as in No. 22, A Copy of n painting by J. NASH. Most are familiar with 3Mr. &amp;apos;NAS9H&amp;apos;S halid bold style, and angularly vigorous drawing, obtrusively inviting observation to the fewness Ard strength of the touicheq, the brightness of the colour, and the artfulness of the contrasts. Here again the glory has departed, and nothing but bit time obtruisiveness remainis. Tlie picture is nothiingbut a gb:hstly skeleton. We cannot commend the photographs from her Majesty&amp;apos;s collection, Noos. 2 t and 48. They seemed to us confused, and too bla k and white, as well as small. More unfortunate still are the copies or the &amp;quot; Leisure Hour,&amp;quot; by H. WEIR, and Air. PRILIPs&amp;apos;s &amp;quot; The Huff&amp;quot; (No. 2(w)). Every stroke of the Imrushi is represented in liglmt and simade, FO a.9 to give the whole picture a painfully streakv ineared lookl. The sad proud face of the Andalusian belle, with its tremblin- lips, is a hash of black splashes, and tile delicate touches which, in thle original, so well represented the tears quivering on her evelashes, are depicted in the too faithful photographlms as little mounds of paint, each eastiing its own deeided little shsAow. Decidedly the best copy of oil painting, we noticed was No. 44i, by Mr. HFSIN&amp;apos;u, the %well-known plhtograplier of Regent-street. All this gentler IUanI&amp;apos;s copies of engrliviiim s, also-wihichi are too numerous for speCifioati il,-Selel to tus msOst admirable. The portraitsi:na, of course, innumerable. Mfessrs. M AUL.rL and POL.VIII.NK transpl:uit to these wallsn many of those portraits of famiwns tolk that have so long gladdened shop-wilndows. Mr. HIEIRBEIRT WATKINS Clills a special notice for tile fine pose and gencral pietorial effect of his portraits, and also for tie clearne-s and Slllapnes of his details. lie has a remarkably fine portrait of a man very diffihelt on meanny aeconits to depict forcilbly-Lord 13HlUI 11 GRAM. T&amp;apos;ie venerable legislator is admirably rendered. No%. 525 MAld :I;:1I, Vy Mr. A. 1I1ATH1, attracted our admiring regards froit teir fallltless portraiture (we speak in all seriousness), both with and without colour, of a most faultless pair of whikkers. A inagml ivi,-lnt little boy, too (unnumbered, bIlt hung on the left of the seeretary&amp;apos;s lehair), standing ont an arm-chair, with hissturdy little ioet bAlilt hiddeit in time soft sprimg, cushion, is a great feat in the diffieult art of catching a child&amp;apos;s expression at its best. To our mind, hlowever, phiotographic portraiture is not, and we doln&amp;apos;t well see how it can ever be, tir t-rate. It is, after all, only a fixing of tile traisient expression whlich the pbotographer or tile sitter tilinks tIle itiest. It cannot be, &amp;quot;As when a painter, poring on a face, Divinely, through all hiindrance, finds the man Behinili it, and so taints him that his face Tile silape and colour of a mind and life Lives for hist children ever at its best And fullest.&amp;quot; Where, as in time g-roup of portraits, No. 2 (with the exception of M1r. LANES gentle anmd loveable face) the texture of the skin is exaggerated into solmethiing like disease, the effect is leprous and liorrilile. Let n.s protest against time comic andi theatrical pioto. graphs. It is simply repulsive to see people grinnimig and staring in grioups, in order to be &amp;quot; taken off.&amp;quot; It cannot be really comic, fill the attempt to retain the limbs in a passing gesture, or time feetures convulsed ultller a temporary excitement, bocomes mere affectation. M Nliss Atkinson as Lady Macbeth&amp;quot; (No. 545); &amp;quot; 31r. R obinson and Miss Heathi as Romeo and Juliet&amp;quot; (No. 501); &amp;quot;Time Lady who looks Lavinia&amp;quot; (162), a nameless lady *imo, we trust, is libelled bv time nlm; &amp;quot;Ophelia&amp;quot; (130); &amp;quot;iThe Lady of&amp;apos; Slialott&amp;quot; (.117); a variety of strange things called &amp;quot;Studies&amp;quot; (650); the stiff groups of (&amp;apos;omlitry Girls&amp;quot; (129 and 493); and the deadlyirel evomic group of &amp;quot; TheMagistrates&amp;quot; (389)-are fair examples of olw .even good workmanship is unable to carry off what is so essentiallv vulgar. I One grmip we must except, as most characteristic, and not open to the above objections; we mean that of &amp;quot; Village Carpenters&amp;quot; (11D). It is simply a group of four portraits, and tme amtmsimmg elewelnt in it is the different forms and degrees of embarrassanent in the four holnest fellows who have been induced to stand for their likenesses. With time landscapes we must conclude. As good a dull purple and White can be, are 3Mr. Lndon Sinith&amp;apos;s two views in and near Wharfedale (23) and (47). rime clearness of the work is exquisite, and the gradations of distance prove bow much better adapted our moist nir is for time finer effects of aerial persptire, tman a hotter andl brigilter ciiniate, such its that, 1r inmstance, it whmich Mr. FaITZ took his views of the IIl, Land a,&amp;apos;d Egypt. No. 50 is a most successful conquest of the hardest process in the art, one not to be acqulircd without years of labour, and a most delicate power of manipulation; the FOTIEUGILL process with the dry plate,in which the position can be taken at any time, thus obviating the annoying encumbrance of a tent. Mr. JorCxET&amp;apos;s permanent process, with the help of which he propeses to illustrate books (even scientific ones), should not be left Unnoticed. The best specinien, perhaps, is one without a nlumber, but h1ung on the end of the third screen, on the right of the seeretar)&amp;apos;s chair. Mr. -SMIT1[ has not been so successful in his &amp;quot; View of Knaresborou-h.&amp;quot; The inmiression this gloomy picture gives is that of evening, and late evening: )et the shadows are strong, and not more thani lalf the length of the posts that cast themn. It is hard upon tile sFn to euiploy hinti to put himself out so completely. Messrs. Bissox Frrres, in &amp;apos;&amp;quot;he Sources of the Avevrun&amp;quot; (I 1:) Mont B1lanc&amp;quot; (21)P) ; &amp;apos; Les Serais&amp;quot; (300); and &amp;quot; Les (irandes Joraises,&amp;quot; (301) are as good as ever; and are. indeed, real benefactors in bringing under the eyes of people who will never even see Alp~ne scenery, iery truthful representations of its beauly and grandeur. A large photograph of Niagara arrived after the exhibition opened. Ever)thinig but tbe rushing swvirls of water just above the fall &amp;quot;1as adnirably represented-foanm. spray, clouds, distance, rocks. But the water was liLke maccaroni, and Niagara unfortunately consists largely of nvater. There are several examples, as (110), if we remember rir-ltlv, of the error of p)hotograplling a v iew beyond water. The reflvetions in the ftregi(mund water are so black and deep as to overpower ever)thing, else, and to give an unpleasant topsy-turvy feeliln, to the wlole eComposition. The result pridluced on our own mind by the wliole exlhibit ionl, isafter ada; itthig Ilie woitderfidal n inoul andicliemical skill(lisplavedthat paint iug, ulbet Icr ol landscape. portrait. or figure, stunds in no danger from0 the gloomy accuracy ot tile photor;aph, which bears the saume relationl to it asl tile shele&amp;apos;tin to the li% ing being blit that in accurat e Ci )ing of prints did (Iraw ings, as we have not iced, (r of&amp;apos; the minutir -naniniate olbjects, as the mnedieval locks, hel?s, and spoons (No. ?t). or tl:e piee iimisie onl the end id the secolnd sclre it is uirivalled in delicacy, andl i, aliest reduced to perfection 1y tile 0A!e artists %%ho now plmactise it.</FullText> </Record>