<?xml version="1.0" encoding="UTF-8"?>
<Record> 	<Version>Record_v1.0.xsd</Version> 	<RecordID>5155833</RecordID> 	<DateTimeStamp>20180928135642</DateTimeStamp> 	<ActionCode>change</ActionCode> 	<RecordTitle>1. Essays on Landscape-Gardening, and on uni ng Picturesque Effect with Rural Scenery: containing Directions for laying out and improving the Grounds connected with a Country Residence.</RecordTitle> 	<Publication> 		<PublicationID>15902</PublicationID> 		<Title>The Literary chronicle</Title> 		<Qualifier>London</Qualifier> 	</Publication> 	<Publisher>Davidson</Publisher> 	<Volume>6</Volume> 	<Issue>329</Issue> 	<AlphaPubDate>Sep 3, 1825</AlphaPubDate> 	<NumericPubDate>18250903</NumericPubDate> 	<SourceType>Historical Periodicals</SourceType> 	<ObjectType>Review</ObjectType> 	<LanguageCode>ENG</LanguageCode> 	<ISSN>2043-3638</ISSN> 	<StartPage>563</StartPage> 	<EndPage>564</EndPage> 	<Pagination>563-564</Pagination> 	<URLDocView>http://search.proquest.com/docview/5155833/</URLDocView> 	<Products> 		<Product> 			<ProductID>1007574</ProductID> 			<HasFullText>true</HasFullText> 		</Product> 		<Product> 			<ProductID>1009130</ProductID> 			<HasFullText>true</HasFullText> 		</Product> 		<Product> 			<ProductID>10000001</ProductID> 			<HasFullText>true</HasFullText> 		</Product> 		<Product> 			<ProductID>10000297</ProductID> 			<HasFullText>true</HasFullText> 		</Product> 	</Products> 	<Terms> 		<FlexTerm> 			<FlexTermName>DerivedSubject</FlexTermName> 			<FlexTermValue>ENGLISH LITERATURE - History and Criticism - 19th Century</FlexTermValue> 		</FlexTerm> 	</Terms> 	<FullText>1. Essays (m al Lancan - pe-adi Jt&amp;apos;, and ow tmiing Pie&amp;apos;iuresque Efre7a with X &amp;amp;urd ncry: con faipting Directions for layig out and ilp&amp;apos;rorini the Grounds conneted witk a C(ouutry of sidk nce. Ulbistrated by Sir ~latcS. Bvy Itcn1Ci;RD MtORR1, F.A. S., Secretary to the Medico-Botanical Society of London, &amp;amp;c. 4to. pp. 91. London, 1823. TAylor. 2). ~ll&amp;apos;b.t (on Rirtli Rsideiwcs.-By NicuoL S (&amp;quot;Auz, I r&amp;apos;, Elsq., Secretary to the Society of Antiquaries. 0to. pp. 107. Loudon. IT is, we 1eliteve, unix&amp;apos;i--e&amp;apos;s1ly ac,-_-kv, %%&amp;apos;w1 rtie that ini point of (decoratiw, hovrticulture FAizland surpasses every othler country, and tbi.at our rural residence-s prssess nmorte real cotfort, and(l isplay more taste than those of our neighbours. Indeed, thanks to a Brown, a Rep)tonl, a Gilpin, and a Price, ILuidscapwgtardnin; hiats become a re-Ular art, Which avails itself of all the riches and beauties of nature, awl corrects its deformities. The object of -Mr. AMorris, as avowed in the preface at the head of this article, is to concentrate scattered b)ut instructive h1ints, and-. unittthe result of an earnest application to the effects of natural scenery, as connected with the art of landscape-gardenting. In an introduction, in Which he gives a brief his;torical notice of horticulture, lhe enters irnt an examination of the natulre of thle beautiful and the picturesque, coming to this conclusion-that &amp;apos; taste is a faculty capable of improvement, by education and! elegant associations.&amp;apos; Fromn the historical sketch we quote an extract: &amp;apos;In the works of Cicero and Pliny, wcread of the formal and stiff kind of gardenirg which then prevailed, such as clipped hedges and long avenues of trees; and in Propertius we read of the introduction of statuei and jets d&amp;apos;cau. Pliny the younger has iven an account of his villa at Laurentinum, situated some distance from Rome; hie describes a variety&amp;apos;of building attached to it, and the garden as being surrounded with hledves of box, and that this villa was admired for its exten[ice p5rospects. c From the, establishment of the e-clesiastical government of tue popes in the eighthl, to the end of thie twelftu century, the mnolks wce-re neariv the on1l c!.iss of persiots In EAUrope who attcndedl to arts and sciencesi 7eerally, and to -ml. tiVC gardemai-i in particuI t. After w piWh prio&amp;apos;J, the stv l (leflilg ljra tiv(1 iii Ita ly a(Id othtv civilited Ipa;ts of Eulrowe, coins-4ted principally iu tall C* inpd hedges, square p ar&amp;amp;te? rtci j&amp;apos;r fiall; i.ticallv plantiud, straight walk, and tre(s unifurily lopped. Th e retc CCil be but little doubit, that the Roni.wiu first introdiUced. gardeningJ into this ct)untry ; yet it was little attended to till near t~i . Iti t t~j;d o.., rf t.e Sixvcn t h 1-rIt&amp;pound; ce.Itury. v. are itisl.,rm&amp;apos;d th.at IfUtotou CoUtt as likaid out ant patl b1 l by Ctardiiicl Wo1iky, aaid tflvit Kin Cliarlcs the Second emp)loyed Le Notre to p.)lant thc pairks of Greenivich auvnd St. Janes &amp;apos;s. Charles also plantel the semicircle in ILhampton CouLt: (xbhioblury, au armcicr t SeA O thwe E:arls of E.-;ex) Ws admired, ira I Ul?, br f ji; tr cNed with wa.ks, ponds, and other such clegancics. In 1683, the grounds of WVanstead House, Essex, Sir Josiah Child&amp;apos;s, were considiered worthy of notice. In the reigrn of Geoorge the Second, Qucen Caroline enlanryed and planted Kensington Gardens, &amp;apos;IIIn formedl what is still called the Serpentine River, by uniting a i . Imber of detached p)oflds. Lord -tahurst was the finst w ho deviated fronm str caigh1t 1hnes, as ai)r)lied to (lecorative pieces ot water, by following the natnial curves of a val1ev, *when widening a brook at Rtysk1ins, near C&amp;gt;olub)roo;. ~Lord Stafford, supposinrg eco1nomry to have been the rmotive, inquired, W&amp;apos; What would hiave been the additional expense to hav.e nmdae the banks of this piece of water strai(rht ?&amp;quot; it app)ears surprising, while pursuing this Aibject from the lime of VTespasian or Titus t) the reigl of George thze Tlhird, to find that little imnplrovement hadi baen L nmade in the st vIC of laidUcape gardening., About this period, improvements more natural and eletgant were introduced by Kent, Brown, and ot!hrs, which met with such general approbation, that Sir X&amp;apos;iliia (:hamnbers was induced to say, &amp;quot;&amp;apos; If this mania be not checked, there will not remain three trees standingr in a line throuog-hout the kingdom.&amp;quot; Since that period, however, tihe taste for natural scenery haj so mnuclh improved, that thle specimens of ancient taste in latndscape gardeninog arle now esteemed as remains of antiquity ; the mnost respected and distinguished of whichl may be considered those grand av-enues at Hampton Court and WVindsor Forost: such noble examples imay with propriety be deemned worthy of preservation.&amp;apos; -Mr. Alorris thlen proceeds, in eight essays, to discuss the situation and style of buildlimig, external decorations, laying out grounds, planting, wuater, rural ornaments, distant scenery, and general appearances. In all thlese he displays much taste, correct judgnment, and practical experience. Ile alsso writes in a very agreCeal)e style, an(l we confidently recommend his ,vorlk to all gentlemeni wA-ho have grounds to implrove, as w-11 as to all horticulturists, as Containing much vatliable practical information. .&amp;apos;he essays are illutstrated by six coloured engraviznl&amp;quot;s, sOme of which by a foldninr leaf, exhibit thle im1proveinenIts to be made inI natural views. If Mtr. Miorris confines hlimnself principally to tile improvement of the grounds;, MIr. Carliisle, in his work, goes a little farther, and teaches us how best to raise a residence. There is much good sense in his ob)servations, a1ld we perfectly agree with him in reconimentding1r models in preference to drawings, before a design is determined on. Ile savys:The gentleman who Would proceed with confidence in a journey through bricks and mortar, and enjoy a clear view of the te&amp;apos;rlination of his labours, with all the by and crooked ways which lead thereto, together with the pitfalls af the unrighteous mammon which intervene, so as to secure the one and escape the others, will perhaps pursue the following steps ;-the first of lwhich is, that lit do cause a complete though pla in uodel of the design lhe has fixed upon to be made very ! accurately, to a scale of at least a quarter of an inch to a foot; the several stories to be contri~ved so as to lift of and off at pleasure, that every part may be easily and minutely scrutinized and measured. Gentlemen who have not been so far conversant in plans, as to &amp;apos;udcre therefrom wi-th certainty, ought not to g rudge the trifling charge of three, four, or five gruineas for a toy of this kind: the in-5 formation and advantages to be (lerived from it mIay prevent much of the opprobrious work of alte ration. save a great deal of trouble, and a considerable sum of money. &amp;apos;Being possessed of such a model, an(l havingc obktained th-ereby a clear and satisfalctory idea of the forms, situations, connections, and dependencies of tthe several apartmerits, his next step will be to ininute down the greneral dimensions of such of themn at least as are of the greatest conseqluence; and, in ordel&amp;apos; to sa;tisfy himself of the competency i of their magnitudes, let him try the dinien- I sions of several rooms of sinrilar descriptions in the houses ofl his friends, until hie meets with such as shall agree so nearly with his minutes as to leave no doubt upon his mind of the sufficiency or insufficiency of the capacities of the apartnments in his model. This should by no means be considered as a use-t less trouble : the ideas which wve form of magnitudes are often exceedingly deceptious, and therefore the best ,and most certain means, should be used to regulate and correct them, | which undoubtedly are those that are now recommended. As to the Common met&amp;apos;hod of measuringy out the lengrths and breadths of th2e intended a partinents ill thle open air, or in sorne very larg-e room, an&amp;quot;d setting chairs, tables, or screens, to confine, their dimnlsions, and shape their formlis-this method will bY no means answer the purpo.se so well: a tolerably good room, tried in this way, will aplpear confihed and trilfing. Hiavimgic proeeded thus far, it will be a(visable to procure a few blocks of wvood, cut olut, 1)y the scale of the model, to the prc-)O r geineral dimensions, the shaipes of betdsteads, tablels, chairs, and other CommonlV1l pieces of furniture, the placing of which&amp;apos; iin the apartruents of the miodel will. be of conSiderall;&amp;quot;e U-4e in Judging of the colnveniences of the d1sinll. Ile will now of coutrse be qIualifihl0i t I(lci(le upon the merits of his model, and, if he chan dliSCoVCer 1no mIaterial defects, may call ill PIS frienI(ds, and his foes too, if lie pleases, and(1 subit the wvLole to their criticis ri: there IS IE (1 oubt but that he will be wvell enalbled to avail li&amp;apos;mself of such advice as shall be really sensible and proper, and will easily dlistilln luish it from such as may be dictated by mere whim or caprice, and the result will dettermine hilm whether lie slhall adopt the modCel as it stands. or with any practica-ble improvements; or whether lhe shiall throw it iMto tle fire, and procure another, formed upon better principles, and repeat his whole operation over again. It will be exceedingly vell worth his while, if he cannot fix for himself, to let his friends alter, mangle, and burn, three or four models. one after another, till he has at length satisfied them dll, and hims4Af too, if possible; but let himn be resolute in this one single point, wlhich is, that he does not by any means sufler a stick or a stone of his building to be altered after it is once begun, let friends or foes say what they Will. &amp;apos;To examine the proportioius of the ext% rior of a desigyn, and form a competent jilid ment of its effects, Supposing an exact 1nod&amp;amp;l has been madle- of it, let a board or table (c,vered witli green cloth if you please) be raised to such a heiglht as that thle top thereof may be just so many feet and inchnes, by the scale of the model, below your eye, aS your eye really is above thle ground on whichl you stand ;-the model being placed upo n te,, 1)oard or table, in the open air, clear of th1e view of oth6e orbects, wilt then produce the same effect in evcry respect as tih buildinm nwould do ii&amp;apos; it was actually copnpletsAd ThliS must certainly be far preferable to any ideas that perspective drawings can furnislh, and perhaps it would not be doinog justice to the exterior of a model, to examnine it inI any other situation, with a view to judge of its mcrits or defects.&amp;apos;</FullText> </Record>